Workbook

Sheet Height
A1: CCID | B1: DOY152 | C1: DOY157 | D1: DOY164 | E1: DOY178 | F1: DOY186 | G1: DOY192 | H1: DOY206 | I1: DOY220 | J1: DOY227 | K1: DOY234 | L1: DOY241 | M1: DOY251
A2: p01-1N | B2: 7 | C2: 13 | D2: 23 | E2: 43 | F2: 58 | G2: 70 | H2: 85 | I2: 83 | J2: 84 | K2: 85 | L2: 82 | M2: 87
A3: p01-1M | B3: 7 | C3: 13 | D3: 21 | E3: 44 | F3: 68 | G3: 76 | H3: 81 | I3: 102 | J3: 106 | K3: 110 | L3: 112 | M3: 113
A4: p01-1S | B4: 5 | C4: 11 | D4: 23 | E4: 46 | F4: 61 | G4: 70 | H4: 85 | I4: 102 | J4: 108 | K4: 113 | L4: 115 | M4: 122
A5: p01-2N | B5: 6 | C5: 13 | D5: 20 | E5: 40 | F5: 52 | G5: 53 | H5: 58 | I5: 74 | J5: 78 | K5: 80 | L5: 81 | M5: 74
A6: p01-2M | B6: 5 | C6: 11 | D6: 17 | E6: 37 | F6: 63 | G6: 69 | H6: 84 | I6: 103 | J6: 104 | K6: 106 | L6: 102 | M6: 108
A7: p01-2S | B7: 6 | C7: 11 | D7: 16 | E7: 35 | F7: 56 | G7: 56 | H7: 59 | I7: 76 | J7: 75 | K7: 76 | L7: 75 | M7: 77
A8: p01-3N | B8: 6 | C8: 10 | D8: 14 | E8: 37 | F8: 53 | G8: 62 | H8: 77 | I8: 94 | J8: 93 | K8: 94 | L8: 93 | M8: 87
A9: p01-3M | B9: 6 | C9: 11 | D9: 16 | E9: 38 | F9: 60 | G9: 65 | H9: 79 | I9: 95 | J9: 97 | K9: 97 | L9: 96 | M9: 95
A10: p01-3S | B10: 5 | C10: 9 | D10: 16 | E10: 35 | F10: 46 | G10: 49 | H10: 59 | I10: 62 | J10: 65 | K10: 67 | L10: 68 | M10: 53
A11: p01-4N | B11: 5 | C11: 9 | D11: 10 | E11: 24 | F11: 32 | G11: 37 | H11: 44 | I11: 57 | J11: 66 | K11: 69 | L11: 70 | M11: 72
A12: p01-4M | B12: 7 | C12: 10 | D12: 14 | E12: 38 | F12: 51 | G12: 60 | H12: 81 | I12: 103 | J12: 108 | K12: 113 | L12: 116 | M12: 117
A13: p01-4S | B13: 6 | C13: 9 | D13: 11 | E13: 31 | F13: 47 | G13: 55 | H13: 72 | I13: 83 | J13: 87 | K13: 88 | L13: 89 | M13: 88
... A145: p12-4S | B145: 6 | C145: 10 | D145: 15 | E145: 37 | F145: 52 | G145: 56 | H145: 65 | I145: 72 | J145: 75 | K145: 78 | L145: 80 | M145: 80

Sheet Width
A1: CCID | B1: DOY152 | C1: DOY157 | D1: DOY164 | E1: DOY178 | F1: DOY186 | G1: DOY192 | H1: DOY206 | I1: DOY220 | J1: DOY227 | K1: DOY234 | L1: DOY241 | M1: DOY251
A2: p01-1N | B2: 8 | C2: 14 | D2: 24 | E2: 42 | F2: 51 | G2: 65 | H2: 81 | I2: 83 | J2: 83 | K2: 84 | L2: 84 | M2: 84
A3: p01-1M | B3: 7 | C3: 15 | D3: 23 | E3: 41 | F3: 53 | G3: 61 | H3: 67 | I3: 91 | J3: 95 | K3: 98 | L3: 100 | M3: 102
A4: p01-1S | B4: 6 | C4: 13 | D4: 23 | E4: 45 | F4: 58 | G4: 67 | H4: 74 | I4: 102 | J4: 102 | K4: 102 | L4: 102 | M4: 102
A5: p01-2N | B5: 7 | C5: 13 | D5: 21 | E5: 38 | F5: 49 | G5: 53 | H5: 56 | I5: 72 | J5: 76 | K5: 80 | L5: 83 | M5: 90
A6: p01-2M | B6: 6 | C6: 13 | D6: 18 | E6: 37 | F6: 60 | G6: 69 | H6: 75 | I6: 102 | J6: 102 | K6: 102 | L6: 102 | M6: 102
A7: p01-2S | B7: 8 | C7: 12 | D7: 18 | E7: 34 | F7: 51 | G7: 58 | H7: 61 | I7: 66 | J7: 73 | K7: 81 | L7: 85 | M7: 89
A8: p01-3N | B8: 7 | C8: 12 | D8: 15 | E8: 40 | F8: 49 | G8: 60 | H8: 68 | I8: 83 | J8: 93 | K8: 98 | L8: 100 | M8: 100
A9: p01-3M | B9: 8 | C9: 12 | D9: 16 | E9: 37 | F9: 53 | G9: 68 | H9: 77 | I9: 91 | J9: 91 | K9: 90 | L9: 91 | M9: 99
A10: p01-3S | B10: 5 | C10: 11 | D10: 17 | E10: 36 | F10: 43 | G10: 46 | H10: 50 | I10: 54 | J10: 56 | K10: 57 | L10: 58 | M10: 50
A11: p01-4N | B11: 6 | C11: 11 | D11: 11 | E11: 25 | F11: 31 | G11: 34 | H11: 38 | I11: 45 | J11: 49 | K11: 52 | L11: 54 | M11: 102
A12: p01-4M | B12: 8 | C12: 11 | D12: 16 | E12: 40 | F12: 47 | G12: 64 | H12: 77 | I12: 94 | J12: 101 | K12: 102 | L12: 102 | M12: 102
A13: p01-4S | B13: 7 | C13: 10 | D13: 13 | E13: 32 | F13: 42 | G13: 54 | H13: 62 | I13: 80 | J13: 86 | K13: 88 | L13: 92 | M13: 102
... A145: p12-4S | B145: 7 | C145: 13 | D145: 16 | E145: 34 | F145: 43 | G145: 53 | H145: 61 | I145: 66 | J145: 76 | K145: 81 | L145: 82 | M145: 83

Sheet Density
A1: CCID | B1: PLAPD
A2: p01-1M | B2: 7.6552931
A3: p01-2M | B3: 7.6552931
A4: p01-3M | B4: 9.4050744
A5: p01-4M | B5: 9.1863517
A6: p02-1M | B6: 8.3114611
A7: p02-2M | B7: 7.6552931
A8: p02-3M | B8: 8.0927384
A9: p02-4M | B9: 8.5301837
A10: p03-1M | B10: 7.2178478
A11: p03-2M | B11: 10.061242
A12: p03-3M | B12: 6.9991251
A13: p03-4M | B13: 8.5301837
... A49: p12-4M | B49: 4.5931759

Sheet Develop
A1: CCID | B1: EDATE | C1: PLYRE | D1: PLDOE | E1: LF1D
A2: p01-1M | B2: 44685 | C2: 2022 | D2: 124.25 | E2: 44695
A3: p01-2M | B3: 44684 | C3: 2022 | D3: 122.5 | E3: 44695
A4: p01-3M | B4: 44685 | C4: 2022 | D4: 124.1 | E4: 44696
A5: p01-4M | B5: 44684 | C5: 2022 | D5: 123 | E5: 44695
A6: p02-1M | B6: 44682 | C6: 2022 | D6: 121.25 | E6: 44693
A7: p02-2M | B7: 44682 | C7: 2022 | D7: 121 | E7: 44694
A8: p02-3M | B8: 44682 | C8: 2022 | D8: 120.5 | E8: 44692
A9: p02-4M | B9: 44682 | C9: 2022 | D9: 120.8 | E9: 44693
A10: p03-1M | B10: 44685 | C10: 2022 | D10: 124.25 | E10: 44696
A11: p03-2M | B11: 44682 | C11: 2022 | D11: 121.35714 | E11: 44695
A12: p03-3M | B12: 44682 | C12: 2022 | D12: 120.8 | E12: 44695
A13: p03-4M | B13: 44685 | C13: 2022 | D13: 124.125 | E13: 44697
... A49: p12-4M | B49: 44684 | C49: 2022 | D49: 122.75 | E49: 44701

Sheet PlotDevelop
A1: Plot | B1: EDATE | C1: PLYRE | D1: PLDOE | E1: LF1D | F1: NAWF186 | G1: NAWF192 | H1: NAWF206 | I1: NAWF220 | J1: NAWF227 | K1: NAWF234 | L1: NAWF241 | M1: NAWF251
A2: p01-1 | B2: 44685 | C2: 2022 | D2: 124.25 | E2: 44695 | F2: 8.5 | G2: 6.4444444 | H2: 2.7777778 | I2: 3.5555556 | J2: 3 | K2: 2.8888889 | L2: 3.1111111 | M2: 0.66666667
A3: p01-2 | B3: 44684 | C3: 2022 | D3: 122.5 | E3: 44695 | F3: 7.3333333 | G3: 5.7777778 | H3: 2.8888889 | I3: 3.3333333 | J3: 1.4444444 | K3: 1.1111111 | L3: 0.88888889 | M3: 0.11111111
A4: p01-3 | B4: 44685 | C4: 2022 | D4: 124.1 | E4: 44696 | F4: 8 | G4: 6.3333333 | H4: 3.3333333 | I4: 3.3333333 | J4: 1.4444444 | K4: 1 | L4: 0.55555556 | M4: 0
A5: p01-4 | B5: 44684 | C5: 2022 | D5: 123 | E5: 44695 | F5: 8.3333333 | G5: 6.4444444 | H5: 3.5555556 | I5: 3.4444444 | J5: 3 | K5: 3 | L5: 2.6666667 | M5: 1.3333333
A6: p02-1 | B6: 44682 | C6: 2022 | D6: 121.25 | E6: 44693 | F6: 8.6666667 | G6: 6.6666667 | H6: 3.7777778 | I6: 3.6666667 | J6: 3.4444444 | K6: 3.5555556 | L6: 3 | M6: 1.3333333
A7: p02-2 | B7: 44682 | C7: 2022 | D7: 121 | E7: 44694 | F7: 8.2222222 | G7: 6.3333333 | H7: 2.6666667 | I7: 3.3333333 | J7: 1.7777778 | K7: 1.3333333 | L7: 0.66666667 | M7: 0.77777778
A8: p02-3 | B8: 44682 | C8: 2022 | D8: 120.5 | E8: 44692 | F8: 8.4444444 | G8: 6.1111111 | H8: 2.6666667 | I8: 3 | J8: 1.7777778 | K8: 1.6666667 | L8: 1.1111111 | M8: 0.4
A9: p02-4 | B9: 44682 | C9: 2022 | D9: 120.8 | E9: 44693 | F9: 7.3333333 | G9: 5.6666667 | H9: 3.3333333 | I9: 4.8888889 | J9: 3.8888889 | K9: 3.6666667 | L9: 3 | M9: 0.77777778
A10: p03-1 | B10: 44685 | C10: 2022 | D10: 124.25 | E10: 44696 | F10: 7.7777778 | G10: 6.1111111 | H10: 3.4444444 | I10: 3.6666667 | J10: 3.1111111 | K10: 3.2222222 | L10: 2.2222222 | M10: 1.5555556
A11: p03-2 | B11: 44682 | C11: 2022 | D11: 121.35714 | E11: 44695 | F11: 8.4444444 | G11: 6.2222222 | H11: 2.6666667 | I11: 3.6666667 | J11: 3.4444444 | K11: 3.2222222 | L11: 2.6666667 | M11: 1.4444444
A12: p03-3 | B12: 44682 | C12: 2022 | D12: 120.8 | E12: 44695 | F12: 8.7777778 | G12: 6.8888889 | H12: 3.8888889 | I12: 3.6666667 | J12: 3.1111111 | K12: 3.2222222 | L12: 2.5555556 | M12: 0.55555556
A13: p03-4 | B13: 44685 | C13: 2022 | D13: 124.125 | E13: 44697 | F13: 8.8888889 | G13: 7.1111111 | H13: 4 | I13: 4.8888889 | J13: 4.5555556 | K13: 4.3333333 | L13: 3.5555556 | M13: 1.5555556
... A49: p12-4 | B49: 44684 | C49: 2022 | D49: 122.75 | E49: 44701 | F49: 8.3333333 | G49: 6.4444444 | H49: 3.2222222 | I49: 3.5555556 | J49: 2 | K49: 1.5555556 | L49: 0.88888889 | M49: 0.6

Sheet Ordering
A1: 1 | B1: 1 | C1: N | D1: =_xlfn.CONCAT("p",TEXT(A1,"00"),"-",TEXT(B1,"0"),C1) -> p01-1N | F1: 1
A2: 1 | B2: 1 | C2: M | D2: =_xlfn.CONCAT("p",TEXT(A2,"00"),"-",TEXT(B2,"0"),C2) -> p01-1M | F2: 2
A3: 1 | B3: 1 | C3: S | D3: =_xlfn.CONCAT("p",TEXT(A3,"00"),"-",TEXT(B3,"0"),C3) -> p01-1S | F3: 3
A4: 1 | B4: 2 | C4: N | D4: =_xlfn.CONCAT("p",TEXT(A4,"00"),"-",TEXT(B4,"0"),C4) -> p01-2N | F4: 4
A5: 1 | B5: 2 | C5: M | D5: =_xlfn.CONCAT("p",TEXT(A5,"00"),"-",TEXT(B5,"0"),C5) -> p01-2M | F5: 5
A6: 1 | B6: 2 | C6: S | D6: =_xlfn.CONCAT("p",TEXT(A6,"00"),"-",TEXT(B6,"0"),C6) -> p01-2S | F6: 6
A7: 1 | B7: 3 | C7: N | D7: =_xlfn.CONCAT("p",TEXT(A7,"00"),"-",TEXT(B7,"0"),C7) -> p01-3N | F7: 7
A8: 1 | B8: 3 | C8: M | D8: =_xlfn.CONCAT("p",TEXT(A8,"00"),"-",TEXT(B8,"0"),C8) -> p01-3M | F8: 8
A9: 1 | B9: 3 | C9: S | D9: =_xlfn.CONCAT("p",TEXT(A9,"00"),"-",TEXT(B9,"0"),C9) -> p01-3S | F9: 9
A10: 1 | B10: 4 | C10: N | D10: =_xlfn.CONCAT("p",TEXT(A10,"00"),"-",TEXT(B10,"0"),C10) -> p01-4N | F10: 10
A11: 1 | B11: 4 | C11: M | D11: =_xlfn.CONCAT("p",TEXT(A11,"00"),"-",TEXT(B11,"0"),C11) -> p01-4M | F11: 11
A12: 1 | B12: 4 | C12: S | D12: =_xlfn.CONCAT("p",TEXT(A12,"00"),"-",TEXT(B12,"0"),C12) -> p01-4S | F12: 12
... A144: 12 | B144: 1 | C144: N | D144: =_xlfn.CONCAT("p",TEXT(A144,"00"),"-",TEXT(B144,"0"),C144) -> p12-1N | F144: 133

Sheet Blank Data Sheet
A1: 2022 | B1: F13b4 | E1: date: | I1: doy:
B2: Cotton | F2: time:
A3: Canopy Heights & Widths | F3: by:
B5: Canopy Heights in row 5. Three measurements per plot.
B6: At both the Canopy Measurement points and the LAI (?) measurement flags.
B7: Canopy Height & LAI flags may not be exactly at the GPS points - I adjusted depending on skips in rows. SMM
B8: Plot | D8: Flag | E8: Canopy Height (cm) | F8: Canopy Width (cm) | G8: NAWF | H8: NAWF | I8: NAWF
B9: 01- | C9: 1 | D9: North
D10: Mid
D11: South
B12: 01- | C12: 2 | D12: North
D13: Mid
D14: South
B15: 01- | C15: 3 | D15: North
D16: Mid
D17: South
B18: 01- | C18: 4 | D18: North
D19: Mid
D20: South
B21: 02- | C21: 4 | D21: South
D22: Mid
D23: North
B24: 02- | C24: 3 | D24: South
D25: Mid
D26: North
B27: 02- | C27: 2 | D27: South
D28: Mid
D29: North
B30: 02- | C30: 1 | D30: South
D31: Mid
D32: North
B33: 03- | C33: 1 | D33: North
D34: Mid
D35: South
B36: 03- | C36: 2 | D36: North
D37: Mid
D38: South
B39: 03- | C39: 3 | D39: North
D40: Mid
D41: South
B42: 03- | C42: 4 | D42: North
D43: Mid
D44: South
B45: 04- | C45: 4 | D45: South
D46: Mid
D47: North
B48: 04- | C48: 3 | D48: South
D49: Mid
D50: North
B51: 04- | C51: 2 | D51: South
D52: Mid
D53: North
B54: 04- | C54: 1 | D54: South
D55: Mid
D56: North
B57: 05- | C57: 1 | D57: North
D58: Mid
D59: South
B60: 05- | C60: 2 | D60: North
D61: Mid
D62: South
B63: 05- | C63: 3 | D63: North
D64: Mid
D65: South
B66: 05- | C66: 4 | D66: North
D67: Mid
D68: South
B69: 06- | C69: 4 | D69: South
D70: Mid
D71: North
B72: 06- | C72: 3 | D72: South
D73: Mid
D74: North
B75: 06- | C75: 2 | D75: South
D76: Mid
D77: North
B78: 06- | C78: 1 | D78: South
D79: Mid
D80: North
B81: 07- | C81: 1 | D81: North
D82: Mid
D83: South
B84: 07- | C84: 2 | D84: North
D85: Mid
D86: South
B87: 07- | C87: 3 | D87: North
D88: Mid
D89: South
B90: 07- | C90: 4 | D90: North
D91: Mid
D92: South
B93: 08- | C93: 4 | D93: South
D94: Mid
D95: North
B96: 08- | C96: 3 | D96: South
D97: Mid
D98: North
B99: 08- | C99: 2 | D99: South
D100: Mid
D101: North
...

Sheet Height Summary
A1: Summary | B1: 2022 | D1: F13b4 | G1: Cotton
B3: Canopy Heights - Summary
D8: Initials: | G8: SMM | H8: SMM | I8: SMM | J8: SMM | K8: SMM | L8: SMM | M8: SMM | N8: SMM | O8: SMM | P8: SMM | Q8: SMM | R8: SMM
D9: Date: | G9: 44713 | H9: 44718 | I9: 44725 | J9: 44739 | K9: 44747 | L9: 44753 | M9: 44767 | N9: 44781 | O9: 44788 | P9: 22-23 Aug 2022 | Q9: 44802 | R9: 44812
D10: DOY: | G10: 152 | H10: 157 | I10: 164 | J10: 178 | K10: 186 | L10: 192 | M10: 206 | N10: 220 | O10: 227 | P10: 234-235 | Q10: 241 | R10: 251
D11: Time: | G11: 1400-1515h | H11: 1030-1145 | I11: 0940-1045 | J11: 1015-1245 | K11: 1300-1715 | L11: 0945-1230 | M11: 1015-1315 | N11: 1030-1345 | O11: 1000-13:15 | Q11: 1200-1415 | R11: 1015-1245
B12: Plot | D12: Flag | E12: TRT | F12: Var | G12: Height (cm) | H12: Height (cm) | I12: Height (cm) | J12: Height (cm) | K12: Height (cm) | L12: Height (cm) | M12: Height (cm) | N12: Height (cm) | O12: Height (cm) | P12: Height (cm) | Q12: Height (cm) | R12: Height (cm)
B13: 01- | C13: 1 | D13: North | E13: FAO | F13: NG4936 | G13: 7 | H13: 13 | I13: 23 | J13: 43 | K13: 58 | L13: 70 | M13: 85 | N13: 83 | O13: 84 | P13: 85 | Q13: 82 | R13: 87
D14: Mid | E14: FAO | F14: NG4936 | G14: 7 | H14: 13 | I14: 21 | J14: 44 | K14: 68 | L14: 76 | M14: 81 | N14: 102 | O14: 106 | P14: 110 | Q14: 112 | R14: 113
D15: South | E15: FAO | F15: NG4936 | G15: 5 | H15: 11 | I15: 23 | J15: 46 | K15: 61 | L15: 70 | M15: 85 | N15: 102 | O15: 108 | P15: 113 | Q15: 115 | R15: 122
B16: 01- | C16: 2 | D16: North | E16: FAO-N | F16: NG4936 | G16: 6 | H16: 13 | I16: 20 | J16: 40 | K16: 52 | L16: 53 | M16: 58 | N16: 74 | O16: 78 | P16: 80 | Q16: 81 | R16: 74
D17: Mid | E17: FAO-N | F17: NG4936 | G17: 5 | H17: 11 | I17: 17 | J17: 37 | K17: 63 | L17: 69 | M17: 84 | N17: 103 | O17: 104 | P17: 106 | Q17: 102 | R17: 108
D18: South | E18: FAO-N | F18: NG4936 | G18: 6 | H18: 11 | I18: 16 | J18: 35 | K18: 56 | L18: 56 | M18: 59 | N18: 76 | O18: 75 | P18: 76 | Q18: 75 | R18: 77
B19: 01- | C19: 3 | D19: North | E19: AQC-N | F19: NG4936 | G19: 6 | H19: 10 | I19: 14 | J19: 37 | K19: 53 | L19: 62 | M19: 77 | N19: 94 | O19: 93 | P19: 94 | Q19: 93 | R19: 87
D20: Mid | E20: AQC-N | F20: NG4936 | G20: 6 | H20: 11 | I20: 16 | J20: 38 | K20: 60 | L20: 65 | M20: 79 | N20: 95 | O20: 97 | P20: 97 | Q20: 96 | R20: 95
D21: South | E21: AQC-N | F21: NG4936 | G21: 5 | H21: 9 | I21: 16 | J21: 35 | K21: 46 | L21: 49 | M21: 59 | N21: 62 | O21: 65 | P21: 67 | Q21: 68 | R21: 53
B22: 01- | C22: 4 | D22: North | E22: CSM | F22: NG4936 | G22: 5 | H22: 9 | I22: 10 | J22: 24 | K22: 32 | L22: 37 | M22: 44 | N22: 57 | O22: 66 | P22: 69 | Q22: 70 | R22: 72
D23: Mid | E23: CSM | F23: NG4936 | G23: 7 | H23: 10 | I23: 14 | J23: 38 | K23: 51 | L23: 60 | M23: 81 | N23: 103 | O23: 108 | P23: 113 | Q23: 116 | R23: 117
D24: South | E24: CSM | F24: NG4936 | G24: 6 | H24: 9 | I24: 11 | J24: 31 | K24: 47 | L24: 55 | M24: 72 | N24: 83 | O24: 87 | P24: 88 | Q24: 89 | R24: 88
B25: 02- | C25: 4 | D25: South | E25: CSM | F25: NG3195 | G25: 10 | H25: 15 | I25: 23 | J25: 39 | K25: 50 | L25: 56 | M25: 66 | N25: 79 | O25: 86 | P25: 95 | Q25: 97 | R25: 94
D26: Mid | E26: CSM | F26: NG3195 | G26: 12 | H26: 16 | I26: 23 | J26: 59 | K26: 67 | L26: 70 | M26: 80 | N26: 93 | O26: 99 | P26: 101 | Q26: 102 | R26: 101
D27: North | E27: CSM | F27: NG3195 | G27: 10 | H27: 15 | I27: 23 | J27: 57 | K27: 72 | L27: 79 | M27: 89 | N27: 96 | O27: 100 | P27: 106 | Q27: 108 | R27: 105
B28: 02- | C28: 3 | D28: South | E28: AQC-N | F28: NG3195 | G28: 11 | H28: 16 | I28: 22 | J28: 56 | K28: 72 | L28: 75 | M28: 77 | N28: 87 | O28: 89 | P28: 90 | Q28: 86 | R28: 86
D29: Mid | E29: AQC-N | F29: NG3195 | G29: 10 | H29: 15 | I29: 23 | J29: 58 | K29: 73 | L29: 77 | M29: 89 | N29: 103 | O29: 106 | P29: 107 | Q29: 110 | R29: 108
D30: North | E30: AQC-N | F30: NG3195 | G30: 12 | H30: 17 | I30: 26 | J30: 52 | K30: 69 | L30: 71 | M30: 79 | N30: 91 | O30: 93 | P30: 95 | Q30: 94 | R30: 92
B31: 02- | C31: 2 | D31: South | E31: FAO-N | F31: NG3195 | G31: 10 | H31: 15 | I31: 24 | J31: 58 | K31: 74 | L31: 73 | M31: 77 | N31: 90 | O31: 94 | P31: 93 | Q31: 93 | R31: 91
D32: Mid | E32: FAO-N | F32: NG3195 | G32: 11 | H32: 16 | I32: 22 | J32: 52 | K32: 71 | L32: 73 | M32: 80 | N32: 100 | O32: 103 | P32: 105 | Q32: 105 | R32: 106
D33: North | E33: FAO-N | F33: NG3195 | G33: 13 | H33: 19 | I33: 28 | J33: 68 | K33: 82 | L33: 83 | M33: 91 | N33: 111 | O33: 114 | P33: 116 | Q33: 117 | R33: 113
B34: 02- | C34: 1 | D34: South | E34: FAO | F34: NG3195 | G34: 14 | H34: 20 | I34: 23 | J34: 63 | K34: 71 | L34: 80 | M34: 93 | N34: 105 | O34: 110 | P34: 113 | Q34: 116 | R34: 115
D35: Mid | E35: FAO | F35: NG3195 | G35: 11 | H35: 18 | I35: 30 | J35: 59 | K35: 78 | L35: 83 | M35: 97 | N35: 114 | O35: 119 | P35: 122 | Q35: 124 | R35: 128
D36: North | E36: FAO | F36: NG3195 | G36: 15 | H36: 22 | I36: 33 | J36: 65 | K36: 84 | L36: 89 | M36: 99 | N36: 116 | O36: 118 | P36: 120 | Q36: 121 | R36: 120
B37: 03- | C37: 1 | D37: North | E37: CSM | F37: NG4936 | G37: 8 | H37: 13 | I37: 26 | J37: 57 | K37: 75 | L37: 87 | M37: 102 | N37: 115 | O37: 118 | P37: 121 | Q37: 123 | R37: 122
D38: Mid | E38: CSM | F38: NG4936 | G38: 8 | H38: 12 | I38: 19 | J38: 35 | K38: 53 | L38: 57 | M38: 70 | N38: 81 | O38: 86 | P38: 90 | Q38: 93 | R38: 92
D39: South | E39: CSM | F39: NG4936 | G39: 7 | H39: 11 | I39: 21 | J39: 51 | K39: 73 | L39: 83 | M39: 97 | N39: 121 | O39: 123 | P39: 125 | Q39: 126 | R39: 131
B40: 03- | C40: 2 | D40: North | E40: CSM-N | F40: NG4936 | G40: 11 | H40: 15 | I40: 20 | J40: 45 | K40: 63 | L40: 65 | M40: 71 | N40: 84 | O40: 90 | P40: 94 | Q40: 99 | R40: 104
D41: Mid | E41: CSM-N | F41: NG4936 | G41: 7 | H41: 11 | I41: 17 | J41: 41 | K41: 62 | L41: 69 | M41: 79 | N41: 98 | O41: 99 | P41: 100 | Q41: 103 | R41: 105
D42: South | E42: CSM-N | F42: NG4936 | G42: 9 | H42: 13 | I42: 22 | J42: 55 | K42: 78 | L42: 82 | M42: 93 | N42: 96 | O42: 100 | P42: 113 | Q42: 112 | R42: 115
B43: 03- | C43: 3 | D43: North | E43: AQC | F43: NG4936 | G43: 10 | H43: 15 | I43: 24 | J43: 52 | K43: 73 | L43: 75 | M43: 84 | N43: 101 | O43: 104 | P43: 108 | Q43: 109 | R43: 111
D44: Mid | E44: AQC | F44: NG4936 | G44: 9 | H44: 14 | I44: 20 | J44: 45 | K44: 70 | L44: 76 | M44: 92 | N44: 108 | O44: 109 | P44: 107 | Q44: 108 | R44: 104
D45: South | E45: AQC | F45: NG4936 | G45: 7 | H45: 13 | I45: 18 | J45: 31 | K45: 50 | L45: 51 | M45: 54 | N45: 64 | O45: 69 | P45: 71 | Q45: 76 | R45: 79
B46: 03- | C46: 4 | D46: North | E46: FAO | F46: NG4936 | G46: 7 | H46: 11 | I46: 17 | J46: 45 | K46: 62 | L46: 70 | M46: 91 | N46: 96 | O46: 101 | P46: 106 | Q46: 108 | R46: 109
D47: Mid | E47: FAO | F47: NG4936 | G47: 11 | H47: 15 | I47: 19 | J47: 41 | K47: 63 | L47: 69 | M47: 85 | N47: 97 | O47: 100 | P47: 103 | Q47: 105 | R47: 110
D48: South | E48: FAO | F48: NG4936 | G48: 8 | H48: 13 | I48: 19 | J48: 46 | K48: 67 | L48: 76 | M48: 90 | N48: 98 | O48: 102 | P48: 107 | Q48: 109 | R48: 106
B49: 04- | C49: 4 | D49: South | E49: FAO | F49: NG3195 | G49: 13 | H49: 17 | I49: 25 | J49: 55 | K49: 75 | L49: 78 | M49: 87 | N49: 98 | O49: 101 | P49: 103 | Q49: 102 | R49: 107
D50: Mid | E50: FAO | F50: NG3195 | G50: 14 | H50: 19 | I50: 25 | J50: 59 | K50: 73 | L50: 76 | M50: 85 | N50: 98 | O50: 103 | P50: 109 | Q50: 113 | R50: 112
D51: North | E51: FAO | F51: NG3195 | G51: 9 | H51: 14 | I51: 25 | J51: 53 | K51: 78 | L51: 88 | M51: 108 | N51: 116 | O51: 120 | P51: 123 | Q51: 128 | R51: 125
B52: 04- | C52: 3 | D52: South | E52: AQC | F52: NG3195 | G52: 13 | H52: 19 | I52: 28 | J52: 63 | K52: 81 | L52: 89 | M52: 109 | N52: 117 | O52: 119 | P52: 118 | Q52: 121 | R52: 112
D53: Mid | E53: AQC | F53: NG3195 | G53: 9 | H53: 14 | I53: 22 | J53: 46 | K53: 75 | L53: 80 | M53: 94 | N53: 100 | O53: 104 | P53: 109 | Q53: 115 | R53: 110
D54: North | E54: AQC | F54: NG3195 | G54: 16 | H54: 23 | I54: 32 | J54: 70 | K54: 85 | L54: 92 | M54: 102 | N54: 113 | O54: 116 | P54: 117 | Q54: 118 | R54: 110
B55: 04- | C55: 2 | D55: South | E55: CSM-N | F55: NG3195 | G55: 15 | H55: 23 | I55: 32 | J55: 62 | K55: 77 | L55: 79 | M55: 82 | N55: 89 | O55: 91 | P55: 94 | Q55: 94 | R55: 91
D56: Mid | E56: CSM-N | F56: NG3195 | G56: 12 | H56: 21 | I56: 32 | J56: 68 | K56: 97 | L56: 100 | M56: 104 | N56: 107 | O56: 110 | P56: 114 | Q56: 113 | R56: 115
D57: North | E57: CSM-N | F57: NG3195 | G57: 9 | H57: 17 | I57: 27 | J57: 57 | K57: 83 | L57: 85 | M57: 87 | N57: 91 | O57: 99 | P57: 108 | Q57: 114 | R57: 110
B58: 04- | C58: 1 | D58: South | E58: CSM | F58: NG3195 | G58: 17 | H58: 24 | I58: 37 | J58: 68 | K58: 89 | L58: 95 | M58: 111 | N58: 119 | O58: 125 | P58: 129 | Q58: 131 | R58: 131
D59: Mid | E59: CSM | F59: NG3195 | G59: 16 | H59: 21 | I59: 30 | J59: 64 | K59: 87 | L59: 92 | M59: 106 | N59: 111 | O59: 115 | P59: 120 | Q59: 125 | R59: 123
D60: North | E60: CSM | F60: NG3195 | G60: 15 | H60: 19 | I60: 34 | J60: 63 | K60: 89 | L60: 92 | M60: 108 | N60: 113 | O60: 117 | P60: 123 | Q60: 127 | R60: 122
B61: 05- | C61: 1 | D61: North | E61: AQC | F61: NG3195 | G61: 14 | H61: 21 | I61: 32 | J61: 67 | K61: 84 | L61: 93 | M61: 108 | N61: 114 | O61: 117 | P61: 122 | Q61: 121 | R61: 122
D62: Mid | E62: AQC | F62: NG3195 | G62: 16 | H62: 24 | I62: 32 | J62: 66 | K62: 84 | L62: 94 | M62: 103 | N62: 108 | O62: 111 | P62: 116 | Q62: 118 | R62: 118
D63: South | E63: AQC | F63: NG3195 | G63: 15 | H63: 22 | I63: 33 | J63: 60 | K63: 79 | L63: 82 | M63: 88 | N63: 92 | O63: 94 | P63: 97 | Q63: 98 | R63: 99
B64: 05- | C64: 2 | D64: North | E64: AQC-N | F64: NG3195 | G64: 15 | H64: 21 | I64: 27 | J64: 50 | K64: 71 | L64: 78 | M64: 88 | N64: 91 | O64: 93 | P64: 94 | Q64: 93 | R64: 94
D65: Mid | E65: AQC-N | F65: NG3195 | G65: 13 | H65: 19 | I65: 27 | J65: 54 | K65: 75 | L65: 76 | M65: 80 | N65: 82 | O65: 82 | P65: 84 | Q65: 83 | R65: 84
D66: South | E66: AQC-N | F66: NG3195 | G66: 11 | H66: 18 | I66: 26 | J66: 55 | K66: 77 | L66: 78 | M66: 83 | N66: 87 | O66: 91 | P66: 93 | Q66: 93 | R66: 92
B67: 05- | C67: 3 | D67: North | E67: FAO-N | F67: NG3195 | G67: 9 | H67: 15 | I67: 22 | J67: 52 | K67: 73 | L67: 76 | M67: 86 | N67: 95 | O67: 98 | P67: 101 | Q67: 100 | R67: 98
D68: Mid | E68: FAO-N | F68: NG3195 | G68: 12 | H68: 19 | I68: 27 | J68: 56 | K68: 77 | L68: 78 | M68: 76 | N68: 79 | O68: 81 | P68: 82 | Q68: 83 | R68: 83
D69: South | E69: FAO-N | F69: NG3195 | G69: 10 | H69: 18 | I69: 30 | J69: 59 | K69: 79 | L69: 78 | M69: 79 | N69: 81 | O69: 84 | P69: 86 | Q69: 85 | R69: 86
B70: 05- | C70: 4 | D70: North | E70: CSM-N | F70: NG3195 | G70: 14 | H70: 21 | I70: 29 | J70: 60 | K70: 79 | L70: 84 | M70: 87 | N70: 94 | O70: 99 | P70: 103 | Q70: 105 | R70: 101
D71: Mid | E71: CSM-N | F71: NG3195 | G71: 11 | H71: 19 | I71: 24 | J71: 46 | K71: 69 | L71: 75 | M71: 83 | N71: 90 | O71: 96 | P71: 101 | Q71: 102 | R71: 102
D72: South | E72: CSM-N | F72: NG3195 | G72: 13 | H72: 21 | I72: 26 | J72: 61 | K72: 82 | L72: 86 | M72: 96 | N72: 103 | O72: 108 | P72: 110 | Q72: 109 | R72: 106
B73: 06- | C73: 4 | D73: South | E73: CSM-N | F73: NG4936 | G73: 5 | H73: 9 | I73: 19 | J73: 41 | K73: 64 | L73: 65 | M73: 69 | N73: 78 | O73: 83 | P73: 88 | Q73: 93 | R73: 95
D74: Mid | E74: CSM-N | F74: NG4936 | G74: 6 | H74: 10 | I74: 19 | J74: 44 | K74: 67 | L74: 71 | M74: 77 | N74: 90 | O74: 95 | P74: 99 | Q74: 101 | R74: 104
D75: North | E75: CSM-N | F75: NG4936 | G75: 7 | H75: 13 | I75: 19 | J75: 54 | K75: 72 | L75: 79 | M75: 91 | N75: 102 | O75: 108 | P75: 110 | Q75: 112 | R75: 115
B76: 06- | C76: 3 | D76: South | E76: FAO-N | F76: NG4936 | G76: 5 | H76: 11 | I76: 17 | J76: 44 | K76: 57 | L76: 62 | M76: 71 | N76: 78 | O76: 83 | P76: 86 | Q76: 88 | R76: 89
D77: Mid | E77: FAO-N | F77: NG4936 | G77: 6 | H77: 13 | I77: 20 | J77: 47 | K77: 62 | L77: 72 | M77: 88 | N77: 93 | O77: 97 | P77: 101 | Q77: 104 | R77: 102
D78: North | E78: FAO-N | F78: NG4936 | G78: 6 | H78: 13 | I78: 17 | J78: 45 | K78: 58 | L78: 66 | M78: 81 | N78: 88 | O78: 93 | P78: 97 | Q78: 101 | R78: 99
B79: 06- | C79: 2 | D79: South | E79: AQC-N | F79: NG4936 | G79: 4 | H79: 9 | I79: 16 | J79: 39 | K79: 58 | L79: 60 | M79: 89 | N79: 97 | O79: 104 | P79: 107 | Q79: 105 | R79: 103
D80: Mid | E80: AQC-N | F80: NG4936 | G80: 6 | H80: 11 | I80: 16 | J80: 37 | K80: 53 | L80: 63 | M80: 85 | N80: 91 | O80: 95 | P80: 102 | Q80: 101 | R80: 97
D81: North | E81: AQC-N | F81: NG4936 | G81: 6 | H81: 12 | I81: 21 | J81: 44 | K81: 61 | L81: 74 | M81: 94 | N81: 105 | O81: 108 | P81: 110 | Q81: 108 | R81: 104
B82: 06- | C82: 1 | D82: South | E82: AQC | F82: NG4936 | G82: 7 | H82: 12 | I82: 21 | J82: 34 | K82: 55 | L82: 65 | M82: 79 | N82: 88 | O82: 93 | P82: 97 | Q82: 101 | R82: 104
D83: Mid | E83: AQC | F83: NG4936 | G83: 9 | H83: 15 | I83: 19 | J83: 43 | K83: 63 | L83: 76 | M83: 97 | N83: 109 | O83: 115 | P83: 117 | Q83: 108 | R83: 110
D84: North | E84: AQC | F84: NG4936 | G84: 12 | H84: 17 | I84: 23 | J84: 53 | K84: 69 | L84: 76 | M84: 98 | N84: 110 | O84: 115 | P84: 115 | Q84: 116 | R84: 114
B85: 7 | C85: 1 | D85: North | E85: CSM-N | F85: NG3195 | G85: 11 | H85: 16 | I85: 30 | J85: 61 | K85: 79 | L85: 81 | M85: 88 | N85: 96 | O85: 101 | P85: 104 | Q85: 106 | R85: 105
D86: Mid | E86: CSM-N | F86: NG3195 | G86: 14 | H86: 20 | I86: 26 | J86: 56 | K86: 77 | L86: 78 | M86: 82 | N86: 88 | O86: 92 | P86: 94 | Q86: 94 | R86: 95
D87: South | E87: CSM-N | F87: NG3195 | G87: 16 | H87: 21 | I87: 31 | J87: 55 | K87: 74 | L87: 74 | M87: 74 | N87: 78 | O87: 81 | P87: 84 | Q87: 85 | R87: 85
B88: 7 | C88: 2 | D88: North | E88: CSM | F88: NG3195 | G88: 11 | H88: 16 | I88: 21 | J88: 39 | K88: 61 | L88: 62 | M88: 62 | N88: 69 | O88: 73 | P88: 77 | Q88: 80 | R88: 81
D89: Mid | E89: CSM | F89: NG3195 | G89: 14 | H89: 21 | I89: 28 | J89: 58 | K89: 82 | L89: 85 | M89: 94 | N89: 104 | O89: 111 | P89: 116 | Q89: 118 | R89: 111
D90: South | E90: CSM | F90: NG3195 | G90: 10 | H90: 16 | I90: 23 | J90: 55 | K90: 80 | L90: 81 | M90: 85 | N90: 96 | O90: 102 | P90: 108 | Q90: 110 | R90: 112
B91: 7 | C91: 3 | D91: North | E91: FAO | F91: NG3195 | G91: 8 | H91: 14 | I91: 16 | J91: 42 | K91: 46 | L91: 58 | M91: 77 | N91: 89 | O91: 93 | P91: 97 | Q91: 98 | R91: 98
D92: Mid | E92: FAO | F92: NG3195 | G92: 13 | H92: 21 | I92: 31 | J92: 63 | K92: 76 | L92: 81 | M92: 88 | N92: 103 | O92: 108 | P92: 113 | Q92: 115 | R92: 116
D93: South | E93: FAO | F93: NG3195 | G93: 11 | H93: 17 | I93: 26 | J93: 45 | K93: 48 | L93: 58 | M93: 74 | N93: 86 | O93: 90 | P93: 94 | Q93: 95 | R93: 95
B94: 7 | C94: 4 | D94: North | E94: AQC | F94: NG3195 | G94: 12 | H94: 18 | I94: 23 | J94: 53 | K94: 71 | L94: 80 | M94: 95 | N94: 102 | O94: 104 | P94: 107 | Q94: 107 | R94: 102
D95: Mid | E95: AQC | F95: NG3195 | G95: 10 | H95: 15 | I95: 22 | J95: 44 | K95: 64 | L95: 71 | M95: 82 | N95: 88 | O95: 91 | P95: 95 | Q95: 97 | R95: 97
D96: South | E96: AQC | F96: NG3195 | G96: 11 | H96: 17 | I96: 25 | J96: 57 | K96: 68 | L96: 73 | M96: 86 | N96: 91 | O96: 95 | P96: 98 | Q96: 97 | R96: 98
B97: 8 | C97: 4 | D97: South | E97: AQC | F97: NG4936 | G97: 8 | H97: 13 | I97: 15 | J97: 40 | K97: 60 | L97: 65 | M97: 79 | N97: 89 | O97: 91 | P97: 93 | Q97: 95 | R97: 97
D98: Mid | E98: AQC | F98: NG4936 | G98: 6 | H98: 11 | I98: 13 | J98: 29 | K98: 53 | L98: 56 | M98: 66 | N98: 73 | O98: 76 | P98: 78 | Q98: 79 | R98: 79
D99: North | E99: AQC | F99: NG4936 | G99: 6 | H99: 11 | I99: 16 | J99: 37 | K99: 59 | L99: 64 | M99: 77 | N99: 88 | O99: 90 | P99: 92 | Q99: 93 | R99: 93
B100: 8 | C100: 3 | D100: South | E100: FAO | F100: NG4936 | G100: 7 | H100: 12 | I100: 19 | J100: 39 | K100: 59 | L100: 65 | M100: 81 | N100: 93 | O100: 97 | P100: 101 | Q100: 104 | R100: 105
D101: Mid | E101: FAO | F101: NG4936 | G101: 9 | H101: 15 | I101: 19 | J101: 44 | K101: 61 | L101: 67 | M101: 78 | N101: 88 | O101: 91 | P101: 94 | Q101: 97 | R101: 99
D102: North | E102: FAO | F102: NG4936 | G102: 6 | H102: 11 | I102: 19 | J102: 41 | K102: 59 | L102: 66 | M102: 81 | N102: 93 | O102: 96 | P102: 100 | Q102: 104 | R102: 106
B103: 8 | C103: 2 | D103: South | E103: CSM | F103: NG4936 | G103: 7 | H103: 13 | I103: 18 | J103: 45 | K103: 68 | L103: 77 | M103: 85 | N103: 90 | O103: 95 | P103: 100 | Q103: 103 | R103: 103
D104: Mid | E104: CSM | F104: NG4936 | G104: 5 | H104: 11 | I104: 17 | J104: 48 | K104: 73 | L104: 79 | M104: 82 | N104: 87 | O104: 92 | P104: 96 | Q104: 98 | R104: 99
D105: North | E105: CSM | F105: NG4936 | G105: 6 | H105: 12 | I105: 17 | J105: 38 | K105: 60 | L105: 71 | M105: 88 | N105: 95 | O105: 98 | P105: 100 | Q105: 103 | R105: 95
...

Sheet Cover Summary
A1: Summary | B1: 2022 | D1: F13b4 | G1: Cotton
B3: Canopy Heights - Summary | H3: "--" = closed canopy
D8: Initials: | G8: ='Height Summary'!G8 -> SMM | H8: ='Height Summary'!H8 -> SMM | I8: ='Height Summary'!I8 -> SMM | J8: ='Height Summary'!J8 -> SMM | K8: ='Height Summary'!K8 -> SMM | L8: ='Height Summary'!L8 -> SMM | M8: ='Height Summary'!M8 -> SMM | N8: ='Height Summary'!N8 -> SMM | ... R8: ='Height Summary'!R8 -> SMM
D9: Date: | G9: ='Height Summary'!G9 -> 44713 | H9: ='Height Summary'!H9 -> 44718 | I9: ='Height Summary'!I9 -> 44725 | J9: ='Height Summary'!J9 -> 44739 | K9: ='Height Summary'!K9 -> 44747 | L9: ='Height Summary'!L9 -> 44753 | M9: ='Height Summary'!M9 -> 44767 | N9: ='Height Summary'!N9 -> 44781 | ... R9: ='Height Summary'!R9 -> 44812
D10: DOY: | G10: ='Height Summary'!G10 -> 152 | H10: ='Height Summary'!H10 -> 157 | I10: ='Height Summary'!I10 -> 164 | J10: ='Height Summary'!J10 -> 178 | K10: ='Height Summary'!K10 -> 186 | L10: ='Height Summary'!L10 -> 192 | M10: ='Height Summary'!M10 -> 206 | N10: ='Height Summary'!N10 -> 220 | ... R10: ='Height Summary'!R10 -> 251
D11: Time: | G11: ='Height Summary'!G11 -> 1400-1515h | H11: ='Height Summary'!H11 -> 1030-1145 | I11: ='Height Summary'!I11 -> 0940-1045 | J11: ='Height Summary'!J11 -> 1015-1245 | K11: ='Height Summary'!K11 -> 1300-1715 | L11: ='Height Summary'!L11 -> 0945-1230 | M11: ='Height Summary'!M11 -> 1015-1315 | N11: ='Height Summary'!N11 -> 1030-1345 | ... R11: ='Height Summary'!R11 -> 1015-1245
B12: Plot | D12: Flag | E12: TRT | F12: Var | G12: Width (cm) | H12: Width (cm) | I12: Width (cm) | J12: Width (cm) | K12: Width (cm) | L12: Width (cm) | M12: Width (cm) | N12: Width (cm) | O12: Width (cm) | P12: Width (cm) | Q12: Width (cm) | R12: Width (cm)
B13: 01- | C13: 1 | D13: North | E13: FAO | F13: NG4936 | G13: 8 | H13: 14 | I13: 24 | J13: 42 | K13: 51 | L13: 65 | M13: 81 | N13: 83 | O13: 83 | P13: 84 | Q13: 84 | R13: 84
D14: Mid | E14: FAO | F14: NG4936 | G14: 7 | H14: 15 | I14: 23 | J14: 41 | K14: 53 | L14: 61 | M14: 67 | N14: 91 | O14: 95 | P14: 98 | Q14: 100 | R14: --
D15: South | E15: FAO | F15: NG4936 | G15: 6 | H15: 13 | I15: 23 | J15: 45 | K15: 58 | L15: 67 | M15: 74 | N15: -- | O15: -- | P15: -- | Q15: -- | R15: --
B16: 01- | C16: 2 | D16: North | E16: FAO-N | F16: NG4936 | G16: 7 | H16: 13 | I16: 21 | J16: 38 | K16: 49 | L16: 53 | M16: 56 | N16: 72 | O16: 76 | P16: 80 | Q16: 83 | R16: 90
D17: Mid | E17: FAO-N | F17: NG4936 | G17: 6 | H17: 13 | I17: 18 | J17: 37 | K17: 60 | L17: 69 | M17: 75 | N17: -- | O17: -- | P17: -- | Q17: -- | R17: --
D18: South | E18: FAO-N | F18: NG4936 | G18: 8 | H18: 12 | I18: 18 | J18: 34 | K18: 51 | L18: 58 | M18: 61 | N18: 66 | O18: 73 | P18: 81 | Q18: 85 | R18: 89
B19: 01- | C19: 3 | D19: North | E19: AQC-N | F19: NG4936 | G19: 7 | H19: 12 | I19: 15 | J19: 40 | K19: 49 | L19: 60 | M19: 68 | N19: 83 | O19: 93 | P19: 98 | Q19: 100 | R19: 100
D20: Mid | E20: AQC-N | F20: NG4936 | G20: 8 | H20: 12 | I20: 16 | J20: 37 | K20: 53 | L20: 68 | M20: 77 | N20: 91 | O20: 91 | P20: 90 | Q20: 91 | R20: 99
D21: South | E21: AQC-N | F21: NG4936 | G21: 5 | H21: 11 | I21: 17 | J21: 36 | K21: 43 | L21: 46 | M21: 50 | N21: 54 | O21: 56 | P21: 57 | Q21: 58 | R21: 50
B22: 01- | C22: 4 | D22: North | E22: CSM | F22: NG4936 | G22: 6 | H22: 11 | I22: 11 | J22: 25 | K22: 31 | L22: 34 | M22: 38 | N22: 45 | O22: 49 | P22: 52 | Q22: 54 | R22: --
D23: Mid | E23: CSM | F23: NG4936 | G23: 8 | H23: 11 | I23: 16 | J23: 40 | K23: 47 | L23: 64 | M23: 77 | N23: 94 | O23: 101 | P23: -- | Q23: -- | R23: --
D24: South | E24: CSM | F24: NG4936 | G24: 7 | H24: 10 | I24: 13 | J24: 32 | K24: 42 | L24: 54 | M24: 62 | N24: 80 | O24: 86 | P24: 88 | Q24: 92 | R24: --
B25: 02- | C25: 4 | D25: South | E25: CSM | F25: NG3195 | G25: 11 | H25: 17 | I25: 21 | J25: 38 | K25: 42 | L25: 47 | M25: 51 | N25: 67 | O25: 79 | P25: 90 | Q25: -- | R25: --
D26: Mid | E26: CSM | F26: NG3195 | G26: 14 | H26: 17 | I26: 22 | J26: 54 | K26: 57 | L26: 65 | M26: 69 | N26: 86 | O26: 92 | P26: 97 | Q26: 101 | R26: --
D27: North | E27: CSM | F27: NG3195 | G27: 10 | H27: 15 | I27: 23 | J27: 54 | K27: 61 | L27: 68 | M27: 72 | N27: 95 | O27: -- | P27: -- | Q27: -- | R27: --
B28: 02- | C28: 3 | D28: South | E28: AQC-N | F28: NG3195 | G28: 13 | H28: 19 | I28: 23 | J28: 51 | K28: 62 | L28: 67 | M28: 72 | N28: 84 | O28: 88 | P28: 91 | Q28: 95 | R28: --
D29: Mid | E29: AQC-N | F29: NG3195 | G29: 11 | H29: 16 | I29: 24 | J29: 54 | K29: 66 | L29: 77 | M29: 84 | N29: 96 | O29: -- | P29: -- | Q29: -- | R29: --
D30: North | E30: AQC-N | F30: NG3195 | G30: 15 | H30: 20 | I30: 26 | J30: 49 | K30: 57 | L30: 71 | M30: 80 | N30: 79 | O30: 82 | P30: 84 | Q30: 87 | R30: 88
B31: 02- | C31: 2 | D31: South | E31: FAO-N | F31: NG3195 | G31: 11 | H31: 16 | I31: 24 | J31: 52 | K31: 62 | L31: 59 | M31: 59 | N31: 78 | O31: 80 | P31: 82 | Q31: 83 | R31: 82
D32: Mid | E32: FAO-N | F32: NG3195 | G32: 12 | H32: 16 | I32: 21 | J32: 48 | K32: 58 | L32: 64 | M32: 68 | N32: 91 | O32: -- | P32: -- | Q32: -- | R32: --
D33: North | E33: FAO-N | F33: NG3195 | G33: 13 | H33: 20 | I33: 27 | J33: 61 | K33: 75 | L33: 87 | M33: 93 | N33: -- | O33: -- | P33: -- | Q33: -- | R33: --
B34: 02- | C34: 1 | D34: South | E34: FAO | F34: NG3195 | G34: 16 | H34: 23 | I34: 23 | J34: 57 | K34: 68 | L34: 81 | M34: 88 | N34: 98 | O34: -- | P34: -- | Q34: -- | R34: --
D35: Mid | E35: FAO | F35: NG3195 | G35: 13 | H35: 20 | I35: 28 | J35: 58 | K35: 67 | L35: 83 | M35: 92 | N35: -- | O35: -- | P35: -- | Q35: -- | R35: --
D36: North | E36: FAO | F36: NG3195 | G36: 15 | H36: 21 | I36: 31 | J36: 60 | K36: 77 | L36: 88 | M36: 95 | N36: -- | O36: -- | P36: -- | Q36: -- | R36: --
B37: 03- | C37: 1 | D37: North | E37: CSM | F37: NG4936 | G37: 9 | H37: 15 | I37: 26 | J37: 57 | K37: 73 | L37: 87 | M37: 98 | N37: -- | O37: -- | P37: -- | Q37: -- | R37: --
D38: Mid | E38: CSM | F38: NG4936 | G38: 9 | H38: 14 | I38: 16 | J38: 34 | K38: 48 | L38: 61 | M38: 72 | N38: 80 | O38: 86 | P38: 94 | Q38: 100 | R38: 98
D39: South | E39: CSM | F39: NG4936 | G39: 8 | H39: 12 | I39: 22 | J39: 48 | K39: 65 | L39: 78 | M39: 91 | N39: -- | O39: -- | P39: -- | Q39: -- | R39: --
B40: 03- | C40: 2 | D40: North | E40: CSM-N | F40: NG4936 | G40: 12 | H40: 15 | I40: 21 | J40: 41 | K40: 53 | L40: 61 | M40: 67 | N40: 71 | O40: 82 | P40: 91 | Q40: -- | R40: --
D41: Mid | E41: CSM-N | F41: NG4936 | G41: 8 | H41: 13 | I41: 17 | J41: 36 | K41: 55 | L41: 65 | M41: 70 | N41: 82 | O41: 90 | P41: 94 | Q41: 97 | R41: --
D42: South | E42: CSM-N | F42: NG4936 | G42: 10 | H42: 15 | I42: 24 | J42: 53 | K42: 72 | L42: 77 | M42: 80 | N42: 96 | O42: -- | P42: -- | Q42: -- | R42: --
B43: 03- | C43: 3 | D43: North | E43: AQC | F43: NG4936 | G43: 12 | H43: 19 | I43: 26 | J43: 48 | K43: 67 | L43: 74 | M43: 79 | N43: 93 | O43: -- | P43: -- | Q43: -- | R43: --
D44: Mid | E44: AQC | F44: NG4936 | G44: 10 | H44: 17 | I44: 21 | J44: 44 | K44: 64 | L44: 77 | M44: 85 | N44: 95 | O44: -- | P44: -- | Q44: -- | R44: 100
D45: South | E45: AQC | F45: NG4936 | G45: 7 | H45: 15 | I45: 18 | J45: 28 | K45: 43 | L45: 41 | M45: 42 | N45: 50 | O45: 57 | P45: 66 | Q45: 72 | R45: 68
B46: 03- | C46: 4 | D46: North | E46: FAO | F46: NG4936 | G46: 8 | H46: 13 | I46: 18 | J46: 42 | K46: 57 | L46: 70 | M46: 78 | N46: 93 | O46: 99 | P46: -- | Q46: -- | R46: --
D47: Mid | E47: FAO | F47: NG4936 | G47: 12 | H47: 15 | I47: 21 | J47: 36 | K47: 55 | L47: 67 | M47: 74 | N47: 90 | O47: 96 | P47: 99 | Q47: 101 | R47: --
D48: South | E48: FAO | F48: NG4936 | G48: 10 | H48: 15 | I48: 19 | J48: 41 | K48: 59 | L48: 66 | M48: 74 | N48: 92 | O48: 98 | P48: -- | Q48: -- | R48: --
B49: 04- | C49: 4 | D49: South | E49: FAO | F49: NG3195 | G49: 14 | H49: 18 | I49: 26 | J49: 48 | K49: 62 | L49: 69 | M49: 73 | N49: 88 | O49: 96 | P49: -- | Q49: -- | R49: --
D50: Mid | E50: FAO | F50: NG3195 | G50: 15 | H50: 19 | I50: 25 | J50: 52 | K50: 55 | L50: 67 | M50: 77 | N50: -- | O50: -- | P50: -- | Q50: -- | R50: --
D51: North | E51: FAO | F51: NG3195 | G51: 10 | H51: 15 | I51: 24 | J51: 48 | K51: 70 | L51: 86 | M51: -- | N51: -- | O51: -- | P51: -- | Q51: -- | R51: --
B52: 04- | C52: 3 | D52: South | E52: AQC | F52: NG3195 | G52: 15 | H52: 21 | I52: 28 | J52: 58 | K52: 73 | L52: 91 | M52: -- | N52: -- | O52: -- | P52: -- | Q52: -- | R52: --
D53: Mid | E53: AQC | F53: NG3195 | G53: 9 | H53: 14 | I53: 22 | J53: 43 | K53: 60 | L53: 77 | M53: 89 | N53: 100 | O53: -- | P53: -- | Q53: -- | R53: --
D54: North | E54: AQC | F54: NG3195 | G54: 18 | H54: 26 | I54: 30 | J54: 62 | K54: 78 | L54: 89 | M54: 97 | N54: -- | O54: -- | P54: -- | Q54: -- | R54: --
B55: 04- | C55: 2 | D55: South | E55: CSM-N | F55: NG3195 | G55: 16 | H55: 25 | I55: 30 | J55: 55 | K55: 66 | L55: 69 | M55: 71 | N55: 78 | O55: 85 | P55: 92 | Q55: 100 | R55: --
D56: Mid | E56: CSM-N | F56: NG3195 | G56: 12 | H56: 21 | I56: 31 | J56: 62 | K56: 75 | L56: 89 | M56: 98 | N56: -- | O56: -- | P56: -- | Q56: -- | R56: --
D57: North | E57: CSM-N | F57: NG3195 | G57: 10 | H57: 19 | I57: 26 | J57: 49 | K57: 65 | L57: 69 | M57: 70 | N57: 78 | O57: 86 | P57: 94 | Q57: -- | R57: --
B58: 04- | C58: 1 | D58: South | E58: CSM | F58: NG3195 | G58: 18 | H58: 24 | I58: 34 | J58: 66 | K58: 78 | L58: 92 | M58: -- | N58: -- | O58: -- | P58: -- | Q58: -- | R58: --
D59: Mid | E59: CSM | F59: NG3195 | G59: 17 | H59: 21 | I59: 28 | J59: 59 | K59: 78 | L59: 91 | M59: -- | N59: -- | O59: -- | P59: -- | Q59: -- | R59: --
D60: North | E60: CSM | F60: NG3195 | G60: 15 | H60: 18 | I60: 33 | J60: 59 | K60: 73 | L60: 88 | M60: -- | N60: -- | O60: -- | P60: -- | Q60: -- | R60: --
B61: 05- | C61: 1 | D61: North | E61: AQC | F61: NG3195 | G61: 15 | H61: 23 | I61: 33 | J61: 62 | K61: 74 | L61: 87 | M61: -- | N61: -- | O61: -- | P61: -- | Q61: -- | R61: --
D62: Mid | E62: AQC | F62: NG3195 | G62: 16 | H62: 25 | I62: 33 | J62: 60 | K62: 72 | L62: 85 | M62: 93 | N62: -- | O62: -- | P62: -- | Q62: -- | R62: --
D63: South | E63: AQC | F63: NG3195 | G63: 16 | H63: 22 | I63: 32 | J63: 55 | K63: 65 | L63: 76 | M63: 82 | N63: 86 | O63: 89 | P63: 91 | Q63: 92 | R63: 92
B64: 05- | C64: 2 | D64: North | E64: AQC-N | F64: NG3195 | G64: 16 | H64: 23 | I64: 26 | J64: 48 | K64: 53 | L64: 60 | M64: 65 | N64: 68 | O64: 71 | P64: 73 | Q64: 72 | R64: 73
D65: Mid | E65: AQC-N | F65: NG3195 | G65: 15 | H65: 21 | I65: 27 | J65: 51 | K65: 57 | L65: 63 | M65: 68 | N65: 72 | O65: 74 | P65: 77 | Q65: 75 | R65: 75
D66: South | E66: AQC-N | F66: NG3195 | G66: 12 | H66: 19 | I66: 25 | J66: 51 | K66: 57 | L66: 64 | M66: 69 | N66: 73 | O66: 74 | P66: 75 | Q66: 75 | R66: 75
B67: 05- | C67: 3 | D67: North | E67: FAO-N | F67: NG3195 | G67: 10 | H67: 16 | I67: 22 | J67: 48 | K67: 89 | L67: 94 | M67: 98 | N67: -- | O67: -- | P67: -- | Q67: -- | R67: --
D68: Mid | E68: FAO-N | F68: NG3195 | G68: 14 | H68: 21 | I68: 26 | J68: 51 | K68: 86 | L68: 86 | M68: 86 | N68: 88 | O68: 89 | P68: 89 | Q68: 90 | R68: 90
D69: South | E69: FAO-N | F69: NG3195 | G69: 11 | H69: 18 | I69: 29 | J69: 56 | K69: 62 | L69: 88 | M69: 93 | N69: 95 | O69: 97 | P69: 98 | Q69: 98 | R69: 100
B70: 05- | C70: 4 | D70: North | E70: CSM-N | F70: NG3195 | G70: 15 | H70: 23 | I70: 27 | J70: 52 | K70: 63 | L70: 74 | M70: 82 | N70: 93 | O70: 96 | P70: -- | Q70: -- | R70: --
D71: Mid | E71: CSM-N | F71: NG3195 | G71: 12 | H71: 21 | I71: 24 | J71: 40 | K71: 47 | L71: 54 | M71: 58 | N71: 61 | O71: 65 | P71: 68 | Q71: 70 | R71: 70
D72: South | E72: CSM-N | F72: NG3195 | G72: 14 | H72: 23 | I72: 25 | J72: 55 | K72: 66 | L72: 77 | M72: 85 | N72: 96 | O72: -- | P72: -- | Q72: -- | R72: --
B73: 06- | C73: 4 | D73: South | E73: CSM-N | F73: NG4936 | G73: 6 | H73: 10 | I73: 17 | J73: 39 | K73: 47 | L73: 57 | M73: 64 | N73: 69 | O73: 76 | P73: 79 | Q73: 84 | R73: 86
D74: Mid | E74: CSM-N | F74: NG4936 | G74: 7 | H74: 11 | I74: 18 | J74: 42 | K74: 53 | L74: 65 | M74: 72 | N74: 80 | O74: 86 | P74: 91 | Q74: 97 | R74: --
D75: North | E75: CSM-N | F75: NG4936 | G75: 8 | H75: 15 | I75: 18 | J75: 50 | K75: 62 | L75: 74 | M75: 82 | N75: 87 | O75: 95 | P75: -- | Q75: -- | R75: --
B76: 06- | C76: 3 | D76: South | E76: FAO-N | F76: NG4936 | G76: 6 | H76: 13 | I76: 19 | J76: 41 | K76: 50 | L76: 60 | M76: 66 | N76: 70 | O76: 73 | P76: 74 | Q76: 75 | R76: 76
D77: Mid | E77: FAO-N | F77: NG4936 | G77: 6 | H77: 15 | I77: 20 | J77: 44 | K77: 54 | L77: 64 | M77: 73 | N77: 81 | O77: 85 | P77: 88 | Q77: 90 | R77: 95
D78: North | E78: FAO-N | F78: NG4936 | G78: 7 | H78: 14 | I78: 16 | J78: 43 | K78: 53 | L78: 62 | M78: 67 | N78: 71 | O78: 75 | P78: 75 | Q78: 77 | R78: 77
B79: 06- | C79: 2 | D79: South | E79: AQC-N | F79: NG4936 | G79: 4 | H79: 11 | I79: 17 | J79: 36 | K79: 51 | L79: 67 | M79: 77 | N79: 84 | O79: 88 | P79: 91 | Q79: 95 | R79: 99
D80: Mid | E80: AQC-N | F80: NG4936 | G80: 7 | H80: 12 | I80: 16 | J80: 35 | K80: 50 | L80: 65 | M80: 75 | N80: 82 | O80: 85 | P80: 90 | Q80: 91 | R80: 93
D81: North | E81: AQC-N | F81: NG4936 | G81: 7 | H81: 13 | I81: 20 | J81: 43 | K81: 57 | L81: 73 | M81: 83 | N81: 91 | O81: 96 | P81: -- | Q81: -- | R81: --
B82: 06- | C82: 1 | D82: South | E82: AQC | F82: NG4936 | G82: 8 | H82: 13 | I82: 21 | J82: 30 | K82: 45 | L82: 61 | M82: 72 | N82: 79 | O82: 85 | P82: 94 | Q82: 97 | R82: 99
D83: Mid | E83: AQC | F83: NG4936 | G83: 10 | H83: 17 | I83: 20 | J83: 40 | K83: 56 | L83: 73 | M83: 84 | N83: 91 | O83: 96 | P83: -- | Q83: -- | R83: --
D84: North | E84: AQC | F84: NG4936 | G84: 14 | H84: 20 | I84: 25 | J84: 53 | K84: 66 | L84: 80 | M84: 88 | N84: 94 | O84: 98 | P84: -- | Q84: -- | R84: --
B85: 7 | C85: 1 | D85: North | E85: CSM-N | F85: NG3195 | G85: 12 | H85: 16 | I85: 28 | J85: 59 | K85: 64 | L85: 71 | M85: 75 | N85: 78 | O85: 86 | P85: 93 | Q85: -- | R85: --
D86: Mid | E86: CSM-N | F86: NG3195 | G86: 15 | H86: 21 | I86: 24 | J86: 51 | K86: 56 | L86: 64 | M86: 70 | N86: 75 | O86: 85 | P86: 92 | Q86: 100 | R86: --
D87: South | E87: CSM-N | F87: NG3195 | G87: 17 | H87: 22 | I87: 28 | J87: 47 | K87: 50 | L87: 53 | M87: 55 | N87: 58 | O87: 65 | P87: 71 | Q87: 76 | R87: 78
B88: 7 | C88: 2 | D88: North | E88: CSM | F88: NG3195 | G88: 12 | H88: 17 | I88: 22 | J88: 35 | K88: 42 | L88: 49 | M88: 53 | N88: 61 | O88: 68 | P88: 76 | Q88: 81 | R88: 86
D89: Mid | E89: CSM | F89: NG3195 | G89: 13 | H89: 23 | I89: 26 | J89: 53 | K89: 61 | L89: 72 | M89: 79 | N89: 86 | O89: 90 | P89: 98 | Q89: -- | R89: --
D90: South | E90: CSM | F90: NG3195 | G90: 11 | H90: 17 | I90: 24 | J90: 48 | K90: 59 | L90: 74 | M90: 83 | N90: 91 | O90: 95 | P90: -- | Q90: -- | R90: --
B91: 7 | C91: 3 | D91: North | E91: FAO | F91: NG3195 | G91: 9 | H91: 17 | I91: 15 | J91: 38 | K91: 49 | L91: 59 | M91: 68 | N91: 78 | O91: 83 | P91: 90 | Q91: 92 | R91: 90
D92: Mid | E92: FAO | F92: NG3195 | G92: 14 | H92: 23 | I92: 28 | J92: 62 | K92: 70 | L92: 80 | M92: 87 | N92: 95 | O92: 101 | P92: -- | Q92: -- | R92: --
D93: South | E93: FAO | F93: NG3195 | G93: 12 | H93: 19 | I93: 24 | J93: 41 | K93: 50 | L93: 61 | M93: 67 | N93: 76 | O93: 82 | P93: 89 | Q93: 94 | R93: 94
B94: 7 | C94: 4 | D94: North | E94: AQC | F94: NG3195 | G94: 13 | H94: 19 | I94: 23 | J94: 49 | K94: 59 | L94: 69 | M94: 76 | N94: 89 | O94: 96 | P94: -- | Q94: -- | R94: --
D95: Mid | E95: AQC | F95: NG3195 | G95: 11 | H95: 15 | I95: 21 | J95: 41 | K95: 51 | L95: 62 | M95: 69 | N95: 83 | O95: 91 | P95: 100 | Q95: -- | R95: --
D96: South | E96: AQC | F96: NG3195 | G96: 12 | H96: 19 | I96: 24 | J96: 50 | K96: 57 | L96: 64 | M96: 70 | N96: 80 | O96: 86 | P96: 90 | Q96: 94 | R96: 95
B97: 8 | C97: 4 | D97: South | E97: AQC | F97: NG4936 | G97: 8 | H97: 14 | I97: 17 | J97: 37 | K97: 53 | L97: 69 | M97: 80 | N97: 85 | O97: 89 | P97: 93 | Q97: 96 | R97: 96
D98: Mid | E98: AQC | F98: NG4936 | G98: 7 | H98: 13 | I98: 13 | J98: 28 | K98: 39 | L98: 50 | M98: 57 | N98: 63 | O98: 70 | P98: 75 | Q98: 79 | R98: 81
D99: North | E99: AQC | F99: NG4936 | G99: 6 | H99: 13 | I99: 17 | J99: 38 | K99: 52 | L99: 66 | M99: 76 | N99: 80 | O99: 85 | P99: 91 | Q99: 93 | R99: 94
B100: 8 | C100: 3 | D100: South | E100: FAO | F100: NG4936 | G100: 7 | H100: 13 | I100: 19 | J100: 37 | K100: 50 | L100: 64 | M100: 72 | N100: 88 | O100: 93 | P100: 97 | Q100: 99 | R100: --
D101: Mid | E101: FAO | F101: NG4936 | G101: 10 | H101: 17 | I101: 20 | J101: 41 | K101: 52 | L101: 65 | M101: 72 | N101: 88 | O101: 94 | P101: 98 | Q101: -- | R101: --
D102: North | E102: FAO | F102: NG4936 | G102: 6 | H102: 13 | I102: 20 | J102: 38 | K102: 50 | L102: 65 | M102: 73 | N102: 89 | O102: 94 | P102: 99 | Q102: -- | R102: --
B103: 8 | C103: 2 | D103: South | E103: CSM | F103: NG4936 | G103: 8 | H103: 16 | I103: 20 | J103: 43 | K103: 56 | L103: 69 | M103: 78 | N103: 83 | O103: 87 | P103: 94 | Q103: 86 | R103: 88
D104: Mid | E104: CSM | F104: NG4936 | G104: 6 | H104: 12 | I104: 17 | J104: 45 | K104: 54 | L104: 65 | M104: 73 | N104: 76 | O104: 78 | P104: 84 | Q104: 89 | R104: 92
D105: North | E105: CSM | F105: NG4936 | G105: 7 | H105: 13 | I105: 18 | J105: 36 | K105: 49 | L105: 61 | M105: 71 | N105: 75 | O105: 78 | P105: 86 | Q105: 89 | R105: 90
...

Sheet Averages
A1: 2022 - Averages by treatments | E1: 2021
A4: Average Canopy Heights | S4: Average Canopy Heights
D5: 44348 | E5: 44354 | F5: ='Height Summary'!G9 -> 44713 | G5: ='Height Summary'!H9 -> 44718 | H5: ='Height Summary'!I9 -> 44725 | I5: ='Height Summary'!J9 -> 44739 | J5: ='Height Summary'!K9 -> 44747 | K5: ='Height Summary'!L9 -> 44753 | L5: ='Height Summary'!M9 -> 44767 | M5: ='Height Summary'!N9 -> 44781 | ... Q5: ='Height Summary'!R9 -> 44812 | U5: ='Height Summary'!G9 -> 44713 | V5: ='Height Summary'!H9 -> 44718 | W5: ='Height Summary'!I9 -> 44725 | X5: ='Height Summary'!J9 -> 44739 | Y5: ='Height Summary'!K9 -> 44747 | Z5: ='Height Summary'!L9 -> 44753 | AA5: ='Height Summary'!M9 -> 44767 | AB5: ='Height Summary'!N9 -> 44781 | ... AF5: ='Height Summary'!R9 -> 44812
A6: NG3195 | D6: 152 | E6: 158 | F6: ='Height Summary'!G10 -> 152 | G6: ='Height Summary'!H10 -> 157 | H6: ='Height Summary'!I10 -> 164 | I6: ='Height Summary'!J10 -> 178 | J6: ='Height Summary'!K10 -> 186 | K6: ='Height Summary'!L10 -> 192 | L6: ='Height Summary'!M10 -> 206 | M6: ='Height Summary'!N10 -> 220 | ... Q6: ='Height Summary'!R10 -> 251 | S6: NG4936 | U6: ='Height Summary'!G10 -> 152 | V6: ='Height Summary'!H10 -> 157 | W6: ='Height Summary'!I10 -> 164 | X6: ='Height Summary'!J10 -> 178 | Y6: ='Height Summary'!K10 -> 186 | Z6: ='Height Summary'!L10 -> 192 | AA6: ='Height Summary'!M10 -> 206 | AB6: ='Height Summary'!N10 -> 220 | ... AF6: ='Height Summary'!R10 -> 251
B7: AQC | D7: #VALUE! | E7: #VALUE! | F7: =AVERAGEIFS('Height Summary'!G$13:G$156,'Height Summary'!$F$13:$F$156, "NG3195",'Height Summary'!$E$13:$E$156, "AQC") -> 12.833333 | G7: =AVERAGEIFS('Height Summary'!H$13:H$156,'Height Summary'!$F$13:$F$156, "NG3195",'Height Summary'!$E$13:$E$156, "AQC") -> 19.416667 | H7: =AVERAGEIFS('Height Summary'!I$13:I$156,'Height Summary'!$F$13:$F$156, "NG3195",'Height Summary'!$E$13:$E$156, "AQC") -> 28.5 | I7: =AVERAGEIFS('Height Summary'!J$13:J$156,'Height Summary'!$F$13:$F$156, "NG3195",'Height Summary'!$E$13:$E$156, "AQC") -> 60.416667 | J7: =AVERAGEIFS('Height Summary'!K$13:K$156,'Height Summary'!$F$13:$F$156, "NG3195",'Height Summary'!$E$13:$E$156, "AQC") -> 78.833333 | K7: =AVERAGEIFS('Height Summary'!L$13:L$156,'Height Summary'!$F$13:$F$156, "NG3195",'Height Summary'!$E$13:$E$156, "AQC") -> 85.666667 | L7: =AVERAGEIFS('Height Summary'!M$13:M$156,'Height Summary'!$F$13:$F$156, "NG3195",'Height Summary'!$E$13:$E$156, "AQC") -> 97.5 | M7: =AVERAGEIFS('Height Summary'!N$13:N$156,'Height Summary'!$F$13:$F$156, "NG3195",'Height Summary'!$E$13:$E$156, "AQC") -> 103.08333 | ... Q7: =AVERAGEIFS('Height Summary'!R$13:R$156,'Height Summary'!$F$13:$F$156, "NG3195",'Height Summary'!$E$13:$E$156, "AQC") -> 107.66667 | T7: AQC | U7: =AVERAGEIFS('Height Summary'!G$13:G$156,'Height Summary'!$F$13:$F$156, "NG4936",'Height Summary'!$E$13:$E$156, "AQC") -> 7.5 | V7: =AVERAGEIFS('Height Summary'!H$13:H$156,'Height Summary'!$F$13:$F$156, "NG4936",'Height Summary'!$E$13:$E$156, "AQC") -> 12.666667 | W7: =AVERAGEIFS('Height Summary'!I$13:I$156,'Height Summary'!$F$13:$F$156, "NG4936",'Height Summary'!$E$13:$E$156, "AQC") -> 18.833333 | X7: =AVERAGEIFS('Height Summary'!J$13:J$156,'Height Summary'!$F$13:$F$156, "NG4936",'Height Summary'!$E$13:$E$156, "AQC") -> 41.583333 | Y7: =AVERAGEIFS('Height Summary'!K$13:K$156,'Height Summary'!$F$13:$F$156, "NG4936",'Height Summary'!$E$13:$E$156, "AQC") -> 62.583333 | Z7: =AVERAGEIFS('Height Summary'!L$13:L$156,'Height Summary'!$F$13:$F$156, "NG4936",'Height Summary'!$E$13:$E$156, "AQC") -> 68.5 | AA7: =AVERAGEIFS('Height Summary'!M$13:M$156,'Height Summary'!$F$13:$F$156, "NG4936",'Height Summary'!$E$13:$E$156, "AQC") -> 80.833333 | AB7: =AVERAGEIFS('Height Summary'!N$13:N$156,'Height Summary'!$F$13:$F$156, "NG4936",'Height Summary'!$E$13:$E$156, "AQC") -> 92 | ... AF7: =AVERAGEIFS('Height Summary'!R$13:R$156,'Height Summary'!$F$13:$F$156, "NG4936",'Height Summary'!$E$13:$E$156, "AQC") -> 98.916667
B9: AQC-N | D9: #VALUE! | E9: #VALUE! | F9: =AVERAGEIFS('Height Summary'!G$13:G$156,'Height Summary'!$F$13:$F$156, "NG3195",'Height Summary'!$E$13:$E$156, "AQC-N") -> 12.25 | G9: =AVERAGEIFS('Height Summary'!H$13:H$156,'Height Summary'!$F$13:$F$156, "NG3195",'Height Summary'!$E$13:$E$156, "AQC-N") -> 18.75 | H9: =AVERAGEIFS('Height Summary'!I$13:I$156,'Height Summary'!$F$13:$F$156, "NG3195",'Height Summary'!$E$13:$E$156, "AQC-N") -> 25.25 | I9: =AVERAGEIFS('Height Summary'!J$13:J$156,'Height Summary'!$F$13:$F$156, "NG3195",'Height Summary'!$E$13:$E$156, "AQC-N") -> 55.333333 | J9: =AVERAGEIFS('Height Summary'!K$13:K$156,'Height Summary'!$F$13:$F$156, "NG3195",'Height Summary'!$E$13:$E$156, "AQC-N") -> 72.583333 | K9: =AVERAGEIFS('Height Summary'!L$13:L$156,'Height Summary'!$F$13:$F$156, "NG3195",'Height Summary'!$E$13:$E$156, "AQC-N") -> 75 | L9: =AVERAGEIFS('Height Summary'!M$13:M$156,'Height Summary'!$F$13:$F$156, "NG3195",'Height Summary'!$E$13:$E$156, "AQC-N") -> 81.416667 | M9: =AVERAGEIFS('Height Summary'!N$13:N$156,'Height Summary'!$F$13:$F$156, "NG3195",'Height Summary'!$E$13:$E$156, "AQC-N") -> 89 | ... Q9: =AVERAGEIFS('Height Summary'!R$13:R$156,'Height Summary'!$F$13:$F$156, "NG3195",'Height Summary'!$E$13:$E$156, "AQC-N") -> 91.666667 | T9: AQC-N | U9: =AVERAGEIFS('Height Summary'!G$13:G$156,'Height Summary'!$F$13:$F$156, "NG4936",'Height Summary'!$E$13:$E$156, "AQC-N") -> 5.0833333 | V9: =AVERAGEIFS('Height Summary'!H$13:H$156,'Height Summary'!$F$13:$F$156, "NG4936",'Height Summary'!$E$13:$E$156, "AQC-N") -> 9.9166667 | W9: =AVERAGEIFS('Height Summary'!I$13:I$156,'Height Summary'!$F$13:$F$156, "NG4936",'Height Summary'!$E$13:$E$156, "AQC-N") -> 15.583333 | X9: =AVERAGEIFS('Height Summary'!J$13:J$156,'Height Summary'!$F$13:$F$156, "NG4936",'Height Summary'!$E$13:$E$156, "AQC-N") -> 37.916667 | Y9: =AVERAGEIFS('Height Summary'!K$13:K$156,'Height Summary'!$F$13:$F$156, "NG4936",'Height Summary'!$E$13:$E$156, "AQC-N") -> 56 | Z9: =AVERAGEIFS('Height Summary'!L$13:L$156,'Height Summary'!$F$13:$F$156, "NG4936",'Height Summary'!$E$13:$E$156, "AQC-N") -> 62.416667 | AA9: =AVERAGEIFS('Height Summary'!M$13:M$156,'Height Summary'!$F$13:$F$156, "NG4936",'Height Summary'!$E$13:$E$156, "AQC-N") -> 77 | AB9: =AVERAGEIFS('Height Summary'!N$13:N$156,'Height Summary'!$F$13:$F$156, "NG4936",'Height Summary'!$E$13:$E$156, "AQC-N") -> 85.5 | ... AF9: =AVERAGEIFS('Height Summary'!R$13:R$156,'Height Summary'!$F$13:$F$156, "NG4936",'Height Summary'!$E$13:$E$156, "AQC-N") -> 87.833333
B11: CSM | D11: #VALUE! | E11: #VALUE! | F11: =AVERAGEIFS('Height Summary'!G$13:G$156,'Height Summary'!$F$13:$F$156, "NG3195",'Height Summary'!$E$13:$E$156, "CSM") -> 12.916667 | G11: =AVERAGEIFS('Height Summary'!H$13:H$156,'Height Summary'!$F$13:$F$156, "NG3195",'Height Summary'!$E$13:$E$156, "CSM") -> 18.583333 | H11: =AVERAGEIFS('Height Summary'!I$13:I$156,'Height Summary'!$F$13:$F$156, "NG3195",'Height Summary'!$E$13:$E$156, "CSM") -> 27.083333 | I11: =AVERAGEIFS('Height Summary'!J$13:J$156,'Height Summary'!$F$13:$F$156, "NG3195",'Height Summary'!$E$13:$E$156, "CSM") -> 57 | J11: =AVERAGEIFS('Height Summary'!K$13:K$156,'Height Summary'!$F$13:$F$156, "NG3195",'Height Summary'!$E$13:$E$156, "CSM") -> 75.083333 | K11: =AVERAGEIFS('Height Summary'!L$13:L$156,'Height Summary'!$F$13:$F$156, "NG3195",'Height Summary'!$E$13:$E$156, "CSM") -> 79.833333 | L11: =AVERAGEIFS('Height Summary'!M$13:M$156,'Height Summary'!$F$13:$F$156, "NG3195",'Height Summary'!$E$13:$E$156, "CSM") -> 89.583333 | M11: =AVERAGEIFS('Height Summary'!N$13:N$156,'Height Summary'!$F$13:$F$156, "NG3195",'Height Summary'!$E$13:$E$156, "CSM") -> 97.583333 | ... Q11: =AVERAGEIFS('Height Summary'!R$13:R$156,'Height Summary'!$F$13:$F$156, "NG3195",'Height Summary'!$E$13:$E$156, "CSM") -> 108.5 | T11: CSM | U11: =AVERAGEIFS('Height Summary'!G$13:G$156,'Height Summary'!$F$13:$F$156, "NG4936",'Height Summary'!$E$13:$E$156, "CSM") -> 6.0833333 | V11: =AVERAGEIFS('Height Summary'!H$13:H$156,'Height Summary'!$F$13:$F$156, "NG4936",'Height Summary'!$E$13:$E$156, "CSM") -> 10.583333 | W11: =AVERAGEIFS('Height Summary'!I$13:I$156,'Height Summary'!$F$13:$F$156, "NG4936",'Height Summary'!$E$13:$E$156, "CSM") -> 16.166667 | X11: =AVERAGEIFS('Height Summary'!J$13:J$156,'Height Summary'!$F$13:$F$156, "NG4936",'Height Summary'!$E$13:$E$156, "CSM") -> 38.75 | Y11: =AVERAGEIFS('Height Summary'!K$13:K$156,'Height Summary'!$F$13:$F$156, "NG4936",'Height Summary'!$E$13:$E$156, "CSM") -> 57.166667 | Z11: =AVERAGEIFS('Height Summary'!L$13:L$156,'Height Summary'!$F$13:$F$156, "NG4936",'Height Summary'!$E$13:$E$156, "CSM") -> 66.166667 | AA11: =AVERAGEIFS('Height Summary'!M$13:M$156,'Height Summary'!$F$13:$F$156, "NG4936",'Height Summary'!$E$13:$E$156, "CSM") -> 79.5 | AB11: =AVERAGEIFS('Height Summary'!N$13:N$156,'Height Summary'!$F$13:$F$156, "NG4936",'Height Summary'!$E$13:$E$156, "CSM") -> 91.833333 | ... AF11: =AVERAGEIFS('Height Summary'!R$13:R$156,'Height Summary'!$F$13:$F$156, "NG4936",'Height Summary'!$E$13:$E$156, "CSM") -> 101.16667
B13: CSM-N | D13: #VALUE! | E13: #VALUE! | F13: =AVERAGEIFS('Height Summary'!G$13:G$156,'Height Summary'!$F$13:$F$156, "NG3195",'Height Summary'!$E$13:$E$156, "CSM-N") -> 12.416667 | G13: =AVERAGEIFS('Height Summary'!H$13:H$156,'Height Summary'!$F$13:$F$156, "NG3195",'Height Summary'!$E$13:$E$156, "CSM-N") -> 19.333333 | H13: =AVERAGEIFS('Height Summary'!I$13:I$156,'Height Summary'!$F$13:$F$156, "NG3195",'Height Summary'!$E$13:$E$156, "CSM-N") -> 27.833333 | I13: =AVERAGEIFS('Height Summary'!J$13:J$156,'Height Summary'!$F$13:$F$156, "NG3195",'Height Summary'!$E$13:$E$156, "CSM-N") -> 58.5 | J13: =AVERAGEIFS('Height Summary'!K$13:K$156,'Height Summary'!$F$13:$F$156, "NG3195",'Height Summary'!$E$13:$E$156, "CSM-N") -> 79.083333 | K13: =AVERAGEIFS('Height Summary'!L$13:L$156,'Height Summary'!$F$13:$F$156, "NG3195",'Height Summary'!$E$13:$E$156, "CSM-N") -> 82 | L13: =AVERAGEIFS('Height Summary'!M$13:M$156,'Height Summary'!$F$13:$F$156, "NG3195",'Height Summary'!$E$13:$E$156, "CSM-N") -> 86.75 | M13: =AVERAGEIFS('Height Summary'!N$13:N$156,'Height Summary'!$F$13:$F$156, "NG3195",'Height Summary'!$E$13:$E$156, "CSM-N") -> 92.833333 | ... Q13: =AVERAGEIFS('Height Summary'!R$13:R$156,'Height Summary'!$F$13:$F$156, "NG3195",'Height Summary'!$E$13:$E$156, "CSM-N") -> 101 | T13: CSM-N | U13: =AVERAGEIFS('Height Summary'!G$13:G$156,'Height Summary'!$F$13:$F$156, "NG4936",'Height Summary'!$E$13:$E$156, "CSM-N") -> 7.3333333 | V13: =AVERAGEIFS('Height Summary'!H$13:H$156,'Height Summary'!$F$13:$F$156, "NG4936",'Height Summary'!$E$13:$E$156, "CSM-N") -> 11.75 | W13: =AVERAGEIFS('Height Summary'!I$13:I$156,'Height Summary'!$F$13:$F$156, "NG4936",'Height Summary'!$E$13:$E$156, "CSM-N") -> 17.833333 | X13: =AVERAGEIFS('Height Summary'!J$13:J$156,'Height Summary'!$F$13:$F$156, "NG4936",'Height Summary'!$E$13:$E$156, "CSM-N") -> 43.333333 | Y13: =AVERAGEIFS('Height Summary'!K$13:K$156,'Height Summary'!$F$13:$F$156, "NG4936",'Height Summary'!$E$13:$E$156, "CSM-N") -> 62.666667 | Z13: =AVERAGEIFS('Height Summary'!L$13:L$156,'Height Summary'!$F$13:$F$156, "NG4936",'Height Summary'!$E$13:$E$156, "CSM-N") -> 68.333333 | AA13: =AVERAGEIFS('Height Summary'!M$13:M$156,'Height Summary'!$F$13:$F$156, "NG4936",'Height Summary'!$E$13:$E$156, "CSM-N") -> 77 | AB13: =AVERAGEIFS('Height Summary'!N$13:N$156,'Height Summary'!$F$13:$F$156, "NG4936",'Height Summary'!$E$13:$E$156, "CSM-N") -> 86.833333 | ... AF13: =AVERAGEIFS('Height Summary'!R$13:R$156,'Height Summary'!$F$13:$F$156, "NG4936",'Height Summary'!$E$13:$E$156, "CSM-N") -> 99.333333
B15: FAO | D15: #VALUE! | E15: #VALUE! | F15: =AVERAGEIFS('Height Summary'!G$13:G$156,'Height Summary'!$F$13:$F$156, "NG3195",'Height Summary'!$E$13:$E$156, "FAO") -> 12.5 | G15: =AVERAGEIFS('Height Summary'!H$13:H$156,'Height Summary'!$F$13:$F$156, "NG3195",'Height Summary'!$E$13:$E$156, "FAO") -> 18.833333 | H15: =AVERAGEIFS('Height Summary'!I$13:I$156,'Height Summary'!$F$13:$F$156, "NG3195",'Height Summary'!$E$13:$E$156, "FAO") -> 26.333333 | I15: =AVERAGEIFS('Height Summary'!J$13:J$156,'Height Summary'!$F$13:$F$156, "NG3195",'Height Summary'!$E$13:$E$156, "FAO") -> 56.25 | J15: =AVERAGEIFS('Height Summary'!K$13:K$156,'Height Summary'!$F$13:$F$156, "NG3195",'Height Summary'!$E$13:$E$156, "FAO") -> 71.833333 | K15: =AVERAGEIFS('Height Summary'!L$13:L$156,'Height Summary'!$F$13:$F$156, "NG3195",'Height Summary'!$E$13:$E$156, "FAO") -> 78.166667 | L15: =AVERAGEIFS('Height Summary'!M$13:M$156,'Height Summary'!$F$13:$F$156, "NG3195",'Height Summary'!$E$13:$E$156, "FAO") -> 90.583333 | M15: =AVERAGEIFS('Height Summary'!N$13:N$156,'Height Summary'!$F$13:$F$156, "NG3195",'Height Summary'!$E$13:$E$156, "FAO") -> 102.58333 | ... Q15: =AVERAGEIFS('Height Summary'!R$13:R$156,'Height Summary'!$F$13:$F$156, "NG3195",'Height Summary'!$E$13:$E$156, "FAO") -> 113.08333 | T15: FAO | U15: =AVERAGEIFS('Height Summary'!G$13:G$156,'Height Summary'!$F$13:$F$156, "NG4936",'Height Summary'!$E$13:$E$156, "FAO") -> 6.75 | V15: =AVERAGEIFS('Height Summary'!H$13:H$156,'Height Summary'!$F$13:$F$156, "NG4936",'Height Summary'!$E$13:$E$156, "FAO") -> 12.25 | W15: =AVERAGEIFS('Height Summary'!I$13:I$156,'Height Summary'!$F$13:$F$156, "NG4936",'Height Summary'!$E$13:$E$156, "FAO") -> 19 | X15: =AVERAGEIFS('Height Summary'!J$13:J$156,'Height Summary'!$F$13:$F$156, "NG4936",'Height Summary'!$E$13:$E$156, "FAO") -> 41.083333 | Y15: =AVERAGEIFS('Height Summary'!K$13:K$156,'Height Summary'!$F$13:$F$156, "NG4936",'Height Summary'!$E$13:$E$156, "FAO") -> 59.333333 | Z15: =AVERAGEIFS('Height Summary'!L$13:L$156,'Height Summary'!$F$13:$F$156, "NG4936",'Height Summary'!$E$13:$E$156, "FAO") -> 68 | AA15: =AVERAGEIFS('Height Summary'!M$13:M$156,'Height Summary'!$F$13:$F$156, "NG4936",'Height Summary'!$E$13:$E$156, "FAO") -> 83.833333 | AB15: =AVERAGEIFS('Height Summary'!N$13:N$156,'Height Summary'!$F$13:$F$156, "NG4936",'Height Summary'!$E$13:$E$156, "FAO") -> 93.916667 | ... AF15: =AVERAGEIFS('Height Summary'!R$13:R$156,'Height Summary'!$F$13:$F$156, "NG4936",'Height Summary'!$E$13:$E$156, "FAO") -> 105.16667
B17: FAO-N | D17: #VALUE! | E17: #VALUE! | F17: =AVERAGEIFS('Height Summary'!G$13:G$156,'Height Summary'!$F$13:$F$156, "NG3195",'Height Summary'!$E$13:$E$156, "FAO-N") -> 11.666667 | G17: =AVERAGEIFS('Height Summary'!H$13:H$156,'Height Summary'!$F$13:$F$156, "NG3195",'Height Summary'!$E$13:$E$156, "FAO-N") -> 17.916667 | H17: =AVERAGEIFS('Height Summary'!I$13:I$156,'Height Summary'!$F$13:$F$156, "NG3195",'Height Summary'!$E$13:$E$156, "FAO-N") -> 26 | I17: =AVERAGEIFS('Height Summary'!J$13:J$156,'Height Summary'!$F$13:$F$156, "NG3195",'Height Summary'!$E$13:$E$156, "FAO-N") -> 56.25 | J17: =AVERAGEIFS('Height Summary'!K$13:K$156,'Height Summary'!$F$13:$F$156, "NG3195",'Height Summary'!$E$13:$E$156, "FAO-N") -> 75.416667 | K17: =AVERAGEIFS('Height Summary'!L$13:L$156,'Height Summary'!$F$13:$F$156, "NG3195",'Height Summary'!$E$13:$E$156, "FAO-N") -> 77.166667 | L17: =AVERAGEIFS('Height Summary'!M$13:M$156,'Height Summary'!$F$13:$F$156, "NG3195",'Height Summary'!$E$13:$E$156, "FAO-N") -> 81.75 | M17: =AVERAGEIFS('Height Summary'!N$13:N$156,'Height Summary'!$F$13:$F$156, "NG3195",'Height Summary'!$E$13:$E$156, "FAO-N") -> 92.5 | ... Q17: =AVERAGEIFS('Height Summary'!R$13:R$156,'Height Summary'!$F$13:$F$156, "NG3195",'Height Summary'!$E$13:$E$156, "FAO-N") -> 97 | T17: FAO-N | U17: =AVERAGEIFS('Height Summary'!G$13:G$156,'Height Summary'!$F$13:$F$156, "NG4936",'Height Summary'!$E$13:$E$156, "FAO-N") -> 6.0833333 | V17: =AVERAGEIFS('Height Summary'!H$13:H$156,'Height Summary'!$F$13:$F$156, "NG4936",'Height Summary'!$E$13:$E$156, "FAO-N") -> 11.75 | W17: =AVERAGEIFS('Height Summary'!I$13:I$156,'Height Summary'!$F$13:$F$156, "NG4936",'Height Summary'!$E$13:$E$156, "FAO-N") -> 17.416667 | X17: =AVERAGEIFS('Height Summary'!J$13:J$156,'Height Summary'!$F$13:$F$156, "NG4936",'Height Summary'!$E$13:$E$156, "FAO-N") -> 41.25 | Y17: =AVERAGEIFS('Height Summary'!K$13:K$156,'Height Summary'!$F$13:$F$156, "NG4936",'Height Summary'!$E$13:$E$156, "FAO-N") -> 59.583333 | Z17: =AVERAGEIFS('Height Summary'!L$13:L$156,'Height Summary'!$F$13:$F$156, "NG4936",'Height Summary'!$E$13:$E$156, "FAO-N") -> 65 | AA17: =AVERAGEIFS('Height Summary'!M$13:M$156,'Height Summary'!$F$13:$F$156, "NG4936",'Height Summary'!$E$13:$E$156, "FAO-N") -> 76.916667 | AB17: =AVERAGEIFS('Height Summary'!N$13:N$156,'Height Summary'!$F$13:$F$156, "NG4936",'Height Summary'!$E$13:$E$156, "FAO-N") -> 86.166667 | ... AF17: =AVERAGEIFS('Height Summary'!R$13:R$156,'Height Summary'!$F$13:$F$156, "NG4936",'Height Summary'!$E$13:$E$156, "FAO-N") -> 91
A20: Average Canopy Widths | S20: Average Canopy Widths
D22: 44348 | E22: 44354 | F22: ='Cover Summary'!G9 -> 44713 | G22: ='Cover Summary'!H9 -> 44718 | H22: ='Cover Summary'!I9 -> 44725 | I22: ='Cover Summary'!J9 -> 44739 | J22: ='Cover Summary'!K9 -> 44747 | K22: ='Cover Summary'!L9 -> 44753 | L22: ='Cover Summary'!M9 -> 44767 | M22: ='Cover Summary'!N9 -> 44781 | ... Q22: ='Cover Summary'!R9 -> 44812 | U22: ='Cover Summary'!G9 -> 44713 | V22: ='Cover Summary'!H9 -> 44718 | W22: ='Cover Summary'!I9 -> 44725 | X22: ='Cover Summary'!J9 -> 44739 | Y22: ='Cover Summary'!K9 -> 44747 | Z22: ='Cover Summary'!L9 -> 44753 | AA22: ='Cover Summary'!M9 -> 44767 | AB22: ='Cover Summary'!N9 -> 44781 | ... AF22: ='Cover Summary'!R9 -> 44812
A23: NG3195 | D23: 152 | E23: 158 | F23: ='Cover Summary'!G10 -> 152 | G23: ='Cover Summary'!H10 -> 157 | H23: ='Cover Summary'!I10 -> 164 | I23: ='Cover Summary'!J10 -> 178 | J23: ='Cover Summary'!K10 -> 186 | K23: ='Cover Summary'!L10 -> 192 | L23: ='Cover Summary'!M10 -> 206 | M23: ='Cover Summary'!N10 -> 220 | ... Q23: ='Cover Summary'!R10 -> 251 | S23: NG4936 | U23: ='Cover Summary'!G10 -> 152 | V23: ='Cover Summary'!H10 -> 157 | W23: ='Cover Summary'!I10 -> 164 | X23: ='Cover Summary'!J10 -> 178 | Y23: ='Cover Summary'!K10 -> 186 | Z23: ='Cover Summary'!L10 -> 192 | AA23: ='Cover Summary'!M10 -> 206 | AB23: ='Cover Summary'!N10 -> 220 | ... AF23: ='Cover Summary'!R10 -> 251
B24: AQC | D24: #VALUE! | E24: #VALUE! | F24: =AVERAGEIFS('Cover Summary'!G$13:G$156,'Cover Summary'!$F$13:$F$156, "NG3195",'Cover Summary'!$E$13:$E$156, "AQC") -> 13.916667 | G24: =AVERAGEIFS('Cover Summary'!H$13:H$156,'Cover Summary'!$F$13:$F$156, "NG3195",'Cover Summary'!$E$13:$E$156, "AQC") -> 20.916667 | H24: =AVERAGEIFS('Cover Summary'!I$13:I$156,'Cover Summary'!$F$13:$F$156, "NG3195",'Cover Summary'!$E$13:$E$156, "AQC") -> 27.916667 | I24: =AVERAGEIFS('Cover Summary'!J$13:J$156,'Cover Summary'!$F$13:$F$156, "NG3195",'Cover Summary'!$E$13:$E$156, "AQC") -> 55.083333 | J24: =AVERAGEIFS('Cover Summary'!K$13:K$156,'Cover Summary'!$F$13:$F$156, "NG3195",'Cover Summary'!$E$13:$E$156, "AQC") -> 67.666667 | K24: =AVERAGEIFS('Cover Summary'!L$13:L$156,'Cover Summary'!$F$13:$F$156, "NG3195",'Cover Summary'!$E$13:$E$156, "AQC") -> 80.25 | L24: =AVERAGEIFS('Cover Summary'!M$13:M$156,'Cover Summary'!$F$13:$F$156, "NG3195",'Cover Summary'!$E$13:$E$156, "AQC") -> 83.25 | M24: =AVERAGEIFS('Cover Summary'!N$13:N$156,'Cover Summary'!$F$13:$F$156, "NG3195",'Cover Summary'!$E$13:$E$156, "AQC") -> 89.5 | ... Q24: =AVERAGEIFS('Cover Summary'!R$13:R$156,'Cover Summary'!$F$13:$F$156, "NG3195",'Cover Summary'!$E$13:$E$156, "AQC") -> 93.5 | T24: AQC | U24: =AVERAGEIFS('Cover Summary'!G$13:G$156,'Cover Summary'!$F$13:$F$156, "NG4936",'Cover Summary'!$E$13:$E$156, "AQC") -> 8.3333333 | V24: =AVERAGEIFS('Cover Summary'!H$13:H$156,'Cover Summary'!$F$13:$F$156, "NG4936",'Cover Summary'!$E$13:$E$156, "AQC") -> 14.916667 | W24: =AVERAGEIFS('Cover Summary'!I$13:I$156,'Cover Summary'!$F$13:$F$156, "NG4936",'Cover Summary'!$E$13:$E$156, "AQC") -> 20 | X24: =AVERAGEIFS('Cover Summary'!J$13:J$156,'Cover Summary'!$F$13:$F$156, "NG4936",'Cover Summary'!$E$13:$E$156, "AQC") -> 39.583333 | Y24: =AVERAGEIFS('Cover Summary'!K$13:K$156,'Cover Summary'!$F$13:$F$156, "NG4936",'Cover Summary'!$E$13:$E$156, "AQC") -> 54.583333 | Z24: =AVERAGEIFS('Cover Summary'!L$13:L$156,'Cover Summary'!$F$13:$F$156, "NG4936",'Cover Summary'!$E$13:$E$156, "AQC") -> 66.916667 | AA24: =AVERAGEIFS('Cover Summary'!M$13:M$156,'Cover Summary'!$F$13:$F$156, "NG4936",'Cover Summary'!$E$13:$E$156, "AQC") -> 75.333333 | AB24: =AVERAGEIFS('Cover Summary'!N$13:N$156,'Cover Summary'!$F$13:$F$156, "NG4936",'Cover Summary'!$E$13:$E$156, "AQC") -> 82.583333 | ... AF24: =AVERAGEIFS('Cover Summary'!R$13:R$156,'Cover Summary'!$F$13:$F$156, "NG4936",'Cover Summary'!$E$13:$E$156, "AQC") -> 89.285714
B26: AQC-N | D26: #VALUE! | E26: #VALUE! | F26: =AVERAGEIFS('Cover Summary'!G$13:G$156,'Cover Summary'!$F$13:$F$156, "NG3195",'Cover Summary'!$E$13:$E$156, "AQC-N") -> 13.583333 | G26: =AVERAGEIFS('Cover Summary'!H$13:H$156,'Cover Summary'!$F$13:$F$156, "NG3195",'Cover Summary'!$E$13:$E$156, "AQC-N") -> 20.666667 | H26: =AVERAGEIFS('Cover Summary'!I$13:I$156,'Cover Summary'!$F$13:$F$156, "NG3195",'Cover Summary'!$E$13:$E$156, "AQC-N") -> 24.666667 | I26: =AVERAGEIFS('Cover Summary'!J$13:J$156,'Cover Summary'!$F$13:$F$156, "NG3195",'Cover Summary'!$E$13:$E$156, "AQC-N") -> 50.5 | J26: =AVERAGEIFS('Cover Summary'!K$13:K$156,'Cover Summary'!$F$13:$F$156, "NG3195",'Cover Summary'!$E$13:$E$156, "AQC-N") -> 58.583333 | K26: =AVERAGEIFS('Cover Summary'!L$13:L$156,'Cover Summary'!$F$13:$F$156, "NG3195",'Cover Summary'!$E$13:$E$156, "AQC-N") -> 66.75 | L26: =AVERAGEIFS('Cover Summary'!M$13:M$156,'Cover Summary'!$F$13:$F$156, "NG3195",'Cover Summary'!$E$13:$E$156, "AQC-N") -> 72.5 | M26: =AVERAGEIFS('Cover Summary'!N$13:N$156,'Cover Summary'!$F$13:$F$156, "NG3195",'Cover Summary'!$E$13:$E$156, "AQC-N") -> 77 | ... Q26: =AVERAGEIFS('Cover Summary'!R$13:R$156,'Cover Summary'!$F$13:$F$156, "NG3195",'Cover Summary'!$E$13:$E$156, "AQC-N") -> 78 | T26: AQC-N | U26: =AVERAGEIFS('Cover Summary'!G$13:G$156,'Cover Summary'!$F$13:$F$156, "NG4936",'Cover Summary'!$E$13:$E$156, "AQC-N") -> 5.5833333 | V26: =AVERAGEIFS('Cover Summary'!H$13:H$156,'Cover Summary'!$F$13:$F$156, "NG4936",'Cover Summary'!$E$13:$E$156, "AQC-N") -> 11.75 | W26: =AVERAGEIFS('Cover Summary'!I$13:I$156,'Cover Summary'!$F$13:$F$156, "NG4936",'Cover Summary'!$E$13:$E$156, "AQC-N") -> 16.416667 | X26: =AVERAGEIFS('Cover Summary'!J$13:J$156,'Cover Summary'!$F$13:$F$156, "NG4936",'Cover Summary'!$E$13:$E$156, "AQC-N") -> 36.333333 | Y26: =AVERAGEIFS('Cover Summary'!K$13:K$156,'Cover Summary'!$F$13:$F$156, "NG4936",'Cover Summary'!$E$13:$E$156, "AQC-N") -> 47.583333 | Z26: =AVERAGEIFS('Cover Summary'!L$13:L$156,'Cover Summary'!$F$13:$F$156, "NG4936",'Cover Summary'!$E$13:$E$156, "AQC-N") -> 59.583333 | AA26: =AVERAGEIFS('Cover Summary'!M$13:M$156,'Cover Summary'!$F$13:$F$156, "NG4936",'Cover Summary'!$E$13:$E$156, "AQC-N") -> 67.25 | AB26: =AVERAGEIFS('Cover Summary'!N$13:N$156,'Cover Summary'!$F$13:$F$156, "NG4936",'Cover Summary'!$E$13:$E$156, "AQC-N") -> 74.833333 | ... AF26: =AVERAGEIFS('Cover Summary'!R$13:R$156,'Cover Summary'!$F$13:$F$156, "NG4936",'Cover Summary'!$E$13:$E$156, "AQC-N") -> 84.909091
B28: CSM | D28: #VALUE! | E28: #VALUE! | F28: =AVERAGEIFS('Cover Summary'!G$13:G$156,'Cover Summary'!$F$13:$F$156, "NG3195",'Cover Summary'!$E$13:$E$156, "CSM") -> 13.666667 | G28: =AVERAGEIFS('Cover Summary'!H$13:H$156,'Cover Summary'!$F$13:$F$156, "NG3195",'Cover Summary'!$E$13:$E$156, "CSM") -> 19.416667 | H28: =AVERAGEIFS('Cover Summary'!I$13:I$156,'Cover Summary'!$F$13:$F$156, "NG3195",'Cover Summary'!$E$13:$E$156, "CSM") -> 25.833333 | I28: =AVERAGEIFS('Cover Summary'!J$13:J$156,'Cover Summary'!$F$13:$F$156, "NG3195",'Cover Summary'!$E$13:$E$156, "CSM") -> 52.833333 | J28: =AVERAGEIFS('Cover Summary'!K$13:K$156,'Cover Summary'!$F$13:$F$156, "NG3195",'Cover Summary'!$E$13:$E$156, "CSM") -> 62.166667 | K28: =AVERAGEIFS('Cover Summary'!L$13:L$156,'Cover Summary'!$F$13:$F$156, "NG3195",'Cover Summary'!$E$13:$E$156, "CSM") -> 72.666667 | L28: =AVERAGEIFS('Cover Summary'!M$13:M$156,'Cover Summary'!$F$13:$F$156, "NG3195",'Cover Summary'!$E$13:$E$156, "CSM") -> 72.777778 | M28: =AVERAGEIFS('Cover Summary'!N$13:N$156,'Cover Summary'!$F$13:$F$156, "NG3195",'Cover Summary'!$E$13:$E$156, "CSM") -> 83.666667 | ... Q28: =AVERAGEIFS('Cover Summary'!R$13:R$156,'Cover Summary'!$F$13:$F$156, "NG3195",'Cover Summary'!$E$13:$E$156, "CSM") -> 87.5 | T28: CSM | U28: =AVERAGEIFS('Cover Summary'!G$13:G$156,'Cover Summary'!$F$13:$F$156, "NG4936",'Cover Summary'!$E$13:$E$156, "CSM") -> 6.8333333 | V28: =AVERAGEIFS('Cover Summary'!H$13:H$156,'Cover Summary'!$F$13:$F$156, "NG4936",'Cover Summary'!$E$13:$E$156, "CSM") -> 12 | W28: =AVERAGEIFS('Cover Summary'!I$13:I$156,'Cover Summary'!$F$13:$F$156, "NG4936",'Cover Summary'!$E$13:$E$156, "CSM") -> 16.833333 | X28: =AVERAGEIFS('Cover Summary'!J$13:J$156,'Cover Summary'!$F$13:$F$156, "NG4936",'Cover Summary'!$E$13:$E$156, "CSM") -> 37.666667 | Y28: =AVERAGEIFS('Cover Summary'!K$13:K$156,'Cover Summary'!$F$13:$F$156, "NG4936",'Cover Summary'!$E$13:$E$156, "CSM") -> 51.25 | Z28: =AVERAGEIFS('Cover Summary'!L$13:L$156,'Cover Summary'!$F$13:$F$156, "NG4936",'Cover Summary'!$E$13:$E$156, "CSM") -> 63.583333 | AA28: =AVERAGEIFS('Cover Summary'!M$13:M$156,'Cover Summary'!$F$13:$F$156, "NG4936",'Cover Summary'!$E$13:$E$156, "CSM") -> 73.333333 | AB28: =AVERAGEIFS('Cover Summary'!N$13:N$156,'Cover Summary'!$F$13:$F$156, "NG4936",'Cover Summary'!$E$13:$E$156, "CSM") -> 76.3 | ... AF28: =AVERAGEIFS('Cover Summary'!R$13:R$156,'Cover Summary'!$F$13:$F$156, "NG4936",'Cover Summary'!$E$13:$E$156, "CSM") -> 91.285714
B30: CSM-N | D30: #VALUE! | E30: #VALUE! | F30: =AVERAGEIFS('Cover Summary'!G$13:G$156,'Cover Summary'!$F$13:$F$156, "NG3195",'Cover Summary'!$E$13:$E$156, "CSM-N") -> 13.333333 | G30: =AVERAGEIFS('Cover Summary'!H$13:H$156,'Cover Summary'!$F$13:$F$156, "NG3195",'Cover Summary'!$E$13:$E$156, "CSM-N") -> 21.083333 | H30: =AVERAGEIFS('Cover Summary'!I$13:I$156,'Cover Summary'!$F$13:$F$156, "NG3195",'Cover Summary'!$E$13:$E$156, "CSM-N") -> 26.583333 | I30: =AVERAGEIFS('Cover Summary'!J$13:J$156,'Cover Summary'!$F$13:$F$156, "NG3195",'Cover Summary'!$E$13:$E$156, "CSM-N") -> 52.333333 | J30: =AVERAGEIFS('Cover Summary'!K$13:K$156,'Cover Summary'!$F$13:$F$156, "NG3195",'Cover Summary'!$E$13:$E$156, "CSM-N") -> 61.75 | K30: =AVERAGEIFS('Cover Summary'!L$13:L$156,'Cover Summary'!$F$13:$F$156, "NG3195",'Cover Summary'!$E$13:$E$156, "CSM-N") -> 71.416667 | L30: =AVERAGEIFS('Cover Summary'!M$13:M$156,'Cover Summary'!$F$13:$F$156, "NG3195",'Cover Summary'!$E$13:$E$156, "CSM-N") -> 75.727273 | M30: =AVERAGEIFS('Cover Summary'!N$13:N$156,'Cover Summary'!$F$13:$F$156, "NG3195",'Cover Summary'!$E$13:$E$156, "CSM-N") -> 79.3 | ... Q30: =AVERAGEIFS('Cover Summary'!R$13:R$156,'Cover Summary'!$F$13:$F$156, "NG3195",'Cover Summary'!$E$13:$E$156, "CSM-N") -> 74 | T30: CSM-N | U30: =AVERAGEIFS('Cover Summary'!G$13:G$156,'Cover Summary'!$F$13:$F$156, "NG4936",'Cover Summary'!$E$13:$E$156, "CSM-N") -> 8.3333333 | V30: =AVERAGEIFS('Cover Summary'!H$13:H$156,'Cover Summary'!$F$13:$F$156, "NG4936",'Cover Summary'!$E$13:$E$156, "CSM-N") -> 13.25 | W30: =AVERAGEIFS('Cover Summary'!I$13:I$156,'Cover Summary'!$F$13:$F$156, "NG4936",'Cover Summary'!$E$13:$E$156, "CSM-N") -> 18.583333 | X30: =AVERAGEIFS('Cover Summary'!J$13:J$156,'Cover Summary'!$F$13:$F$156, "NG4936",'Cover Summary'!$E$13:$E$156, "CSM-N") -> 40.75 | Y30: =AVERAGEIFS('Cover Summary'!K$13:K$156,'Cover Summary'!$F$13:$F$156, "NG4936",'Cover Summary'!$E$13:$E$156, "CSM-N") -> 52.583333 | Z30: =AVERAGEIFS('Cover Summary'!L$13:L$156,'Cover Summary'!$F$13:$F$156, "NG4936",'Cover Summary'!$E$13:$E$156, "CSM-N") -> 62.583333 | AA30: =AVERAGEIFS('Cover Summary'!M$13:M$156,'Cover Summary'!$F$13:$F$156, "NG4936",'Cover Summary'!$E$13:$E$156, "CSM-N") -> 69.583333 | AB30: =AVERAGEIFS('Cover Summary'!N$13:N$156,'Cover Summary'!$F$13:$F$156, "NG4936",'Cover Summary'!$E$13:$E$156, "CSM-N") -> 78.416667 | ... AF30: =AVERAGEIFS('Cover Summary'!R$13:R$156,'Cover Summary'!$F$13:$F$156, "NG4936",'Cover Summary'!$E$13:$E$156, "CSM-N") -> 78.75
B32: FAO | D32: #VALUE! | E32: #VALUE! | F32: =AVERAGEIFS('Cover Summary'!G$13:G$156,'Cover Summary'!$F$13:$F$156, "NG3195",'Cover Summary'!$E$13:$E$156, "FAO") -> 13.833333 | G32: =AVERAGEIFS('Cover Summary'!H$13:H$156,'Cover Summary'!$F$13:$F$156, "NG3195",'Cover Summary'!$E$13:$E$156, "FAO") -> 20.416667 | H32: =AVERAGEIFS('Cover Summary'!I$13:I$156,'Cover Summary'!$F$13:$F$156, "NG3195",'Cover Summary'!$E$13:$E$156, "FAO") -> 25.583333 | I32: =AVERAGEIFS('Cover Summary'!J$13:J$156,'Cover Summary'!$F$13:$F$156, "NG3195",'Cover Summary'!$E$13:$E$156, "FAO") -> 51.333333 | J32: =AVERAGEIFS('Cover Summary'!K$13:K$156,'Cover Summary'!$F$13:$F$156, "NG3195",'Cover Summary'!$E$13:$E$156, "FAO") -> 63.166667 | K32: =AVERAGEIFS('Cover Summary'!L$13:L$156,'Cover Summary'!$F$13:$F$156, "NG3195",'Cover Summary'!$E$13:$E$156, "FAO") -> 75.083333 | L32: =AVERAGEIFS('Cover Summary'!M$13:M$156,'Cover Summary'!$F$13:$F$156, "NG3195",'Cover Summary'!$E$13:$E$156, "FAO") -> 82 | M32: =AVERAGEIFS('Cover Summary'!N$13:N$156,'Cover Summary'!$F$13:$F$156, "NG3195",'Cover Summary'!$E$13:$E$156, "FAO") -> 87.571429 | ... Q32: =AVERAGEIFS('Cover Summary'!R$13:R$156,'Cover Summary'!$F$13:$F$156, "NG3195",'Cover Summary'!$E$13:$E$156, "FAO") -> 89.666667 | T32: FAO | U32: =AVERAGEIFS('Cover Summary'!G$13:G$156,'Cover Summary'!$F$13:$F$156, "NG4936",'Cover Summary'!$E$13:$E$156, "FAO") -> 7.5 | V32: =AVERAGEIFS('Cover Summary'!H$13:H$156,'Cover Summary'!$F$13:$F$156, "NG4936",'Cover Summary'!$E$13:$E$156, "FAO") -> 13.75 | W32: =AVERAGEIFS('Cover Summary'!I$13:I$156,'Cover Summary'!$F$13:$F$156, "NG4936",'Cover Summary'!$E$13:$E$156, "FAO") -> 19.916667 | X32: =AVERAGEIFS('Cover Summary'!J$13:J$156,'Cover Summary'!$F$13:$F$156, "NG4936",'Cover Summary'!$E$13:$E$156, "FAO") -> 38.083333 | Y32: =AVERAGEIFS('Cover Summary'!K$13:K$156,'Cover Summary'!$F$13:$F$156, "NG4936",'Cover Summary'!$E$13:$E$156, "FAO") -> 51.916667 | Z32: =AVERAGEIFS('Cover Summary'!L$13:L$156,'Cover Summary'!$F$13:$F$156, "NG4936",'Cover Summary'!$E$13:$E$156, "FAO") -> 64.916667 | AA32: =AVERAGEIFS('Cover Summary'!M$13:M$156,'Cover Summary'!$F$13:$F$156, "NG4936",'Cover Summary'!$E$13:$E$156, "FAO") -> 73.916667 | AB32: =AVERAGEIFS('Cover Summary'!N$13:N$156,'Cover Summary'!$F$13:$F$156, "NG4936",'Cover Summary'!$E$13:$E$156, "FAO") -> 88.272727 | ... AF32: =AVERAGEIFS('Cover Summary'!R$13:R$156,'Cover Summary'!$F$13:$F$156, "NG4936",'Cover Summary'!$E$13:$E$156, "FAO") -> 88.5
B34: FAO-N | D34: #VALUE! | E34: #VALUE! | F34: =AVERAGEIFS('Cover Summary'!G$13:G$156,'Cover Summary'!$F$13:$F$156, "NG3195",'Cover Summary'!$E$13:$E$156, "FAO-N") -> 12.833333 | G34: =AVERAGEIFS('Cover Summary'!H$13:H$156,'Cover Summary'!$F$13:$F$156, "NG3195",'Cover Summary'!$E$13:$E$156, "FAO-N") -> 19 | H34: =AVERAGEIFS('Cover Summary'!I$13:I$156,'Cover Summary'!$F$13:$F$156, "NG3195",'Cover Summary'!$E$13:$E$156, "FAO-N") -> 25.75 | I34: =AVERAGEIFS('Cover Summary'!J$13:J$156,'Cover Summary'!$F$13:$F$156, "NG3195",'Cover Summary'!$E$13:$E$156, "FAO-N") -> 51.5 | J34: =AVERAGEIFS('Cover Summary'!K$13:K$156,'Cover Summary'!$F$13:$F$156, "NG3195",'Cover Summary'!$E$13:$E$156, "FAO-N") -> 62.916667 | K34: =AVERAGEIFS('Cover Summary'!L$13:L$156,'Cover Summary'!$F$13:$F$156, "NG3195",'Cover Summary'!$E$13:$E$156, "FAO-N") -> 72.333333 | L34: =AVERAGEIFS('Cover Summary'!M$13:M$156,'Cover Summary'!$F$13:$F$156, "NG3195",'Cover Summary'!$E$13:$E$156, "FAO-N") -> 77.916667 | M34: =AVERAGEIFS('Cover Summary'!N$13:N$156,'Cover Summary'!$F$13:$F$156, "NG3195",'Cover Summary'!$E$13:$E$156, "FAO-N") -> 83.8 | ... Q34: =AVERAGEIFS('Cover Summary'!R$13:R$156,'Cover Summary'!$F$13:$F$156, "NG3195",'Cover Summary'!$E$13:$E$156, "FAO-N") -> 89.285714 | T34: FAO-N | U34: =AVERAGEIFS('Cover Summary'!G$13:G$156,'Cover Summary'!$F$13:$F$156, "NG4936",'Cover Summary'!$E$13:$E$156, "FAO-N") -> 7 | V34: =AVERAGEIFS('Cover Summary'!H$13:H$156,'Cover Summary'!$F$13:$F$156, "NG4936",'Cover Summary'!$E$13:$E$156, "FAO-N") -> 13.5 | W34: =AVERAGEIFS('Cover Summary'!I$13:I$156,'Cover Summary'!$F$13:$F$156, "NG4936",'Cover Summary'!$E$13:$E$156, "FAO-N") -> 18.333333 | X34: =AVERAGEIFS('Cover Summary'!J$13:J$156,'Cover Summary'!$F$13:$F$156, "NG4936",'Cover Summary'!$E$13:$E$156, "FAO-N") -> 39.333333 | Y34: =AVERAGEIFS('Cover Summary'!K$13:K$156,'Cover Summary'!$F$13:$F$156, "NG4936",'Cover Summary'!$E$13:$E$156, "FAO-N") -> 51.75 | Z34: =AVERAGEIFS('Cover Summary'!L$13:L$156,'Cover Summary'!$F$13:$F$156, "NG4936",'Cover Summary'!$E$13:$E$156, "FAO-N") -> 62.25 | AA34: =AVERAGEIFS('Cover Summary'!M$13:M$156,'Cover Summary'!$F$13:$F$156, "NG4936",'Cover Summary'!$E$13:$E$156, "FAO-N") -> 69.416667 | AB34: =AVERAGEIFS('Cover Summary'!N$13:N$156,'Cover Summary'!$F$13:$F$156, "NG4936",'Cover Summary'!$E$13:$E$156, "FAO-N") -> 74.818182 | ... AF34: =AVERAGEIFS('Cover Summary'!R$13:R$156,'Cover Summary'!$F$13:$F$156, "NG4936",'Cover Summary'!$E$13:$E$156, "FAO-N") -> 86.222222
C44: Average Canopy Widths
C46: ='Cover Summary'!F9 -> 0

Sheet Emergence
A1: 2022 | C1: Cotton | E1: Emergence & 1st true leaf
A4: Emergence counts taken at the center flag placed in each plot for canopy measurements (1 row West of neutron tubes).
A6: Counting emerged plants 1 meter from North of the flag.
E10: # plants per 1 meter (1 meter North of each flag)
C11: Date: | D11: 44680 | E11: 44683 | G11: 44684 | I11: 44685 | K11: 44686 | M11: 44690 | P11: 44691 | S11: 44694 | V11: 44697 | Y11: 44700 | AB11: 44704 | AE11: 44707
C12: DOY: | D12: 119 | E12: 122 | G12: 123 | I12: 124 | K12: 125 | M12: 129 | P12: 130 | S12: 133 | V12: 136 | Y12: 139 | AB12: 143 | AE12: 146
C13: by: | D13: KRT | E13: SMM | G13: SMM | I13: SMM | K13: SMM | M13: SMM | P13: SMM | S13: SMM | V13: SMM | Y13: SMM | AB13: SMM | AE13: SMM | AH13: SMM
B15: Plot | E15: plants/1 m | F15: plants starting to emerge | G15: plants/1 m | H15: plants starting to emerge | I15: plants/1 m | J15: plants starting to emerge | K15: plants/1 m | L15: plants starting to emerge | M15: plants/1 m | N15: plants starting to emerge | O15: plants w/ 1st leaf | P15: plants/1 m | Q15: plants starting to emerge | R15: plants w/ 1st leaf | S15: plants/1 m | T15: plants starting to emerge | U15: plants w/ 1st leaf | V15: plants/1 m | W15: plants starting to emerge | X15: plants w/ 1st leaf | Y15: plants/1 m | Z15: plants starting to emerge | AA15: plants w/ 1st leaf | AB15: plants/1 m | AC15: plants starting to emerge | AD15: plants w/ 1st leaf | AE15: plants/1 m | AF15: plants starting to emerge | AG15: plants w/ 1st leaf | AH15: plants/1 m | AI15: plants starting to emerge | AJ15: plants w/ 1st leaf
B16: 01-1 | C16: NG4936 | D16: From an email from KRT: "Some plant up for the NG3195 variety today" | E16: 4 | F16: 1 | G16: 4 | H16: 2 | I16: 4 | J16: 3 | K16: 6 | L16: 3 | M16: 9 | N16: 0 | O16: 0 | P16: 9 | R16: 1 | S16: 9 | T16: 1 | U16: 3 | V16: 9 | X16: 7 | Y16: 9 | AA16: 7 | AB16: 9 | AD16: 8 | AE16: 9 | AG16: 9
B17: 01-2 | C17: NG4936 | E17: 3 | F17: 0 | G17: 4 | H17: 0 | I17: 4 | J17: 1 | K17: 4 | L17: 1 | M17: 7 | N17: 0 | O17: 0 | P17: 7 | R17: 0 | S17: 7 | U17: 3 | V17: 7 | X17: 5 | Y17: 7 | AA17: 5 | AB17: 7 | AD17: 5 | AE17: 7 | AG17: 7
B18: 01-3 | C18: NG4936 | E18: 3 | F18: 2 | G18: 4 | H18: 3 | I18: 4 | J18: 4 | K18: 9 | L18: 0 | M18: 9 | N18: 0 | O18: 0 | P18: 9 | R18: 0 | S18: 9 | U18: 2 | V18: 9 | X18: 5 | Y18: 9 | AA18: 7 | AB18: 9 | AD18: 7 | AE18: 9 | AG18: 8
B19: 01-4 | C19: NG4936 | E19: 1 | F19: 3 | G19: 4 | H19: 2 | I19: 5 | J19: 1 | K19: 8 | L19: 0 | M19: 8 | N19: 0 | O19: 0 | P19: 8 | R19: 1 | S19: 8 | U19: 3 | V19: 8 | X19: 7 | Y19: 8 | AA19: 8 | AB19: 8 | AD19: 7 | AE19: 8 | AG19: 8
B20: 02-4 | C20: NG3195 | E20: 6 | F20: 1 | G20: 6 | H20: 1 | I20: 6 | J20: 1 | K20: 7 | L20: 1 | M20: 8 | N20: 0 | O20: 1 | P20: 8 | R20: 2 | S20: 8 | U20: 5 | V20: 8 | X20: 6 | Y20: 8 | AA20: 6 | AB20: 8 | AD20: 6 | AE20: 8 | AG20: 8
B21: 02-3 | C21: NG3195 | E21: 7 | F21: 0 | G21: 7 | H21: 1 | I21: 7 | J21: 2 | K21: 8 | L21: 1 | M21: 9 | N21: 0 | O21: 2 | P21: 9 | R21: 3 | S21: 9 | U21: 6 | V21: 8 | X21: 8 | Y21: 8 | AA21: 8 | AB21: 8 | AD21: 8 | AE21: 8 | AG21: 8
B22: 02-2 | C22: NG3195 | E22: 4 | F22: 1 | G22: 5 | H22: 0 | I22: 5 | J22: 1 | K22: 5 | L22: 1 | M22: 6 | N22: 0 | O22: 0 | P22: 6 | R22: 1 | S22: 6 | U22: 3 | V22: 6 | X22: 5 | Y22: 6 | AA22: 6 | AB22: 6 | AD22: 6 | AE22: 6 | AG22: 6
B23: 02-1 | C23: NG3195 | E23: 5 | F23: 1 | G23: 7 | H23: 1 | J23: 1 | K23: 8 | L23: 0 | M23: 8 | N23: 0 | O23: 1 | P23: 8 | R23: 2 | S23: 8 | U23: 5 | V23: 8 | X23: 7 | Y23: 8 | AA23: 8 | AB23: 8 | AD23: 8 | AE23: 8 | AG23: 8
B24: 03-1 | C24: NG4936 | E24: 3 | F24: 2 | G24: 3 | H24: 2 | I24: 3 | J24: 4 | K24: 5 | L24: 3 | M24: 7 | N24: 0 | O24: 0 | P24: 7 | R24: 0 | S24: 7 | U24: 2 | V24: 7 | X24: 5 | Y24: 7 | AA24: 6 | AB24: 7 | AD24: 6 | AE24: 7 | AG24: 7
B25: 03-2 | C25: NG4936 | E25: 7 | F25: 1 | G25: 7 | H25: 2 | I25: 7 | J25: 3 | K25: 10 | L25: 0 | M25: 11 | N25: 0 | O25: 0 | P25: 11 | R25: 1 | S25: 11 | U25: 4 | V25: 11 | X25: 7 | Y25: 11 | AA25: 8 | AB25: 11 | AD25: 8 | AE25: 11 | AG25: 10
B26: 03-3 | C26: NG4936 | E26: 5 | F26: 1 | G26: 6 | H26: 0 | I26: 6 | J26: 0 | K26: 6 | L26: 0 | M26: 6 | N26: 0 | O26: 1 | P26: 6 | R26: 1 | S26: 6 | U26: 2 | V26: 6 | X26: 5 | Y26: 6 | AA26: 6 | AB26: 6 | AD26: 6 | AE26: 6 | AG26: 6
B27: 03-4 | C27: NG4936 | E27: 2 | F27: 3 | G27: 4 | H27: 3 | I27: 4 | J27: 4 | K27: 8 | L27: 0 | M27: 8 | N27: 0 | O27: 0 | P27: 8 | R27: 0 | S27: 9 | U27: 2 | V27: 9 | X27: 5 | Y27: 9 | AA27: 7 | AB27: 9 | AD27: 7 | AE27: 9 | AG27: 9
B28: 04-4 | C28: NG3195 | E28: 6 | F28: 0 | G28: 7 | H28: 0 | I28: 7 | J28: 0 | K28: 7 | L28: 0 | M28: 7 | N28: 0 | O28: 0 | P28: 7 | R28: 1 | S28: 7 | U28: 4 | V28: 7 | X28: 7 | Y28: 7 | AA28: 7 | AB28: 7 | AD28: 7 | AE28: 7 | AG28: 7
B29: 04-3 | C29: NG3195 | E29: 2 | F29: 2 | G29: 5 | H29: 0 | I29: 5 | J29: 1 | K29: 5 | L29: 1 | M29: 6 | N29: 0 | O29: 0 | P29: 6 | R29: 1 | S29: 6 | U29: 2 | V29: 5 | X29: 5 | Y29: 5 | AA29: 5 | AB29: 5 | AD29: 5 | AE29: 5 | AG29: 5
B30: 04-2 | C30: NG3195 | E30: 5 | F30: 3 | G30: 6 | H30: 2 | I30: 6 | J30: 3 | K30: 7 | L30: 2 | M30: 8 | N30: 0 | O30: 1 | P30: 8 | R30: 2 | S30: 8 | U30: 4 | V30: 8 | X30: 6 | Y30: 8 | AA30: 7 | AB30: 8 | AD30: 8 | AE30: 8 | AG30: 8
B31: 04-1 | C31: NG3195 | E31: 6 | F31: 1 | G31: 7 | H31: 0 | I31: 7 | J31: 1 | K31: 8 | L31: 1 | M31: 9 | N31: 0 | O31: 1 | P31: 9 | R31: 1 | S31: 9 | U31: 5 | V31: 9 | X31: 6 | Y31: 9 | AA31: 7 | AB31: 9 | AD31: 9 | AE31: 8 | AG31: 8
B32: 05-1 | C32: NG3195 | E32: 6 | F32: 0 | G32: 6 | H32: 1 | I32: 6 | J32: 2 | K32: 6 | L32: 2 | M32: 9 | N32: 0 | O32: 1 | P32: 9 | R32: 1 | S32: 9 | U32: 4 | V32: 9 | X32: 8 | Y32: 9 | AA32: 9 | AB32: 9 | AD32: 9 | AE32: 9 | AG32: 9
B33: 05-2 | C33: NG3195 | E33: 7 | F33: 1 | G33: 8 | H33: 1 | I33: 8 | J33: 2 | K33: 6 | L33: 1 | M33: 11 | N33: 0 | O33: 0 | P33: 11 | R33: 3 | S33: 11 | U33: 6 | V33: 11 | X33: 7 | Y33: 11 | AA33: 8 | AB33: 11 | AD33: 10 | AE33: 11 | AG33: 11
B34: 05-3 | C34: NG3195 | E34: 5 | F34: 2 | G34: 7 | H34: 2 | I34: 7 | J34: 3 | K34: 7 | L34: 3 | M34: 10 | N34: 0 | O34: 1 | P34: 10 | R34: 2 | S34: 10 | U34: 6 | V34: 10 | X34: 8 | Y34: 10 | AA34: 9 | AB34: 10 | AD34: 10 | AE34: 10 | AG34: 10
B35: 05-4 | C35: NG3195 | E35: 8 | F35: 0 | G35: 9 | H35: 0 | I35: 9 | J35: 0 | K35: 9 | L35: 0 | M35: 9 | N35: 0 | O35: 0 | P35: 9 | R35: 0 | S35: 9 | U35: 4 | V35: 9 | X35: 8 | Y35: 9 | AA35: 9 | AB35: 9 | AD35: 9 | AE35: 9 | AG35: 9
... B41: 07-2 | C41: NG3195 | E41: 4 | F41: 1 | G41: 7 | H41: 0 | I41: 7 | J41: 1 | K41: 7 | L41: 1 | M41: 8 | N41: 0 | O41: 0 | P41: 8 | R41: 1 | S41: 8 | U41: 4 | V41: 8 | X41: 7 | Y41: 8 | AA41: 8 | AB41: 8 | AD41: 8 | AE41: 8 | AG41: 8
B42: 07-3 | C42: NG3195 | E42: 7 | F42: 1 | G42: 9 | H42: 0 | I42: 9 | J42: 0 | K42: 9 | L42: 0 | N42: 0 | O42: 0 | P42: 9 | R42: 2 | S42: 9 | U42: 6 | V42: 9 | X42: 8 | Y42: 9 | AA42: 9 | AB42: 9 | AD42: 9 | AE42: 9 | AG42: 9
B43: 07-4 | C43: NG3195 | E43: 5 | F43: 1 | G43: 6 | H43: 0 | I43: 6 | J43: 2 | K43: 7 | L43: 1 | M43: 9 | N43: 0 | O43: 0 | P43: 9 | R43: 1 | S43: 9 | U43: 3 | V43: 9 | X43: 6 | Y43: 9 | AA43: 7 | AB43: 9 | AD43: 7 | AE43: 9 | AG43: 9
B44: 08-4 | C44: NG4936 | E44: 3 | F44: 2 | G44: 4 | H44: 3 | I44: 4 | J44: 3 | K44: 5 | L44: 2 | M44: 7 | N44: 1 | O44: 0 | P44: 8 | R44: 0 | S44: 8 | U44: 1 | V44: 8 | X44: 3 | Y44: 8 | AA44: 5 | AB44: 8 | AD44: 5 | AE44: 8 | AG44: 7
B45: 08-3 | C45: NG4936 | E45: 4 | F45: 1 | G45: 6 | H45: 1 | I45: 6 | J45: 2 | K45: 6 | L45: 2 | M45: 8 | N45: 0 | O45: 0 | P45: 8 | R45: 0 | S45: 9 | U45: 2 | V45: 9 | X45: 6 | Y45: 9 | AA45: 7 | AB45: 9 | AD45: 7 | AE45: 9 | AG45: 9
B46: 08-2 | C46: NG4936 | E46: 2 | F46: 2 | G46: 4 | H46: 2 | I46: 4 | J46: 3 | K46: 5 | L46: 2 | M46: 7 | N46: 0 | O46: 0 | P46: 7 | R46: 0 | S46: 7 | U46: 2 | V46: 7 | X46: 4 | Y46: 7 | AA46: 4 | AB46: 7 | AD46: 4 | AE46: 7 | AG46: 6
B47: 08-1 | C47: NG4936 | E47: 2 | F47: 3 | G47: 2 | H47: 5 | I47: 3 | J47: 4 | K47: 5 | L47: 2 | M47: 7 | N47: 0 | O47: 0 | P47: 7 | R47: 0 | S47: 7 | U47: 1 | V47: 7 | X47: 3 | Y47: 7 | AA47: 4 | AB47: 7 | AD47: 4 | AE47: 7 | AG47: 5
B48: 09-1 | C48: NG4936 | E48: 0 | F48: 1 | G48: 1 | H48: 0 | I48: 1 | J48: 2 | K48: 2 | L48: 1 | M48: 4 | N48: 2 | O48: 0 | P48: 4 | R48: 0 | S48: 5 | T48: 1 | U48: 0 | V48: 5 | X48: 1 | Y48: Roundup sprayed this morning (just span 4). No entry. | AB48: 4 | AD48: 1 | AE48: 4 | AG48: 2
B49: 09-2 | C49: NG4936 | E49: 1 | F49: 2 | G49: 4 | H49: 2 | I49: 4 | J49: 3 | K49: 6 | L49: 2 | M49: 7 | N49: 0 | O49: 0 | P49: 7 | R49: 0 | S49: 7 | U49: 2 | V49: 7 | X49: 4 | AB49: 7 | AD49: 5 | AE49: 7 | AG49: 6
B50: 09-3 | C50: NG4936 | E50: 1 | F50: 2 | G50: 2 | H50: 3 | I50: 2 | J50: 3 | K50: 3 | L50: 2 | M50: 8 | N50: 0 | O50: 0 | P50: 8 | R50: 0 | S50: 8 | U50: 1 | V50: 8 | X50: 3 | AB50: 8 | AD50: 3 | AE50: 8 | AG50: 5
B51: 09-4 | C51: NG4936 | E51: 3 | G51: 5 | H51: 2 | I51: 6 | J51: 1 | K51: 6 | L51: 1 | M51: 7 | N51: 0 | O51: 0 | P51: 8 | R51: 0 | S51: 8 | U51: 2 | V51: 8 | X51: 3 | AB51: 7 | AD51: 6 | AE51: 7 | AG51: 7
B52: 10-4 | C52: NG3195 | E52: 4 | F52: 1 | G52: 5 | H52: 2 | I52: 5 | J52: 2 | K52: 5 | L52: 2 | M52: 6 | N52: 0 | O52: 0 | P52: 6 | R52: 1 | S52: 6 | U52: 3 | V52: 6 | X52: 5 | AB52: 6 | AD52: 6 | AE52: 6 | AG52: 6
B53: 10-3 | C53: NG3195 | E53: 4 | F53: 2 | G53: 9 | H53: 2 | I53: 9 | J53: 2 | K53: 9 | L53: 2 | M53: 11 | N53: 0 | O53: 0 | P53: 11 | R53: 2 | S53: 11 | U53: 5 | V53: 11 | X53: 8 | AB53: 11 | AD53: 11 | AE53: 11 | AG53: 11
B54: 10-2 | C54: NG3195 | E54: 5 | F54: 2 | G54: 5 | H54: 2 | I54: 5 | J54: 3 | K54: 6 | L54: 2 | M54: 9 | N54: 0 | O54: 1 | P54: 9 | R54: 0 | S54: 9 | U54: 2 | V54: 9 | X54: 5 | AB54: 9 | AD54: 7 | AE54: 9 | AG54: 9
B55: 10-1 | C55: NG3195 | E55: 5 | F55: 2 | G55: 8 | H55: 0 | I55: 8 | J55: 1 | K55: 8 | L55: 1 | M55: 9 | N55: 0 | O55: 1 | P55: 9 | R55: 1 | S55: 10 | U55: 4 | V55: 10 | X55: 7 | AB55: 10 | AD55: 9 | AE55: 10 | AG55: 10
B56: 11-1 | C56: NG3195 | E56: 4 | F56: 1 | G56: 6 | H56: 1 | I56: 6 | J56: 2 | K56: 6 | L56: 2 | M56: 9 | N56: 0 | O56: 0 | P56: 9 | R56: 2 | S56: 9 | U56: 5 | V56: 9 | X56: 8 | AB56: 8 | AD56: 8 | AE56: 8 | AG56: 8
B57: 11-2 | C57: NG3195 | E57: 4 | F57: 1 | G57: 5 | H57: 1 | I57: 5 | J57: 2 | K57: 5 | L57: 3 | M57: 8 | N57: 0 | O57: 1 | P57: 9 | R57: 2 | S57: 9 | U57: 3 | V57: 9 | X57: 6 | AB57: 9 | AD57: 9 | AE57: 7 | AG57: 9
B58: 11-3 | C58: NG3195 | E58: 7 | F58: 2 | G58: 9 | H58: 1 | I58: 9 | J58: 1 | K58: 9 | L58: 1 | M58: 11 | N58: 0 | O58: 0 | P58: 11 | R58: 1 | S58: 11 | U58: 6 | V58: 11 | X58: 7 | AB58: 11 | AD58: 9 | AE58: 11 | AG58: 10
B59: 11-4 | C59: NG3195 | E59: 5 | F59: 2 | G59: 8 | H59: 0 | I59: 8 | J59: 1 | K59: 8 | L59: 1 | M59: 8 | N59: 1 | O59: 0 | P59: 8 | Q59: 1 | R59: 1 | S59: 8 | U59: 4 | V59: 7 | X59: 6 | AB59: 9 | AD59: 8 | AE59: 9 | AG59: 9
B60: 12-4 | C60: NG4936 | E60: 0 | F60: 1 | G60: 2 | H60: 0 | I60: 2 | J60: 1 | K60: 3 | L60: 0 | M60: 3 | N60: 3 | O60: 0 | P60: 3 | Q60: 3 | R60: 0 | S60: 3 | U60: 1 | V60: 3 | X60: 1 | AB60: 3 | AD60: 2 | AE60: 3 | AG60: 3
B61: 12-3 | C61: NG4936 | E61: 0 | F61: 1 | G61: 0 | H61: 1 | I61: 0 | J61: 1 | K61: 1 | L61: 0 | M61: 2 | N61: 2 | O61: 0 | P61: 2 | Q61: 3 | R61: 0 | S61: 3 | U61: 0 | V61: 2 | X61: 0 | AB61: 3 | AD61: 0 | AE61: 3 | AG61: 1
B62: 12-2 | C62: NG4936 | E62: 2 | F62: 1 | G62: 4 | H62: 1 | I62: 5 | J62: 2 | K62: 5 | L62: 3 | M62: 8 | N62: 0 | O62: 0 | P62: 8 | R62: 1 | S62: 8 | U62: 1 | V62: 8 | X62: 3 | AB62: 8 | AD62: 8 | AE62: 8 | AG62: 8
B63: 12-1 | C63: NG4936 | E63: 1 | F63: 2 | G63: 4 | H63: 1 | I63: 4 | J63: 1 | K63: 4 | L63: 2 | M63: 9 | N63: 0 | O63: 1 | P63: 9 | R63: 1 | S63: 11 | U63: 2 | V63: 11 | X63: 3 | AB63: 9 | AD63: 3 | AE63: 9 | AG63: 5
E64: emerged | G64: emerged | I64: emerged | K64: emerged | M64: emerged | O64: 1st leaf | P64: emerged | R64: 1st leaf | S64: emerged | U64: 1st leaf | V64: emerged | X64: 1st leaf | Y64: emerged | AA64: 1st leaf | AB64: emerged | AD64: 1st leaf | AE64: emerged | AG64: 1st leaf
C65: Ave: | E65: =AVERAGE(E16:E63) -> 3.7916667 | G65: =AVERAGE(G16:G63) -> 5.2916667 | I65: =AVERAGE(I16:I63) -> 5.3829787 | K65: =AVERAGE(K16:K63) -> 6.2083333 | M65: =AVERAGE(M16:M63) -> 7.8723404 | O65: =AVERAGE(O16:O63) -> 0.27083333 | P65: =AVERAGE(P16:P63) -> 7.9583333 | R65: =AVERAGE(R16:R63) -> 0.83333333 | S65: =AVERAGE(S16:S63) -> 8.1041667 | U65: =AVERAGE(U16:U63) -> 2.9791667 | V65: =AVERAGE(V16:V63) -> 8 | X65: =AVERAGE(X16:X63) -> 5.375 | Y65: =AVERAGE(Y16:Y63) -> 8.125 | AA65: =AVERAGE(AA16:AA63) -> 6.84375 | AB65: =AVERAGE(AB16:AB63) -> 7.9583333 | AD65: =AVERAGE(AD16:AD63) -> 6.7291667 | AE65: =AVERAGE(AE16:AE63) -> 7.8958333 | AG65: =AVERAGE(AG16:AG63) -> 7.5208333
C66: Ave NG3195: | E66: =AVERAGEIFS(E$16:E$63, $C$16:$C$63, "NG3195") -> 5.125 | G66: =AVERAGEIFS(G$16:G$63, $C$16:$C$63, "NG3195") -> 6.7083333 | I66: =AVERAGEIFS(I$16:I$63, $C$16:$C$63, "NG3195") -> 6.6956522 | K66: =AVERAGEIFS(K$16:K$63, $C$16:$C$63, "NG3195") -> 6.9166667 | M66: =AVERAGEIFS(M$16:M$63, $C$16:$C$63, "NG3195") -> 8.4347826 | O66: =AVERAGEIFS(O$16:O$63, $C$16:$C$63, "NG3195") -> 0.45833333 | P66: =AVERAGEIFS(P$16:P$63, $C$16:$C$63, "NG3195") -> 8.5 | R66: =AVERAGEIFS(R$16:R$63, $C$16:$C$63, "NG3195") -> 1.375 | S66: =AVERAGEIFS(S$16:S$63, $C$16:$C$63, "NG3195") -> 8.5 | U66: =AVERAGEIFS(U$16:U$63, $C$16:$C$63, "NG3195") -> 4.2083333 | V66: =AVERAGEIFS(V$16:V$63, $C$16:$C$63, "NG3195") -> 8.375 | X66: =AVERAGEIFS(X$16:X$63, $C$16:$C$63, "NG3195") -> 6.5833333 | Y66: =AVERAGEIFS(Y$16:Y$63, $C$16:$C$63, "NG3195") -> 8.0625 | AA66: =AVERAGEIFS(AA$16:AA$63, $C$16:$C$63, "NG3195") -> 7.375 | AB66: =AVERAGEIFS(AB$16:AB$63, $C$16:$C$63, "NG3195") -> 8.4166667 | AD66: =AVERAGEIFS(AD$16:AD$63, $C$16:$C$63, "NG3195") -> 7.9583333 | AE66: =AVERAGEIFS(AE$16:AE$63, $C$16:$C$63, "NG3195") -> 8.2916667 | AG66: =AVERAGEIFS(AG$16:AG$63, $C$16:$C$63, "NG3195") -> 8.3333333
C67: Ave NG4936: | E67: =AVERAGEIFS(E$16:E$63, $C$16:$C$63, "NG4936") -> 2.4583333 | G67: =AVERAGEIFS(G$16:G$63, $C$16:$C$63, "NG4936") -> 3.875 | I67: =AVERAGEIFS(I$16:I$63, $C$16:$C$63, "NG4936") -> 4.125 | K67: =AVERAGEIFS(K$16:K$63, $C$16:$C$63, "NG4936") -> 5.5 | M67: =AVERAGEIFS(M$16:M$63, $C$16:$C$63, "NG4936") -> 7.3333333 | O67: =AVERAGEIFS(O$16:O$63, $C$16:$C$63, "NG4936") -> 0.083333333 | P67: =AVERAGEIFS(P$16:P$63, $C$16:$C$63, "NG4936") -> 7.4166667 | R67: =AVERAGEIFS(R$16:R$63, $C$16:$C$63, "NG4936") -> 0.29166667 | S67: =AVERAGEIFS(S$16:S$63, $C$16:$C$63, "NG4936") -> 7.7083333 | U67: =AVERAGEIFS(U$16:U$63, $C$16:$C$63, "NG4936") -> 1.75 | V67: =AVERAGEIFS(V$16:V$63, $C$16:$C$63, "NG4936") -> 7.625 | X67: =AVERAGEIFS(X$16:X$63, $C$16:$C$63, "NG4936") -> 4.1666667 | Y67: =AVERAGEIFS(Y$16:Y$63, $C$16:$C$63, "NG4936") -> 8.1875 | AA67: =AVERAGEIFS(AA$16:AA$63, $C$16:$C$63, "NG4936") -> 6.3125 | AB67: =AVERAGEIFS(AB$16:AB$63, $C$16:$C$63, "NG4936") -> 7.5 | AD67: =AVERAGEIFS(AD$16:AD$63, $C$16:$C$63, "NG4936") -> 5.5 | AE67: =AVERAGEIFS(AE$16:AE$63, $C$16:$C$63, "NG4936") -> 7.5 | AG67: =AVERAGEIFS(AG$16:AG$63, $C$16:$C$63, "NG4936") -> 6.7083333
B69: Emergence | R69: First Leaf
C70: 119 | D70: 122 | E70: 123 | F70: 124 | G70: 125 | H70: 129 | I70: 130 | J70: 133 | K70: 136 | L70: 139 | M70: 143 | N70: 146 | O70: 0.5 | P70: 50% DOY | R70: 129 | S70: 130 | T70: 133 | U70: 136 | V70: 139 | W70: 143 | X70: 146 | Y70: 0.5 | Z70: 50% DOY
B71: 01-1 | C71: 0 | D71: 4 | E71: 4 | F71: 4 | G71: 6 | H71: 9 | I71: 9 | J71: 9 | K71: 9 | L71: 9 | M71: 9 | N71: 9 | O71: =N71/2 -> 4.5 | P71: =F$70+(O71-F71)/(G71-F71)*(G$70-F$70) -> 124.25 | R71: 0 | S71: 1 | T71: 3 | U71: 7 | V71: 7 | W71: 8 | X71: 9 | Y71: =X71/2 -> 4.5 | Z71: =T$70+(Y71-T71)/(U71-T71)*(U$70-T$70) -> 134.125
B72: 01-2 | C72: 0 | D72: 3 | E72: 4 | F72: 4 | G72: 4 | H72: 7 | I72: 7 | J72: 7 | K72: 7 | L72: 7 | M72: 7 | N72: 7 | O72: =N72/2 -> 3.5 | P72: =D$70+(O72-D72)/(E72-D72)*(E$70-D$70) -> 122.5 | R72: 0 | S72: 0 | T72: 3 | U72: 5 | V72: 5 | W72: 5 | X72: 7 | Y72: =X72/2 -> 3.5 | Z72: =T$70+(Y72-T72)/(U72-T72)*(U$70-T$70) -> 133.75
B73: 01-3 | C73: 0 | D73: 3 | E73: 4 | F73: 4 | G73: 9 | H73: 9 | I73: 9 | J73: 9 | K73: 9 | L73: 9 | M73: 9 | N73: 9 | O73: =N73/2 -> 4.5 | P73: =F$70+(O73-F73)/(G73-F73)*(G$70-F$70) -> 124.1 | R73: 0 | S73: 0 | T73: 2 | U73: 5 | V73: 7 | W73: 7 | X73: 8 | Y73: =X73/2 -> 4 | Z73: =T$70+(Y73-T73)/(U73-T73)*(U$70-T$70) -> 135
B74: 01-4 | C74: 0 | D74: 1 | E74: 4 | F74: 5 | G74: 8 | H74: 8 | I74: 8 | J74: 8 | K74: 8 | L74: 8 | M74: 8 | N74: 8 | O74: =N74/2 -> 4 | P74: =E$70+(O74-E74)/(F74-E74)*(F$70-E$70) -> 123 | R74: 0 | S74: 1 | T74: 3 | U74: 7 | V74: 8 | W74: 7 | X74: 8 | Y74: =X74/2 -> 4 | Z74: =T$70+(Y74-T74)/(U74-T74)*(U$70-T$70) -> 133.75
B75: 02-4 | C75: 1 | D75: 6 | E75: 6 | F75: 6 | G75: 7 | H75: 8 | I75: 8 | J75: 8 | K75: 8 | L75: 8 | M75: 8 | N75: 8 | O75: =N75/2 -> 4 | P75: =C$70+(O75-C75)/(D75-C75)*(D$70-C$70) -> 120.8 | R75: 1 | S75: 2 | T75: 5 | U75: 6 | V75: 6 | W75: 6 | X75: 8 | Y75: =X75/2 -> 4 | Z75: =S$70+(Y75-S75)/(T75-S75)*(T$70-S$70) -> 132
B76: 02-3 | C76: 1 | D76: 7 | E76: 7 | F76: 7 | G76: 8 | H76: 9 | I76: 9 | J76: 9 | K76: 8 | L76: 8 | M76: 8 | N76: 8 | O76: =N76/2 -> 4 | P76: =C$70+(O76-C76)/(D76-C76)*(D$70-C$70) -> 120.5 | R76: 2 | S76: 3 | T76: 6 | U76: 8 | V76: 8 | W76: 8 | X76: 8 | Y76: =X76/2 -> 4 | Z76: =S$70+(Y76-S76)/(T76-S76)*(T$70-S$70) -> 131
B77: 02-2 | C77: 1 | D77: 4 | E77: 5 | F77: 5 | G77: 5 | H77: 6 | I77: 6 | J77: 6 | K77: 6 | L77: 6 | M77: 6 | N77: 6 | O77: =N77/2 -> 3 | P77: =C$70+(O77-C77)/(D77-C77)*(D$70-C$70) -> 121 | R77: 0 | S77: 1 | T77: 3 | U77: 5 | V77: 6 | W77: 6 | X77: 6 | Y77: =X77/2 -> 3 | Z77: =T$70+(Y77-T77)/(U77-T77)*(U$70-T$70) -> 133
B78: 02-1 | C78: 1 | D78: 5 | E78: 7 | G78: 8 | H78: 8 | I78: 8 | J78: 8 | K78: 8 | L78: 8 | M78: 8 | N78: 8 | O78: =N78/2 -> 4 | P78: =C$70+(O78-C78)/(D78-C78)*(D$70-C$70) -> 121.25 | R78: 1 | S78: 2 | T78: 5 | U78: 7 | V78: 8 | W78: 8 | X78: 8 | Y78: =X78/2 -> 4 | Z78: =S$70+(Y78-S78)/(T78-S78)*(T$70-S$70) -> 132
B79: 03-1 | C79: 0 | D79: 3 | E79: 3 | F79: 3 | G79: 5 | H79: 7 | I79: 7 | J79: 7 | K79: 7 | L79: 7 | M79: 7 | N79: 7 | O79: =N79/2 -> 3.5 | P79: =F$70+(O79-F79)/(G79-F79)*(G$70-F$70) -> 124.25 | R79: 0 | S79: 0 | T79: 2 | U79: 5 | V79: 6 | W79: 6 | X79: 7 | Y79: =X79/2 -> 3.5 | Z79: =T$70+(Y79-T79)/(U79-T79)*(U$70-T$70) -> 134.5
B80: 03-2 | C80: 0 | D80: 7 | E80: 7 | F80: 7 | G80: 10 | H80: 11 | I80: 11 | J80: 11 | K80: 11 | L80: 11 | M80: 11 | N80: 11 | O80: =N80/2 -> 5.5 | P80: =C$70+(O80-C80)/(D80-C80)*(D$70-C$70) -> 121.35714 | R80: 0 | S80: 1 | T80: 4 | U80: 7 | V80: 8 | W80: 8 | X80: 10 | Y80: =X80/2 -> 5 | Z80: =T$70+(Y80-T80)/(U80-T80)*(U$70-T$70) -> 134
B81: 03-3 | C81: 0 | D81: 5 | E81: 6 | F81: 6 | G81: 6 | H81: 6 | I81: 6 | J81: 6 | K81: 6 | L81: 6 | M81: 6 | N81: 6 | O81: =N81/2 -> 3 | P81: =C$70+(O81-C81)/(D81-C81)*(D$70-C$70) -> 120.8 | R81: 1 | S81: 1 | T81: 2 | U81: 5 | V81: 6 | W81: 6 | X81: 6 | Y81: =X81/2 -> 3 | Z81: =T$70+(Y81-T81)/(U81-T81)*(U$70-T$70) -> 134
B82: 03-4 | C82: 0 | D82: 2 | E82: 4 | F82: 4 | G82: 8 | H82: 8 | I82: 8 | J82: 9 | K82: 9 | L82: 9 | M82: 9 | N82: 9 | O82: =N82/2 -> 4.5 | P82: =F$70+(O82-F82)/(G82-F82)*(G$70-F$70) -> 124.125 | R82: 0 | S82: 0 | T82: 2 | U82: 5 | V82: 7 | W82: 7 | X82: 9 | Y82: =X82/2 -> 4.5 | Z82: =T$70+(Y82-T82)/(U82-T82)*(U$70-T$70) -> 135.5
B83: 04-4 | C83: 1 | D83: 6 | E83: 7 | F83: 7 | G83: 7 | H83: 7 | I83: 7 | J83: 7 | K83: 7 | L83: 7 | M83: 7 | N83: 7 | O83: =N83/2 -> 3.5 | P83: =C$70+(O83-C83)/(D83-C83)*(D$70-C$70) -> 120.5 | R83: 0 | S83: 1 | T83: 4 | U83: 7 | V83: 7 | W83: 7 | X83: 7 | Y83: =X83/2 -> 3.5 | Z83: =T$70+(Y83-T83)/(U83-T83)*(U$70-T$70) -> 132.5
B84: 04-3 | C84: 1 | D84: 2 | E84: 5 | F84: 5 | G84: 5 | H84: 6 | I84: 6 | J84: 6 | K84: 5 | L84: 5 | M84: 5 | N84: 5 | O84: =N84/2 -> 2.5 | P84: =D$70+(O84-D84)/(E84-D84)*(E$70-D$70) -> 122.16667 | R84: 0 | S84: 1 | T84: 2 | U84: 5 | V84: 5 | W84: 5 | X84: 5 | Y84: =X84/2 -> 2.5 | Z84: =T$70+(Y84-T84)/(U84-T84)*(U$70-T$70) -> 133.5
B85: 04-2 | C85: 1 | D85: 5 | E85: 6 | F85: 6 | G85: 7 | H85: 8 | I85: 8 | J85: 8 | K85: 8 | L85: 8 | M85: 8 | N85: 8 | O85: =N85/2 -> 4 | P85: =C$70+(O85-C85)/(D85-C85)*(D$70-C$70) -> 121.25 | R85: 1 | S85: 2 | T85: 4 | U85: 6 | V85: 7 | W85: 8 | X85: 8 | Y85: =X85/2 -> 4 | Z85: =T$70+(Y85-T85)/(U85-T85)*(U$70-T$70) -> 133
B86: 04-1 | C86: 1 | D86: 6 | E86: 7 | F86: 7 | G86: 8 | H86: 9 | I86: 9 | J86: 9 | K86: 9 | L86: 9 | M86: 9 | N86: 8 | O86: =N86/2 -> 4 | P86: =C$70+(O86-C86)/(D86-C86)*(D$70-C$70) -> 120.8 | R86: 1 | S86: 1 | T86: 5 | U86: 6 | V86: 7 | W86: 9 | X86: 8 | Y86: =X86/2 -> 4 | Z86: =S$70+(Y86-S86)/(T86-S86)*(T$70-S$70) -> 132.25
B87: 05-1 | C87: 1 | D87: 6 | E87: 6 | F87: 6 | G87: 6 | H87: 9 | I87: 9 | J87: 9 | K87: 9 | L87: 9 | M87: 9 | N87: 9 | O87: =N87/2 -> 4.5 | P87: =C$70+(O87-C87)/(D87-C87)*(D$70-C$70) -> 121.1 | R87: 1 | S87: 1 | T87: 4 | U87: 8 | V87: 9 | W87: 9 | X87: 9 | Y87: =X87/2 -> 4.5 | Z87: =T$70+(Y87-T87)/(U87-T87)*(U$70-T$70) -> 133.375
B88: 05-2 | C88: 1 | D88: 7 | E88: 8 | F88: 8 | G88: 6 | H88: 11 | I88: 11 | J88: 11 | K88: 11 | L88: 11 | M88: 11 | N88: 11 | O88: =N88/2 -> 5.5 | P88: =C$70+(O88-C88)/(D88-C88)*(D$70-C$70) -> 121.25 | R88: 0 | S88: 3 | T88: 6 | U88: 7 | V88: 8 | W88: 10 | X88: 11 | Y88: =X88/2 -> 5.5 | Z88: =S$70+(Y88-S88)/(T88-S88)*(T$70-S$70) -> 132.5
B89: 05-3 | C89: 1 | D89: 5 | E89: 7 | F89: 7 | G89: 7 | H89: 10 | I89: 10 | J89: 10 | K89: 10 | L89: 10 | M89: 10 | N89: 10 | O89: =N89/2 -> 5 | P89: =D$70+(O89-D89)/(E89-D89)*(E$70-D$70) -> 122 | R89: 1 | S89: 2 | T89: 6 | U89: 8 | V89: 9 | W89: 10 | X89: 10 | Y89: =X89/2 -> 5 | Z89: =S$70+(Y89-S89)/(T89-S89)*(T$70-S$70) -> 132.25
B90: 05-4 | C90: 1 | D90: 8 | E90: 9 | F90: 9 | G90: 9 | H90: 9 | I90: 9 | J90: 9 | K90: 9 | L90: 9 | M90: 9 | N90: 9 | O90: =N90/2 -> 4.5 | P90: =C$70+(O90-C90)/(D90-C90)*(D$70-C$70) -> 120.5 | R90: 0 | S90: 0 | T90: 4 | U90: 8 | V90: 9 | W90: 9 | X90: 9 | Y90: =X90/2 -> 4.5 | Z90: =T$70+(Y90-T90)/(U90-T90)*(U$70-T$70) -> 133.375
B91: 06-4 | C91: 0 | D91: 2 | E91: 2 | F91: 2 | G91: 4 | H91: 8 | I91: 8 | J91: 8 | K91: 8 | L91: 8 | M91: 8 | N91: 8 | O91: =N91/2 -> 4 | P91: =F$70+(O91-F91)/(G91-F91)*(G$70-F$70) -> 125 | R91: 0 | S91: 0 | T91: 2 | U91: 3 | V91: 5 | W91: 6 | X91: 7 | Y91: =X91/2 -> 3.5 | Z91: =U$70+(Y91-U91)/(V91-U91)*(V$70-U$70) -> 136.75
B92: 06-3 | C92: 0 | D92: 3 | E92: 7 | F92: 8 | G92: 9 | H92: 10 | I92: 10 | J92: 10 | K92: 10 | L92: 10 | M92: 10 | N92: 10 | O92: =N92/2 -> 5 | P92: =D$70+(O92-D92)/(E92-D92)*(E$70-D$70) -> 122.5 | R92: 0 | S92: 1 | T92: 2 | U92: 8 | V92: 9 | W92: 9 | X92: 10 | Y92: =X92/2 -> 5 | Z92: =T$70+(Y92-T92)/(U92-T92)*(U$70-T$70) -> 134.5
B93: 06-2 | C93: 0 | D93: 2 | E93: 4 | F93: 5 | G93: 6 | H93: 9 | I93: 9 | J93: 10 | K93: 9 | L93: 9 | M93: 9 | N93: 9 | O93: =N93/2 -> 4.5 | P93: =E$70+(O93-E93)/(F93-E93)*(F$70-E$70) -> 123.5 | R93: 0 | S93: 0 | T93: 0 | U93: 4 | V93: 7 | W93: 8 | X93: 9 | Y93: =X93/2 -> 4.5 | Z93: =U$70+(Y93-U93)/(V93-U93)*(V$70-U$70) -> 136.5
B94: 06-1 | C94: 0 | D94: 5 | E94: 6 | F94: 6 | G94: 6 | H94: 7 | I94: 7 | J94: 7 | K94: 7 | L94: 7 | M94: 7 | N94: 7 | O94: =N94/2 -> 3.5 | P94: =C$70+(O94-C94)/(D94-C94)*(D$70-C$70) -> 121.1 | R94: 0 | S94: 0 | T94: 2 | U94: 5 | V94: 6 | W94: 7 | X94: 7 | Y94: =X94/2 -> 3.5 | Z94: =T$70+(Y94-T94)/(U94-T94)*(U$70-T$70) -> 134.5
B95: 07-1 | C95: 1 | D95: 2 | E95: 4 | F95: 4 | G95: 4 | H95: 6 | I95: 6 | J95: 5 | K95: 5 | L95: 5 | M95: 5 | N95: 5 | O95: =N95/2 -> 2.5 | P95: =D$70+(O95-D95)/(E95-D95)*(E$70-D$70) -> 122.25 | R95: 0 | S95: 0 | T95: 2 | U95: 4 | V95: 5 | W95: 5 | X95: 5 | Y95: =X95/2 -> 2.5 | Z95: =T$70+(Y95-T95)/(U95-T95)*(U$70-T$70) -> 133.75
B96: 07-2 | C96: 1 | D96: 4 | E96: 7 | F96: 7 | G96: 7 | H96: 8 | I96: 8 | J96: 8 | K96: 8 | L96: 8 | M96: 8 | N96: 8 | O96: =N96/2 -> 4 | P96: =D$70+(O96-D96)/(E96-D96)*(E$70-D$70) -> 122 | R96: 0 | S96: 1 | T96: 4 | U96: 7 | V96: 8 | W96: 8 | X96: 8 | Y96: =X96/2 -> 4 | Z96: =T$70+(Y96-T96)/(U96-T96)*(U$70-T$70) -> 133
B97: 07-3 | C97: 1 | D97: 7 | E97: 9 | F97: 9 | G97: 9 | I97: 9 | J97: 9 | K97: 9 | L97: 9 | M97: 9 | N97: 9 | O97: =N97/2 -> 4.5 | P97: =C$70+(O97-C97)/(D97-C97)*(D$70-C$70) -> 120.75 | R97: 0 | S97: 2 | T97: 6 | U97: 8 | V97: 9 | W97: 9 | X97: 9 | Y97: =X97/2 -> 4.5 | Z97: =S$70+(Y97-S97)/(T97-S97)*(T$70-S$70) -> 131.875
B98: 07-4 | C98: 1 | D98: 5 | E98: 6 | F98: 6 | G98: 7 | H98: 9 | I98: 9 | J98: 9 | K98: 9 | L98: 9 | M98: 9 | N98: 9 | O98: =N98/2 -> 4.5 | P98: =C$70+(O98-C98)/(D98-C98)*(D$70-C$70) -> 121.625 | R98: 0 | S98: 1 | T98: 3 | U98: 6 | V98: 7 | W98: 7 | X98: 9 | Y98: =X98/2 -> 4.5 | Z98: =T$70+(Y98-T98)/(U98-T98)*(U$70-T$70) -> 134.5
B99: 08-4 | C99: 0 | D99: 3 | E99: 4 | F99: 4 | G99: 5 | H99: 7 | I99: 8 | J99: 8 | K99: 8 | L99: 8 | M99: 8 | N99: 8 | O99: =N99/2 -> 4 | P99: =D$70+(O99-D99)/(E99-D99)*(E$70-D$70) -> 123 | R99: 0 | S99: 0 | T99: 1 | U99: 3 | V99: 5 | W99: 5 | X99: 7 | Y99: =X99/2 -> 3.5 | Z99: =U$70+(Y99-U99)/(V99-U99)*(V$70-U$70) -> 136.75
B100: 08-3 | C100: 0 | D100: 4 | E100: 6 | F100: 6 | G100: 6 | H100: 8 | I100: 8 | J100: 9 | K100: 9 | L100: 9 | M100: 9 | N100: 9 | O100: =N100/2 -> 4.5 | P100: =D$70+(O100-D100)/(E100-D100)*(E$70-D$70) -> 122.25 | R100: 0 | S100: 0 | T100: 2 | U100: 6 | V100: 7 | W100: 7 | X100: 9 | Y100: =X100/2 -> 4.5 | Z100: =T$70+(Y100-T100)/(U100-T100)*(U$70-T$70) -> 134.875
B101: 08-2 | C101: 0 | D101: 2 | E101: 4 | F101: 4 | G101: 5 | H101: 7 | I101: 7 | J101: 7 | K101: 7 | L101: 7 | M101: 7 | N101: 7 | O101: =N101/2 -> 3.5 | P101: =D$70+(O101-D101)/(E101-D101)*(E$70-D$70) -> 122.75 | R101: 0 | S101: 0 | T101: 2 | U101: 4 | V101: 4 | W101: 4 | X101: 6 | Y101: =X101/2 -> 3 | Z101: =T$70+(Y101-T101)/(U101-T101)*(U$70-T$70) -> 134.5
B102: 08-1 | C102: 0 | D102: 2 | E102: 2 | F102: 3 | G102: 5 | H102: 7 | I102: 7 | J102: 7 | K102: 7 | L102: 7 | M102: 7 | N102: 7 | O102: =N102/2 -> 3.5 | P102: =F$70+(O102-F102)/(G102-F102)*(G$70-F$70) -> 124.25 | R102: 0 | S102: 0 | T102: 1 | U102: 3 | V102: 4 | W102: 4 | X102: 5 | Y102: =X102/2 -> 2.5 | Z102: =T$70+(Y102-T102)/(U102-T102)*(U$70-T$70) -> 135.25
B103: 09-1 | C103: 0 | D103: 0 | E103: 1 | F103: 1 | G103: 2 | H103: 4 | I103: 4 | J103: 5 | K103: 5 | M103: 4 | N103: 4 | O103: =N103/2 -> 2 | P103: =F$70+(O103-F103)/(G103-F103)*(G$70-F$70) -> 125 | R103: 0 | S103: 0 | T103: 0 | U103: 1 | W103: 1 | X103: 2 | Y103: =X103/2 -> 1 | Z103: =T$70+(Y103-T103)/(U103-T103)*(U$70-T$70) -> 136
B104: 09-2 | C104: 0 | D104: 1 | E104: 4 | F104: 4 | G104: 6 | H104: 7 | I104: 7 | J104: 7 | K104: 7 | M104: 7 | N104: 7 | O104: =N104/2 -> 3.5 | P104: =D$70+(O104-D104)/(E104-D104)*(E$70-D$70) -> 122.83333 | R104: 0 | S104: 0 | T104: 2 | U104: 4 | W104: 5 | X104: 6 | Y104: =X104/2 -> 3 | Z104: =T$70+(Y104-T104)/(U104-T104)*(U$70-T$70) -> 134.5
B105: 09-3 | C105: 0 | D105: 1 | E105: 2 | F105: 2 | G105: 3 | H105: 8 | I105: 8 | J105: 8 | K105: 8 | M105: 8 | N105: 8 | O105: =N105/2 -> 4 | P105: =G$70+(O105-G105)/(H105-G105)*(H$70-G$70) -> 125.8 | R105: 0 | S105: 0 | T105: 1 | U105: 3 | W105: 3 | X105: 5 | Y105: =X105/2 -> 2.5 | Z105: =T$70+(Y105-T105)/(U105-T105)*(U$70-T$70) -> 135.25
B106: 09-4 | C106: 0 | D106: 3 | E106: 5 | F106: 6 | G106: 6 | H106: 7 | I106: 8 | J106: 8 | K106: 8 | M106: 7 | N106: 7 | O106: =N106/2 -> 3.5 | P106: =D$70+(O106-D106)/(E106-D106)*(E$70-D$70) -> 122.25 | R106: 0 | S106: 0 | T106: 2 | U106: 3 | W106: 6 | X106: 7 | Y106: =X106/2 -> 3.5 | Z106: =U$70+(Y106-U106)/(W106-U106)*(W$70-U$70) -> 137.16667
B107: 10-4 | C107: 1 | D107: 4 | E107: 5 | F107: 5 | G107: 5 | H107: 6 | I107: 6 | J107: 6 | K107: 6 | M107: 6 | N107: 6 | O107: =N107/2 -> 3 | P107: =C$70+(O107-C107)/(D107-C107)*(D$70-C$70) -> 121 | R107: 0 | S107: 1 | T107: 3 | U107: 5 | W107: 6 | X107: 6 | Y107: =X107/2 -> 3 | Z107: =T$70+(Y107-T107)/(U107-T107)*(U$70-T$70) -> 133
B108: 10-3 | C108: 1 | D108: 4 | E108: 9 | F108: 9 | G108: 9 | H108: 11 | I108: 11 | J108: 11 | K108: 11 | M108: 11 | N108: 11 | O108: =N108/2 -> 5.5 | P108: =D$70+(O108-D108)/(E108-D108)*(E$70-D$70) -> 122.3 | R108: 0 | S108: 2 | T108: 5 | U108: 8 | W108: 11 | X108: 11 | Y108: =X108/2 -> 5.5 | Z108: =T$70+(Y108-T108)/(U108-T108)*(U$70-T$70) -> 133.5
B109: 10-2 | C109: 1 | D109: 5 | E109: 5 | F109: 5 | G109: 6 | H109: 9 | I109: 9 | J109: 9 | K109: 9 | M109: 9 | N109: 9 | O109: =N109/2 -> 4.5 | P109: =C$70+(O109-C109)/(D109-C109)*(D$70-C$70) -> 121.625 | R109: 1 | S109: 0 | T109: 2 | U109: 5 | W109: 7 | X109: 9 | Y109: =X109/2 -> 4.5 | Z109: =T$70+(Y109-T109)/(U109-T109)*(U$70-T$70) -> 135.5
B110: 10-1 | C110: 1 | D110: 5 | E110: 8 | F110: 8 | G110: 8 | H110: 9 | I110: 9 | J110: 10 | K110: 10 | M110: 10 | N110: 10 | O110: =N110/2 -> 5 | P110: =D$70+(O110-D110)/(E110-D110)*(E$70-D$70) -> 122 | R110: 1 | S110: 1 | T110: 4 | U110: 7 | W110: 9 | X110: 10 | Y110: =X110/2 -> 5 | Z110: =T$70+(Y110-T110)/(U110-T110)*(U$70-T$70) -> 134
B111: 11-1 | C111: 1 | D111: 4 | E111: 6 | F111: 6 | G111: 6 | H111: 9 | I111: 9 | J111: 9 | K111: 9 | M111: 8 | N111: 8 | O111: =N111/2 -> 4 | P111: =D$70+(O111-D111)/(E111-D111)*(E$70-D$70) -> 122 | R111: 0 | S111: 2 | T111: 5 | U111: 8 | W111: 8 | X111: 8 | Y111: =X111/2 -> 4 | Z111: =S$70+(Y111-S111)/(T111-S111)*(T$70-S$70) -> 132
B112: 11-2 | C112: 1 | D112: 4 | E112: 5 | F112: 5 | G112: 5 | H112: 8 | I112: 9 | J112: 9 | K112: 9 | M112: 9 | N112: 7 | O112: =N112/2 -> 3.5 | P112: =C$70+(O112-C112)/(D112-C112)*(D$70-C$70) -> 121.5 | R112: 1 | S112: 2 | T112: 3 | U112: 6 | W112: 9 | X112: 9 | Y112: =X112/2 -> 4.5 | Z112: =T$70+(Y112-T112)/(U112-T112)*(U$70-T$70) -> 134.5
B113: 11-3 | C113: 1 | D113: 7 | E113: 9 | F113: 9 | G113: 9 | H113: 11 | I113: 11 | J113: 11 | K113: 11 | M113: 11 | N113: 11 | O113: =N113/2 -> 5.5 | P113: =C$70+(O113-C113)/(D113-C113)*(D$70-C$70) -> 121.25 | R113: 0 | S113: 1 | T113: 6 | U113: 7 | W113: 9 | X113: 10 | Y113: =X113/2 -> 5 | Z113: =S$70+(Y113-S113)/(T113-S113)*(T$70-S$70) -> 132.4
...

Sheet Counts1
A1: 2022 | B1: F13b4 | D1: Cotton | I1: date: | K1: 31 May & 6 June 2022
B3: Final density counts | I3: by: | J3: SMM
B4: Counted plants in 1.5 meter North of "LAI" flag (& same relative location in the rows to the East and West of the flagged row). Neutron tubes located in the row to the East, approximately even with the middle plant height flag, so final density count in that row may be shifted North a bit.
D5: 1 row East of flag | F5: 1 row West of flag | K5: 1 row East of flag | L5: At flag | M5: 1 row West of flag
B6: Plot | D6: # plants /1.5 m | E6: # plants /1.5 m | F6: # plants /1.5 m | G6: Ave plants/meter | I6: Plot | K6: # plants /1.5 m | L6: # plants /1.5 m | M6: # plants /1.5 m | N6: Ave plants/meter
B7: 01- | C7: 1 | D7: 13 | E7: 12 | F7: 10 | G7: =(AVERAGE(D7:F7))/1.5 -> 7.7777778 | I7: 04- | J7: 4 | K7: 8 | L7: 10 | M7: 9 | N7: =(AVERAGE(K7:M7))/1.5 -> 6
B8: 01- | C8: 2 | D8: 11 | E8: 11 | F8: 13 | G8: =(AVERAGE(D8:F8))/1.5 -> 7.7777778 | I8: 04- | J8: 3 | K8: 10 | L8: 8 | M8: 11 | N8: =(AVERAGE(K8:M8))/1.5 -> 6.4444444
B9: 01- | C9: 3 | D9: 15 | E9: 16 | F9: 12 | G9: =(AVERAGE(D9:F9))/1.5 -> 9.5555556 | I9: 04- | J9: 2 | K9: 14 | L9: 13 | M9: 16 | N9: =(AVERAGE(K9:M9))/1.5 -> 9.5555556
B10: 01- | C10: 4 | D10: 14 | E10: 13 | F10: 15 | G10: =(AVERAGE(D10:F10))/1.5 -> 9.3333333 | I10: 04- | J10: 1 | K10: 10 | L10: 12 | M10: 12 | N10: =(AVERAGE(K10:M10))/1.5 -> 7.5555556
B11: 02- | C11: 4 | D11: 13 | E11: 12 | F11: 14 | G11: =(AVERAGE(D11:F11))/1.5 -> 8.6666667 | I11: 05- | J11: 1 | K11: 13 | L11: 15 | M11: 14 | N11: =(AVERAGE(K11:M11))/1.5 -> 9.3333333
B12: 02- | C12: 3 | D12: 13 | E12: 13 | F12: 11 | G12: =(AVERAGE(D12:F12))/1.5 -> 8.2222222 | I12: 05- | J12: 2 | K12: 15 | L12: 18 | M12: 12 | N12: =(AVERAGE(K12:M12))/1.5 -> 10
B13: 02- | C13: 2 | D13: 12 | E13: 10 | F13: 13 | G13: =(AVERAGE(D13:F13))/1.5 -> 7.7777778 | I13: 05- | J13: 3 | K13: 14 | L13: 14 | M13: 13 | N13: =(AVERAGE(K13:M13))/1.5 -> 9.1111111
B14: 02- | C14: 1 | D14: 13 | E14: 11 | F14: 14 | G14: =(AVERAGE(D14:F14))/1.5 -> 8.4444444 | I14: 05- | J14: 4 | K14: 13 | L14: 12 | M14: 11 | N14: =(AVERAGE(K14:M14))/1.5 -> 8
B15: 03- | C15: 1 | D15: 12 | E15: 10 | F15: 11 | G15: =(AVERAGE(D15:F15))/1.5 -> 7.3333333 | I15: 06- | J15: 4 | K15: 12 | L15: 11 | M15: 12 | N15: =(AVERAGE(K15:M15))/1.5 -> 7.7777778
B16: 03- | C16: 2 | D16: 15 | E16: 18 | F16: 13 | G16: =(AVERAGE(D16:F16))/1.5 -> 10.222222 | I16: 06- | J16: 3 | K16: 15 | L16: 16 | M16: 14 | N16: =(AVERAGE(K16:M16))/1.5 -> 10
B17: 03- | C17: 3 | D17: 12 | E17: 9 | F17: 11 | G17: =(AVERAGE(D17:F17))/1.5 -> 7.1111111 | I17: 06- | J17: 2 | K17: 12 | L17: 12 | M17: 12 | N17: =(AVERAGE(K17:M17))/1.5 -> 8
B18: 03- | C18: 4 | D18: 13 | E18: 12 | F18: 14 | G18: =(AVERAGE(D18:F18))/1.5 -> 8.6666667 | I18: 06- | J18: 1 | K18: 12 | L18: 10 | M18: 13 | N18: =(AVERAGE(K18:M18))/1.5 -> 7.7777778
D21: 1 row East of flag | F21: 1 row West of flag | K21: 1 row East of flag | L21: At flag | M21: 1 row West of flag
B22: Plot | D22: # plants /1.5 m | E22: # plants /1.5 m | F22: # plants /1.5 m | G22: Ave plants/meter | I22: Plot | K22: # plants /1.5 m | L22: # plants /1.5 m | M22: # plants /1.5 m | N22: Ave plants/meter
B23: 7 | C23: 1 | D23: 11 | E23: 7 | F23: 9 | G23: =(AVERAGE(D23:F23))/1.5 -> 6 | I23: 10 | J23: 4 | K23: 9 | L23: 8 | M23: 10 | N23: =(AVERAGE(K23:M23))/1.5 -> 6
B24: 7 | C24: 2 | D24: 14 | E24: 13 | F24: 12 | G24: =(AVERAGE(D24:F24))/1.5 -> 8.6666667 | I24: 10 | J24: 3 | K24: 13 | L24: 18 | M24: 12 | N24: =(AVERAGE(K24:M24))/1.5 -> 9.5555556
B25: 7 | C25: 3 | D25: 16 | E25: 14 | F25: 14 | G25: =(AVERAGE(D25:F25))/1.5 -> 9.7777778 | I25: 10 | J25: 2 | K25: 14 | L25: 15 | M25: 10 | N25: =(AVERAGE(K25:M25))/1.5 -> 8.6666667
B26: 7 | C26: 4 | D26: 13 | E26: 12 | F26: 12 | G26: =(AVERAGE(D26:F26))/1.5 -> 8.2222222 | I26: 10 | J26: 1 | K26: 16 | L26: 18 | M26: 14 | N26: =(AVERAGE(K26:M26))/1.5 -> 10.666667
B27: 8 | C27: 4 | D27: 12 | E27: 11 | F27: 10 | G27: =(AVERAGE(D27:F27))/1.5 -> 7.3333333 | I27: 11 | J27: 1 | K27: 10 | L27: 11 | M27: 12 | N27: =(AVERAGE(K27:M27))/1.5 -> 7.3333333
B28: 8 | C28: 3 | D28: 15 | E28: 13 | F28: 14 | G28: =(AVERAGE(D28:F28))/1.5 -> 9.3333333 | I28: 11 | J28: 2 | K28: 12 | L28: 12 | M28: 12 | N28: =(AVERAGE(K28:M28))/1.5 -> 8
B29: 8 | C29: 2 | D29: 9 | E29: 11 | F29: 10 | G29: =(AVERAGE(D29:F29))/1.5 -> 6.6666667 | I29: 11 | J29: 3 | K29: 14 | L29: 15 | M29: 11 | N29: =(AVERAGE(K29:M29))/1.5 -> 8.8888889
B30: 8 | C30: 1 | D30: 14 | E30: 11 | F30: 11 | G30: =(AVERAGE(D30:F30))/1.5 -> 8 | I30: 11 | J30: 4 | K30: 10 | L30: 12 | M30: 11 | N30: =(AVERAGE(K30:M30))/1.5 -> 7.3333333
B31: 9 | C31: 1 | D31: 9 | E31: 5 | F31: 6 | G31: =(AVERAGE(D31:F31))/1.5 -> 4.4444444 | I31: 12 | J31: 4 | K31: 7 | L31: 4 | M31: 10 | N31: =(AVERAGE(K31:M31))/1.5 -> 4.6666667
B32: 9 | C32: 2 | D32: 11 | E32: 9 | F32: 11 | G32: =(AVERAGE(D32:F32))/1.5 -> 6.8888889 | I32: 12 | J32: 3 | K32: 9 | L32: 3 | M32: 6 | N32: =(AVERAGE(K32:M32))/1.5 -> 4 | Q32: NG4936 | R32: =AVERAGE(D7:F10,D15:F18,K15:M18,D27:F30,D31:F34,K31:M34) -> 11.513889 | S32: =R32/1.5*1.016 -> 7.7987407
B33: 9 | C33: 3 | D33: 12 | E33: 11 | F33: 13 | G33: =(AVERAGE(D33:F33))/1.5 -> 8 | I33: 12 | J33: 2 | K33: 12 | L33: 13 | M33: 13 | N33: =(AVERAGE(K33:M33))/1.5 -> 8.4444444 | Q33: NG3195 | R33: =AVERAGE(D11:F14,K7:M10,K11:M14,D23:F26,K23:M26,K27:M30) -> 12.388889 | S33: =R33/1.5*1.016 -> 8.3914074
B34: 9 | C34: 4 | D34: 14 | E34: 9 | F34: 10 | G34: =(AVERAGE(D34:F34))/1.5 -> 7.3333333 | I34: 12 | J34: 1 | K34: 10 | L34: 11 | M34: 14 | N34: =(AVERAGE(K34:M34))/1.5 -> 7.7777778

Sheet Counts2
E2: PLAPD
A3: 01-1 | B3: 13 | C3: 12 | D3: 10 | E3: =SUM(B3:D3)/(1.5*1.016*3) -> 7.6552931
A4: 01-2 | B4: 11 | C4: 11 | D4: 13 | E4: =SUM(B4:D4)/(1.5*1.016*3) -> 7.6552931
A5: 01-3 | B5: 15 | C5: 16 | D5: 12 | E5: =SUM(B5:D5)/(1.5*1.016*3) -> 9.4050744
A6: 01-4 | B6: 14 | C6: 13 | D6: 15 | E6: =SUM(B6:D6)/(1.5*1.016*3) -> 9.1863517
A7: 02-4 | B7: 13 | C7: 12 | D7: 14 | E7: =SUM(B7:D7)/(1.5*1.016*3) -> 8.5301837
A8: 02-3 | B8: 13 | C8: 13 | D8: 11 | E8: =SUM(B8:D8)/(1.5*1.016*3) -> 8.0927384
A9: 02-2 | B9: 12 | C9: 10 | D9: 13 | E9: =SUM(B9:D9)/(1.5*1.016*3) -> 7.6552931
A10: 02-1 | B10: 13 | C10: 11 | D10: 14 | E10: =SUM(B10:D10)/(1.5*1.016*3) -> 8.3114611
A11: 03-1 | B11: 12 | C11: 10 | D11: 11 | E11: =SUM(B11:D11)/(1.5*1.016*3) -> 7.2178478
A12: 03-2 | B12: 15 | C12: 18 | D12: 13 | E12: =SUM(B12:D12)/(1.5*1.016*3) -> 10.061242
A13: 03-3 | B13: 12 | C13: 9 | D13: 11 | E13: =SUM(B13:D13)/(1.5*1.016*3) -> 6.9991251
A14: 03-4 | B14: 13 | C14: 12 | D14: 14 | E14: =SUM(B14:D14)/(1.5*1.016*3) -> 8.5301837
... A50: 12-1 | B50: 10 | C50: 11 | D50: 14 | E50: =SUM(B50:D50)/(1.5*1.016*3) -> 7.6552931

Sheet NAWFd186
B1: 2022 | C1: F13b4 | E1: Cotton | G1: date: | H1: 44747
C3: Nodes Above White Flower | G3: by: | H3: SMM
C4: Counting the nodes of the upermost white flower in the 1st position of 9 plants per plot - between the 2 pink flags that mark the location for the Northern and Southern plant heights in a plot.
A6: Plot | C6: TRT | D6: Var | E6: Plot | G6: NAWF | H6: NAWF | I6: NAWF | J6: NAWF | K6: NAWF | L6: NAWF | M6: NAWF | N6: NAWF | O6: NAWF | P6: Average
A7: 01- | B7: 1 | C7: FAO | D7: NG4936 | E7: 01- | F7: 1 | G7: 8 | H7: 8 | I7: 8 | J7: 9 | K7: 9 | L7: 8 | M7: 9 | N7: 9 | O7: 8 | P7: =AVERAGE(H7:O7) -> 8.5
A8: 01- | B8: 2 | C8: FAO-N | D8: NG4936 | E8: 01- | F8: 2 | G8: 8 | H8: 6 | I8: 7 | J8: 8 | K8: 7 | L8: 8 | M8: 7 | N8: 7 | O8: 8 | P8: =AVERAGE(G8:O8) -> 7.3333333
A9: 01- | B9: 3 | C9: AQC-N | D9: NG4936 | E9: 01- | F9: 3 | G9: 9 | H9: 10 | I9: 8 | J9: 8 | K9: 8 | L9: 7 | M9: 7 | N9: 8 | O9: 7 | P9: =AVERAGE(G9:O9) -> 8
A10: 01- | B10: 4 | C10: CSM | D10: NG4936 | E10: 01- | F10: 4 | G10: 8 | H10: 8 | I10: 9 | J10: 7 | K10: 10 | L10: 9 | M10: 9 | N10: 8 | O10: 7 | P10: =AVERAGE(G10:O10) -> 8.3333333
A11: 02- | B11: 4 | C11: CSM | D11: NG3195 | E11: 02- | F11: 4 | G11: 7 | H11: 7 | I11: 7 | J11: 6 | K11: 7 | L11: 8 | M11: 7 | N11: 9 | O11: 8 | P11: =AVERAGE(G11:O11) -> 7.3333333
A12: 02- | B12: 3 | C12: AQC-N | D12: NG3195 | E12: 02- | F12: 3 | G12: 8 | H12: 8 | I12: 9 | J12: 7 | K12: 8 | L12: 9 | M12: 10 | N12: 8 | O12: 9 | P12: =AVERAGE(G12:O12) -> 8.4444444
A13: 02- | B13: 2 | C13: FAO-N | D13: NG3195 | E13: 02- | F13: 2 | G13: 10 | H13: 7 | I13: 7 | J13: 9 | K13: 9 | L13: 8 | M13: 8 | N13: 7 | O13: 9 | P13: =AVERAGE(G13:O13) -> 8.2222222
A14: 02- | B14: 1 | C14: FAO | D14: NG3195 | E14: 02- | F14: 1 | G14: 8 | H14: 8 | I14: 9 | J14: 7 | K14: 8 | L14: 9 | M14: 10 | N14: 9 | O14: 10 | P14: =AVERAGE(G14:O14) -> 8.6666667
A15: 03- | B15: 1 | C15: CSM | D15: NG4936 | E15: 03- | F15: 1 | G15: 9 | H15: 7 | I15: 8 | J15: 7 | K15: 8 | L15: 7 | M15: 7 | N15: 9 | O15: 8 | P15: =AVERAGE(G15:O15) -> 7.7777778
A16: 03- | B16: 2 | C16: CSM-N | D16: NG4936 | E16: 03- | F16: 2 | G16: 8 | H16: 9 | I16: 9 | J16: 8 | K16: 9 | L16: 9 | M16: 8 | N16: 7 | O16: 9 | P16: =AVERAGE(G16:O16) -> 8.4444444
A17: 03- | B17: 3 | C17: AQC | D17: NG4936 | E17: 03- | F17: 3 | G17: 10 | H17: 9 | I17: 9 | J17: 8 | K17: 9 | L17: 10 | M17: 7 | N17: 9 | O17: 8 | P17: =AVERAGE(G17:O17) -> 8.7777778
A18: 03- | B18: 4 | C18: FAO | D18: NG4936 | E18: 03- | F18: 4 | G18: 11 | H18: 7 | I18: 10 | J18: 9 | K18: 9 | L18: 8 | M18: 9 | N18: 7 | O18: 10 | P18: =AVERAGE(G18:O18) -> 8.8888889
A19: 04- | B19: 4 | C19: FAO | D19: NG3195 | E19: 04- | F19: 4 | G19: 8 | H19: 8 | I19: 8 | J19: 9 | K19: 7 | L19: 8 | M19: 9 | N19: 10 | O19: 9 | P19: =AVERAGE(G19:O19) -> 8.4444444
... A54: 12- | B54: 1 | C54: FAO-N | D54: NG4936 | E54: 12- | F54: 1 | G54: 8 | H54: 7 | I54: 7 | J54: 8 | K54: 7 | L54: 7 | M54: 8 | N54: 6 | O54: 7 | P54: =AVERAGE(G54:O54) -> 7.2222222

Sheet NAWFd192
B1: 2022 | C1: F13b4 | E1: Cotton | G1: date: | H1: 44753
C3: Nodes Above White Flower | G3: by: | H3: SMM
C4: Counting the nodes of the upermost white flower in the 1st position of 9 plants per plot - between the 2 pink flags that mark the location for the Northern and Southern plant heights in a plot.
A6: Plot | C6: TRT | D6: Var | E6: Plot | G6: NAWF | H6: NAWF | I6: NAWF | J6: NAWF | K6: NAWF | L6: NAWF | M6: NAWF | N6: NAWF | O6: NAWF | P6: Average
A7: 01- | B7: 1 | C7: FAO | D7: NG4936 | E7: 01- | F7: 1 | G7: 5 | H7: 5 | I7: 7 | J7: 6 | K7: 6 | L7: 7 | M7: 7 | N7: 8 | O7: 7 | P7: =AVERAGE(G7:O7) -> 6.4444444
A8: 01- | B8: 2 | C8: FAO-N | D8: NG4936 | E8: 01- | F8: 2 | G8: 5 | H8: 6 | I8: 7 | J8: 7 | K8: 5 | L8: 6 | M8: 6 | N8: 5 | O8: 5 | P8: =AVERAGE(G8:O8) -> 5.7777778
A9: 01- | B9: 3 | C9: AQC-N | D9: NG4936 | E9: 01- | F9: 3 | G9: 5 | H9: 7 | I9: 6 | J9: 6 | K9: 7 | L9: 7 | M9: 6 | N9: 7 | O9: 6 | P9: =AVERAGE(G9:O9) -> 6.3333333
A10: 01- | B10: 4 | C10: CSM | D10: NG4936 | E10: 01- | F10: 4 | G10: 7 | H10: 7 | I10: 6 | J10: 5 | K10: 7 | L10: 7 | M10: 7 | N10: 6 | O10: 6 | P10: =AVERAGE(G10:O10) -> 6.4444444
A11: 02- | B11: 4 | C11: CSM | D11: NG3195 | E11: 02- | F11: 4 | G11: 5 | H11: 5 | I11: 6 | J11: 7 | K11: 6 | L11: 6 | M11: 6 | N11: 5 | O11: 5 | P11: =AVERAGE(G11:O11) -> 5.6666667
A12: 02- | B12: 3 | C12: AQC-N | D12: NG3195 | E12: 02- | F12: 3 | G12: 6 | H12: 6 | I12: 6 | J12: 7 | K12: 7 | L12: 6 | M12: 5 | N12: 6 | O12: 6 | P12: =AVERAGE(G12:O12) -> 6.1111111
A13: 02- | B13: 2 | C13: FAO-N | D13: NG3195 | E13: 02- | F13: 2 | G13: 7 | H13: 8 | I13: 7 | J13: 6 | K13: 6 | L13: 6 | M13: 5 | N13: 6 | O13: 6 | P13: =AVERAGE(G13:O13) -> 6.3333333
A14: 02- | B14: 1 | C14: FAO | D14: NG3195 | E14: 02- | F14: 1 | G14: 7 | H14: 6 | I14: 7 | J14: 7 | K14: 8 | L14: 7 | M14: 6 | N14: 6 | O14: 6 | P14: =AVERAGE(G14:O14) -> 6.6666667
A15: 03- | B15: 1 | C15: CSM | D15: NG4936 | E15: 03- | F15: 1 | G15: 6 | H15: 6 | I15: 7 | J15: 6 | K15: 5 | L15: 6 | M15: 7 | N15: 6 | O15: 6 | P15: =AVERAGE(G15:O15) -> 6.1111111
A16: 03- | B16: 2 | C16: CSM-N | D16: NG4936 | E16: 03- | F16: 2 | G16: 6 | H16: 6 | I16: 6 | J16: 7 | K16: 7 | L16: 6 | M16: 6 | N16: 6 | O16: 6 | P16: =AVERAGE(G16:O16) -> 6.2222222
A17: 03- | B17: 3 | C17: AQC | D17: NG4936 | E17: 03- | F17: 3 | G17: 7 | H17: 6 | I17: 7 | J17: 7 | K17: 7 | L17: 7 | M17: 8 | N17: 6 | O17: 7 | P17: =AVERAGE(G17:O17) -> 6.8888889
A18: 03- | B18: 4 | C18: FAO | D18: NG4936 | E18: 03- | F18: 4 | G18: 7 | H18: 8 | I18: 7 | J18: 7 | K18: 8 | L18: 7 | M18: 7 | N18: 6 | O18: 7 | P18: =AVERAGE(G18:O18) -> 7.1111111
... A54: 12- | B54: 1 | C54: FAO-N | D54: NG4936 | E54: 12- | F54: 1 | G54: 7 | H54: 6 | I54: 6 | J54: 7 | K54: 7 | L54: 5 | M54: 6 | N54: 5 | O54: 6 | P54: =AVERAGE(G54:O54) -> 6.1111111

Sheet NAWFd206
B1: 2022 | C1: F13b4 | E1: Cotton | G1: date: | H1: 44767
C3: Nodes Above White Flower | G3: by: | H3: SMM
C4: Counting the nodes of the upermost white flower in the 1st position of 9 plants per plot - between the 2 pink flags that mark the location for the Northern and Southern plant heights in a plot.
A6: Plot | C6: TRT | D6: Var | E6: Plot | G6: NAWF | H6: NAWF | I6: NAWF | J6: NAWF | K6: NAWF | L6: NAWF | M6: NAWF | N6: NAWF | O6: NAWF | P6: Average
A7: 01- | B7: 1 | C7: FAO | D7: NG4936 | E7: 01- | F7: 1 | G7: 2 | H7: 2 | I7: 3 | J7: 3 | K7: 3 | L7: 3 | M7: 3 | N7: 3 | O7: 3 | P7: =AVERAGE(G7:O7) -> 2.7777778
A8: 01- | B8: 2 | C8: FAO-N | D8: NG4936 | E8: 01- | F8: 2 | G8: 3 | H8: 2 | I8: 3 | J8: 4 | K8: 3 | L8: 3 | M8: 2 | N8: 3 | O8: 3 | P8: =AVERAGE(G8:O8) -> 2.8888889
A9: 01- | B9: 3 | C9: AQC-N | D9: NG4936 | E9: 01- | F9: 3 | G9: 4 | H9: 4 | I9: 2 | J9: 3 | K9: 4 | L9: 3 | M9: 3 | N9: 4 | O9: 3 | P9: =AVERAGE(G9:O9) -> 3.3333333
A10: 01- | B10: 4 | C10: CSM | D10: NG4936 | E10: 01- | F10: 4 | G10: 2 | H10: 3 | I10: 3 | J10: 3 | K10: 4 | L10: 3 | M10: 5 | N10: 4 | O10: 5 | P10: =AVERAGE(G10:O10) -> 3.5555556
A11: 02- | B11: 4 | C11: CSM | D11: NG3195 | E11: 02- | F11: 4 | G11: 2 | H11: 3 | I11: 3 | J11: 3 | K11: 3 | L11: 4 | M11: 5 | N11: 4 | O11: 3 | P11: =AVERAGE(G11:O11) -> 3.3333333
A12: 02- | B12: 3 | C12: AQC-N | D12: NG3195 | E12: 02- | F12: 3 | G12: 2 | H12: 2 | I12: 2 | J12: 3 | K12: 3 | L12: 3 | M12: 3 | N12: 3 | O12: 3 | P12: =AVERAGE(G12:O12) -> 2.6666667
A13: 02- | B13: 2 | C13: FAO-N | D13: NG3195 | E13: 02- | F13: 2 | G13: 2 | H13: 2 | I13: 3 | J13: 3 | K13: 3 | L13: 2 | M13: 3 | N13: 2 | O13: 4 | P13: =AVERAGE(G13:O13) -> 2.6666667
A14: 02- | B14: 1 | C14: FAO | D14: NG3195 | E14: 02- | F14: 1 | G14: 3 | H14: 2 | I14: 3 | J14: 3 | K14: 4 | L14: 5 | M14: 5 | N14: 5 | O14: 4 | P14: =AVERAGE(G14:O14) -> 3.7777778
A15: 03- | B15: 1 | C15: CSM | D15: NG4936 | E15: 03- | F15: 1 | G15: 4 | H15: 3 | I15: 3 | J15: 3 | K15: 2 | L15: 3 | M15: 4 | N15: 5 | O15: 4 | P15: =AVERAGE(G15:O15) -> 3.4444444
A16: 03- | B16: 2 | C16: CSM-N | D16: NG4936 | E16: 03- | F16: 2 | G16: 2 | H16: 3 | I16: 2 | J16: 3 | K16: 3 | L16: 3 | M16: 3 | N16: 2 | O16: 3 | P16: =AVERAGE(G16:O16) -> 2.6666667
A17: 03- | B17: 3 | C17: AQC | D17: NG4936 | E17: 03- | F17: 3 | G17: 5 | H17: 6 | I17: 4 | J17: 4 | K17: 4 | L17: 3 | M17: 4 | N17: 2 | O17: 3 | P17: =AVERAGE(G17:O17) -> 3.8888889
A18: 03- | B18: 4 | C18: FAO | D18: NG4936 | E18: 03- | F18: 4 | G18: 4 | H18: 3 | I18: 4 | J18: 4 | K18: 4 | L18: 5 | M18: 4 | N18: 4 | O18: 4 | P18: =AVERAGE(G18:O18) -> 4
... A54: 12- | B54: 1 | C54: FAO-N | D54: NG4936 | E54: 12- | F54: 1 | G54: 3 | H54: 2 | I54: 2 | J54: 1 | K54: 2 | L54: 3 | M54: 4 | N54: 4 | O54: 4 | P54: =AVERAGE(G54:O54) -> 2.7777778

Sheet NAWFd220
B1: 2022 | C1: F13b4 | E1: Cotton | G1: date: | H1: 44781
C3: Nodes Above White Flower | G3: by: | H3: SMM
C4: Counting the nodes of the upermost white flower in the 1st position of 9 plants per plot - between the 2 pink flags that mark the location for the Northern and Southern plant heights in a plot.
A6: Plot | C6: TRT | D6: Var | E6: Plot | G6: NAWF | H6: NAWF | I6: NAWF | J6: NAWF | K6: NAWF | L6: NAWF | M6: NAWF | N6: NAWF | O6: NAWF | P6: Average
A7: 01- | B7: 1 | C7: FAO | D7: NG4936 | E7: 01- | F7: 1 | G7: 2 | H7: 4 | I7: 5 | J7: 4 | K7: 4 | L7: 3 | M7: 4 | N7: 3 | O7: 3 | P7: =AVERAGE(G7:O7) -> 3.5555556
A8: 01- | B8: 2 | C8: FAO-N | D8: NG4936 | E8: 01- | F8: 2 | G8: 3 | H8: 2 | I8: 3 | J8: 4 | K8: 4 | L8: 4 | M8: 3 | N8: 4 | O8: 3 | P8: =AVERAGE(G8:O8) -> 3.3333333
A9: 01- | B9: 3 | C9: AQC-N | D9: NG4936 | E9: 01- | F9: 3 | G9: 4 | H9: 4 | I9: 3 | J9: 3 | K9: 3 | L9: 4 | M9: 3 | N9: 3 | O9: 3 | P9: =AVERAGE(G9:O9) -> 3.3333333
A10: 01- | B10: 4 | C10: CSM | D10: NG4936 | E10: 01- | F10: 4 | G10: 4 | H10: 3 | I10: 4 | J10: 4 | K10: 2 | L10: 3 | M10: 3 | N10: 4 | O10: 4 | P10: =AVERAGE(G10:O10) -> 3.4444444
A11: 02- | B11: 4 | C11: CSM | D11: NG3195 | E11: 02- | F11: 4 | G11: 5 | H11: 6 | I11: 5 | J11: 5 | K11: 4 | L11: 5 | M11: 5 | N11: 5 | O11: 4 | P11: =AVERAGE(G11:O11) -> 4.8888889
A12: 02- | B12: 3 | C12: AQC-N | D12: NG3195 | E12: 02- | F12: 3 | G12: 2 | H12: 3 | I12: 3 | J12: 4 | K12: 3 | L12: 3 | M12: 3 | N12: 3 | O12: 3 | P12: =AVERAGE(G12:O12) -> 3
A13: 02- | B13: 2 | C13: FAO-N | D13: NG3195 | E13: 02- | F13: 2 | G13: 3 | H13: 3 | I13: 3 | J13: 4 | K13: 3 | L13: 3 | M13: 4 | N13: 3 | O13: 4 | P13: =AVERAGE(G13:O13) -> 3.3333333
A14: 02- | B14: 1 | C14: FAO | D14: NG3195 | E14: 02- | F14: 1 | G14: 3 | H14: 4 | I14: 4 | J14: 4 | K14: 4 | L14: 4 | M14: 3 | N14: 4 | O14: 3 | P14: =AVERAGE(G14:O14) -> 3.6666667
A15: 03- | B15: 1 | C15: CSM | D15: NG4936 | E15: 03- | F15: 1 | G15: 4 | H15: 3 | I15: 3 | J15: 4 | K15: 3 | L15: 3 | M15: 4 | N15: 5 | O15: 4 | P15: =AVERAGE(G15:O15) -> 3.6666667
A16: 03- | B16: 2 | C16: CSM-N | D16: NG4936 | E16: 03- | F16: 2 | G16: 4 | H16: 4 | I16: 3 | J16: 4 | K16: 3 | L16: 4 | M16: 4 | N16: 3 | O16: 4 | P16: =AVERAGE(G16:O16) -> 3.6666667
A17: 03- | B17: 3 | C17: AQC | D17: NG4936 | E17: 03- | F17: 3 | G17: 3 | H17: 5 | I17: 4 | J17: 3 | K17: 4 | L17: 4 | M17: 4 | N17: 3 | O17: 3 | P17: =AVERAGE(G17:O17) -> 3.6666667
A18: 03- | B18: 4 | C18: FAO | D18: NG4936 | E18: 03- | F18: 4 | G18: 6 | H18: 5 | I18: 5 | J18: 4 | K18: 5 | L18: 5 | M18: 4 | N18: 5 | O18: 5 | P18: =AVERAGE(G18:O18) -> 4.8888889
... A54: 12- | B54: 1 | C54: FAO-N | D54: NG4936 | E54: 12- | F54: 1 | G54: 2 | H54: 4 | I54: 4 | J54: 3 | K54: 2 | L54: 4 | M54: 4 | N54: 4 | O54: 4 | P54: =AVERAGE(G54:O54) -> 3.4444444

Sheet NAWFd227
B1: 2022 | C1: F13b4 | E1: Cotton | G1: date: | H1: 44788
C3: Nodes Above White Flower | G3: by: | H3: SMM
C4: Counting the nodes of the upermost white flower in the 1st position of 9 plants per plot - between the 2 pink flags that mark the location for the Northern and Southern plant heights in a plot.
A6: Plot | C6: TRT | D6: Var | E6: Plot | G6: NAWF | H6: NAWF | I6: NAWF | J6: NAWF | K6: NAWF | L6: NAWF | M6: NAWF | N6: NAWF | O6: NAWF | P6: Average
A7: 01- | B7: 1 | C7: FAO | D7: NG4936 | E7: 01- | F7: 1 | G7: 2 | H7: 3 | I7: 3 | J7: 3 | K7: 3 | L7: 3 | M7: 3 | N7: 4 | O7: 3 | P7: =AVERAGE(G7:O7) -> 3
A8: 01- | B8: 2 | C8: FAO-N | D8: NG4936 | E8: 01- | F8: 2 | G8: 1 | H8: 2 | I8: 1 | J8: 2 | K8: 1 | L8: 2 | M8: 1 | N8: 2 | O8: 1 | P8: =AVERAGE(G8:O8) -> 1.4444444
A9: 01- | B9: 3 | C9: AQC-N | D9: NG4936 | E9: 01- | F9: 3 | G9: 2 | H9: 2 | I9: 1 | J9: 1 | K9: 1 | L9: 1 | M9: 2 | N9: 2 | O9: 1 | P9: =AVERAGE(G9:O9) -> 1.4444444
A10: 01- | B10: 4 | C10: CSM | D10: NG4936 | E10: 01- | F10: 4 | G10: 4 | H10: 2 | I10: 3 | J10: 2 | K10: 3 | L10: 4 | M10: 4 | N10: 3 | O10: 2 | P10: =AVERAGE(G10:O10) -> 3
A11: 02- | B11: 4 | C11: CSM | D11: NG3195 | E11: 02- | F11: 4 | G11: 3 | H11: 3 | I11: 4 | J11: 4 | K11: 5 | L11: 4 | M11: 5 | N11: 3 | O11: 4 | P11: =AVERAGE(G11:O11) -> 3.8888889
A12: 02- | B12: 3 | C12: AQC-N | D12: NG3195 | E12: 02- | F12: 3 | G12: 2 | H12: 2 | I12: 2 | J12: 3 | K12: 1 | L12: 1 | M12: 2 | N12: 1 | O12: 2 | P12: =AVERAGE(G12:O12) -> 1.7777778
A13: 02- | B13: 2 | C13: FAO-N | D13: NG3195 | E13: 02- | F13: 2 | G13: 2 | H13: 1 | I13: 3 | J13: 1 | K13: 2 | L13: 1 | M13: 1 | N13: 2 | O13: 3 | P13: =AVERAGE(G13:O13) -> 1.7777778
A14: 02- | B14: 1 | C14: FAO | D14: NG3195 | E14: 02- | F14: 1 | G14: 4 | H14: 3 | I14: 3 | J14: 2 | K14: 4 | L14: 4 | M14: 4 | N14: 3 | O14: 4 | P14: =AVERAGE(G14:O14) -> 3.4444444
A15: 03- | B15: 1 | C15: CSM | D15: NG4936 | E15: 03- | F15: 1 | G15: 2 | H15: 3 | I15: 3 | J15: 4 | K15: 4 | L15: 3 | M15: 3 | N15: 3 | O15: 3 | P15: =AVERAGE(G15:O15) -> 3.1111111
A16: 03- | B16: 2 | C16: CSM-N | D16: NG4936 | E16: 03- | F16: 2 | G16: 4 | H16: 4 | I16: 3 | J16: 4 | K16: 4 | L16: 3 | M16: 3 | N16: 3 | O16: 3 | P16: =AVERAGE(G16:O16) -> 3.4444444
A17: 03- | B17: 3 | C17: AQC | D17: NG4936 | E17: 03- | F17: 3 | G17: 2 | H17: 3 | I17: 4 | J17: 3 | K17: 4 | L17: 3 | M17: 3 | N17: 3 | O17: 3 | P17: =AVERAGE(G17:O17) -> 3.1111111
A18: 03- | B18: 4 | C18: FAO | D18: NG4936 | E18: 03- | F18: 4 | G18: 5 | H18: 6 | I18: 4 | J18: 5 | K18: 5 | L18: 4 | M18: 4 | N18: 4 | O18: 4 | P18: =AVERAGE(G18:O18) -> 4.5555556
... A54: 12- | B54: 1 | C54: FAO-N | D54: NG4936 | E54: 12- | F54: 1 | G54: 2 | H54: 3 | I54: 2 | J54: 3 | K54: 3 | L54: 3 | M54: 2 | N54: 2 | O54: 2 | P54: =AVERAGE(G54:O54) -> 2.4444444

Sheet NAWFd234-235
B1: 2022 | C1: F13b4 | E1: Cotton | G1: date: | H1: 22&23 Aug 2022
C3: Nodes Above White Flower | G3: by: | H3: SMM
C4: Counting the nodes of the upermost white flower in the 1st position of 9 plants per plot - between the 2 pink flags that mark the location for the Northern and Southern plant heights in a plot.
A6: Plot | C6: TRT | D6: Var | E6: Plot | G6: NAWF | H6: NAWF | I6: NAWF | J6: NAWF | K6: NAWF | L6: NAWF | M6: NAWF | N6: NAWF | O6: NAWF | P6: Average
A7: 01- | B7: 1 | C7: FAO | D7: NG4936 | E7: 01- | F7: 1 | G7: 2 | H7: 3 | I7: 2 | J7: 3 | K7: 4 | L7: 3 | M7: 3 | N7: 3 | O7: 3 | P7: =AVERAGE(G7:O7) -> 2.8888889
A8: 01- | B8: 2 | C8: FAO-N | D8: NG4936 | E8: 01- | F8: 2 | G8: 2 | H8: 1 | I8: 2 | J8: 1 | K8: 0 | L8: 1 | M8: 1 | N8: 1 | O8: 1 | P8: =AVERAGE(G8:O8) -> 1.1111111
A9: 01- | B9: 3 | C9: AQC-N | D9: NG4936 | E9: 01- | F9: 3 | G9: 0 | H9: 1 | I9: 1 | J9: 2 | K9: 1 | L9: 1 | M9: 2 | N9: 0 | O9: 1 | P9: =AVERAGE(G9:O9) -> 1
A10: 01- | B10: 4 | C10: CSM | D10: NG4936 | E10: 01- | F10: 4 | G10: 3 | H10: 2 | I10: 3 | J10: 3 | K10: 4 | L10: 3 | M10: 4 | N10: 3 | O10: 2 | P10: =AVERAGE(G10:O10) -> 3
A11: 02- | B11: 4 | C11: CSM | D11: NG3195 | E11: 02- | F11: 4 | G11: 4 | H11: 3 | I11: 5 | J11: 4 | K11: 3 | L11: 3 | M11: 4 | N11: 4 | O11: 3 | P11: =AVERAGE(G11:O11) -> 3.6666667
A12: 02- | B12: 3 | C12: AQC-N | D12: NG3195 | E12: 02- | F12: 3 | G12: 2 | H12: 1 | I12: 1 | J12: 1 | K12: 2 | L12: 3 | M12: 1 | N12: 2 | O12: 2 | P12: =AVERAGE(G12:O12) -> 1.6666667
A13: 02- | B13: 2 | C13: FAO-N | D13: NG3195 | E13: 02- | F13: 2 | G13: 2 | H13: 0 | I13: 1 | J13: 1 | K13: 1 | L13: 2 | M13: 2 | N13: 1 | O13: 2 | P13: =AVERAGE(G13:O13) -> 1.3333333
A14: 02- | B14: 1 | C14: FAO | D14: NG3195 | E14: 02- | F14: 1 | G14: 3 | H14: 4 | I14: 4 | J14: 3 | K14: 4 | L14: 5 | M14: 3 | N14: 3 | O14: 3 | P14: =AVERAGE(G14:O14) -> 3.5555556
A15: 03- | B15: 1 | C15: CSM | D15: NG4936 | E15: 03- | F15: 1 | G15: 3 | H15: 2 | I15: 2 | J15: 3 | K15: 4 | L15: 3 | M15: 5 | N15: 4 | O15: 3 | P15: =AVERAGE(G15:O15) -> 3.2222222
A16: 03- | B16: 2 | C16: CSM-N | D16: NG4936 | E16: 03- | F16: 2 | G16: 4 | H16: 3 | I16: 4 | J16: 3 | K16: 2 | L16: 3 | M16: 3 | N16: 4 | O16: 3 | P16: =AVERAGE(G16:O16) -> 3.2222222
A17: 03- | B17: 3 | C17: AQC | D17: NG4936 | E17: 03- | F17: 3 | G17: 3 | H17: 2 | I17: 3 | J17: 4 | K17: 3 | L17: 4 | M17: 4 | N17: 3 | O17: 3 | P17: =AVERAGE(G17:O17) -> 3.2222222
A18: 03- | B18: 4 | C18: FAO | D18: NG4936 | E18: 03- | F18: 4 | G18: 5 | H18: 4 | I18: 4 | J18: 5 | K18: 4 | L18: 5 | M18: 5 | N18: 4 | O18: 3 | P18: =AVERAGE(G18:O18) -> 4.3333333
... A54: 12- | B54: 1 | C54: FAO-N | D54: NG4936 | E54: 12- | F54: 1 | G54: 3 | H54: 4 | I54: 3 | J54: 2 | K54: 1 | L54: 1 | M54: 2 | N54: 1 | O54: 1 | P54: =AVERAGE(G54:O54) -> 2

Sheet NAWFd241
B1: 2022 | C1: F13b4 | E1: Cotton | G1: date: | H1: 44802
C3: Nodes Above White Flower | G3: by: | H3: SMM
C4: Counting the nodes of the upermost white flower in the 1st position of 9 plants per plot - between the 2 pink flags that mark the location for the Northern and Southern plant heights in a plot.
A6: Plot | C6: TRT | D6: Var | E6: Plot | G6: NAWF | H6: NAWF | I6: NAWF | J6: NAWF | K6: NAWF | L6: NAWF | M6: NAWF | N6: NAWF | O6: NAWF | P6: Average
A7: 01- | B7: 1 | C7: FAO | D7: NG4936 | E7: 01- | F7: 1 | G7: 2 | H7: 1 | I7: 4 | J7: 4 | K7: 4 | L7: 4 | M7: 3 | N7: 4 | O7: 2 | P7: =AVERAGE(G7:O7) -> 3.1111111
A8: 01- | B8: 2 | C8: FAO-N | D8: NG4936 | E8: 01- | F8: 2 | G8: 1 | H8: 1 | I8: 2 | J8: 1 | K8: 0 | L8: 0 | M8: 1 | N8: 1 | O8: 1 | P8: =AVERAGE(G8:O8) -> 0.88888889
A9: 01- | B9: 3 | C9: AQC-N | D9: NG4936 | E9: 01- | F9: 3 | G9: 1 | H9: 1 | I9: 0 | J9: 1 | K9: 0 | L9: 0 | M9: 1 | N9: 0 | O9: 1 | P9: =AVERAGE(G9:O9) -> 0.55555556
A10: 01- | B10: 4 | C10: CSM | D10: NG4936 | E10: 01- | F10: 4 | G10: 2 | H10: 2 | I10: 3 | J10: 3 | K10: 2 | L10: 3 | M10: 3 | N10: 3 | O10: 3 | P10: =AVERAGE(G10:O10) -> 2.6666667
A11: 02- | B11: 4 | C11: CSM | D11: NG3195 | E11: 02- | F11: 4 | G11: 3 | H11: 3 | I11: 2 | J11: 3 | K11: 4 | L11: 3 | M11: 3 | N11: 3 | O11: 3 | P11: =AVERAGE(G11:O11) -> 3
A12: 02- | B12: 3 | C12: AQC-N | D12: NG3195 | E12: 02- | F12: 3 | G12: 1 | H12: 1 | I12: 1 | J12: 1 | K12: 1 | L12: 1 | M12: 1 | N12: 1 | O12: 2 | P12: =AVERAGE(G12:O12) -> 1.1111111
A13: 02- | B13: 2 | C13: FAO-N | D13: NG3195 | E13: 02- | F13: 2 | G13: 0 | H13: 0 | I13: 0 | J13: 1 | K13: 0 | L13: 0 | M13: 1 | N13: 1 | O13: 3 | P13: =AVERAGE(G13:O13) -> 0.66666667
A14: 02- | B14: 1 | C14: FAO | D14: NG3195 | E14: 02- | F14: 1 | G14: 2 | H14: 3 | I14: 3 | J14: 4 | K14: 3 | L14: 3 | M14: 3 | N14: 3 | O14: 3 | P14: =AVERAGE(G14:O14) -> 3
A15: 03- | B15: 1 | C15: CSM | D15: NG4936 | E15: 03- | F15: 1 | G15: 3 | H15: 3 | I15: 2 | J15: 2 | K15: 2 | L15: 2 | M15: 1 | N15: 2 | O15: 3 | P15: =AVERAGE(G15:O15) -> 2.2222222
A16: 03- | B16: 2 | C16: CSM-N | D16: NG4936 | E16: 03- | F16: 2 | G16: 3 | H16: 3 | I16: 2 | J16: 2 | K16: 3 | L16: 3 | M16: 3 | N16: 2 | O16: 3 | P16: =AVERAGE(G16:O16) -> 2.6666667
A17: 03- | B17: 3 | C17: AQC | D17: NG4936 | E17: 03- | F17: 3 | G17: 3 | H17: 3 | I17: 2 | J17: 3 | K17: 3 | L17: 2 | M17: 2 | N17: 3 | O17: 2 | P17: =AVERAGE(G17:O17) -> 2.5555556
A18: 03- | B18: 4 | C18: FAO | D18: NG4936 | E18: 03- | F18: 4 | G18: 4 | H18: 3 | I18: 4 | J18: 3 | K18: 4 | L18: 4 | M18: 4 | N18: 3 | O18: 3 | P18: =AVERAGE(G18:O18) -> 3.5555556
... A54: 12- | B54: 1 | C54: FAO-N | D54: NG4936 | E54: 12- | F54: 1 | G54: 2 | H54: 1 | I54: 1 | J54: 1 | K54: 1 | L54: 1 | M54: 0 | N54: 1 | O54: 0 | P54: =AVERAGE(G54:O54) -> 0.88888889

Sheet NAWFd251
B1: 2022 | C1: F13b4 | E1: Cotton | G1: date: | H1: 44812
C3: Nodes Above White Flower | G3: by: | H3: SMM
C4: Counting the nodes of the upermost white flower in the 1st position of 9 plants per plot - between the 2 pink flags that mark the location for the Northern and Southern plant heights in a plot. | K4: "--" = couldn't find a plant with a white flower in the 1st node position
A6: Plot | C6: TRT | D6: Var | E6: Plot | G6: NAWF | H6: NAWF | I6: NAWF | J6: NAWF | K6: NAWF | L6: NAWF | M6: NAWF | N6: NAWF | O6: NAWF | P6: Average
A7: 01- | B7: 1 | C7: FAO | D7: NG4936 | E7: 01- | F7: 1 | G7: 0 | H7: 0 | I7: 1 | J7: 1 | K7: 1 | L7: 1 | M7: 1 | N7: 0 | O7: 1 | P7: =AVERAGE(G7:O7) -> 0.66666667
A8: 01- | B8: 2 | C8: FAO-N | D8: NG4936 | E8: 01- | F8: 2 | G8: 0 | H8: 0 | I8: 0 | J8: 0 | K8: 0 | L8: 1 | M8: 0 | N8: 0 | O8: 0 | P8: =AVERAGE(G8:O8) -> 0.11111111
A9: 01- | B9: 3 | C9: AQC-N | D9: NG4936 | E9: 01- | F9: 3 | G9: 0 | H9: -- | I9: -- | J9: -- | K9: -- | L9: -- | M9: -- | N9: -- | O9: -- | P9: =AVERAGE(G9:O9) -> 0
A10: 01- | B10: 4 | C10: CSM | D10: NG4936 | E10: 01- | F10: 4 | G10: 1 | H10: 2 | I10: 1 | J10: 0 | K10: 1 | L10: 2 | M10: 1 | N10: 2 | O10: 2 | P10: =AVERAGE(G10:O10) -> 1.3333333
A11: 02- | B11: 4 | C11: CSM | D11: NG3195 | E11: 02- | F11: 4 | G11: 1 | H11: 1 | I11: 1 | J11: 0 | K11: 1 | L11: 0 | M11: 1 | N11: 1 | O11: 1 | P11: =AVERAGE(G11:O11) -> 0.77777778
A12: 02- | B12: 3 | C12: AQC-N | D12: NG3195 | E12: 02- | F12: 3 | G12: 0 | H12: 0 | I12: 1 | J12: 1 | K12: 0 | L12: -- | M12: -- | N12: -- | O12: -- | P12: =AVERAGE(G12:O12) -> 0.4
A13: 02- | B13: 2 | C13: FAO-N | D13: NG3195 | E13: 02- | F13: 2 | G13: 0 | H13: 0 | I13: 1 | J13: 1 | K13: 1 | L13: 1 | M13: 1 | N13: 1 | O13: 1 | P13: =AVERAGE(G13:O13) -> 0.77777778
A14: 02- | B14: 1 | C14: FAO | D14: NG3195 | E14: 02- | F14: 1 | G14: 1 | H14: 1 | I14: 1 | J14: 1 | K14: 2 | L14: 2 | M14: 1 | N14: 1 | O14: 2 | P14: =AVERAGE(G14:O14) -> 1.3333333
A15: 03- | B15: 1 | C15: CSM | D15: NG4936 | E15: 03- | F15: 1 | G15: 1 | H15: 1 | I15: 2 | J15: 1 | K15: 1 | L15: 2 | M15: 2 | N15: 2 | O15: 2 | P15: =AVERAGE(G15:O15) -> 1.5555556
A16: 03- | B16: 2 | C16: CSM-N | D16: NG4936 | E16: 03- | F16: 2 | G16: 2 | H16: 1 | I16: 1 | J16: 2 | K16: 1 | L16: 2 | M16: 2 | N16: 1 | O16: 1 | P16: =AVERAGE(G16:O16) -> 1.4444444
A17: 03- | B17: 3 | C17: AQC | D17: NG4936 | E17: 03- | F17: 3 | G17: 1 | H17: 1 | I17: 0 | J17: 0 | K17: 1 | L17: 1 | M17: 1 | N17: 0 | O17: 0 | P17: =AVERAGE(G17:O17) -> 0.55555556
A18: 03- | B18: 4 | C18: FAO | D18: NG4936 | E18: 03- | F18: 4 | G18: 2 | H18: 1 | I18: 2 | J18: 1 | K18: 1 | L18: 2 | M18: 2 | N18: 2 | O18: 1 | P18: =AVERAGE(G18:O18) -> 1.5555556
A19: 04- | B19: 4 | C19: FAO | D19: NG3195 | E19: 04- | F19: 4 | G19: 1 | H19: 2 | I19: 2 | J19: 2 | K19: 2 | L19: 2 | M19: 1 | N19: 2 | O19: 1 | P19: =AVERAGE(G19:O19) -> 1.6666667
A20: 04- | B20: 3 | C20: AQC | D20: NG3195 | E20: 04- | F20: 3 | G20: 0 | H20: 0 | I20: 1 | J20: 1 | K20: 1 | L20: 0 | M20: 1 | N20: 1 | O20: 1 | P20: =AVERAGE(G20:O20) -> 0.66666667
A21: 04- | B21: 2 | C21: CSM-N | D21: NG3195 | E21: 04- | F21: 2 | G21: 0 | H21: 0 | I21: 1 | J21: 0 | K21: 1 | L21: 1 | M21: 1 | N21: 0 | O21: 1 | P21: =AVERAGE(G21:O21) -> 0.55555556
A22: 04- | B22: 1 | C22: CSM | D22: NG3195 | E22: 04- | F22: 1 | G22: 1 | H22: 1 | I22: 1 | J22: 2 | K22: 1 | L22: 1 | M22: 2 | N22: 1 | O22: 1 | P22: =AVERAGE(G22:O22) -> 1.2222222
A23: 05- | B23: 1 | C23: AQC | D23: NG3195 | E23: 05- | F23: 1 | G23: 2 | H23: 1 | I23: 2 | J23: 2 | K23: 2 | L23: 3 | M23: 2 | N23: 1 | O23: 2 | P23: =AVERAGE(G23:O23) -> 1.8888889
A24: 05- | B24: 2 | C24: AQC-N | D24: NG3195 | E24: 05- | F24: 2 | G24: 1 | H24: 0 | I24: 0 | J24: 1 | K24: 2 | L24: 1 | M24: 1 | N24: 1 | O24: 1 | P24: =AVERAGE(G24:O24) -> 0.88888889
... A26: 05- | B26: 4 | C26: CSM-N | D26: NG3195 | E26: 05- | F26: 4 | G26: 2 | H26: 1 | I26: 2 | J26: 3 | K26: 2 | L26: 2 | M26: 1 | N26: 2 | O26: 0 | P26: =AVERAGE(G26:O26) -> 1.6666667
A27: 06- | B27: 4 | C27: CSM-N | D27: NG4936 | E27: 06- | F27: 4 | G27: 1 | H27: 0 | I27: 0 | J27: 0 | K27: 2 | L27: 2 | M27: 0 | N27: -- | O27: -- | P27: =AVERAGE(G27:O27) -> 0.71428571
A28: 06- | B28: 3 | C28: FAO-N | D28: NG4936 | E28: 06- | F28: 3 | G28: 0 | H28: 0 | I28: 1 | J28: 1 | K28: 0 | L28: 0 | M28: -- | N28: -- | O28: -- | P28: =AVERAGE(G28:O28) -> 0.33333333
A29: 06- | B29: 2 | C29: AQC-N | D29: NG4936 | E29: 06- | F29: 2 | G29: 0 | H29: 1 | I29: 1 | J29: 0 | K29: 1 | L29: -- | M29: -- | N29: -- | O29: -- | P29: =AVERAGE(G29:O29) -> 0.6
A30: 06- | B30: 1 | C30: AQC | D30: NG4936 | E30: 06- | F30: 1 | G30: 1 | H30: 2 | I30: 0 | J30: 1 | K30: 1 | L30: 0 | M30: 1 | N30: 1 | O30: 1 | P30: =AVERAGE(G30:O30) -> 0.88888889
A31: 07- | B31: 1 | C31: CSM-N | D31: NG3195 | E31: 07- | F31: 1 | G31: 0 | H31: 1 | I31: 1 | J31: 1 | K31: 1 | L31: 1 | M31: 1 | N31: 0 | O31: -- | P31: =AVERAGE(G31:O31) -> 0.75
A32: 07- | B32: 2 | C32: CSM | D32: NG3195 | E32: 07- | F32: 2 | G32: 1 | H32: 2 | I32: 2 | J32: 1 | K32: 2 | L32: 1 | M32: 0 | N32: 2 | O32: 2 | P32: =AVERAGE(G32:O32) -> 1.4444444
A33: 07- | B33: 3 | C33: FAO | D33: NG3195 | E33: 07- | F33: 3 | G33: 2 | H33: 2 | I33: 1 | J33: 1 | K33: 1 | L33: 2 | M33: 1 | N33: 1 | O33: 1 | P33: =AVERAGE(G33:O33) -> 1.3333333
A34: 07- | B34: 4 | C34: AQC | D34: NG3195 | E34: 07- | F34: 4 | G34: 1 | H34: 0 | I34: 2 | J34: 1 | K34: 1 | L34: 1 | M34: 0 | N34: 1 | O34: 0 | P34: =AVERAGE(G34:O34) -> 0.77777778
A35: 08- | B35: 4 | C35: AQC | D35: NG4936 | E35: 08- | F35: 4 | G35: 1 | H35: 0 | I35: 1 | J35: 1 | K35: 1 | L35: 0 | M35: 1 | N35: -- | O35: -- | P35: =AVERAGE(G35:O35) -> 0.71428571
A36: 08- | B36: 3 | C36: FAO | D36: NG4936 | E36: 08- | F36: 3 | G36: 2 | H36: 1 | I36: 2 | J36: 1 | K36: 1 | L36: 1 | M36: 2 | N36: 1 | O36: 1 | P36: =AVERAGE(G36:O36) -> 1.3333333
A37: 08- | B37: 2 | C37: CSM | D37: NG4936 | E37: 08- | F37: 2 | G37: 1 | H37: 1 | I37: 0 | J37: 0 | K37: 1 | L37: 0 | M37: -- | N37: -- | O37: -- | P37: =AVERAGE(G37:O37) -> 0.5
A38: 08- | B38: 1 | C38: CSM-N | D38: NG4936 | E38: 08- | F38: 1 | G38: 2 | H38: 1 | I38: 1 | J38: 1 | K38: 1 | L38: 2 | M38: 1 | N38: 0 | O38: 1 | P38: =AVERAGE(G38:O38) -> 1.1111111
A39: 09- | B39: 1 | C39: AQC-N | D39: NG4936 | E39: 09- | F39: 1 | G39: 1 | H39: 0 | I39: 0 | J39: 1 | K39: 1 | L39: -- | M39: -- | N39: -- | O39: -- | P39: =AVERAGE(G39:O39) -> 0.6
A40: 09- | B40: 2 | C40: FAO | D40: NG4936 | E40: 09- | F40: 2 | G40: 2 | H40: 2 | I40: 1 | J40: 1 | K40: 1 | L40: 0 | M40: 1 | N40: 1 | O40: 1 | P40: =AVERAGE(G40:O40) -> 1.1111111
A41: 09- | B41: 3 | C41: CSM-N | D41: NG4936 | E41: 09- | F41: 3 | G41: 1 | H41: 0 | I41: 1 | J41: 0 | K41: 1 | L41: 1 | M41: 1 | N41: -- | O41: -- | P41: =AVERAGE(G41:O41) -> 0.71428571
A42: 09- | B42: 4 | C42: FAO-N | D42: NG4936 | E42: 09- | F42: 4 | G42: 1 | H42: 1 | I42: 0 | J42: 0 | K42: 1 | L42: 1 | M42: 0 | N42: -- | O42: -- | P42: =AVERAGE(G42:O42) -> 0.57142857
A43: 10- | B43: 4 | C43: FAO-N | D43: NG3195 | E43: 10- | F43: 4 | G43: 0 | H43: 0 | I43: 0 | J43: 1 | K43: 1 | L43: 0 | M43: -- | N43: -- | O43: -- | P43: =AVERAGE(G43:O43) -> 0.33333333
A44: 10- | B44: 3 | C44: CSM-N | D44: NG3195 | E44: 10- | F44: 3 | G44: 1 | H44: 0 | I44: 1 | J44: 1 | K44: 0 | L44: 1 | M44: 0 | N44: 0 | O44: -- | P44: =AVERAGE(G44:O44) -> 0.5
A45: 10- | B45: 2 | C45: FAO | D45: NG3195 | E45: 10- | F45: 2 | G45: 1 | H45: 2 | I45: 0 | J45: 1 | K45: 1 | L45: 2 | M45: 1 | N45: 1 | O45: 1 | P45: =AVERAGE(G45:O45) -> 1.1111111
A46: 10- | B46: 1 | C46: AQC-N | D46: NG3195 | E46: 10- | F46: 1 | G46: 1 | H46: 1 | I46: 1 | J46: 0 | K46: 0 | L46: -- | M46: -- | N46: -- | O46: -- | P46: =AVERAGE(G46:O46) -> 0.6
A47: 11- | B47: 1 | C47: FAO-N | D47: NG3195 | E47: 11- | F47: 1 | G47: 0 | H47: 0 | I47: 0 | J47: 0 | K47: 1 | L47: 1 | M47: -- | N47: -- | O47: -- | P47: =AVERAGE(G47:O47) -> 0.33333333
A48: 11- | B48: 2 | C48: AQC | D48: NG3195 | E48: 11- | F48: 2 | G48: 1 | H48: 1 | I48: 1 | J48: 1 | K48: 1 | L48: 1 | M48: 0 | N48: 1 | O48: 1 | P48: =AVERAGE(G48:O48) -> 0.88888889
A49: 11- | B49: 3 | C49: CSM | D49: NG3195 | E49: 11- | F49: 3 | G49: 1 | H49: 1 | I49: 1 | J49: 2 | K49: 1 | L49: 1 | M49: 1 | N49: 1 | O49: 1 | P49: =AVERAGE(G49:O49) -> 1.1111111
A50: 11- | B50: 4 | C50: AQC-N | D50: NG3195 | E50: 11- | F50: 4 | G50: 1 | H50: 0 | I50: 0 | J50: 1 | K50: 1 | L50: 0 | M50: 0 | N50: 1 | O50: -- | P50: =AVERAGE(G50:O50) -> 0.5
A51: 12- | B51: 4 | C51: AQC-N | D51: NG4936 | E51: 12- | F51: 4 | G51: 0 | H51: 1 | I51: 0 | J51: 1 | K51: 1 | L51: -- | M51: -- | N51: -- | O51: -- | P51: =AVERAGE(G51:O51) -> 0.6
A52: 12- | B52: 3 | C52: CSM | D52: NG4936 | E52: 12- | F52: 3 | G52: 1 | H52: 1 | I52: 2 | J52: 1 | K52: 1 | L52: 0 | M52: 1 | N52: 1 | O52: 1 | P52: =AVERAGE(G52:O52) -> 1
A53: 12- | B53: 2 | C53: AQC | D53: NG4936 | E53: 12- | F53: 2 | G53: 1 | H53: 1 | I53: 0 | J53: 1 | K53: 0 | L53: 2 | M53: 0 | N53: 1 | O53: -- | P53: =AVERAGE(G53:O53) -> 0.75
A54: 12- | B54: 1 | C54: FAO-N | D54: NG4936 | E54: 12- | F54: 1 | G54: 1 | H54: 0 | I54: 0 | J54: 0 | K54: 1 | L54: -- | M54: -- | N54: -- | O54: -- | P54: =AVERAGE(G54:O54) -> 0.4
