Workbook

Sheet Height
A1: CCID | B1: DOY144 | C1: DOY151 | D1: DOY156 | E1: DOY163 | F1: DOY170 | G1: DOY177 | H1: DOY184 | I1: DOY191 | J1: DOY198 | K1: DOY206 | L1: DOY212 | M1: DOY220 | N1: DOY227 | O1: DOY233 | P1: DOY240 | Q1: DOY248 | R1: DOY255
A2: 01-1A | B2: 13 | C2: 18 | D2: 26 | E2: 32 | F2: 42 | G2: 56 | H2: 64 | I2: 85 | J2: 85 | K2: 103 | L2: 113 | M2: 132 | N2: 146 | O2: 153 | P2: 156 | Q2: 156 | R2: 158
A3: 01-1B | B3: 13 | C3: 18 | D3: 27 | E3: 32 | F3: 45 | G3: 49 | H3: 58 | I3: 68 | J3: 76 | K3: 89 | L3: 95 | M3: 111 | N3: 118 | O3: 130 | P3: 131 | Q3: 134 | R3: 142
A4: 01-1C | B4: 11 | C4: 15 | D4: 22 | E4: 27 | F4: 31 | G4: 36 | H4: 51 | I4: 51 | J4: 63 | K4: 69 | L4: 68 | M4: 72 | N4: 90 | O4: 99 | P4: 102 | Q4: 110 | R4: 117
A5: 01-2A | B5: 12 | C5: 22 | D5: 24 | E5: 34 | F5: 48 | G5: 56 | H5: 69 | I5: 75 | J5: 72 | K5: 95 | L5: 110 | M5: 125 | N5: 126 | O5: 136 | P5: 135 | Q5: 141 | R5: 141
A6: 01-2B | B6: 13 | C6: 20 | D6: 25 | E6: 31 | F6: 40 | G6: 52 | H6: 57 | I6: 65 | J6: 58 | K6: 83 | L6: 96 | M6: 119 | N6: 132 | O6: 141 | P6: 142 | Q6: 153 | R6: 153
A7: 01-2C | B7: 9 | C7: 18 | D7: 23 | E7: 26 | F7: 37 | G7: 47 | H7: 53 | I7: 58 | J7: 71 | K7: 85 | L7: 101 | M7: 114 | N7: 122 | O7: 130 | P7: 124 | Q7: 139 | R7: 139
A8: 01-3A | B8: 13 | C8: 19 | D8: 26 | E8: 21 | F8: 42 | G8: 50 | H8: 57 | I8: 76 | J8: 72 | K8: 84 | L8: 93 | M8: 106 | N8: 118 | O8: 119 | P8: 116 | Q8: 126 | R8: 127
A9: 01-3B | B9: 11 | C9: 15 | D9: 24 | E9: 27 | F9: 38 | G9: 47 | H9: 58 | I9: 70 | J9: 85 | K9: 79 | L9: 96 | M9: 110 | N9: 122 | O9: 128 | P9: 132 | Q9: 139 | R9: 137
A10: 01-3C | B10: 12 | C10: 14 | D10: 24 | E10: 27 | F10: 39 | G10: 50 | H10: 61 | I10: 71 | J10: 94 | K10: 82 | L10: 92 | M10: 103 | N10: 116 | O10: 124 | P10: 118 | Q10: 128 | R10: 131
A11: 01-4A | B11: 10 | C11: 13 | D11: 23 | E11: 20 | F11: 37 | G11: 41 | H11: 44 | I11: 44 | J11: 84 | K11: 55 | L11: 58 | M11: 66 | N11: 70 | O11: 73 | P11: 68 | Q11: 72 | R11: 73
A12: 01-4B | B12: 9 | C12: 16 | D12: 21 | E12: 28 | F12: 31 | G12: 33 | H12: 36 | I12: 42 | J12: 84 | K12: 55 | L12: 38 | M12: 51 | N12: 52 | O12: 49 | P12: 49 | Q12: 54 | R12: 55
A13: 01-4C | B13: 12 | C13: 14 | D13: 25 | E13: 24 | F13: 36 | G13: 38 | H13: 46 | I13: 50 | J13: 74 | K13: 66 | L13: 68 | M13: 73 | N13: 78 | O13: 78 | P13: 73 | Q13: 75 | R13: 73
... A193: 16-4C | B193: 9 | C193: 14 | D193: 21 | E193: 30 | F193: 37 | G193: 48 | H193: 66 | I193: 79 | J193: 85 | K193: 111 | L193: 122 | M193: 133 | N193: 146 | O193: 159 | P193: 168 | Q193: 177 | R193: 166

Sheet Width
A1: CCID | B1: DOY144 | C1: DOY151 | D1: DOY156 | E1: DOY163 | F1: DOY170 | G1: DOY177 | H1: DOY184 | I1: DOY191 | J1: DOY198 | K1: DOY206 | L1: DOY212 | M1: DOY220 | N1: DOY227 | O1: DOY233 | P1: DOY240 | Q1: DOY248 | R1: DOY255
A2: 01-1A | B2: 12 | C2: 12 | D2: 23 | E2: 23 | F2: 40 | G2: 42 | H2: 62 | I2: 76 | J2: 75 | K2: 97 | L2: 102 | M2: 102 | N2: 102 | O2: 102 | P2: 102 | Q2: 102 | R2: 102
A3: 01-1B | B3: 13 | C3: 17 | D3: 25 | E3: 30 | F3: 40 | G3: 44 | H3: 57 | I3: 65 | J3: 59 | K3: 80 | L3: 90 | M3: 97 | N3: 102 | O3: 102 | P3: 102 | Q3: 102 | R3: 102
A4: 01-1C | B4: 9 | C4: 15 | D4: 22 | E4: 21 | F4: 29 | G4: 33 | H4: 39 | I4: 40 | J4: 59 | K4: 53 | L4: 49 | M4: 74 | N4: 76 | O4: 102 | P4: 102 | Q4: 102 | R4: 102
A5: 01-2A | B5: 11 | C5: 18 | D5: 25 | E5: 28 | F5: 42 | G5: 52 | H5: 61 | I5: 67 | J5: 60 | K5: 91 | L5: 100 | M5: 102 | N5: 102 | O5: 102 | P5: 102 | Q5: 102 | R5: 102
A6: 01-2B | B6: 12 | C6: 19 | D6: 22 | E6: 20 | F6: 32 | G6: 44 | H6: 43 | I6: 51 | J6: 38 | K6: 69 | L6: 78 | M6: 102 | N6: 102 | O6: 102 | P6: 102 | Q6: 102 | R6: 102
A7: 01-2C | B7: 8 | C7: 15 | D7: 19 | E7: 27 | F7: 30 | G7: 39 | H7: 47 | I7: 51 | J7: 66 | K7: 70 | L7: 89 | M7: 102 | N7: 102 | O7: 102 | P7: 102 | Q7: 102 | R7: 102
A8: 01-3A | B8: 12 | C8: 15 | D8: 24 | E8: 16 | F8: 39 | G8: 43 | H8: 50 | I8: 62 | J8: 65 | K8: 79 | L8: 77 | M8: 94 | N8: 102 | O8: 102 | P8: 102 | Q8: 102 | R8: 102
A9: 01-3B | B9: 8 | C9: 13 | D9: 22 | E9: 19 | F9: 33 | G9: 39 | H9: 47 | I9: 58 | J9: 75 | K9: 74 | L9: 85 | M9: 95 | N9: 102 | O9: 102 | P9: 102 | Q9: 102 | R9: 102
A10: 01-3C | B10: 11 | C10: 12 | D10: 21 | E10: 17 | F10: 31 | G10: 45 | H10: 56 | I10: 63 | J10: 72 | K10: 76 | L10: 90 | M10: 101 | N10: 102 | O10: 102 | P10: 102 | Q10: 102 | R10: 102
A11: 01-4A | B11: 7 | C11: 10 | D11: 22 | E11: 15 | F11: 30 | G11: 32 | H11: 37 | I11: 38 | J11: 74 | K11: 53 | L11: 56 | M11: 56 | N11: 59 | O11: 66 | P11: 60 | Q11: 66 | R11: 67
A12: 01-4B | B12: 7 | C12: 13 | D12: 18 | E12: 19 | F12: 28 | G12: 29 | H12: 30 | I12: 33 | J12: 72 | K12: 45 | L12: 28 | M12: 26 | N12: 28 | O12: 26 | P12: 27 | Q12: 32 | R12: 30
A13: 01-4C | B13: 9 | C13: 14 | D13: 23 | E13: 15 | F13: 32 | G13: 34 | H13: 41 | I13: 39 | J13: 66 | K13: 55 | L13: 59 | M13: 54 | N13: 68 | O13: 69 | P13: 65 | Q13: 67 | R13: 71
... A193: 16-4C | B193: 8 | C193: 15 | D193: 22 | E193: 34 | F193: 36 | G193: 50 | H193: 61 | I193: 74 | J193: 63 | K193: 94 | L193: 102 | M193: 102 | N193: 102 | O193: 102 | P193: 102 | Q193: 102 | R193: 102

Sheet Ordering
A1: 1 | B1: 1 | C1: N | D1: A | E1: =_xlfn.CONCAT(TEXT(A1,"00"),"-",TEXT(B1,"0"),D1) -> 01-1A
A2: 1 | B2: 1 | C2: M | D2: B | E2: =_xlfn.CONCAT(TEXT(A2,"00"),"-",TEXT(B2,"0"),D2) -> 01-1B
A3: 1 | B3: 1 | C3: S | D3: C | E3: =_xlfn.CONCAT(TEXT(A3,"00"),"-",TEXT(B3,"0"),D3) -> 01-1C
A4: 1 | B4: 2 | C4: N | D4: A | E4: =_xlfn.CONCAT(TEXT(A4,"00"),"-",TEXT(B4,"0"),D4) -> 01-2A
A5: 1 | B5: 2 | C5: M | D5: B | E5: =_xlfn.CONCAT(TEXT(A5,"00"),"-",TEXT(B5,"0"),D5) -> 01-2B
A6: 1 | B6: 2 | C6: S | D6: C | E6: =_xlfn.CONCAT(TEXT(A6,"00"),"-",TEXT(B6,"0"),D6) -> 01-2C
A7: 1 | B7: 3 | C7: N | D7: A | E7: =_xlfn.CONCAT(TEXT(A7,"00"),"-",TEXT(B7,"0"),D7) -> 01-3A
A8: 1 | B8: 3 | C8: M | D8: B | E8: =_xlfn.CONCAT(TEXT(A8,"00"),"-",TEXT(B8,"0"),D8) -> 01-3B
A9: 1 | B9: 3 | C9: S | D9: C | E9: =_xlfn.CONCAT(TEXT(A9,"00"),"-",TEXT(B9,"0"),D9) -> 01-3C
A10: 1 | B10: 4 | C10: N | D10: A | E10: =_xlfn.CONCAT(TEXT(A10,"00"),"-",TEXT(B10,"0"),D10) -> 01-4A
A11: 1 | B11: 4 | C11: M | D11: B | E11: =_xlfn.CONCAT(TEXT(A11,"00"),"-",TEXT(B11,"0"),D11) -> 01-4B
A12: 1 | B12: 4 | C12: S | D12: C | E12: =_xlfn.CONCAT(TEXT(A12,"00"),"-",TEXT(B12,"0"),D12) -> 01-4C
... A192: 16 | B192: 1 | C192: N | D192: A | E192: =_xlfn.CONCAT(TEXT(A192,"00"),"-",TEXT(B192,"0"),D192) -> 16-1A

Sheet Blank Data Sheet
A1: 2017 | C1: F13b4 | E1: Cotton | I1: date: | L1: doy:
I2: time:
B3: Canopy Heights & Widths | I3: by:
B5: Measuring row 4 (from the West edge of plots).
B6: North and South flags are orange and Middle flag is pink.
B7: Plot | D7: Flag | E7: Canopy Height (cm) | F7: Canopy Width (cm) | G7: NAWF | I7: Plot | K7: Flag | L7: Canopy Height (cm) | M7: Canopy Width (cm) | N7: NAWF
B8: 01- | C8: 1 | D8: North | I8: 03- | J8: 1 | K8: North
D9: Mid | K9: Mid
D10: South | K10: South
B11: 01- | C11: 2 | D11: North | I11: 03- | J11: 2 | K11: North
D12: Mid | K12: Mid
D13: South | K13: South
B14: 01- | C14: 3 | D14: North | I14: 03- | J14: 3 | K14: North
D15: Mid | K15: Mid
D16: South | K16: South
B17: 01- | C17: 4 | D17: North | I17: 03- | J17: 4 | K17: North
D18: Mid | K18: Mid
D19: South | K19: South
B20: 02- | C20: 4 | D20: South | I20: 04- | J20: 4 | K20: South
D21: Mid | K21: Mid
D22: North | K22: North
B23: 02- | C23: 3 | D23: South | I23: 04- | J23: 3 | K23: South
D24: Mid | K24: Mid
D25: North | K25: North
B26: 02- | C26: 2 | D26: South | I26: 04- | J26: 2 | K26: South
D27: Mid | K27: Mid
D28: North | K28: North
B29: 02- | C29: 1 | D29: South | I29: 04- | J29: 1 | K29: South
D30: Mid | K30: Mid
D31: North | K31: North
B33: 05- | C33: 1 | D33: North | I33: 07- | J33: 1 | K33: North
D34: Mid | K34: Mid
D35: South | K35: South
B36: 05- | C36: 2 | D36: North | I36: 07- | J36: 2 | K36: North
D37: Mid | K37: Mid
D38: South | K38: South
B39: 05- | C39: 3 | D39: North | I39: 07- | J39: 3 | K39: North
D40: Mid | K40: Mid
D41: South | K41: South
B42: 05- | C42: 4 | D42: North | I42: 07- | J42: 4 | K42: North
D43: Mid | K43: Mid
D44: South | K44: South
B45: 06- | C45: 4 | D45: South | I45: 08- | J45: 4 | K45: South
D46: Mid | K46: Mid
D47: North | K47: North
B48: 06- | C48: 3 | D48: South | I48: 08- | J48: 3 | K48: South
D49: Mid | K49: Mid
D50: North | K50: North
B51: 06- | C51: 2 | D51: South | I51: 08- | J51: 2 | K51: South
D52: Mid | K52: Mid
D53: North | K53: North
B54: 06- | C54: 1 | D54: South | I54: 08- | J54: 1 | K54: South
D55: Mid | K55: Mid
D56: North | K56: North
B58: 09- | C58: 1 | D58: North | I58: 11- | J58: 1 | K58: North
D59: Mid | K59: Mid
D60: South | K60: South
B61: 09- | C61: 2 | D61: North | I61: 11- | J61: 2 | K61: North
D62: Mid | K62: Mid
D63: South | K63: South
B64: 09- | C64: 3 | D64: North | I64: 11- | J64: 3 | K64: North
D65: Mid | K65: Mid
D66: South | K66: South
B67: 09- | C67: 4 | D67: North | I67: 11- | J67: 4 | K67: North
D68: Mid | K68: Mid
D69: South | K69: South
B70: 10- | C70: 4 | D70: South | I70: 12- | J70: 4 | K70: South
D71: Mid | K71: Mid
D72: North | K72: North
B73: 10- | C73: 3 | D73: South | I73: 12- | J73: 3 | K73: South
D74: Mid | K74: Mid
D75: North | K75: North
B76: 10- | C76: 2 | D76: South | I76: 12- | J76: 2 | K76: South
D77: Mid | K77: Mid
D78: North | K78: North
B79: 10- | C79: 1 | D79: South | I79: 12- | J79: 1 | K79: South
D80: Mid | K80: Mid
D81: North | K81: North
B83: 13- | C83: 1 | D83: North | I83: 15- | J83: 1 | K83: North
D84: Mid | K84: Mid
D85: South | K85: South
B86: 13- | C86: 2 | D86: North | I86: 15- | J86: 2 | K86: North
D87: Mid | K87: Mid
D88: South | K88: South
B89: 13- | C89: 3 | D89: North | I89: 15- | J89: 3 | K89: North
D90: Mid | K90: Mid
D91: South | K91: South
B92: 13- | C92: 4 | D92: North | I92: 15- | J92: 4 | K92: North
D93: Mid | K93: Mid
D94: South | K94: South
B95: 14- | C95: 4 | D95: South | I95: 16- | J95: 4 | K95: South
D96: Mid | K96: Mid
D97: North | K97: North
B98: 14- | C98: 3 | D98: South | I98: 16- | J98: 3 | K98: South
D99: Mid | K99: Mid
D100: North | K100: North
B101: 14- | C101: 2 | D101: South | I101: 16- | J101: 2 | K101: South
D102: Mid | K102: Mid
D103: North | K103: North
B104: 14- | C104: 1 | D104: South | I104: 16- | J104: 1 | K104: South
...

Sheet Height Summary
A1: Summary | B1: 2017 | D1: F13b4 | F1: Cotton | H1: Entered by SMM | T1: b
H2: Proofed by MH
B3: Canopy Heights - Summary | H3: Corrections made by SMM
B5: Measuring row 4 (from the West edge of plots).
B7: North and South flags are orange and Middle flag is pink.
D8: Initials: | F8: SMM | G8: Frank | H8: SMM | I8: SH | J8: SMM | K8: SMM | L8: SMM | M8: SMM | N8: SMM | O8: SMM | P8: SMM | Q8: SMM | R8: SMM | S8: SMM | T8: SMM | U8: SMM | V8: SMM
D9: Date: | F9: 42879 | G9: 42886 | H9: 42891 | I9: 42898 | J9: 42905 | K9: 42912 | L9: 42919 | M9: 42926 | N9: 42933 | O9: 42941 | P9: 42947 | Q9: 42955 | R9: 42962 | S9: 42968 | T9: 42975 | U9: 42983 | V9: 42990
D10: DOY: | F10: 144 | G10: 151 | H10: 156 | I10: 163 | J10: 170 | K10: 177 | L10: 184 | M10: 191 | N10: 198 | O10: 206 | P10: 212 | Q10: 220 | R10: 227 | S10: 233 | T10: 240 | U10: 248 | V10: 255 | X10: 144 | Y10: 151 | Z10: 156 | AA10: 163 | AB10: 170 | AC10: 177 | AD10: 184 | AE10: 191 | AF10: 198 | AG10: 206 | AH10: 212 | AI10: 220 | AJ10: 227 | AK10: 233 | AL10: 240 | AM10: 248 | AN10: 255
D11: Time: | F11: 1420-1525h | H11: 0950-1120h | I11: 1024-1207h | J11: 1000-1140h | K11: 0945-1200h | L11: 0945-1215h | M11: 0930-1130h | N11: 1000-1230h | O11: 0930-1230h | P11: 1000-1200h | Q11: 1050-1250h | R11: 1000-1300h | S11: 1000-1200h | T11: 1000-1215h | U11: 1000-1200h | V11: 0930-1200h
B12: Plot | D12: Flag | E12: TRT | F12: Height (cm) | G12: Height (cm) | H12: Height (cm) | I12: Height (cm) | J12: Height (cm) | K12: Height (cm) | L12: Height (cm) | M12: Height (cm) | N12: Height (cm) | O12: Height (cm) | P12: Height (cm) | Q12: Height (cm) | R12: Height (cm) | S12: Height (cm) | T12: Height (cm) | U12: Height (cm) | V12: Height (cm)
B13: 01- | C13: 1 | D13: North | E13: 80-120 | F13: 13 | G13: 18 | H13: 26 | I13: 32 | J13: 42 | K13: 56 | L13: 64 | M13: 85 | N13: 85 | O13: 103 | P13: 113 | Q13: 132 | R13: 146 | S13: 153 | T13: 156 | U13: 156 | V13: 158
D14: Mid | E14: 80-120 | F14: 13 | G14: 18 | H14: 27 | I14: 31.5 | J14: 45 | K14: 49 | L14: 58 | M14: 68 | N14: 76 | O14: 89 | P14: 95 | Q14: 111 | R14: 118 | S14: 130 | T14: 131 | U14: 134 | V14: 142 | X14: =AVERAGE(F13:F15) -> 12.333333 | Y14: =AVERAGE(G13:G15) -> 17 | Z14: =AVERAGE(H13:H15) -> 25 | AA14: =AVERAGE(I13:I15) -> 30.166667 | AB14: =AVERAGE(J13:J15) -> 39.333333 | AC14: =AVERAGE(K13:K15) -> 47 | AD14: =AVERAGE(L13:L15) -> 57.666667 | AE14: =AVERAGE(M13:M15) -> 68 | ... AN14: =AVERAGE(V13:V15) -> 139
D15: South | E15: 80-120 | F15: 11 | G15: 15 | H15: 22 | I15: 27 | J15: 31 | K15: 36 | L15: 51 | M15: 51 | N15: 63 | O15: 69 | P15: 68 | Q15: 72 | R15: 90 | S15: 99 | T15: 102 | U15: 110 | V15: 117
B16: 01- | C16: 2 | D16: North | E16: 100-100 | F16: 12 | G16: 22 | H16: 24 | I16: 34 | J16: 48 | K16: 56 | L16: 69 | M16: 75 | N16: 72 | O16: 95 | P16: 110 | Q16: 125 | R16: 126 | S16: 136 | T16: 135 | U16: 141 | V16: 141
D17: Mid | E17: 100-100 | F17: 13 | G17: 20 | H17: 25 | I17: 31 | J17: 40 | K17: 52 | L17: 57 | M17: 65 | N17: 58 | O17: 83 | P17: 96 | Q17: 119 | R17: 132 | S17: 141 | T17: 142 | U17: 153 | V17: 153 | X17: =AVERAGE(F16:F18) -> 11.333333 | Y17: =AVERAGE(G16:G18) -> 20 | Z17: =AVERAGE(H16:H18) -> 24 | AA17: =AVERAGE(I16:I18) -> 30.333333 | AB17: =AVERAGE(J16:J18) -> 41.666667 | AC17: =AVERAGE(K16:K18) -> 51.666667 | AD17: =AVERAGE(L16:L18) -> 59.666667 | AE17: =AVERAGE(M16:M18) -> 66 | ... AN17: =AVERAGE(V16:V18) -> 144.33333
D18: South | E18: 100-100 | F18: 9 | G18: 18 | H18: 23 | I18: 26 | J18: 37 | K18: 47 | L18: 53 | M18: 58 | N18: 71 | O18: 85 | P18: 101 | Q18: 114 | R18: 122 | S18: 130 | T18: 124 | U18: 139 | V18: 139
B19: 01- | C19: 3 | D19: North | E19: 80-100 | F19: 13 | G19: 19 | H19: 26 | I19: 21 | J19: 42 | K19: 50 | L19: 57 | M19: 76 | N19: 72 | O19: 84 | P19: 93 | Q19: 106 | R19: 118 | S19: 119 | T19: 116 | U19: 126 | V19: 127
D20: Mid | E20: 80-100 | F20: 11 | G20: 15 | H20: 24 | I20: 27 | J20: 38 | K20: 47 | L20: 58 | M20: 70 | N20: 85 | O20: 79 | P20: 96 | Q20: 110 | R20: 122 | S20: 128 | T20: 132 | U20: 139 | V20: 137 | X20: =AVERAGE(F19:F21) -> 12 | Y20: =AVERAGE(G19:G21) -> 16 | Z20: =AVERAGE(H19:H21) -> 24.666667 | AA20: =AVERAGE(I19:I21) -> 24.833333 | AB20: =AVERAGE(J19:J21) -> 39.666667 | AC20: =AVERAGE(K19:K21) -> 49 | AD20: =AVERAGE(L19:L21) -> 58.666667 | AE20: =AVERAGE(M19:M21) -> 72.333333 | ... AN20: =AVERAGE(V19:V21) -> 131.66667
D21: South | E21: 80-100 | F21: 12 | G21: 14 | H21: 24 | I21: 26.5 | J21: 39 | K21: 50 | L21: 61 | M21: 71 | N21: 94 | O21: 82 | P21: 92 | Q21: 103 | R21: 116 | S21: 124 | T21: 118 | U21: 128 | V21: 131
B22: 01- | C22: 4 | D22: North | E22: 60-60 | F22: 10 | G22: 13 | H22: 23 | I22: 20 | J22: 37 | K22: 41 | L22: 44 | M22: 44 | N22: 84 | O22: 55 | P22: 58 | Q22: 66 | R22: 70 | S22: 73 | T22: 68 | U22: 72 | V22: 73
D23: Mid | E23: 60-60 | F23: 9 | G23: 16 | H23: 21 | I23: 27.5 | J23: 31 | K23: 33 | L23: 36 | M23: 42 | N23: 84 | O23: 55 | P23: 38 | Q23: 51 | R23: 52 | S23: 49 | T23: 49 | U23: 54 | V23: 55 | X23: =AVERAGE(F22:F24) -> 10.333333 | Y23: =AVERAGE(G22:G24) -> 14.333333 | Z23: =AVERAGE(H22:H24) -> 23 | AA23: =AVERAGE(I22:I24) -> 23.833333 | AB23: =AVERAGE(J22:J24) -> 34.666667 | AC23: =AVERAGE(K22:K24) -> 37.333333 | AD23: =AVERAGE(L22:L24) -> 42 | AE23: =AVERAGE(M22:M24) -> 45.333333 | ... AN23: =AVERAGE(V22:V24) -> 67
D24: South | E24: 60-60 | F24: 12 | G24: 14 | H24: 25 | I24: 24 | J24: 36 | K24: 38 | L24: 46 | M24: 50 | N24: 74 | O24: 66 | P24: 68 | Q24: 73 | R24: 78 | S24: 78 | T24: 73 | U24: 75 | V24: 73
B25: 02- | C25: 4 | D25: South | E25: 120-120 | F25: 10 | G25: 14 | H25: 23 | I25: 20 | J25: 37 | K25: 43 | L25: 53 | M25: 61 | N25: 66 | O25: 83 | P25: 93 | Q25: 110 | R25: 118 | S25: 124 | T25: 125 | U25: 127 | V25: 127
D26: Mid | E26: 120-120 | F26: 11 | G26: 13 | H26: 23 | I26: 28 | J26: 38 | K26: 52 | L26: 66 | M26: 77 | N26: 90 | O26: 98 | P26: 111 | Q26: 125 | R26: 129 | S26: 132 | T26: 133 | U26: 127 | V26: 125 | X26: =AVERAGE(F25:F27) -> 10.666667 | Y26: =AVERAGE(G25:G27) -> 13.666667 | Z26: =AVERAGE(H25:H27) -> 22 | AA26: =AVERAGE(I25:I27) -> 25 | AB26: =AVERAGE(J25:J27) -> 38.666667 | AC26: =AVERAGE(K25:K27) -> 50.333333 | AD26: =AVERAGE(L25:L27) -> 63.666667 | AE26: =AVERAGE(M25:M27) -> 75 | ... AN26: =AVERAGE(V25:V27) -> 132
D27: North | E27: 120-120 | F27: 11 | G27: 14 | H27: 20 | I27: 27 | J27: 41 | K27: 56 | L27: 72 | M27: 87 | N27: 102 | O27: 114 | P27: 124 | Q27: 128 | R27: 141 | S27: 145 | T27: 142 | U27: 143 | V27: 144
B28: 02- | C28: 3 | D28: South | E28: 100-60 | F28: 11 | G28: 18 | H28: 23 | I28: 34 | J28: 39 | K28: 53 | L28: 66 | M28: 75 | N28: 84 | O28: 92 | P28: 103 | Q28: 115 | R28: 115 | S28: 109 | T28: 105 | U28: 106 | V28: 102
D29: Mid | E29: 100-60 | F29: 10 | G29: 13 | H29: 25 | I29: 29.5 | J29: 43 | K29: 55 | L29: 74 | M29: 83 | N29: 104 | O29: 109 | P29: 116 | Q29: 124 | R29: 130 | S29: 129 | T29: 125 | U29: 125 | V29: 124 | X29: =AVERAGE(F28:F30) -> 10 | Y29: =AVERAGE(G28:G30) -> 16.333333 | Z29: =AVERAGE(H28:H30) -> 23.333333 | AA29: =AVERAGE(I28:I30) -> 33.833333 | AB29: =AVERAGE(J28:J30) -> 41 | AC29: =AVERAGE(K28:K30) -> 52.333333 | AD29: =AVERAGE(L28:L30) -> 67.333333 | AE29: =AVERAGE(M28:M30) -> 74.333333 | ... AN29: =AVERAGE(V28:V30) -> 106.33333
D30: North | E30: 100-60 | F30: 9 | G30: 18 | H30: 22 | I30: 38 | J30: 41 | K30: 49 | L30: 62 | M30: 65 | N30: 72 | O30: 88 | P30: 92 | Q30: 88 | R30: 95 | S30: 89 | T30: 91 | U30: 88 | V30: 93
B31: 02- | C31: 2 | D31: South | E31: 60-120 | F31: 10 | G31: 19 | H31: 24 | I31: 33.5 | J31: 37 | K31: 45 | L31: 51 | M31: 55 | N31: 61 | O31: 70 | P31: 80 | Q31: 97 | R31: 113 | S31: 115 | T31: 133 | U31: 142 | V31: 149
D32: Mid | E32: 60-120 | F32: 10 | G32: 14 | H32: 24 | I32: 25 | J32: 40 | K32: 47 | L32: 52 | M32: 52 | N32: 59 | O32: 64 | P32: 82 | Q32: 98 | R32: 117 | S32: 128 | T32: 136 | U32: 148 | V32: 128 | X32: =AVERAGE(F31:F33) -> 10 | Y32: =AVERAGE(G31:G33) -> 16.333333 | Z32: =AVERAGE(H31:H33) -> 23.333333 | AA32: =AVERAGE(I31:I33) -> 28.5 | AB32: =AVERAGE(J31:J33) -> 37 | AC32: =AVERAGE(K31:K33) -> 43.666667 | AD32: =AVERAGE(L31:L33) -> 49 | AE32: =AVERAGE(M31:M33) -> 51.333333 | ... AN32: =AVERAGE(V31:V33) -> 136.33333
D33: North | E33: 60-120 | F33: 10 | G33: 16 | H33: 22 | I33: 27 | J33: 34 | K33: 39 | L33: 44 | M33: 47 | N33: 54 | O33: 72 | P33: 74 | Q33: 90 | R33: 107 | S33: 119 | T33: 124 | U33: 132 | V33: 132
B34: 02- | C34: 1 | D34: South | E34: 120-80 | F34: 10 | G34: 19 | H34: 24 | I34: 36 | J34: 42 | K34: 56 | L34: 68 | M34: 89 | N34: 96 | O34: 119 | P34: 120 | Q34: 122 | R34: 132 | S34: 127 | T34: 132 | U34: 130 | V34: 126
D35: Mid | E35: 120-80 | F35: 11 | G35: 15 | H35: 24 | I35: 39 | J35: 43 | K35: 57 | L35: 78 | M35: 99 | N35: 104 | O35: 131 | P35: 124 | Q35: 125 | R35: 136 | S35: 132 | T35: 136 | U35: 133 | V35: 131 | X35: =AVERAGE(F34:F36) -> 10.333333 | Y35: =AVERAGE(G34:G36) -> 17.333333 | Z35: =AVERAGE(H34:H36) -> 24 | AA35: =AVERAGE(I34:I36) -> 36.333333 | AB35: =AVERAGE(J34:J36) -> 44 | AC35: =AVERAGE(K34:K36) -> 57.333333 | AD35: =AVERAGE(L34:L36) -> 73.333333 | AE35: =AVERAGE(M34:M36) -> 91 | ... AN35: =AVERAGE(V34:V36) -> 126.33333
D36: North | E36: 120-80 | F36: 10 | G36: 18 | H36: 24 | I36: 34 | J36: 47 | K36: 59 | L36: 74 | M36: 85 | N36: 98 | O36: 121 | P36: 117 | Q36: 120 | R36: 125 | S36: 126 | T36: 129 | U36: 128 | V36: 122
B37: 03- | C37: 1 | D37: North | E37: 120-100 | F37: 9 | G37: 15 | H37: 21 | I37: 33 | J37: 42 | K37: 56 | L37: 68 | M37: 81 | N37: 98 | O37: 123 | P37: 131 | Q37: 143 | R37: 159 | S37: 169 | T37: 173 | U37: 174 | V37: 182
D38: Mid | E38: 120-100 | F38: 10 | G38: 17 | H38: 23 | I38: 31.5 | J38: 45 | K38: 65 | L38: 73 | M38: 91 | N38: 107 | O38: 120 | P38: 130 | Q38: 144 | R38: 158 | S38: 159 | T38: 161 | U38: 169 | V38: 166 | X38: =AVERAGE(F37:F39) -> 10 | Y38: =AVERAGE(G37:G39) -> 17.333333 | Z38: =AVERAGE(H37:H39) -> 22 | AA38: =AVERAGE(I37:I39) -> 32.5 | AB38: =AVERAGE(J37:J39) -> 43.666667 | AC38: =AVERAGE(K37:K39) -> 60.666667 | AD38: =AVERAGE(L37:L39) -> 68.333333 | AE38: =AVERAGE(M37:M39) -> 84.333333 | ... AN38: =AVERAGE(V37:V39) -> 163.66667
D39: South | E39: 120-100 | F39: 11 | G39: 20 | H39: 22 | I39: 33 | J39: 44 | K39: 61 | L39: 64 | M39: 81 | N39: 91 | O39: 102 | P39: 118 | Q39: 130 | R39: 132 | S39: 141 | T39: 139 | U39: 144 | V39: 143
B40: 03- | C40: 2 | D40: North | E40: 60-80 | F40: 10 | G40: 13 | H40: 25 | I40: 28 | J40: 42 | K40: 53 | L40: 59 | M40: 65 | N40: 75 | O40: 82 | P40: 90 | Q40: 104 | R40: 111 | S40: 111 | T40: 120 | U40: 119 | V40: 120
D41: Mid | E41: 60-80 | F41: 13 | G41: 21 | H41: 25 | I41: 36.5 | J41: 39 | K41: 45 | L41: 49 | M41: 52 | N41: 58 | O41: 58 | P41: 76 | Q41: 85 | R41: 102 | S41: 102 | T41: 105 | U41: 109 | V41: 107 | X41: =AVERAGE(F40:F42) -> 11.666667 | Y41: =AVERAGE(G40:G42) -> 17.333333 | Z41: =AVERAGE(H40:H42) -> 24.666667 | AA41: =AVERAGE(I40:I42) -> 31.166667 | AB41: =AVERAGE(J40:J42) -> 38.666667 | AC41: =AVERAGE(K40:K42) -> 45.666667 | AD41: =AVERAGE(L40:L42) -> 50.333333 | AE41: =AVERAGE(M40:M42) -> 55 | ... AN41: =AVERAGE(V40:V42) -> 101
D42: South | E42: 60-80 | F42: 12 | G42: 18 | H42: 24 | I42: 29 | J42: 35 | K42: 39 | L42: 43 | M42: 48 | N42: 54 | O42: 63 | P42: 66 | Q42: 67 | R42: 82 | S42: 85 | T42: 89 | U42: 79 | V42: 76
B43: 03- | C43: 3 | D43: North | E43: 60-100 | F43: 11 | G43: 16 | H43: 21 | I43: 30 | J43: 33 | K43: 41 | L43: 46 | M43: 47 | N43: 58 | O43: 73 | P43: 85 | Q43: 96 | R43: 114 | S43: 125 | T43: 133 | U43: 134 | V43: 143
D44: Mid | E44: 60-100 | F44: 11 | G44: 16 | H44: 22 | I44: 24 | J44: 33 | K44: 37 | L44: 39 | M44: 46 | N44: 47 | O44: 54 | P44: 53 | Q44: 68 | R44: 79 | S44: 88 | T44: 90 | U44: 96 | V44: 98 | X44: =AVERAGE(F43:F45) -> 11.333333 | Y44: =AVERAGE(G43:G45) -> 16 | Z44: =AVERAGE(H43:H45) -> 22 | AA44: =AVERAGE(I43:I45) -> 27 | AB44: =AVERAGE(J43:J45) -> 33.333333 | AC44: =AVERAGE(K43:K45) -> 40.333333 | AD44: =AVERAGE(L43:L45) -> 44.333333 | AE44: =AVERAGE(M43:M45) -> 48 | ... AN44: =AVERAGE(V43:V45) -> 126.66667
D45: South | E45: 60-100 | F45: 12 | G45: 16 | H45: 23 | I45: 27 | J45: 34 | K45: 43 | L45: 48 | M45: 51 | N45: 58 | O45: 65 | P45: 76 | Q45: 82 | R45: 100 | S45: 118 | T45: 119 | U45: 130 | V45: 139
B46: 03- | C46: 4 | D46: North | E46: 120-60 | F46: 9 | G46: 15 | H46: 20 | I46: 22 | J46: 38 | K46: 48 | L46: 52 | M46: 66 | N46: 74 | O46: 74 | P46: 94 | Q46: 104 | R46: 108 | S46: 105 | T46: 99 | U46: 94 | V46: 105
D47: Mid | E47: 120-60 | F47: 11 | G47: 16 | H47: 19 | I47: 26 | J47: 35 | K47: 49 | L47: 62 | M47: 65 | N47: 73 | O47: 94 | P47: 103 | Q47: 103 | R47: 111 | S47: 109 | T47: 106 | U47: 107 | V47: 103 | X47: =AVERAGE(F46:F48) -> 9.6666667 | Y47: =AVERAGE(G46:G48) -> 14 | Z47: =AVERAGE(H46:H48) -> 19.666667 | AA47: =AVERAGE(I46:I48) -> 23 | AB47: =AVERAGE(J46:J48) -> 36.333333 | AC47: =AVERAGE(K46:K48) -> 45.666667 | AD47: =AVERAGE(L46:L48) -> 56.333333 | AE47: =AVERAGE(M46:M48) -> 67 | ... AN47: =AVERAGE(V46:V48) -> 107
D48: South | E48: 120-60 | F48: 9 | G48: 11 | H48: 20 | I48: 21 | J48: 36 | K48: 40 | L48: 55 | M48: 70 | N48: 79 | O48: 100 | P48: 98 | Q48: 99 | R48: 109 | S48: 105 | T48: 107 | U48: 109 | V48: 113
B49: 04- | C49: 4 | D49: South | E49: 100-80 | F49: 11 | G49: 16 | H49: 21 | I49: 30 | J49: 41 | K49: 46 | L49: 55 | M49: 68 | N49: 74 | O49: 80 | P49: 98 | Q49: 110 | R49: 127 | S49: 106 | T49: 104 | U49: 103 | V49: 104
D50: Mid | E50: 100-80 | F50: 11 | G50: 10 | H50: 23 | I50: 26 | J50: 44 | K50: 53 | L50: 58 | M50: 75 | N50: 81 | O50: 85 | P50: 103 | Q50: 117 | R50: 121 | S50: 118 | T50: 119 | U50: 122 | V50: 118 | X50: =AVERAGE(F49:F51) -> 11 | Y50: =AVERAGE(G49:G51) -> 13.333333 | Z50: =AVERAGE(H49:H51) -> 20.666667 | AA50: =AVERAGE(I49:I51) -> 27.333333 | AB50: =AVERAGE(J49:J51) -> 41.666667 | AC50: =AVERAGE(K49:K51) -> 49.666667 | AD50: =AVERAGE(L49:L51) -> 58.333333 | AE50: =AVERAGE(M49:M51) -> 71.666667 | ... AN50: =AVERAGE(V49:V51) -> 113.66667
D51: North | E51: 100-80 | F51: 11 | G51: 14 | H51: 18 | I51: 26 | J51: 40 | K51: 50 | L51: 62 | M51: 72 | N51: 82 | O51: 79 | P51: 99 | Q51: 111 | R51: 118 | S51: 125 | T51: 126 | U51: 119 | V51: 119
B52: 04- | C52: 3 | D52: South | E52: 100-120 | F52: 11 | G52: 13 | H52: 22 | I52: 23.5 | J52: 39 | K52: 49 | L52: 64 | M52: 80 | N52: 89 | O52: 100 | P52: 116 | Q52: 128 | R52: 146 | S52: 156 | T52: 157 | U52: 165 | V52: 162
D53: Mid | E53: 100-120 | F53: 10 | G53: 15 | H53: 20 | I53: 27 | J53: 38 | K53: 49 | L53: 56 | M53: 71 | N53: 85 | O53: 102 | P53: 112 | Q53: 126 | R53: 138 | S53: 143 | T53: 151 | U53: 166 | V53: 165 | X53: =AVERAGE(F52:F54) -> 10.666667 | Y53: =AVERAGE(G52:G54) -> 12.666667 | Z53: =AVERAGE(H52:H54) -> 21.333333 | AA53: =AVERAGE(I52:I54) -> 24.166667 | AB53: =AVERAGE(J52:J54) -> 38.333333 | AC53: =AVERAGE(K52:K54) -> 47.333333 | AD53: =AVERAGE(L52:L54) -> 57.666667 | AE53: =AVERAGE(M52:M54) -> 71.666667 | ... AN53: =AVERAGE(V52:V54) -> 153.66667
D54: North | E54: 100-120 | F54: 11 | G54: 10 | H54: 22 | I54: 22 | J54: 38 | K54: 44 | L54: 53 | M54: 64 | N54: 69 | O54: 80 | P54: 89 | Q54: 103 | R54: 118 | S54: 127 | T54: 134 | U54: 134 | V54: 134
B55: 04- | C55: 2 | D55: South | E55: 80-60 | F55: 11 | G55: 17 | H55: 22 | I55: 31 | J55: 44 | K55: 47 | L55: 56 | M55: 66 | N55: 69 | O55: 71 | P55: 54 | Q55: 90 | R55: 92 | S55: 98 | T55: 93 | U55: 93 | V55: 89
D56: Mid | E56: 80-60 | F56: 10 | G56: 20 | H56: 23 | I56: 32 | J56: 38 | K56: 44 | L56: 48 | M56: 53 | N56: 54 | O56: 71 | P56: 68 | Q56: 65 | R56: 65 | S56: 67 | T56: 65 | U56: 65 | V56: 71 | X56: =AVERAGE(F55:F57) -> 11.333333 | Y56: =AVERAGE(G55:G57) -> 18.333333 | Z56: =AVERAGE(H55:H57) -> 23 | AA56: =AVERAGE(I55:I57) -> 33.333333 | AB56: =AVERAGE(J55:J57) -> 41 | AC56: =AVERAGE(K55:K57) -> 46.666667 | AD56: =AVERAGE(L55:L57) -> 54.666667 | AE56: =AVERAGE(M55:M57) -> 63.333333 | ... AN56: =AVERAGE(V55:V57) -> 85.666667
D57: North | E57: 80-60 | F57: 13 | G57: 18 | H57: 24 | I57: 37 | J57: 41 | K57: 49 | L57: 60 | M57: 71 | N57: 72 | O57: 83 | P57: 87 | Q57: 91 | R57: 99 | S57: 97 | T57: 95 | U57: 96 | V57: 97
B58: 04- | C58: 1 | D58: South | E58: 80-80 | F58: 10 | G58: 16 | H58: 22 | I58: 34 | J58: 39 | K58: 45 | L58: 53 | M58: 58 | N58: 66 | O58: 82 | P58: 82 | Q58: 90 | R58: 100 | S58: 115 | T58: 112 | U58: 105 | V58: 96
D59: Mid | E59: 80-80 | F59: 11 | G59: 16 | H59: 24 | I59: 30.5 | J59: 41 | K59: 52 | L59: 60 | M59: 66 | N59: 72 | O59: 81 | P59: 87 | Q59: 100 | R59: 104 | S59: 110 | T59: 108 | U59: 107 | V59: 107 | X59: =AVERAGE(F58:F60) -> 10.666667 | Y59: =AVERAGE(G58:G60) -> 16.666667 | Z59: =AVERAGE(H58:H60) -> 24.666667 | AA59: =AVERAGE(I58:I60) -> 34.166667 | AB59: =AVERAGE(J58:J60) -> 42 | AC59: =AVERAGE(K58:K60) -> 51 | AD59: =AVERAGE(L58:L60) -> 57.666667 | AE59: =AVERAGE(M58:M60) -> 67 | ... AN59: =AVERAGE(V58:V60) -> 116.33333
D60: North | E60: 80-80 | F60: 11 | G60: 18 | H60: 28 | I60: 38 | J60: 46 | K60: 56 | L60: 60 | M60: 77 | N60: 85 | O60: 98 | P60: 107 | Q60: 121 | R60: 135 | S60: 134 | T60: 137 | U60: 137 | V60: 146
B61: 05- | C61: 1 | D61: North | E61: 100-120 | F61: 11 | G61: 12 | H61: 24 | I61: 24 | J61: 38 | K61: 43 | L61: 67 | M61: 75 | N61: 82 | O61: 96 | P61: 106 | Q61: 118 | R61: 125 | S61: 132 | T61: 137 | U61: 142 | V61: 141
D62: Mid | E62: 100-120 | F62: 11 | G62: 18 | H62: 23 | I62: 37 | J62: 43 | K62: 52 | L62: 69 | M62: 82 | N62: 90 | O62: 105 | P62: 116 | Q62: 124 | R62: 131 | S62: 138 | T62: 144 | U62: 147 | V62: 147 | X62: =AVERAGE(F61:F63) -> 11.666667 | Y62: =AVERAGE(G61:G63) -> 16 | Z62: =AVERAGE(H61:H63) -> 23.666667 | AA62: =AVERAGE(I61:I63) -> 32.166667 | AB62: =AVERAGE(J61:J63) -> 41.666667 | AC62: =AVERAGE(K61:K63) -> 48.666667 | AD62: =AVERAGE(L61:L63) -> 66 | AE62: =AVERAGE(M61:M63) -> 81.333333 | ... AN62: =AVERAGE(V61:V63) -> 150.33333
D63: South | E63: 100-120 | F63: 13 | G63: 18 | H63: 24 | I63: 35.5 | J63: 44 | K63: 51 | L63: 62 | M63: 87 | N63: 89 | O63: 104 | P63: 116 | Q63: 131 | R63: 137 | S63: 144 | T63: 150 | U63: 160 | V63: 163
B64: 05- | C64: 2 | D64: North | E64: 100-60 | F64: 12 | G64: 17 | H64: 26 | I64: 34 | J64: 46 | K64: 57 | L64: 81 | M64: 97 | N64: 101 | O64: 126 | P64: 137 | Q64: 141 | R64: 144 | S64: 146 | T64: 143 | U64: 142 | V64: 136
D65: Mid | E65: 100-60 | F65: 12 | G65: 18 | H65: 24 | I65: 36 | J65: 43 | K65: 56 | L65: 73 | M65: 83 | N65: 94 | O65: 105 | P65: 114 | Q65: 120 | R65: 124 | S65: 123 | T65: 123 | U65: 122 | V65: 124 | X65: =AVERAGE(F64:F66) -> 12.333333 | Y65: =AVERAGE(G64:G66) -> 17 | Z65: =AVERAGE(H64:H66) -> 24.333333 | AA65: =AVERAGE(I64:I66) -> 34 | AB65: =AVERAGE(J64:J66) -> 43 | AC65: =AVERAGE(K64:K66) -> 54.666667 | AD65: =AVERAGE(L64:L66) -> 72 | AE65: =AVERAGE(M64:M66) -> 82 | ... AN65: =AVERAGE(V64:V66) -> 118
D66: South | E66: 100-60 | F66: 13 | G66: 16 | H66: 23 | I66: 32 | J66: 40 | K66: 51 | L66: 62 | M66: 66 | N66: 70 | O66: 79 | P66: 87 | Q66: 87 | R66: 98 | S66: 93 | T66: 91 | U66: 100 | V66: 94
B67: 05- | C67: 3 | D67: North | E67: 120-100 | F67: 9 | G67: 11 | H67: 21 | I67: 33 | J67: 44 | K67: 55 | L67: 73 | M67: 93 | N67: 106 | O67: 119 | P67: 129 | Q67: 142 | R67: 143 | S67: 148 | T67: 151 | U67: 151 | V67: 151
D68: Mid | E68: 120-100 | F68: 11 | G68: 10 | H68: 21 | I68: 28 | J68: 37 | K68: 48 | L68: 59 | M68: 71 | N68: 80 | O68: 94 | P68: 110 | Q68: 120 | R68: 131 | S68: 140 | T68: 148 | U68: 143 | V68: 148 | X68: =AVERAGE(F67:F69) -> 9.6666667 | Y68: =AVERAGE(G67:G69) -> 11 | Z68: =AVERAGE(H67:H69) -> 19.666667 | AA68: =AVERAGE(I67:I69) -> 28.666667 | AB68: =AVERAGE(J67:J69) -> 39.333333 | AC68: =AVERAGE(K67:K69) -> 52 | AD68: =AVERAGE(L67:L69) -> 65.333333 | AE68: =AVERAGE(M67:M69) -> 81.666667 | ... AN68: =AVERAGE(V67:V69) -> 154.33333
D69: South | E69: 120-100 | F69: 9 | G69: 12 | H69: 17 | I69: 25 | J69: 37 | K69: 53 | L69: 64 | M69: 81 | N69: 98 | O69: 116 | P69: 129 | Q69: 141 | R69: 146 | S69: 158 | T69: 158 | U69: 158 | V69: 164
B70: 05- | C70: 4 | D70: North | E70: 60-80 | F70: 9 | G70: 11 | H70: 18 | I70: 24.5 | J70: 33 | K70: 38 | L70: 41 | M70: 48 | N70: 51 | O70: 62 | P70: 70 | Q70: 71 | R70: 86 | S70: 83 | T70: 86 | U70: 88 | V70: 97
D71: Mid | E71: 60-80 | F71: 9 | G71: 13 | H71: 15 | I71: 23 | J71: 24 | K71: 24 | L71: 32 | M71: 33 | N71: 33 | O71: 42 | P71: 47 | Q71: 68 | R71: 66 | S71: 71 | T71: 72 | U71: 74 | V71: 72 | X71: =AVERAGE(F70:F72) -> 9.3333333 | Y71: =AVERAGE(G70:G72) -> 12.333333 | Z71: =AVERAGE(H70:H72) -> 16.666667 | AA71: =AVERAGE(I70:I72) -> 24.166667 | AB71: =AVERAGE(J70:J72) -> 28 | AC71: =AVERAGE(K70:K72) -> 30 | AD71: =AVERAGE(L70:L72) -> 35 | AE71: =AVERAGE(M70:M72) -> 38.666667 | ... AN71: =AVERAGE(V70:V72) -> 84.333333
D72: South | E72: 60-80 | F72: 10 | G72: 13 | H72: 17 | I72: 25 | J72: 27 | K72: 28 | L72: 32 | M72: 35 | N72: 34 | O72: 49 | P72: 56 | Q72: 65 | R72: 74 | S72: 82 | T72: 81 | U72: 80 | V72: 84
B73: 06- | C73: 4 | D73: South | E73: 60-100 | F73: 9 | G73: 15 | H73: 20 | I73: 30.5 | J73: 33 | K73: 36 | L73: 43 | M73: 44 | N73: 54 | O73: 59 | P73: 67 | Q73: 82 | R73: 86 | S73: 96 | T73: 96 | U73: 101 | V73: 105
D74: Mid | E74: 60-100 | F74: 11 | G74: 17 | H74: 19 | I74: 30 | J74: 32 | K74: 37 | L74: 43 | M74: 49 | N74: 53 | O74: 74 | P74: 84 | Q74: 97 | R74: 107 | S74: 124 | T74: 137 | U74: 139 | V74: 149 | X74: =AVERAGE(F73:F75) -> 10.333333 | Y74: =AVERAGE(G73:G75) -> 14.666667 | Z74: =AVERAGE(H73:H75) -> 20 | AA74: =AVERAGE(I73:I75) -> 28.833333 | AB74: =AVERAGE(J73:J75) -> 32.666667 | AC74: =AVERAGE(K73:K75) -> 36.666667 | AD74: =AVERAGE(L73:L75) -> 43.333333 | AE74: =AVERAGE(M73:M75) -> 45.666667 | ... AN74: =AVERAGE(V73:V75) -> 125.33333
D75: North | E75: 60-100 | F75: 11 | G75: 12 | H75: 21 | I75: 26 | J75: 33 | K75: 37 | L75: 44 | M75: 44 | N75: 50 | O75: 64 | P75: 74 | Q75: 91 | R75: 101 | S75: 112 | T75: 118 | U75: 119 | V75: 122
B76: 06- | C76: 3 | D76: South | E76: 60-120 | F76: 10 | G76: 12 | H76: 23 | I76: 27 | J76: 32 | K76: 39 | L76: 43 | M76: 48 | N76: 52 | O76: 62 | P76: 69 | Q76: 96 | R76: 113 | S76: 119 | T76: 137 | U76: 151 | V76: 162
D77: Mid | E77: 60-120 | F77: 10 | G77: 16 | H77: 23 | I77: 34 | J77: 35 | K77: 43 | L77: 46 | M77: 57 | N77: 62 | O77: 80 | P77: 85 | Q77: 97 | R77: 115 | S77: 128 | T77: 144 | U77: 156 | V77: 163 | X77: =AVERAGE(F76:F78) -> 10.333333 | Y77: =AVERAGE(G76:G78) -> 15 | Z77: =AVERAGE(H76:H78) -> 23.333333 | AA77: =AVERAGE(I76:I78) -> 30.166667 | AB77: =AVERAGE(J76:J78) -> 34.333333 | AC77: =AVERAGE(K76:K78) -> 41.666667 | AD77: =AVERAGE(L76:L78) -> 45 | AE77: =AVERAGE(M76:M78) -> 52.333333 | ... AN77: =AVERAGE(V76:V78) -> 153.33333
D78: North | E78: 60-120 | F78: 11 | G78: 17 | H78: 24 | I78: 29.5 | J78: 36 | K78: 43 | L78: 46 | M78: 52 | N78: 60 | O78: 65 | P78: 77 | Q78: 86 | R78: 104 | S78: 98 | T78: 127 | U78: 121 | V78: 135
B79: 06- | C79: 2 | D79: South | E79: 60-60 | F79: 11 | G79: 16 | H79: 20 | I79: 28 | J79: 35 | K79: 43 | L79: 54 | M79: 61 | N79: 70 | O79: 85 | P79: 98 | Q79: 100 | R79: 108 | S79: 111 | T79: 110 | U79: 108 | V79: 105
D80: Mid | E80: 60-60 | F80: 11 | G80: 18 | H80: 23 | I80: 29 | J80: 33 | K80: 38 | L80: 55 | M80: 58 | N80: 62 | O80: 87 | P80: 82 | Q80: 82 | R80: 84 | S80: 88 | T80: 102 | U80: 92 | V80: 90 | X80: =AVERAGE(F79:F81) -> 10.666667 | Y80: =AVERAGE(G79:G81) -> 17.666667 | Z80: =AVERAGE(H79:H81) -> 21.333333 | AA80: =AVERAGE(I79:I81) -> 29.666667 | AB80: =AVERAGE(J79:J81) -> 33.666667 | AC80: =AVERAGE(K79:K81) -> 39.333333 | AD80: =AVERAGE(L79:L81) -> 53 | AE80: =AVERAGE(M79:M81) -> 56.666667 | ... AN80: =AVERAGE(V79:V81) -> 88.666667
D81: North | E81: 60-60 | F81: 10 | G81: 19 | H81: 21 | I81: 32 | J81: 33 | K81: 37 | L81: 50 | M81: 51 | N81: 49 | O81: 64 | P81: 71 | Q81: 62 | R81: 67 | S81: 70 | T81: 73 | U81: 92 | V81: 71
B82: 06- | C82: 1 | D82: South | E82: 80-100 | F82: 11 | G82: 20 | H82: 25 | I82: 34 | J82: 41 | K82: 48 | L82: 57 | M82: 65 | N82: 76 | O82: 82 | P82: 98 | Q82: 115 | R82: 126 | S82: 131 | T82: 139 | U82: 142 | V82: 139
D83: Mid | E83: 80-100 | F83: 10 | G83: 14 | H83: 21 | I83: 32.5 | J83: 37 | K83: 45 | L83: 53 | M83: 58 | N83: 65 | O83: 80 | P83: 83 | Q83: 98 | R83: 105 | S83: 112 | T83: 118 | U83: 121 | V83: 124 | X83: =AVERAGE(F82:F84) -> 11 | Y83: =AVERAGE(G82:G84) -> 17.333333 | Z83: =AVERAGE(H82:H84) -> 24.333333 | AA83: =AVERAGE(I82:I84) -> 34.166667 | AB83: =AVERAGE(J82:J84) -> 40.333333 | AC83: =AVERAGE(K82:K84) -> 48.666667 | AD83: =AVERAGE(L82:L84) -> 56.333333 | AE83: =AVERAGE(M82:M84) -> 64 | ... AN83: =AVERAGE(V82:V84) -> 137
D84: North | E84: 80-100 | F84: 12 | G84: 18 | H84: 27 | I84: 36 | J84: 43 | K84: 53 | L84: 59 | M84: 69 | N84: 78 | O84: 79 | P84: 97 | Q84: 124 | R84: 137 | S84: 137 | T84: 141 | U84: 147 | V84: 148
B85: 07- | C85: 1 | D85: North | E85: 120-60 | F85: 11 | G85: 16 | H85: 26 | I85: 35 | J85: 46 | K85: 59 | L85: 77 | M85: 93 | N85: 109 | O85: 125 | P85: 136 | Q85: 152 | R85: 151 | S85: 166 | T85: 166 | U85: 159 | V85: 163
D86: Mid | E86: 120-60 | F86: 10 | G86: 16 | H86: 23 | I86: 29 | J86: 45 | K86: 59 | L86: 71 | M86: 87 | N86: 104 | O86: 112 | P86: 120 | Q86: 131 | R86: 132 | S86: 140 | T86: 141 | U86: 148 | V86: 138 | X86: =AVERAGE(F85:F87) -> 11 | Y86: =AVERAGE(G85:G87) -> 16.666667 | Z86: =AVERAGE(H85:H87) -> 24 | AA86: =AVERAGE(I85:I87) -> 31 | AB86: =AVERAGE(J85:J87) -> 44.333333 | AC86: =AVERAGE(K85:K87) -> 55.666667 | AD86: =AVERAGE(L85:L87) -> 70.666667 | AE86: =AVERAGE(M85:M87) -> 84 | ... AN86: =AVERAGE(V85:V87) -> 135
D87: South | E87: 120-60 | F87: 12 | G87: 18 | H87: 23 | I87: 29 | J87: 42 | K87: 49 | L87: 64 | M87: 72 | N87: 82 | O87: 94 | P87: 97 | Q87: 103 | R87: 106 | S87: 109 | T87: 105 | U87: 108 | V87: 104
B88: 07- | C88: 2 | D88: North | E88: 80-60 | F88: 10 | G88: 15 | H88: 21 | I88: 39 | J88: 44 | K88: 62 | L88: 82 | M88: 93 | N88: 113 | O88: 122 | P88: 134 | Q88: 144 | R88: 125 | S88: 152 | T88: 150 | U88: 155 | V88: 151
D89: Mid | E89: 80-60 | F89: 12 | G89: 14 | H89: 23 | I89: 25 | J89: 44 | K89: 45 | L89: 53 | M89: 58 | N89: 75 | O89: 79 | P89: 87 | Q89: 89 | R89: 96 | S89: 99 | T89: 101 | U89: 103 | V89: 99 | X89: =AVERAGE(F88:F90) -> 11 | Y89: =AVERAGE(G88:G90) -> 14.666667 | Z89: =AVERAGE(H88:H90) -> 21.666667 | AA89: =AVERAGE(I88:I90) -> 30.833333 | AB89: =AVERAGE(J88:J90) -> 41.666667 | AC89: =AVERAGE(K88:K90) -> 51 | AD89: =AVERAGE(L88:L90) -> 63.333333 | AE89: =AVERAGE(M88:M90) -> 70.333333 | ... AN89: =AVERAGE(V88:V90) -> 115.33333
D90: South | E90: 80-60 | F90: 11 | G90: 15 | H90: 21 | I90: 28.5 | J90: 37 | K90: 46 | L90: 55 | M90: 60 | N90: 65 | O90: 78 | P90: 81 | Q90: 85 | R90: 88 | S90: 94 | T90: 91 | U90: 93 | V90: 96
B91: 07- | C91: 3 | D91: North | E91: 120-80 | F91: 12 | G91: 16 | H91: 24 | I91: 34 | J91: 45 | K91: 61 | L91: 70 | M91: 96 | N91: 107 | O91: 121 | P91: 131 | Q91: 144 | R91: 145 | S91: 152 | T91: 154 | U91: 157 | V91: 153
D92: Mid | E92: 120-80 | F92: 10 | G92: 13 | H92: 19 | I92: 24 | J92: 36 | K92: 45 | L92: 60 | M92: 69 | N92: 86 | O92: 100 | P92: 109 | Q92: 116 | R92: 124 | S92: 130 | T92: 127 | U92: 129 | V92: 130 | X92: =AVERAGE(F91:F93) -> 10 | Y92: =AVERAGE(G91:G93) -> 14 | Z92: =AVERAGE(H91:H93) -> 20.666667 | AA92: =AVERAGE(I91:I93) -> 27 | AB92: =AVERAGE(J91:J93) -> 39.333333 | AC92: =AVERAGE(K91:K93) -> 50.666667 | AD92: =AVERAGE(L91:L93) -> 61.666667 | AE92: =AVERAGE(M91:M93) -> 76.333333 | ... AN92: =AVERAGE(V91:V93) -> 136.66667
D93: South | E93: 120-80 | F93: 8 | G93: 13 | H93: 19 | I93: 23 | J93: 37 | K93: 46 | L93: 55 | M93: 64 | N93: 77 | O93: 91 | P93: 103 | Q93: 110 | R93: 122 | S93: 129 | T93: 123 | U93: 124 | V93: 127
B94: 07- | C94: 4 | D94: North | E94: 80-80 | F94: 8 | G94: 15 | H94: 22 | I94: 25 | J94: 35 | K94: 43 | L94: 47 | M94: 53 | N94: 58 | O94: 71 | P94: 84 | Q94: 92 | R94: 104 | S94: 107 | T94: 108 | U94: 111 | V94: 108
D95: Mid | E95: 80-80 | F95: 10 | G95: 16 | H95: 18 | I95: 29.5 | J95: 29 | K95: 34 | L95: 42 | M95: 51 | N95: 55 | O95: 70 | P95: 82 | Q95: 85 | R95: 103 | S95: 106 | T95: 112 | U95: 113 | V95: 114 | X95: =AVERAGE(F94:F96) -> 9.3333333 | Y95: =AVERAGE(G94:G96) -> 15.666667 | Z95: =AVERAGE(H94:H96) -> 20 | AA95: =AVERAGE(I94:I96) -> 27 | AB95: =AVERAGE(J94:J96) -> 35 | AC95: =AVERAGE(K94:K96) -> 41.666667 | AD95: =AVERAGE(L94:L96) -> 50 | AE95: =AVERAGE(M94:M96) -> 58.333333 | ... AN95: =AVERAGE(V94:V96) -> 118.66667
D96: South | E96: 80-80 | F96: 10 | G96: 16 | H96: 20 | I96: 26.5 | J96: 41 | K96: 48 | L96: 61 | M96: 71 | N96: 79 | O96: 93 | P96: 104 | Q96: 117 | R96: 126 | S96: 133 | T96: 130 | U96: 130 | V96: 134
B97: 08- | C97: 4 | D97: South | E97: 100-80 | F97: 11 | G97: 16 | H97: 21 | I97: 32 | J97: 44 | K97: 55 | L97: 58 | M97: 82 | N97: 93 | O97: 104 | P97: 118 | Q97: 126 | R97: 136 | S97: 141 | T97: 136 | U97: 140 | V97: 142
C98: 80-120 | D98: Mid | E98: 100-80 | F98: 11 | G98: 17 | H98: 23 | I98: 30 | J98: 44 | K98: 57 | L98: 69 | M98: 81 | N98: 98 | O98: 109 | P98: 122 | Q98: 139 | R98: 147 | S98: 148 | T98: 148 | U98: 150 | V98: 147 | X98: =AVERAGE(F97:F99) -> 10.666667 | Y98: =AVERAGE(G97:G99) -> 15.333333 | Z98: =AVERAGE(H97:H99) -> 21.333333 | AA98: =AVERAGE(I97:I99) -> 29.333333 | AB98: =AVERAGE(J97:J99) -> 41.333333 | AC98: =AVERAGE(K97:K99) -> 52.666667 | AD98: =AVERAGE(L97:L99) -> 60.666667 | AE98: =AVERAGE(M97:M99) -> 77.333333 | ... AN98: =AVERAGE(V97:V99) -> 135.66667
D99: North | E99: 100-80 | F99: 10 | G99: 13 | H99: 20 | I99: 26 | J99: 36 | K99: 46 | L99: 55 | M99: 69 | N99: 78 | O99: 91 | P99: 99 | Q99: 109 | R99: 116 | S99: 121 | T99: 121 | U99: 120 | V99: 118
B100: 08- | C100: 3 | D100: South | E100: 100-100 | F100: 12 | G100: 14 | H100: 21 | I100: 30 | J100: 43 | K100: 53 | L100: 75 | M100: 86 | N100: 106 | O100: 118 | P100: 133 | Q100: 147 | R100: 154 | S100: 165 | T100: 176 | U100: 174 | V100: 174
D101: Mid | E101: 100-100 | F101: 11 | G101: 15 | H101: 24 | I101: 28 | J101: 42 | K101: 54 | L101: 65 | M101: 80 | N101: 94 | O101: 118 | P101: 116 | Q101: 129 | R101: 142 | S101: 151 | T101: 153 | U101: 158 | V101: 155 | X101: =AVERAGE(F100:F102) -> 11.333333 | Y101: =AVERAGE(G100:G102) -> 14.666667 | Z101: =AVERAGE(H100:H102) -> 23 | AA101: =AVERAGE(I100:I102) -> 29.5 | AB101: =AVERAGE(J100:J102) -> 41 | AC101: =AVERAGE(K100:K102) -> 51.333333 | AD101: =AVERAGE(L100:L102) -> 68.333333 | AE101: =AVERAGE(M100:M102) -> 81 | ... AN101: =AVERAGE(V100:V102) -> 163
D102: North | E102: 100-100 | F102: 11 | G102: 15 | H102: 24 | I102: 30.5 | J102: 38 | K102: 47 | L102: 65 | M102: 77 | N102: 83 | O102: 107 | P102: 117 | Q102: 130 | R102: 144 | S102: 153 | T102: 162 | U102: 164 | V102: 160
...

Sheet Cover Summary
A1: Summary | B1: 2017 | D1: F13b4 | F1: Cotton | H1: Entered by SMM
H2: Proofed by MH
B3: Canopy Heights - Summary
B5: Measuring row 4 (from the West edge of plots). Width between row measured between rows 4 & 5.
B6: North and South flags are orange and Middle flag is pink.
D8: Initials: | F8: SMM | G8: Frank | H8: SMM | I8: SH | J8: SMM | K8: SMM | L8: SMM | M8: SMM | N8: SMM | O8: SMM | P8: SMM | Q8: SMM | R8: SMM | S8: SMM | T8: SMM | U8: SMM | V8: SMM
D9: Date: | F9: 42879 | G9: 42886 | H9: 42891 | I9: 42898 | J9: 42905 | K9: 42912 | L9: 42919 | M9: 42926 | N9: 42933 | O9: 42941 | P9: 42947 | Q9: 42955 | R9: 42962 | S9: 42968 | T9: 42975 | U9: 42983 | V9: 42990
D10: DOY: | F10: 144 | G10: 151 | H10: 156 | I10: 163 | J10: 170 | K10: 177 | L10: 184 | M10: 191 | N10: 198 | O10: 206 | P10: 212 | Q10: 220 | R10: 227 | S10: 233 | T10: 240 | U10: 248 | V10: 255
D11: Time: | F11: 1420-1525h | H11: 0950-1120h | I11: 1024-1207h | J11: 1000-1140h | K11: 0945-1200h | L11: 0945-1215h | M11: 0930-1130h | N11: 1000-1230h | O11: 0930-1230h | P11: 1000-1200h | Q11: 1050-1250h | R11: 1000-1300h | S11: 1000-1200h | T11: 1000-1215h | U11: 1000-1200h | V11: 0930-1200h
B12: Plot | D12: Flag | E12: TRT | F12: Canopy Width (cm) | G12: Canopy Width (cm) | H12: Canopy Width (cm) | I12: Canopy Width (cm) | J12: Canopy Width (cm) | K12: Canopy Width (cm) | L12: Canopy Width (cm) | M12: Canopy Width (cm) | N12: Canopy Width (cm) | O12: Canopy Width (cm) | P12: Canopy Width (cm) | Q12: Canopy Width (cm) | R12: Canopy Width (cm) | S12: Canopy Width (cm) | T12: Canopy Width (cm) | U12: Canopy Width (cm) | V12: Canopy Width (cm)
B13: 01- | C13: 1 | D13: North | E13: 80-120 | F13: 12 | G13: 12 | H13: 23 | I13: 23 | J13: 40 | K13: 42 | L13: 62 | M13: 76 | N13: 75 | O13: 97 | P13: 102 | Q13: 102 | R13: 102 | S13: 102 | T13: 102 | U13: 102 | V13: 102
D14: Mid | E14: 80-120 | F14: 13 | G14: 17 | H14: 25 | I14: 30 | J14: 40 | K14: 44 | L14: 57 | M14: 65 | N14: 59 | O14: 80 | P14: 90 | Q14: 97 | R14: 102 | S14: 102 | T14: 102 | U14: 102 | V14: 102
D15: South | E15: 80-120 | F15: 9 | G15: 15 | H15: 22 | I15: 21 | J15: 29 | K15: 33 | L15: 39 | M15: 40 | N15: 59 | O15: 53 | P15: 49 | Q15: 74 | R15: 76 | S15: 102 | T15: 102 | U15: 102 | V15: 102
B16: 01- | C16: 2 | D16: North | E16: 100-100 | F16: 11 | G16: 18 | H16: 25 | I16: 28 | J16: 42 | K16: 52 | L16: 61 | M16: 67 | N16: 60 | O16: 91 | P16: 100 | Q16: 102 | R16: 102 | S16: 102 | T16: 102 | U16: 102 | V16: 102
D17: Mid | E17: 100-100 | F17: 12 | G17: 19 | H17: 22 | I17: 20 | J17: 32 | K17: 44 | L17: 43 | M17: 51 | N17: 38 | O17: 69 | P17: 78 | Q17: 102 | R17: 102 | S17: 102 | T17: 102 | U17: 102 | V17: 102
D18: South | E18: 100-100 | F18: 8 | G18: 15 | H18: 19 | I18: 27 | J18: 30 | K18: 39 | L18: 47 | M18: 51 | N18: 66 | O18: 70 | P18: 89 | Q18: 102 | R18: 102 | S18: 102 | T18: 102 | U18: 102 | V18: 102
B19: 01- | C19: 3 | D19: North | E19: 80-100 | F19: 12 | G19: 15 | H19: 24 | I19: 16 | J19: 39 | K19: 43 | L19: 50 | M19: 62 | N19: 65 | O19: 79 | P19: 77 | Q19: 94 | R19: 102 | S19: 102 | T19: 102 | U19: 102 | V19: 102
D20: Mid | E20: 80-100 | F20: 8 | G20: 13 | H20: 22 | I20: 19 | J20: 33 | K20: 39 | L20: 47 | M20: 58 | N20: 75 | O20: 74 | P20: 85 | Q20: 95 | R20: 102 | S20: 102 | T20: 102 | U20: 102 | V20: 102
D21: South | E21: 80-100 | F21: 11 | G21: 12 | H21: 21 | I21: 17 | J21: 31 | K21: 45 | L21: 56 | M21: 63 | N21: 72 | O21: 76 | P21: 90 | Q21: 101 | R21: 102 | S21: 102 | T21: 102 | U21: 102 | V21: 102
B22: 01- | C22: 4 | D22: North | E22: 60-60 | F22: 7 | G22: 10 | H22: 22 | I22: 15 | J22: 30 | K22: 32 | L22: 37 | M22: 38 | N22: 74 | O22: 53 | P22: 56 | Q22: 56 | R22: 59 | S22: 66 | T22: 60 | U22: 66 | V22: 67
D23: Mid | E23: 60-60 | F23: 7 | G23: 13 | H23: 18 | I23: 19 | J23: 28 | K23: 29 | L23: 30 | M23: 33 | N23: 72 | O23: 45 | P23: 28 | Q23: 26 | R23: 28 | S23: 26 | T23: 27 | U23: 32 | V23: 30
D24: South | E24: 60-60 | F24: 9 | G24: 14 | H24: 23 | I24: 15 | J24: 32 | K24: 34 | L24: 41 | M24: 39 | N24: 66 | O24: 55 | P24: 59 | Q24: 54 | R24: 68 | S24: 69 | T24: 65 | U24: 67 | V24: 71
B25: 02- | C25: 4 | D25: South | E25: 120-120 | F25: 10 | G25: 15 | H25: 20 | I25: 21 | J25: 31 | K25: 35 | L25: 41 | M25: 47 | N25: 60 | O25: 73 | P25: 81 | Q25: 102 | R25: 102 | S25: 102 | T25: 102 | U25: 102 | V25: 102
D26: Mid | E26: 120-120 | F26: 10 | G26: 13 | H26: 21 | I26: 25 | J26: 34 | K26: 47 | L26: 61 | M26: 68 | N26: 82 | O26: 87 | P26: 97 | Q26: 102 | R26: 102 | S26: 102 | T26: 102 | U26: 102 | V26: 102
D27: North | E27: 120-120 | F27: 9 | G27: 12 | H27: 19 | I27: 27 | J27: 38 | K27: 47 | L27: 66 | M27: 76 | N27: 89 | O27: 94 | P27: 102 | Q27: 102 | R27: 102 | S27: 102 | T27: 102 | U27: 102 | V27: 102
B28: 02- | C28: 3 | D28: South | E28: 100-60 | F28: 10 | G28: 16 | H28: 22 | I28: 32 | J28: 36 | K28: 44 | L28: 57 | M28: 66 | N28: 71 | O28: 87 | P28: 96 | Q28: 102 | R28: 102 | S28: 102 | T28: 102 | U28: 102 | V28: 102
D29: Mid | E29: 100-60 | F29: 9 | G29: 9 | H29: 23 | I29: 31 | J29: 37 | K29: 49 | L29: 63 | M29: 78 | N29: 92 | O29: 91 | P29: 100 | Q29: 102 | R29: 102 | S29: 102 | T29: 102 | U29: 102 | V29: 102
D30: North | E30: 100-60 | F30: 7 | G30: 18 | H30: 20 | I30: 33 | J30: 34 | K30: 46 | L30: 54 | M30: 59 | N30: 72 | O30: 82 | P30: 85 | Q30: 83 | R30: 89 | S30: 95 | T30: 102 | U30: 94 | V30: 102
B31: 02- | C31: 2 | D31: South | E31: 60-120 | F31: 9 | G31: 18 | H31: 22 | I31: 28 | J31: 29 | K31: 36 | L31: 39 | M31: 43 | N31: 50 | O31: 64 | P31: 72 | Q31: 96 | R31: 95 | S31: 102 | T31: 102 | U31: 102 | V31: 102
D32: Mid | E32: 60-120 | F32: 9 | G32: 10 | H32: 21 | I32: 21 | J32: 32 | K32: 36 | L32: 38 | M32: 43 | N32: 46 | O32: 59 | P32: 62 | Q32: 91 | R32: 96 | S32: 102 | T32: 102 | U32: 102 | V32: 102
D33: North | E33: 60-120 | F33: 8 | G33: 15 | H33: 18 | I33: 27.5 | J33: 32 | K33: 34 | L33: 33 | M33: 40 | N33: 43 | O33: 63 | P33: 67 | Q33: 79 | R33: 97 | S33: 102 | T33: 102 | U33: 102 | V33: 102
B34: 02- | C34: 1 | D34: South | E34: 120-80 | F34: 10 | G34: 20 | H34: 23 | I34: 40 | J34: 42 | K34: 51 | L34: 67 | M34: 74 | N34: 88 | O34: 102 | P34: 102 | Q34: 102 | R34: 102 | S34: 102 | T34: 102 | U34: 102 | V34: 102
D35: Mid | E35: 120-80 | F35: 10 | G35: 17 | H35: 21 | I35: 38 | J35: 41 | K35: 55 | L35: 69 | M35: 85 | N35: 91 | O35: 102 | P35: 102 | Q35: 102 | R35: 102 | S35: 102 | T35: 102 | U35: 102 | V35: 102
D36: North | E36: 120-80 | F36: 9 | G36: 19 | H36: 23 | I36: 33 | J36: 45 | K36: 50 | L36: 70 | M36: 79 | N36: 90 | O36: 96 | P36: 102 | Q36: 102 | R36: 102 | S36: 102 | T36: 102 | U36: 102 | V36: 102
B37: 03- | C37: 1 | D37: North | E37: 120-100 | F37: 8 | G37: 17 | H37: 18 | I37: 34 | J37: 38 | K37: 50 | L37: 58 | M37: 69 | N37: 83 | O37: 102 | P37: 102 | Q37: 102 | R37: 102 | S37: 102 | T37: 102 | U37: 102 | V37: 102
D38: Mid | E38: 120-100 | F38: 9 | G38: 14 | H38: 20 | I38: 34 | J38: 41 | K38: 62 | L38: 69 | M38: 83 | N38: 97 | O38: 102 | P38: 102 | Q38: 102 | R38: 102 | S38: 102 | T38: 102 | U38: 102 | V38: 102
D39: South | E39: 120-100 | F39: 9 | G39: 16 | H39: 21 | I39: 31 | J39: 40 | K39: 57 | L39: 61 | M39: 74 | N39: 82 | O39: 90 | P39: 102 | Q39: 102 | R39: 102 | S39: 102 | T39: 102 | U39: 102 | V39: 102
B40: 03- | C40: 2 | D40: North | E40: 60-80 | F40: 8 | G40: 11 | H40: 23 | I40: 27 | J40: 37 | K40: 48 | L40: 46 | M40: 57 | N40: 63 | O40: 65 | P40: 77 | Q40: 90 | R40: 102 | S40: 102 | T40: 102 | U40: 102 | V40: 102
D41: Mid | E41: 60-80 | F41: 10 | G41: 24 | H41: 25 | I41: 34 | J41: 33 | K41: 37 | L41: 41 | M41: 42 | N41: 42 | O41: 49 | P41: 76 | Q41: 89 | R41: 96 | S41: 91 | T41: 102 | U41: 102 | V41: 102
D42: South | E42: 60-80 | F42: 11 | G42: 15 | H42: 22 | I42: 31 | J42: 30 | K42: 37 | L42: 40 | M42: 39 | N42: 37 | O42: 46 | P42: 54 | Q42: 56 | R42: 66 | S42: 70 | T42: 70 | U42: 83 | V42: 78
B43: 03- | C43: 3 | D43: North | E43: 60-100 | F43: 8 | G43: 13 | H43: 20 | I43: 32 | J43: 30 | K43: 33 | L43: 38 | M43: 39 | N43: 40 | O43: 61 | P43: 64 | Q43: 82 | R43: 101 | S43: 102 | T43: 102 | U43: 102 | V43: 102
D44: Mid | E44: 60-100 | F44: 11 | G44: 17 | H44: 21 | I44: 23.5 | J44: 31 | K44: 32 | L44: 30 | M44: 40 | N44: 39 | O44: 37 | P44: 48 | Q44: 54 | R44: 69 | S44: 82 | T44: 83 | U44: 102 | V44: 102
D45: South | E45: 60-100 | F45: 11 | G45: 13 | H45: 22 | I45: 25 | J45: 33 | K45: 37 | L45: 41 | M45: 42 | N45: 41 | O45: 52 | P45: 61 | Q45: 64 | R45: 78 | S45: 102 | T45: 102 | U45: 102 | V45: 102
B46: 03- | C46: 4 | D46: North | E46: 120-60 | F46: 8 | G46: 15 | H46: 17 | I46: 24 | J46: 33 | K46: 40 | L46: 45 | M46: 57 | N46: 63 | O46: 62 | P46: 87 | Q46: 102 | R46: 102 | S46: 102 | T46: 102 | U46: 102 | V46: 102
D47: Mid | E47: 120-60 | F47: 9 | G47: 16 | H47: 18 | I47: 33 | J47: 32 | K47: 42 | L47: 51 | M47: 53 | N47: 61 | O47: 81 | P47: 91 | Q47: 102 | R47: 102 | S47: 102 | T47: 102 | U47: 102 | V47: 102
D48: South | E48: 120-60 | F48: 7 | G48: 10 | H48: 18 | I48: 21 | J48: 31 | K48: 42 | L48: 51 | M48: 59 | N48: 68 | O48: 84 | P48: 77 | Q48: 92 | R48: 102 | S48: 102 | T48: 102 | U48: 102 | V48: 102
B49: 04- | C49: 4 | D49: South | E49: 100-80 | F49: 9 | G49: 15 | H49: 21 | I49: 25 | J49: 36 | K49: 40 | L49: 50 | M49: 57 | N49: 66 | O49: 62 | P49: 89 | Q49: 102 | R49: 102 | S49: 102 | T49: 102 | U49: 102 | V49: 102
D50: Mid | E50: 100-80 | F50: 10 | G50: 12 | H50: 21 | I50: 28 | J50: 38 | K50: 49 | L50: 55 | M50: 68 | N50: 74 | O50: 74 | P50: 95 | Q50: 102 | R50: 102 | S50: 102 | T50: 102 | U50: 102 | V50: 102
D51: North | E51: 100-80 | F51: 10 | G51: 15 | H51: 16 | I51: 25 | J51: 35 | K51: 42 | L51: 57 | M51: 65 | N51: 68 | O51: 87 | P51: 88 | Q51: 102 | R51: 102 | S51: 102 | T51: 102 | U51: 102 | V51: 102
B52: 04- | C52: 3 | D52: South | E52: 100-120 | F52: 9 | G52: 15 | H52: 18 | I52: 22 | J52: 37 | K52: 49 | L52: 58 | M52: 71 | N52: 84 | O52: 89 | P52: 102 | Q52: 102 | R52: 102 | S52: 102 | T52: 102 | U52: 102 | V52: 102
D53: Mid | E53: 100-120 | F53: 9 | G53: 16 | H53: 17 | I53: 34 | J53: 31 | K53: 42 | L53: 43 | M53: 60 | N53: 68 | O53: 87 | P53: 94 | Q53: 102 | R53: 102 | S53: 102 | T53: 102 | U53: 102 | V53: 102
D54: North | E54: 100-120 | F54: 10 | G54: 12 | H54: 21 | I54: 23.5 | J54: 38 | K54: 46 | L54: 51 | M54: 59 | N54: 66 | O54: 62 | P54: 79 | Q54: 95 | R54: 102 | S54: 102 | T54: 102 | U54: 102 | V54: 102
B55: 04- | C55: 2 | D55: South | E55: 80-60 | F55: 10 | G55: 14 | H55: 23 | I55: 33 | J55: 36 | K55: 41 | L55: 43 | M55: 54 | N55: 48 | O55: 68 | P55: 76 | Q55: 87 | R55: 92 | S55: 102 | T55: 102 | U55: 102 | V55: 102
D56: Mid | E56: 80-60 | F56: 8 | G56: 16 | H56: 23 | I56: 29 | J56: 33 | K56: 36 | L56: 41 | M56: 43 | N56: 42 | O56: 57 | P56: 55 | Q56: 45 | R56: 50 | S56: 48 | T56: 51 | U56: 46 | V56: 54
D57: North | E57: 80-60 | F57: 11 | G57: 19 | H57: 23 | I57: 32.5 | J57: 38 | K57: 43 | L57: 56 | M57: 64 | N57: 65 | O57: 74 | P57: 82 | Q57: 80 | R57: 91 | S57: 102 | T57: 102 | U57: 102 | V57: 102
B58: 04- | C58: 1 | D58: South | E58: 80-80 | F58: 9 | G58: 15 | H58: 22 | I58: 35 | J58: 43 | K58: 42 | L58: 49 | M58: 58 | N58: 56 | O58: 78 | P58: 79 | Q58: 91 | R58: 94 | S58: 102 | T58: 102 | U58: 102 | V58: 102
D59: Mid | E59: 80-80 | F59: 10 | G59: 17 | H59: 22 | I59: 28 | J59: 34 | K59: 41 | L59: 49 | M59: 59 | N59: 64 | O59: 71 | P59: 85 | Q59: 97 | R59: 102 | S59: 102 | T59: 102 | U59: 102 | V59: 102
D60: North | E60: 80-80 | F60: 9 | G60: 17 | H60: 26 | I60: 35.5 | J60: 43 | K60: 54 | L60: 58 | M60: 71 | N60: 79 | O60: 87 | P60: 98 | Q60: 102 | R60: 102 | S60: 102 | T60: 102 | U60: 102 | V60: 102
B61: 05- | C61: 1 | D61: North | E61: 100-120 | F61: 9 | G61: 14 | H61: 21 | I61: 29 | J61: 41 | K61: 42 | L61: 63 | M61: 71 | N61: 69 | O61: 88 | P61: 94 | Q61: 94 | R61: 102 | S61: 102 | T61: 102 | U61: 102 | V61: 102
D62: Mid | E62: 100-120 | F62: 9 | G62: 22 | H62: 23 | I62: 39 | J62: 42 | K62: 49 | L62: 66 | M62: 75 | N62: 82 | O62: 96 | P62: 100 | Q62: 102 | R62: 102 | S62: 102 | T62: 102 | U62: 102 | V62: 102
D63: South | E63: 100-120 | F63: 12 | G63: 18 | H63: 25 | I63: 35 | J63: 41 | K63: 50 | L63: 61 | M63: 74 | N63: 80 | O63: 100 | P63: 102 | Q63: 102 | R63: 102 | S63: 102 | T63: 102 | U63: 102 | V63: 102
B64: 05- | C64: 2 | D64: North | E64: 100-60 | F64: 10 | G64: 19 | H64: 26 | I64: 39 | J64: 43 | K64: 56 | L64: 75 | M64: 84 | N64: 91 | O64: 102 | P64: 102 | Q64: 102 | R64: 102 | S64: 102 | T64: 102 | U64: 102 | V64: 102
D65: Mid | E65: 100-60 | F65: 10 | G65: 12 | H65: 23 | I65: 34 | J65: 42 | K65: 54 | L65: 64 | M65: 73 | N65: 86 | O65: 92 | P65: 102 | Q65: 102 | R65: 102 | S65: 102 | T65: 102 | U65: 102 | V65: 102
D66: South | E66: 100-60 | F66: 10 | G66: 16 | H66: 22 | I66: 27 | J66: 36 | K66: 45 | L66: 57 | M66: 53 | N66: 62 | O66: 68 | P66: 74 | Q66: 78 | R66: 102 | S66: 102 | T66: 102 | U66: 102 | V66: 102
B67: 05- | C67: 3 | D67: North | E67: 120-100 | F67: 8 | G67: 10 | H67: 20 | I67: 33.5 | J67: 36 | K67: 48 | L67: 64 | M67: 76 | N67: 89 | O67: 102 | P67: 102 | Q67: 102 | R67: 102 | S67: 102 | T67: 102 | U67: 102 | V67: 102
D68: Mid | E68: 120-100 | F68: 8 | G68: 10 | H68: 18 | I68: 25 | J68: 34 | K68: 46 | L68: 52 | M68: 67 | N68: 73 | O68: 83 | P68: 102 | Q68: 102 | R68: 102 | S68: 102 | T68: 102 | U68: 102 | V68: 102
D69: South | E69: 120-100 | F69: 8 | G69: 12 | H69: 15 | I69: 30 | J69: 34 | K69: 46 | L69: 61 | M69: 80 | N69: 87 | O69: 102 | P69: 102 | Q69: 102 | R69: 102 | S69: 102 | T69: 102 | U69: 102 | V69: 102
B70: 05- | C70: 4 | D70: North | E70: 60-80 | F70: 7 | G70: 11 | H70: 17 | I70: 28 | J70: 30 | K70: 33 | L70: 36 | M70: 38 | N70: 37 | O70: 50 | P70: 57 | Q70: 58 | R70: 72 | S70: 73 | T70: 79 | U70: 80 | V70: 102
D71: Mid | E71: 60-80 | F71: 8 | G71: 15 | H71: 14 | I71: 22 | J71: 24 | K71: 27 | L71: 29 | M71: 28 | N71: 30 | O71: 25 | P71: 34 | Q71: 41 | R71: 54 | S71: 60 | T71: 64 | U71: 61 | V71: 69
D72: South | E72: 60-80 | F72: 8 | G72: 14 | H72: 15 | I72: 22.5 | J72: 23 | K72: 26 | L72: 26 | M72: 27 | N72: 29 | O72: 33 | P72: 41 | Q72: 50 | R72: 63 | S72: 66 | T72: 77 | U72: 77 | V72: 83
B73: 06- | C73: 4 | D73: South | E73: 60-100 | F73: 8 | G73: 15 | H73: 18 | I73: 28 | J73: 27 | K73: 34 | L73: 38 | M73: 38 | N73: 37 | O73: 46 | P73: 60 | Q73: 69 | R73: 74 | S73: 89 | T73: 102 | U73: 102 | V73: 102
D74: Mid | E74: 60-100 | F74: 8 | G74: 15 | H74: 17 | I74: 25 | J74: 28 | K74: 37 | L74: 37 | M74: 42 | N74: 39 | O74: 59 | P74: 70 | Q74: 83 | R74: 90 | S74: 97 | T74: 102 | U74: 102 | V74: 102
D75: North | E75: 60-100 | F75: 9 | G75: 11 | H75: 18 | I75: 26.5 | J75: 30 | K75: 34 | L75: 35 | M75: 36 | N75: 34 | O75: 51 | P75: 63 | Q75: 80 | R75: 88 | S75: 97 | T75: 102 | U75: 102 | V75: 102
B76: 06- | C76: 3 | D76: South | E76: 60-120 | F76: 8 | G76: 14 | H76: 23 | I76: 25 | J76: 30 | K76: 35 | L76: 36 | M76: 38 | N76: 37 | O76: 46 | P76: 70 | Q76: 94 | R76: 94 | S76: 102 | T76: 102 | U76: 102 | V76: 102
D77: Mid | E77: 60-120 | F77: 8 | G77: 18 | H77: 22 | I77: 35 | J77: 30 | K77: 38 | L77: 39 | M77: 48 | N77: 46 | O77: 73 | P77: 76 | Q77: 91 | R77: 92 | S77: 102 | T77: 102 | U77: 102 | V77: 102
D78: North | E78: 60-120 | F78: 8 | G78: 19 | H78: 22 | I78: 29 | J78: 31 | K78: 40 | L78: 40 | M78: 48 | N78: 47 | O78: 51 | P78: 65 | Q78: 78 | R78: 94 | S78: 102 | T78: 102 | U78: 102 | V78: 102
B79: 06- | C79: 2 | D79: South | E79: 60-60 | F79: 9 | G79: 19 | H79: 18 | I79: 30.5 | J79: 33 | K79: 39 | L79: 49 | M79: 58 | N79: 64 | O79: 78 | P79: 93 | Q79: 98 | R79: 102 | S79: 102 | T79: 102 | U79: 102 | V79: 102
D80: Mid | E80: 60-60 | F80: 9 | G80: 16 | H80: 20 | I80: 31 | J80: 30 | K80: 35 | L80: 46 | M80: 53 | N80: 62 | O80: 72 | P80: 72 | Q80: 76 | R80: 82 | S80: 82 | T80: 96 | U80: 84 | V80: 94
D81: North | E81: 60-60 | F81: 10 | G81: 18 | H81: 18 | I81: 31 | J81: 31 | K81: 33 | L81: 41 | M81: 43 | N81: 31 | O81: 48 | P81: 58 | Q81: 51 | R81: 61 | S81: 63 | T81: 70 | U81: 69 | V81: 69
B82: 06- | C82: 1 | D82: South | E82: 80-100 | F82: 8 | G82: 20 | H82: 24 | I82: 32.5 | J82: 40 | K82: 42 | L82: 55 | M82: 59 | N82: 67 | O82: 78 | P82: 89 | Q82: 101 | R82: 102 | S82: 102 | T82: 102 | U82: 102 | V82: 102
D83: Mid | E83: 80-100 | F83: 9 | G83: 11 | H83: 23 | I83: 37.5 | J83: 35 | K83: 44 | L83: 54 | M83: 56 | N83: 55 | O83: 67 | P83: 85 | Q83: 97 | R83: 102 | S83: 102 | T83: 102 | U83: 102 | V83: 102
D84: North | E84: 80-100 | F84: 11 | G84: 25 | H84: 26 | I84: 32 | J84: 38 | K84: 46 | L84: 50 | M84: 56 | N84: 65 | O84: 66 | P84: 91 | Q84: 102 | R84: 102 | S84: 102 | T84: 102 | U84: 102 | V84: 102
B85: 07- | C85: 1 | D85: North | E85: 120-60 | F85: 9 | G85: 18 | H85: 25 | I85: 38 | J85: 39 | K85: 50 | L85: 68 | M85: 80 | N85: 97 | O85: 102 | P85: 102 | Q85: 102 | R85: 102 | S85: 102 | T85: 102 | U85: 102 | V85: 102
D86: Mid | E86: 120-60 | F86: 9 | G86: 13 | H86: 22 | I86: 39 | J86: 47 | K86: 55 | L86: 77 | M86: 84 | N86: 92 | O86: 102 | P86: 102 | Q86: 102 | R86: 102 | S86: 102 | T86: 102 | U86: 102 | V86: 102
D87: South | E87: 120-60 | F87: 11 | G87: 15 | H87: 22 | I87: 27.5 | J87: 37 | K87: 40 | L87: 52 | M87: 63 | N87: 75 | O87: 80 | P87: 92 | Q87: 102 | R87: 102 | S87: 102 | T87: 102 | U87: 102 | V87: 102
B88: 07- | C88: 2 | D88: North | E88: 80-60 | F88: 9 | G88: 15 | H88: 19 | I88: 44 | J88: 45 | K88: 58 | L88: 73 | M88: 58 | N88: 98 | O88: 102 | P88: 102 | Q88: 102 | R88: 102 | S88: 102 | T88: 102 | U88: 102 | V88: 102
D89: Mid | E89: 80-60 | F89: 10 | G89: 16 | H89: 22 | I89: 22.5 | J89: 39 | K89: 40 | L89: 51 | M89: 57 | N89: 69 | O89: 69 | P89: 85 | Q89: 94 | R89: 102 | S89: 102 | T89: 102 | U89: 102 | V89: 102
D90: South | E90: 80-60 | F90: 8 | G90: 13 | H90: 18 | I90: 32 | J90: 31 | K90: 37 | L90: 49 | M90: 57 | N90: 60 | O90: 73 | P90: 75 | Q90: 85 | R90: 91 | S90: 93 | T90: 102 | U90: 102 | V90: 102
B91: 07- | C91: 3 | D91: North | E91: 120-80 | F91: 9 | G91: 12 | H91: 23 | I91: 35.5 | J91: 44 | K91: 57 | L91: 65 | M91: 83 | N91: 92 | O91: 102 | P91: 102 | Q91: 102 | R91: 102 | S91: 102 | T91: 102 | U91: 102 | V91: 102
D92: Mid | E92: 120-80 | F92: 9 | G92: 11 | H92: 19 | I92: 26 | J92: 36 | K92: 45 | L92: 57 | M92: 63 | N92: 78 | O92: 89 | P92: 98 | Q92: 102 | R92: 102 | S92: 102 | T92: 102 | U92: 102 | V92: 102
D93: South | E93: 120-80 | F93: 7 | G93: 12 | H93: 18 | I93: 26.5 | J93: 32 | K93: 38 | L93: 44 | M93: 56 | N93: 60 | O93: 78 | P93: 91 | Q93: 96 | R93: 102 | S93: 102 | T93: 102 | U93: 102 | V93: 102
B94: 07- | C94: 4 | D94: North | E94: 80-80 | F94: 6 | G94: 17 | H94: 20 | I94: 29 | J94: 31 | K94: 36 | L94: 45 | M94: 50 | N94: 48 | O94: 65 | P94: 77 | Q94: 89 | R94: 99 | S94: 102 | T94: 102 | U94: 102 | V94: 102
D95: Mid | E95: 80-80 | F95: 8 | G95: 17 | H95: 16 | I95: 24 | J95: 27 | K95: 33 | L95: 39 | M95: 48 | N95: 49 | O95: 58 | P95: 68 | Q95: 66 | R95: 94 | S95: 95 | T95: 102 | U95: 102 | V95: 102
D96: South | E96: 80-80 | F96: 8 | G96: 13 | H96: 17 | I96: 30 | J96: 41 | K96: 47 | L96: 51 | M96: 68 | N96: 71 | O96: 84 | P96: 94 | Q96: 99 | R96: 102 | S96: 102 | T96: 102 | U96: 102 | V96: 102
B97: 08- | C97: 4 | D97: South | E97: 100-80 | F97: 10 | G97: 16 | H97: 19 | I97: 28.5 | J97: 38 | K97: 50 | L97: 53 | M97: 73 | N97: 80 | O97: 92 | P97: 99 | Q97: 102 | R97: 102 | S97: 102 | T97: 102 | U97: 102 | V97: 102
D98: Mid | E98: 100-80 | F98: 10 | G98: 18 | H98: 21 | I98: 27 | J98: 39 | K98: 56 | L98: 65 | M98: 74 | N98: 88 | O98: 94 | P98: 102 | Q98: 102 | R98: 102 | S98: 102 | T98: 102 | U98: 102 | V98: 102
D99: North | E99: 100-80 | F99: 9 | G99: 10 | H99: 18 | I99: 23 | J99: 38 | K99: 46 | L99: 43 | M99: 64 | N99: 71 | O99: 78 | P99: 93 | Q99: 102 | R99: 102 | S99: 102 | T99: 102 | U99: 102 | V99: 102
B100: 08- | C100: 3 | D100: South | E100: 100-100 | F100: 10 | G100: 16 | H100: 19 | I100: 29 | J100: 40 | K100: 54 | L100: 69 | M100: 77 | N100: 93 | O100: 102 | P100: 102 | Q100: 102 | R100: 102 | S100: 102 | T100: 102 | U100: 102 | V100: 102
D101: Mid | E101: 100-100 | F101: 11 | G101: 18 | H101: 20 | I101: 28 | J101: 37 | K101: 47 | L101: 58 | M101: 70 | N101: 78 | O101: 98 | P101: 102 | Q101: 102 | R101: 102 | S101: 102 | T101: 102 | U101: 102 | V101: 102
D102: North | E102: 100-100 | F102: 10 | G102: 11 | H102: 20 | I102: 27 | J102: 33 | K102: 40 | L102: 56 | M102: 59 | N102: 69 | O102: 88 | P102: 102 | Q102: 102 | R102: 102 | S102: 102 | T102: 102 | U102: 102 | V102: 102
...

Sheet Averages
A1: Averages by treatments
E2: Variable rate irrigation started 1 June 2017 (d152) | M2: Irrigation treatment changed starting the 19th of July
D3: Average Canopy Heights
C5: Date: | D5: ='Height Summary'!F9 -> 42879 | E5: ='Height Summary'!G9 -> 42886 | F5: ='Height Summary'!H9 -> 42891 | G5: ='Height Summary'!I9 -> 42898 | H5: ='Height Summary'!J9 -> 42905 | I5: ='Height Summary'!K9 -> 42912 | J5: ='Height Summary'!L9 -> 42919 | K5: ='Height Summary'!M9 -> 42926 | ... Q5: ='Height Summary'!S9 -> 42968
C6: DOY: | D6: ='Height Summary'!F10 -> 144 | E6: ='Height Summary'!G10 -> 151 | F6: ='Height Summary'!H10 -> 156 | G6: ='Height Summary'!I10 -> 163 | H6: ='Height Summary'!J10 -> 170 | I6: ='Height Summary'!K10 -> 177 | J6: ='Height Summary'!L10 -> 184 | K6: ='Height Summary'!M10 -> 191 | ... Q6: ='Height Summary'!S10 -> 233
B7: Ave of all 60-##: | C7: 60-60 | D7: =AVERAGEIFS('Height Summary'!F$13:F$204,'Height Summary'!$E$13:$E$204, "60-60") -> 11 | E7: =AVERAGEIFS('Height Summary'!G$13:G$204,'Height Summary'!$E$13:$E$204, "60-60") -> 15.916667 | F7: =AVERAGEIFS('Height Summary'!H$13:H$204,'Height Summary'!$E$13:$E$204, "60-60") -> 22.333333 | G7: =AVERAGEIFS('Height Summary'!I$13:I$204,'Height Summary'!$E$13:$E$204, "60-60") -> 27.958333 | H7: =AVERAGEIFS('Height Summary'!J$13:J$204,'Height Summary'!$E$13:$E$204, "60-60") -> 35.25 | I7: =AVERAGEIFS('Height Summary'!K$13:K$204,'Height Summary'!$E$13:$E$204, "60-60") -> 39.333333 | J7: =AVERAGEIFS('Height Summary'!L$13:L$204,'Height Summary'!$E$13:$E$204, "60-60") -> 47.416667 | K7: =AVERAGEIFS('Height Summary'!M$13:M$204,'Height Summary'!$E$13:$E$204, "60-60") -> 50.416667 | ... Q7: =AVERAGEIFS('Height Summary'!S$13:S$204,'Height Summary'!$E$13:$E$204, "60-60") -> 81.75
C8: 60-80 | D8: =AVERAGEIFS('Height Summary'!F$13:F$204,'Height Summary'!$E$13:$E$204, "60-80") -> 10.666667 | E8: =AVERAGEIFS('Height Summary'!G$13:G$204,'Height Summary'!$E$13:$E$204, "60-80") -> 14.833333 | F8: =AVERAGEIFS('Height Summary'!H$13:H$204,'Height Summary'!$E$13:$E$204, "60-80") -> 21.5 | G8: =AVERAGEIFS('Height Summary'!I$13:I$204,'Height Summary'!$E$13:$E$204, "60-80") -> 28.375 | H8: =AVERAGEIFS('Height Summary'!J$13:J$204,'Height Summary'!$E$13:$E$204, "60-80") -> 34.916667 | I8: =AVERAGEIFS('Height Summary'!K$13:K$204,'Height Summary'!$E$13:$E$204, "60-80") -> 39.5 | J8: =AVERAGEIFS('Height Summary'!L$13:L$204,'Height Summary'!$E$13:$E$204, "60-80") -> 44.833333 | K8: =AVERAGEIFS('Height Summary'!M$13:M$204,'Height Summary'!$E$13:$E$204, "60-80") -> 48.25 | ... Q8: =AVERAGEIFS('Height Summary'!S$13:S$204,'Height Summary'!$E$13:$E$204, "60-80") -> 91.583333
C9: 60-100 | D9: =AVERAGEIFS('Height Summary'!F$13:F$204,'Height Summary'!$E$13:$E$204, "60-100") -> 10.833333 | E9: =AVERAGEIFS('Height Summary'!G$13:G$204,'Height Summary'!$E$13:$E$204, "60-100") -> 15.166667 | F9: =AVERAGEIFS('Height Summary'!H$13:H$204,'Height Summary'!$E$13:$E$204, "60-100") -> 20.833333 | G9: =AVERAGEIFS('Height Summary'!I$13:I$204,'Height Summary'!$E$13:$E$204, "60-100") -> 28.833333 | H9: =AVERAGEIFS('Height Summary'!J$13:J$204,'Height Summary'!$E$13:$E$204, "60-100") -> 34.083333 | I9: =AVERAGEIFS('Height Summary'!K$13:K$204,'Height Summary'!$E$13:$E$204, "60-100") -> 39.083333 | J9: =AVERAGEIFS('Height Summary'!L$13:L$204,'Height Summary'!$E$13:$E$204, "60-100") -> 44 | K9: =AVERAGEIFS('Height Summary'!M$13:M$204,'Height Summary'!$E$13:$E$204, "60-100") -> 46.416667 | ... Q9: =AVERAGEIFS('Height Summary'!S$13:S$204,'Height Summary'!$E$13:$E$204, "60-100") -> 113.33333
C10: 60-120 | D10: =AVERAGEIFS('Height Summary'!F$13:F$204,'Height Summary'!$E$13:$E$204, "60-120") -> 10.75 | E10: =AVERAGEIFS('Height Summary'!G$13:G$204,'Height Summary'!$E$13:$E$204, "60-120") -> 15.25 | F10: =AVERAGEIFS('Height Summary'!H$13:H$204,'Height Summary'!$E$13:$E$204, "60-120") -> 22.833333 | G10: =AVERAGEIFS('Height Summary'!I$13:I$204,'Height Summary'!$E$13:$E$204, "60-120") -> 29.916667 | H10: =AVERAGEIFS('Height Summary'!J$13:J$204,'Height Summary'!$E$13:$E$204, "60-120") -> 35.5 | I10: =AVERAGEIFS('Height Summary'!K$13:K$204,'Height Summary'!$E$13:$E$204, "60-120") -> 40.833333 | J10: =AVERAGEIFS('Height Summary'!L$13:L$204,'Height Summary'!$E$13:$E$204, "60-120") -> 47.583333 | K10: =AVERAGEIFS('Height Summary'!M$13:M$204,'Height Summary'!$E$13:$E$204, "60-120") -> 51.333333 | ... Q10: =AVERAGEIFS('Height Summary'!S$13:S$204,'Height Summary'!$E$13:$E$204, "60-120") -> 118.91667
D11: =AVERAGEIFS('Height Summary'!F$13:F$204,'Height Summary'!$E$13:$E$204, "60-*") -> 10.8125 | E11: =AVERAGEIFS('Height Summary'!G$13:G$204,'Height Summary'!$E$13:$E$204, "60-*") -> 15.291667 | F11: =AVERAGEIFS('Height Summary'!H$13:H$204,'Height Summary'!$E$13:$E$204, "60-*") -> 21.875 | G11: =AVERAGEIFS('Height Summary'!I$13:I$204,'Height Summary'!$E$13:$E$204, "60-*") -> 28.770833 | H11: =AVERAGEIFS('Height Summary'!J$13:J$204,'Height Summary'!$E$13:$E$204, "60-*") -> 34.9375 | I11: =AVERAGEIFS('Height Summary'!K$13:K$204,'Height Summary'!$E$13:$E$204, "60-*") -> 39.6875 | J11: =AVERAGEIFS('Height Summary'!L$13:L$204,'Height Summary'!$E$13:$E$204, "60-*") -> 45.958333 | K11: =AVERAGEIFS('Height Summary'!M$13:M$204,'Height Summary'!$E$13:$E$204, "60-*") -> 49.104167 | ... Q11: =AVERAGEIFS('Height Summary'!S$13:S$204,'Height Summary'!$E$13:$E$204, "60-*") -> 101.39583
B12: Ave of all 80-##: | C12: 80-60 | D12: =AVERAGEIFS('Height Summary'!F$13:F$204,'Height Summary'!$E$13:$E$204, "80-60") -> 10.833333 | E12: =AVERAGEIFS('Height Summary'!G$13:G$204,'Height Summary'!$E$13:$E$204, "80-60") -> 15.25 | F12: =AVERAGEIFS('Height Summary'!H$13:H$204,'Height Summary'!$E$13:$E$204, "80-60") -> 21.75 | G12: =AVERAGEIFS('Height Summary'!I$13:I$204,'Height Summary'!$E$13:$E$204, "80-60") -> 30.416667 | H12: =AVERAGEIFS('Height Summary'!J$13:J$204,'Height Summary'!$E$13:$E$204, "80-60") -> 39.833333 | I12: =AVERAGEIFS('Height Summary'!K$13:K$204,'Height Summary'!$E$13:$E$204, "80-60") -> 47.166667 | J12: =AVERAGEIFS('Height Summary'!L$13:L$204,'Height Summary'!$E$13:$E$204, "80-60") -> 56.916667 | K12: =AVERAGEIFS('Height Summary'!M$13:M$204,'Height Summary'!$E$13:$E$204, "80-60") -> 63.833333 | ... Q12: =AVERAGEIFS('Height Summary'!S$13:S$204,'Height Summary'!$E$13:$E$204, "80-60") -> 98.416667
C13: 80-80 | D13: =AVERAGEIFS('Height Summary'!F$13:F$204,'Height Summary'!$E$13:$E$204, "80-80") -> 10.75 | E13: =AVERAGEIFS('Height Summary'!G$13:G$204,'Height Summary'!$E$13:$E$204, "80-80") -> 16.5 | F13: =AVERAGEIFS('Height Summary'!H$13:H$204,'Height Summary'!$E$13:$E$204, "80-80") -> 22.833333 | G13: =AVERAGEIFS('Height Summary'!I$13:I$204,'Height Summary'!$E$13:$E$204, "80-80") -> 32.333333 | H13: =AVERAGEIFS('Height Summary'!J$13:J$204,'Height Summary'!$E$13:$E$204, "80-80") -> 39.916667 | I13: =AVERAGEIFS('Height Summary'!K$13:K$204,'Height Summary'!$E$13:$E$204, "80-80") -> 47.083333 | J13: =AVERAGEIFS('Height Summary'!L$13:L$204,'Height Summary'!$E$13:$E$204, "80-80") -> 55.416667 | K13: =AVERAGEIFS('Height Summary'!M$13:M$204,'Height Summary'!$E$13:$E$204, "80-80") -> 64.5 | ... Q13: =AVERAGEIFS('Height Summary'!S$13:S$204,'Height Summary'!$E$13:$E$204, "80-80") -> 116.91667
C14: 80-100 | D14: =AVERAGEIFS('Height Summary'!F$13:F$204,'Height Summary'!$E$13:$E$204, "80-100") -> 11.833333 | E14: =AVERAGEIFS('Height Summary'!G$13:G$204,'Height Summary'!$E$13:$E$204, "80-100") -> 16.166667 | F14: =AVERAGEIFS('Height Summary'!H$13:H$204,'Height Summary'!$E$13:$E$204, "80-100") -> 23.5 | G14: =AVERAGEIFS('Height Summary'!I$13:I$204,'Height Summary'!$E$13:$E$204, "80-100") -> 30.083333 | H14: =AVERAGEIFS('Height Summary'!J$13:J$204,'Height Summary'!$E$13:$E$204, "80-100") -> 38.333333 | I14: =AVERAGEIFS('Height Summary'!K$13:K$204,'Height Summary'!$E$13:$E$204, "80-100") -> 47 | J14: =AVERAGEIFS('Height Summary'!L$13:L$204,'Height Summary'!$E$13:$E$204, "80-100") -> 55.75 | K14: =AVERAGEIFS('Height Summary'!M$13:M$204,'Height Summary'!$E$13:$E$204, "80-100") -> 65.333333 | ... Q14: =AVERAGEIFS('Height Summary'!S$13:S$204,'Height Summary'!$E$13:$E$204, "80-100") -> 126.41667
C15: 80-120 | D15: =AVERAGEIFS('Height Summary'!F$13:F$204,'Height Summary'!$E$13:$E$204, "80-120") -> 12 | E15: =AVERAGEIFS('Height Summary'!G$13:G$204,'Height Summary'!$E$13:$E$204, "80-120") -> 15.25 | F15: =AVERAGEIFS('Height Summary'!H$13:H$204,'Height Summary'!$E$13:$E$204, "80-120") -> 24.416667 | G15: =AVERAGEIFS('Height Summary'!I$13:I$204,'Height Summary'!$E$13:$E$204, "80-120") -> 29.458333 | H15: =AVERAGEIFS('Height Summary'!J$13:J$204,'Height Summary'!$E$13:$E$204, "80-120") -> 38.5 | I15: =AVERAGEIFS('Height Summary'!K$13:K$204,'Height Summary'!$E$13:$E$204, "80-120") -> 45.416667 | J15: =AVERAGEIFS('Height Summary'!L$13:L$204,'Height Summary'!$E$13:$E$204, "80-120") -> 54.5 | K15: =AVERAGEIFS('Height Summary'!M$13:M$204,'Height Summary'!$E$13:$E$204, "80-120") -> 62.833333 | ... Q15: =AVERAGEIFS('Height Summary'!S$13:S$204,'Height Summary'!$E$13:$E$204, "80-120") -> 133.25
D16: =AVERAGEIFS('Height Summary'!F$13:F$204,'Height Summary'!$E$13:$E$204, "80-*") -> 11.354167 | E16: =AVERAGEIFS('Height Summary'!G$13:G$204,'Height Summary'!$E$13:$E$204, "80-*") -> 15.791667 | F16: =AVERAGEIFS('Height Summary'!H$13:H$204,'Height Summary'!$E$13:$E$204, "80-*") -> 23.125 | G16: =AVERAGEIFS('Height Summary'!I$13:I$204,'Height Summary'!$E$13:$E$204, "80-*") -> 30.572917 | H16: =AVERAGEIFS('Height Summary'!J$13:J$204,'Height Summary'!$E$13:$E$204, "80-*") -> 39.145833 | I16: =AVERAGEIFS('Height Summary'!K$13:K$204,'Height Summary'!$E$13:$E$204, "80-*") -> 46.666667 | J16: =AVERAGEIFS('Height Summary'!L$13:L$204,'Height Summary'!$E$13:$E$204, "80-*") -> 55.645833 | K16: =AVERAGEIFS('Height Summary'!M$13:M$204,'Height Summary'!$E$13:$E$204, "80-*") -> 64.125 | ... Q16: =AVERAGEIFS('Height Summary'!S$13:S$204,'Height Summary'!$E$13:$E$204, "80-*") -> 118.75
B17: Ave of all 100-##: | C17: 100-60 | D17: =AVERAGEIFS('Height Summary'!F$13:F$204,'Height Summary'!$E$13:$E$204, "100-60") -> 10.666667 | E17: =AVERAGEIFS('Height Summary'!G$13:G$204,'Height Summary'!$E$13:$E$204, "100-60") -> 15.416667 | F17: =AVERAGEIFS('Height Summary'!H$13:H$204,'Height Summary'!$E$13:$E$204, "100-60") -> 23 | G17: =AVERAGEIFS('Height Summary'!I$13:I$204,'Height Summary'!$E$13:$E$204, "100-60") -> 32.583333 | H17: =AVERAGEIFS('Height Summary'!J$13:J$204,'Height Summary'!$E$13:$E$204, "100-60") -> 40.916667 | I17: =AVERAGEIFS('Height Summary'!K$13:K$204,'Height Summary'!$E$13:$E$204, "100-60") -> 51.25 | J17: =AVERAGEIFS('Height Summary'!L$13:L$204,'Height Summary'!$E$13:$E$204, "100-60") -> 63.5 | K17: =AVERAGEIFS('Height Summary'!M$13:M$204,'Height Summary'!$E$13:$E$204, "100-60") -> 72.75 | ... Q17: =AVERAGEIFS('Height Summary'!S$13:S$204,'Height Summary'!$E$13:$E$204, "100-60") -> 108
C18: 100-80 | D18: =AVERAGEIFS('Height Summary'!F$13:F$204,'Height Summary'!$E$13:$E$204, "100-80") -> 11.583333 | E18: =AVERAGEIFS('Height Summary'!G$13:G$204,'Height Summary'!$E$13:$E$204, "100-80") -> 14.416667 | F18: =AVERAGEIFS('Height Summary'!H$13:H$204,'Height Summary'!$E$13:$E$204, "100-80") -> 22.333333 | G18: =AVERAGEIFS('Height Summary'!I$13:I$204,'Height Summary'!$E$13:$E$204, "100-80") -> 30.25 | H18: =AVERAGEIFS('Height Summary'!J$13:J$204,'Height Summary'!$E$13:$E$204, "100-80") -> 40.5 | I18: =AVERAGEIFS('Height Summary'!K$13:K$204,'Height Summary'!$E$13:$E$204, "100-80") -> 49.416667 | J18: =AVERAGEIFS('Height Summary'!L$13:L$204,'Height Summary'!$E$13:$E$204, "100-80") -> 58.916667 | K18: =AVERAGEIFS('Height Summary'!M$13:M$204,'Height Summary'!$E$13:$E$204, "100-80") -> 70.333333 | ... Q18: =AVERAGEIFS('Height Summary'!S$13:S$204,'Height Summary'!$E$13:$E$204, "100-80") -> 121.25
C19: 100-100 | D19: =AVERAGEIFS('Height Summary'!F$13:F$204,'Height Summary'!$E$13:$E$204, "100-100") -> 11.333333 | E19: =AVERAGEIFS('Height Summary'!G$13:G$204,'Height Summary'!$E$13:$E$204, "100-100") -> 16.916667 | F19: =AVERAGEIFS('Height Summary'!H$13:H$204,'Height Summary'!$E$13:$E$204, "100-100") -> 24.083333 | G19: =AVERAGEIFS('Height Summary'!I$13:I$204,'Height Summary'!$E$13:$E$204, "100-100") -> 31.375 | H19: =AVERAGEIFS('Height Summary'!J$13:J$204,'Height Summary'!$E$13:$E$204, "100-100") -> 42.416667 | I19: =AVERAGEIFS('Height Summary'!K$13:K$204,'Height Summary'!$E$13:$E$204, "100-100") -> 52.5 | J19: =AVERAGEIFS('Height Summary'!L$13:L$204,'Height Summary'!$E$13:$E$204, "100-100") -> 65.416667 | K19: =AVERAGEIFS('Height Summary'!M$13:M$204,'Height Summary'!$E$13:$E$204, "100-100") -> 75.5 | ... Q19: =AVERAGEIFS('Height Summary'!S$13:S$204,'Height Summary'!$E$13:$E$204, "100-100") -> 150.08333
C20: 100-120 | D20: =AVERAGEIFS('Height Summary'!F$13:F$204,'Height Summary'!$E$13:$E$204, "100-120") -> 11.166667 | E20: =AVERAGEIFS('Height Summary'!G$13:G$204,'Height Summary'!$E$13:$E$204, "100-120") -> 14.75 | F20: =AVERAGEIFS('Height Summary'!H$13:H$204,'Height Summary'!$E$13:$E$204, "100-120") -> 22.333333 | G20: =AVERAGEIFS('Height Summary'!I$13:I$204,'Height Summary'!$E$13:$E$204, "100-120") -> 28.75 | H20: =AVERAGEIFS('Height Summary'!J$13:J$204,'Height Summary'!$E$13:$E$204, "100-120") -> 38.166667 | I20: =AVERAGEIFS('Height Summary'!K$13:K$204,'Height Summary'!$E$13:$E$204, "100-120") -> 47.25 | J20: =AVERAGEIFS('Height Summary'!L$13:L$204,'Height Summary'!$E$13:$E$204, "100-120") -> 60.916667 | K20: =AVERAGEIFS('Height Summary'!M$13:M$204,'Height Summary'!$E$13:$E$204, "100-120") -> 72.666667 | ... Q20: =AVERAGEIFS('Height Summary'!S$13:S$204,'Height Summary'!$E$13:$E$204, "100-120") -> 142.16667
D21: =AVERAGEIFS('Height Summary'!F$13:F$204,'Height Summary'!$E$13:$E$204, "100-*") -> 11.1875 | E21: =AVERAGEIFS('Height Summary'!G$13:G$204,'Height Summary'!$E$13:$E$204, "100-*") -> 15.375 | F21: =AVERAGEIFS('Height Summary'!H$13:H$204,'Height Summary'!$E$13:$E$204, "100-*") -> 22.9375 | G21: =AVERAGEIFS('Height Summary'!I$13:I$204,'Height Summary'!$E$13:$E$204, "100-*") -> 30.739583 | H21: =AVERAGEIFS('Height Summary'!J$13:J$204,'Height Summary'!$E$13:$E$204, "100-*") -> 40.5 | I21: =AVERAGEIFS('Height Summary'!K$13:K$204,'Height Summary'!$E$13:$E$204, "100-*") -> 50.104167 | J21: =AVERAGEIFS('Height Summary'!L$13:L$204,'Height Summary'!$E$13:$E$204, "100-*") -> 62.1875 | K21: =AVERAGEIFS('Height Summary'!M$13:M$204,'Height Summary'!$E$13:$E$204, "100-*") -> 72.8125 | ... Q21: =AVERAGEIFS('Height Summary'!S$13:S$204,'Height Summary'!$E$13:$E$204, "100-*") -> 130.375
B22: Ave of all 120-##: | C22: 120-60 | D22: =AVERAGEIFS('Height Summary'!F$13:F$204,'Height Summary'!$E$13:$E$204, "120-60") -> 10.833333 | E22: =AVERAGEIFS('Height Summary'!G$13:G$204,'Height Summary'!$E$13:$E$204, "120-60") -> 15.166667 | F22: =AVERAGEIFS('Height Summary'!H$13:H$204,'Height Summary'!$E$13:$E$204, "120-60") -> 22.166667 | G22: =AVERAGEIFS('Height Summary'!I$13:I$204,'Height Summary'!$E$13:$E$204, "120-60") -> 29.375 | H22: =AVERAGEIFS('Height Summary'!J$13:J$204,'Height Summary'!$E$13:$E$204, "120-60") -> 40.75 | I22: =AVERAGEIFS('Height Summary'!K$13:K$204,'Height Summary'!$E$13:$E$204, "120-60") -> 50.583333 | J22: =AVERAGEIFS('Height Summary'!L$13:L$204,'Height Summary'!$E$13:$E$204, "120-60") -> 63.5 | K22: =AVERAGEIFS('Height Summary'!M$13:M$204,'Height Summary'!$E$13:$E$204, "120-60") -> 75.416667 | ... Q22: =AVERAGEIFS('Height Summary'!S$13:S$204,'Height Summary'!$E$13:$E$204, "120-60") -> 120
C23: 120-80 | D23: =AVERAGEIFS('Height Summary'!F$13:F$204,'Height Summary'!$E$13:$E$204, "120-80") -> 11.083333 | E23: =AVERAGEIFS('Height Summary'!G$13:G$204,'Height Summary'!$E$13:$E$204, "120-80") -> 15.666667 | F23: =AVERAGEIFS('Height Summary'!H$13:H$204,'Height Summary'!$E$13:$E$204, "120-80") -> 22.833333 | G23: =AVERAGEIFS('Height Summary'!I$13:I$204,'Height Summary'!$E$13:$E$204, "120-80") -> 33.625 | H23: =AVERAGEIFS('Height Summary'!J$13:J$204,'Height Summary'!$E$13:$E$204, "120-80") -> 43.083333 | I23: =AVERAGEIFS('Height Summary'!K$13:K$204,'Height Summary'!$E$13:$E$204, "120-80") -> 55.166667 | J23: =AVERAGEIFS('Height Summary'!L$13:L$204,'Height Summary'!$E$13:$E$204, "120-80") -> 70.666667 | K23: =AVERAGEIFS('Height Summary'!M$13:M$204,'Height Summary'!$E$13:$E$204, "120-80") -> 83.833333 | ... Q23: =AVERAGEIFS('Height Summary'!S$13:S$204,'Height Summary'!$E$13:$E$204, "120-80") -> 139.66667
C24: 120-100 | D24: =AVERAGEIFS('Height Summary'!F$13:F$204,'Height Summary'!$E$13:$E$204, "120-100") -> 10.333333 | E24: =AVERAGEIFS('Height Summary'!G$13:G$204,'Height Summary'!$E$13:$E$204, "120-100") -> 14.166667 | F24: =AVERAGEIFS('Height Summary'!H$13:H$204,'Height Summary'!$E$13:$E$204, "120-100") -> 21.75 | G24: =AVERAGEIFS('Height Summary'!I$13:I$204,'Height Summary'!$E$13:$E$204, "120-100") -> 31.166667 | H24: =AVERAGEIFS('Height Summary'!J$13:J$204,'Height Summary'!$E$13:$E$204, "120-100") -> 41.416667 | I24: =AVERAGEIFS('Height Summary'!K$13:K$204,'Height Summary'!$E$13:$E$204, "120-100") -> 55.25 | J24: =AVERAGEIFS('Height Summary'!L$13:L$204,'Height Summary'!$E$13:$E$204, "120-100") -> 67.5 | K24: =AVERAGEIFS('Height Summary'!M$13:M$204,'Height Summary'!$E$13:$E$204, "120-100") -> 81 | ... Q24: =AVERAGEIFS('Height Summary'!S$13:S$204,'Height Summary'!$E$13:$E$204, "120-100") -> 150.33333
C25: 120-120 | D25: =AVERAGEIFS('Height Summary'!F$13:F$204,'Height Summary'!$E$13:$E$204, "120-120") -> 11.25 | E25: =AVERAGEIFS('Height Summary'!G$13:G$204,'Height Summary'!$E$13:$E$204, "120-120") -> 15.166667 | F25: =AVERAGEIFS('Height Summary'!H$13:H$204,'Height Summary'!$E$13:$E$204, "120-120") -> 22.583333 | G25: =AVERAGEIFS('Height Summary'!I$13:I$204,'Height Summary'!$E$13:$E$204, "120-120") -> 28.5 | H25: =AVERAGEIFS('Height Summary'!J$13:J$204,'Height Summary'!$E$13:$E$204, "120-120") -> 40.083333 | I25: =AVERAGEIFS('Height Summary'!K$13:K$204,'Height Summary'!$E$13:$E$204, "120-120") -> 51.5 | J25: =AVERAGEIFS('Height Summary'!L$13:L$204,'Height Summary'!$E$13:$E$204, "120-120") -> 66.916667 | K25: =AVERAGEIFS('Height Summary'!M$13:M$204,'Height Summary'!$E$13:$E$204, "120-120") -> 78.5 | ... Q25: =AVERAGEIFS('Height Summary'!S$13:S$204,'Height Summary'!$E$13:$E$204, "120-120") -> 153.66667
D26: =AVERAGEIFS('Height Summary'!F$13:F$204,'Height Summary'!$E$13:$E$204, "120-*") -> 10.875 | E26: =AVERAGEIFS('Height Summary'!G$13:G$204,'Height Summary'!$E$13:$E$204, "120-*") -> 15.041667 | F26: =AVERAGEIFS('Height Summary'!H$13:H$204,'Height Summary'!$E$13:$E$204, "120-*") -> 22.333333 | G26: =AVERAGEIFS('Height Summary'!I$13:I$204,'Height Summary'!$E$13:$E$204, "120-*") -> 30.666667 | H26: =AVERAGEIFS('Height Summary'!J$13:J$204,'Height Summary'!$E$13:$E$204, "120-*") -> 41.333333 | I26: =AVERAGEIFS('Height Summary'!K$13:K$204,'Height Summary'!$E$13:$E$204, "120-*") -> 53.125 | J26: =AVERAGEIFS('Height Summary'!L$13:L$204,'Height Summary'!$E$13:$E$204, "120-*") -> 67.145833 | K26: =AVERAGEIFS('Height Summary'!M$13:M$204,'Height Summary'!$E$13:$E$204, "120-*") -> 79.6875 | ... Q26: =AVERAGEIFS('Height Summary'!S$13:S$204,'Height Summary'!$E$13:$E$204, "120-*") -> 140.91667
M28: Irrigation treatment changed starting the 19th of July
D29: Average Canopy Widths
C31: Date: | D31: ='Cover Summary'!F9 -> 42879 | E31: ='Cover Summary'!G9 -> 42886 | F31: ='Cover Summary'!H9 -> 42891 | G31: ='Cover Summary'!I9 -> 42898 | H31: ='Cover Summary'!J9 -> 42905 | I31: ='Cover Summary'!K9 -> 42912 | J31: ='Cover Summary'!L9 -> 42919 | K31: ='Cover Summary'!M9 -> 42926 | ... Q31: ='Cover Summary'!S9 -> 42968
C32: DOY: | D32: ='Cover Summary'!F10 -> 144 | E32: ='Cover Summary'!G10 -> 151 | F32: ='Cover Summary'!H10 -> 156 | G32: ='Cover Summary'!I10 -> 163 | H32: ='Cover Summary'!J10 -> 170 | I32: ='Cover Summary'!K10 -> 177 | J32: ='Cover Summary'!L10 -> 184 | K32: ='Cover Summary'!M10 -> 191 | ... Q32: ='Cover Summary'!S10 -> 233
B33: Ave of all 60-##: | C33: 60-60 | D33: =AVERAGEIFS('Cover Summary'!F$13:F$204,'Cover Summary'!$E$13:$E$204, "60-60") -> 9.25 | E33: =AVERAGEIFS('Cover Summary'!G$13:G$204,'Cover Summary'!$E$13:$E$204, "60-60") -> 15.833333 | F33: =AVERAGEIFS('Cover Summary'!H$13:H$204,'Cover Summary'!$E$13:$E$204, "60-60") -> 20.25 | G33: =AVERAGEIFS('Cover Summary'!I$13:I$204,'Cover Summary'!$E$13:$E$204, "60-60") -> 27.208333 | H33: =AVERAGEIFS('Cover Summary'!J$13:J$204,'Cover Summary'!$E$13:$E$204, "60-60") -> 30.916667 | I33: =AVERAGEIFS('Cover Summary'!K$13:K$204,'Cover Summary'!$E$13:$E$204, "60-60") -> 35.166667 | J33: =AVERAGEIFS('Cover Summary'!L$13:L$204,'Cover Summary'!$E$13:$E$204, "60-60") -> 41.416667 | K33: =AVERAGEIFS('Cover Summary'!M$13:M$204,'Cover Summary'!$E$13:$E$204, "60-60") -> 42.416667 | ... Q33: =AVERAGEIFS('Cover Summary'!S$13:S$204,'Cover Summary'!$E$13:$E$204, "60-60") -> 73.083333
C34: 60-80 | D34: =AVERAGEIFS('Cover Summary'!F$13:F$204,'Cover Summary'!$E$13:$E$204, "60-80") -> 9.1666667 | E34: =AVERAGEIFS('Cover Summary'!G$13:G$204,'Cover Summary'!$E$13:$E$204, "60-80") -> 15.916667 | F34: =AVERAGEIFS('Cover Summary'!H$13:H$204,'Cover Summary'!$E$13:$E$204, "60-80") -> 20.25 | G34: =AVERAGEIFS('Cover Summary'!I$13:I$204,'Cover Summary'!$E$13:$E$204, "60-80") -> 27.833333 | H34: =AVERAGEIFS('Cover Summary'!J$13:J$204,'Cover Summary'!$E$13:$E$204, "60-80") -> 31.083333 | I34: =AVERAGEIFS('Cover Summary'!K$13:K$204,'Cover Summary'!$E$13:$E$204, "60-80") -> 35.833333 | J34: =AVERAGEIFS('Cover Summary'!L$13:L$204,'Cover Summary'!$E$13:$E$204, "60-80") -> 37.5 | K34: =AVERAGEIFS('Cover Summary'!M$13:M$204,'Cover Summary'!$E$13:$E$204, "60-80") -> 40.333333 | ... Q34: =AVERAGEIFS('Cover Summary'!S$13:S$204,'Cover Summary'!$E$13:$E$204, "60-80") -> 80.333333
C35: 60-100 | D35: =AVERAGEIFS('Cover Summary'!F$13:F$204,'Cover Summary'!$E$13:$E$204, "60-100") -> 9.25 | E35: =AVERAGEIFS('Cover Summary'!G$13:G$204,'Cover Summary'!$E$13:$E$204, "60-100") -> 15.166667 | F35: =AVERAGEIFS('Cover Summary'!H$13:H$204,'Cover Summary'!$E$13:$E$204, "60-100") -> 19.166667 | G35: =AVERAGEIFS('Cover Summary'!I$13:I$204,'Cover Summary'!$E$13:$E$204, "60-100") -> 27.083333 | H35: =AVERAGEIFS('Cover Summary'!J$13:J$204,'Cover Summary'!$E$13:$E$204, "60-100") -> 30.916667 | I35: =AVERAGEIFS('Cover Summary'!K$13:K$204,'Cover Summary'!$E$13:$E$204, "60-100") -> 35.083333 | J35: =AVERAGEIFS('Cover Summary'!L$13:L$204,'Cover Summary'!$E$13:$E$204, "60-100") -> 38.083333 | K35: =AVERAGEIFS('Cover Summary'!M$13:M$204,'Cover Summary'!$E$13:$E$204, "60-100") -> 40 | ... Q35: =AVERAGEIFS('Cover Summary'!S$13:S$204,'Cover Summary'!$E$13:$E$204, "60-100") -> 94.916667
C36: 60-120 | D36: =AVERAGEIFS('Cover Summary'!F$13:F$204,'Cover Summary'!$E$13:$E$204, "60-120") -> 9 | E36: =AVERAGEIFS('Cover Summary'!G$13:G$204,'Cover Summary'!$E$13:$E$204, "60-120") -> 16.083333 | F36: =AVERAGEIFS('Cover Summary'!H$13:H$204,'Cover Summary'!$E$13:$E$204, "60-120") -> 21 | G36: =AVERAGEIFS('Cover Summary'!I$13:I$204,'Cover Summary'!$E$13:$E$204, "60-120") -> 28.708333 | H36: =AVERAGEIFS('Cover Summary'!J$13:J$204,'Cover Summary'!$E$13:$E$204, "60-120") -> 30.666667 | I36: =AVERAGEIFS('Cover Summary'!K$13:K$204,'Cover Summary'!$E$13:$E$204, "60-120") -> 36 | J36: =AVERAGEIFS('Cover Summary'!L$13:L$204,'Cover Summary'!$E$13:$E$204, "60-120") -> 39.666667 | K36: =AVERAGEIFS('Cover Summary'!M$13:M$204,'Cover Summary'!$E$13:$E$204, "60-120") -> 44.333333 | ... Q36: =AVERAGEIFS('Cover Summary'!S$13:S$204,'Cover Summary'!$E$13:$E$204, "60-120") -> 100.91667
D37: =AVERAGEIFS('Cover Summary'!F$13:F$204,'Cover Summary'!$E$13:$E$204, "60-*") -> 9.1666667 | E37: =AVERAGEIFS('Cover Summary'!G$13:G$204,'Cover Summary'!$E$13:$E$204, "60-*") -> 15.75 | F37: =AVERAGEIFS('Cover Summary'!H$13:H$204,'Cover Summary'!$E$13:$E$204, "60-*") -> 20.166667 | G37: =AVERAGEIFS('Cover Summary'!I$13:I$204,'Cover Summary'!$E$13:$E$204, "60-*") -> 27.708333 | H37: =AVERAGEIFS('Cover Summary'!J$13:J$204,'Cover Summary'!$E$13:$E$204, "60-*") -> 30.895833 | I37: =AVERAGEIFS('Cover Summary'!K$13:K$204,'Cover Summary'!$E$13:$E$204, "60-*") -> 35.520833 | J37: =AVERAGEIFS('Cover Summary'!L$13:L$204,'Cover Summary'!$E$13:$E$204, "60-*") -> 39.166667 | K37: =AVERAGEIFS('Cover Summary'!M$13:M$204,'Cover Summary'!$E$13:$E$204, "60-*") -> 41.770833 | ... Q37: =AVERAGEIFS('Cover Summary'!S$13:S$204,'Cover Summary'!$E$13:$E$204, "60-*") -> 87.3125
B38: Ave of all 80-##: | C38: 80-60 | D38: =AVERAGEIFS('Cover Summary'!F$13:F$204,'Cover Summary'!$E$13:$E$204, "80-60") -> 9.0833333 | E38: =AVERAGEIFS('Cover Summary'!G$13:G$204,'Cover Summary'!$E$13:$E$204, "80-60") -> 15.75 | F38: =AVERAGEIFS('Cover Summary'!H$13:H$204,'Cover Summary'!$E$13:$E$204, "80-60") -> 20.416667 | G38: =AVERAGEIFS('Cover Summary'!I$13:I$204,'Cover Summary'!$E$13:$E$204, "80-60") -> 31.625 | H38: =AVERAGEIFS('Cover Summary'!J$13:J$204,'Cover Summary'!$E$13:$E$204, "80-60") -> 35.75 | I38: =AVERAGEIFS('Cover Summary'!K$13:K$204,'Cover Summary'!$E$13:$E$204, "80-60") -> 42.083333 | J38: =AVERAGEIFS('Cover Summary'!L$13:L$204,'Cover Summary'!$E$13:$E$204, "80-60") -> 51.5 | K38: =AVERAGEIFS('Cover Summary'!M$13:M$204,'Cover Summary'!$E$13:$E$204, "80-60") -> 55.083333 | ... Q38: =AVERAGEIFS('Cover Summary'!S$13:S$204,'Cover Summary'!$E$13:$E$204, "80-60") -> 89
C39: 80-80 | D39: =AVERAGEIFS('Cover Summary'!F$13:F$204,'Cover Summary'!$E$13:$E$204, "80-80") -> 9.0833333 | E39: =AVERAGEIFS('Cover Summary'!G$13:G$204,'Cover Summary'!$E$13:$E$204, "80-80") -> 16.75 | F39: =AVERAGEIFS('Cover Summary'!H$13:H$204,'Cover Summary'!$E$13:$E$204, "80-80") -> 21.333333 | G39: =AVERAGEIFS('Cover Summary'!I$13:I$204,'Cover Summary'!$E$13:$E$204, "80-80") -> 30.541667 | H39: =AVERAGEIFS('Cover Summary'!J$13:J$204,'Cover Summary'!$E$13:$E$204, "80-80") -> 36.5 | I39: =AVERAGEIFS('Cover Summary'!K$13:K$204,'Cover Summary'!$E$13:$E$204, "80-80") -> 42.333333 | J39: =AVERAGEIFS('Cover Summary'!L$13:L$204,'Cover Summary'!$E$13:$E$204, "80-80") -> 50.833333 | K39: =AVERAGEIFS('Cover Summary'!M$13:M$204,'Cover Summary'!$E$13:$E$204, "80-80") -> 59.083333 | ... Q39: =AVERAGEIFS('Cover Summary'!S$13:S$204,'Cover Summary'!$E$13:$E$204, "80-80") -> 101.08333
C40: 80-100 | D40: =AVERAGEIFS('Cover Summary'!F$13:F$204,'Cover Summary'!$E$13:$E$204, "80-100") -> 10.166667 | E40: =AVERAGEIFS('Cover Summary'!G$13:G$204,'Cover Summary'!$E$13:$E$204, "80-100") -> 16.833333 | F40: =AVERAGEIFS('Cover Summary'!H$13:H$204,'Cover Summary'!$E$13:$E$204, "80-100") -> 21.916667 | G40: =AVERAGEIFS('Cover Summary'!I$13:I$204,'Cover Summary'!$E$13:$E$204, "80-100") -> 27.666667 | H40: =AVERAGEIFS('Cover Summary'!J$13:J$204,'Cover Summary'!$E$13:$E$204, "80-100") -> 33.916667 | I40: =AVERAGEIFS('Cover Summary'!K$13:K$204,'Cover Summary'!$E$13:$E$204, "80-100") -> 41.083333 | J40: =AVERAGEIFS('Cover Summary'!L$13:L$204,'Cover Summary'!$E$13:$E$204, "80-100") -> 49.583333 | K40: =AVERAGEIFS('Cover Summary'!M$13:M$204,'Cover Summary'!$E$13:$E$204, "80-100") -> 56.583333 | ... Q40: =AVERAGEIFS('Cover Summary'!S$13:S$204,'Cover Summary'!$E$13:$E$204, "80-100") -> 100.83333
C41: 80-120 | D41: =AVERAGEIFS('Cover Summary'!F$13:F$204,'Cover Summary'!$E$13:$E$204, "80-120") -> 10.75 | E41: =AVERAGEIFS('Cover Summary'!G$13:G$204,'Cover Summary'!$E$13:$E$204, "80-120") -> 14.916667 | F41: =AVERAGEIFS('Cover Summary'!H$13:H$204,'Cover Summary'!$E$13:$E$204, "80-120") -> 22.75 | G41: =AVERAGEIFS('Cover Summary'!I$13:I$204,'Cover Summary'!$E$13:$E$204, "80-120") -> 27.541667 | H41: =AVERAGEIFS('Cover Summary'!J$13:J$204,'Cover Summary'!$E$13:$E$204, "80-120") -> 35.083333 | I41: =AVERAGEIFS('Cover Summary'!K$13:K$204,'Cover Summary'!$E$13:$E$204, "80-120") -> 38.833333 | J41: =AVERAGEIFS('Cover Summary'!L$13:L$204,'Cover Summary'!$E$13:$E$204, "80-120") -> 47.333333 | K41: =AVERAGEIFS('Cover Summary'!M$13:M$204,'Cover Summary'!$E$13:$E$204, "80-120") -> 54.833333 | ... Q41: =AVERAGEIFS('Cover Summary'!S$13:S$204,'Cover Summary'!$E$13:$E$204, "80-120") -> 101.75
D42: =AVERAGEIFS('Cover Summary'!F$13:F$204,'Cover Summary'!$E$13:$E$204, "80-*") -> 9.7708333 | E42: =AVERAGEIFS('Cover Summary'!G$13:G$204,'Cover Summary'!$E$13:$E$204, "80-*") -> 16.0625 | F42: =AVERAGEIFS('Cover Summary'!H$13:H$204,'Cover Summary'!$E$13:$E$204, "80-*") -> 21.604167 | G42: =AVERAGEIFS('Cover Summary'!I$13:I$204,'Cover Summary'!$E$13:$E$204, "80-*") -> 29.34375 | H42: =AVERAGEIFS('Cover Summary'!J$13:J$204,'Cover Summary'!$E$13:$E$204, "80-*") -> 35.3125 | I42: =AVERAGEIFS('Cover Summary'!K$13:K$204,'Cover Summary'!$E$13:$E$204, "80-*") -> 41.083333 | J42: =AVERAGEIFS('Cover Summary'!L$13:L$204,'Cover Summary'!$E$13:$E$204, "80-*") -> 49.8125 | K42: =AVERAGEIFS('Cover Summary'!M$13:M$204,'Cover Summary'!$E$13:$E$204, "80-*") -> 56.395833 | ... Q42: =AVERAGEIFS('Cover Summary'!S$13:S$204,'Cover Summary'!$E$13:$E$204, "80-*") -> 98.166667
B43: Ave of all 100-##: | C43: 100-60 | D43: =AVERAGEIFS('Cover Summary'!F$13:F$204,'Cover Summary'!$E$13:$E$204, "100-60") -> 9.25 | E43: =AVERAGEIFS('Cover Summary'!G$13:G$204,'Cover Summary'!$E$13:$E$204, "100-60") -> 14.833333 | F43: =AVERAGEIFS('Cover Summary'!H$13:H$204,'Cover Summary'!$E$13:$E$204, "100-60") -> 21.666667 | G43: =AVERAGEIFS('Cover Summary'!I$13:I$204,'Cover Summary'!$E$13:$E$204, "100-60") -> 31.916667 | H43: =AVERAGEIFS('Cover Summary'!J$13:J$204,'Cover Summary'!$E$13:$E$204, "100-60") -> 37.583333 | I43: =AVERAGEIFS('Cover Summary'!K$13:K$204,'Cover Summary'!$E$13:$E$204, "100-60") -> 46.916667 | J43: =AVERAGEIFS('Cover Summary'!L$13:L$204,'Cover Summary'!$E$13:$E$204, "100-60") -> 55.583333 | K43: =AVERAGEIFS('Cover Summary'!M$13:M$204,'Cover Summary'!$E$13:$E$204, "100-60") -> 64.083333 | ... Q43: =AVERAGEIFS('Cover Summary'!S$13:S$204,'Cover Summary'!$E$13:$E$204, "100-60") -> 99.333333
C44: 100-80 | D44: =AVERAGEIFS('Cover Summary'!F$13:F$204,'Cover Summary'!$E$13:$E$204, "100-80") -> 10.416667 | E44: =AVERAGEIFS('Cover Summary'!G$13:G$204,'Cover Summary'!$E$13:$E$204, "100-80") -> 15.583333 | F44: =AVERAGEIFS('Cover Summary'!H$13:H$204,'Cover Summary'!$E$13:$E$204, "100-80") -> 20.833333 | G44: =AVERAGEIFS('Cover Summary'!I$13:I$204,'Cover Summary'!$E$13:$E$204, "100-80") -> 27.916667 | H44: =AVERAGEIFS('Cover Summary'!J$13:J$204,'Cover Summary'!$E$13:$E$204, "100-80") -> 36.833333 | I44: =AVERAGEIFS('Cover Summary'!K$13:K$204,'Cover Summary'!$E$13:$E$204, "100-80") -> 45.5 | J44: =AVERAGEIFS('Cover Summary'!L$13:L$204,'Cover Summary'!$E$13:$E$204, "100-80") -> 53.083333 | K44: =AVERAGEIFS('Cover Summary'!M$13:M$204,'Cover Summary'!$E$13:$E$204, "100-80") -> 63.416667 | ... Q44: =AVERAGEIFS('Cover Summary'!S$13:S$204,'Cover Summary'!$E$13:$E$204, "100-80") -> 101.08333
C45: 100-100 | D45: =AVERAGEIFS('Cover Summary'!F$13:F$204,'Cover Summary'!$E$13:$E$204, "100-100") -> 10.083333 | E45: =AVERAGEIFS('Cover Summary'!G$13:G$204,'Cover Summary'!$E$13:$E$204, "100-100") -> 16 | F45: =AVERAGEIFS('Cover Summary'!H$13:H$204,'Cover Summary'!$E$13:$E$204, "100-100") -> 22.166667 | G45: =AVERAGEIFS('Cover Summary'!I$13:I$204,'Cover Summary'!$E$13:$E$204, "100-100") -> 29.458333 | H45: =AVERAGEIFS('Cover Summary'!J$13:J$204,'Cover Summary'!$E$13:$E$204, "100-100") -> 37.916667 | I45: =AVERAGEIFS('Cover Summary'!K$13:K$204,'Cover Summary'!$E$13:$E$204, "100-100") -> 48.75 | J45: =AVERAGEIFS('Cover Summary'!L$13:L$204,'Cover Summary'!$E$13:$E$204, "100-100") -> 58.833333 | K45: =AVERAGEIFS('Cover Summary'!M$13:M$204,'Cover Summary'!$E$13:$E$204, "100-100") -> 65 | ... Q45: =AVERAGEIFS('Cover Summary'!S$13:S$204,'Cover Summary'!$E$13:$E$204, "100-100") -> 102
C46: 100-120 | D46: =AVERAGEIFS('Cover Summary'!F$13:F$204,'Cover Summary'!$E$13:$E$204, "100-120") -> 9.6666667 | E46: =AVERAGEIFS('Cover Summary'!G$13:G$204,'Cover Summary'!$E$13:$E$204, "100-120") -> 15.666667 | F46: =AVERAGEIFS('Cover Summary'!H$13:H$204,'Cover Summary'!$E$13:$E$204, "100-120") -> 20.75 | G46: =AVERAGEIFS('Cover Summary'!I$13:I$204,'Cover Summary'!$E$13:$E$204, "100-120") -> 30.5 | H46: =AVERAGEIFS('Cover Summary'!J$13:J$204,'Cover Summary'!$E$13:$E$204, "100-120") -> 35.666667 | I46: =AVERAGEIFS('Cover Summary'!K$13:K$204,'Cover Summary'!$E$13:$E$204, "100-120") -> 44.916667 | J46: =AVERAGEIFS('Cover Summary'!L$13:L$204,'Cover Summary'!$E$13:$E$204, "100-120") -> 56.166667 | K46: =AVERAGEIFS('Cover Summary'!M$13:M$204,'Cover Summary'!$E$13:$E$204, "100-120") -> 65.833333 | ... Q46: =AVERAGEIFS('Cover Summary'!S$13:S$204,'Cover Summary'!$E$13:$E$204, "100-120") -> 101.41667
D47: =AVERAGEIFS('Cover Summary'!F$13:F$204,'Cover Summary'!$E$13:$E$204, "100-*") -> 9.8541667 | E47: =AVERAGEIFS('Cover Summary'!G$13:G$204,'Cover Summary'!$E$13:$E$204, "100-*") -> 15.520833 | F47: =AVERAGEIFS('Cover Summary'!H$13:H$204,'Cover Summary'!$E$13:$E$204, "100-*") -> 21.354167 | G47: =AVERAGEIFS('Cover Summary'!I$13:I$204,'Cover Summary'!$E$13:$E$204, "100-*") -> 29.947917 | H47: =AVERAGEIFS('Cover Summary'!J$13:J$204,'Cover Summary'!$E$13:$E$204, "100-*") -> 37 | I47: =AVERAGEIFS('Cover Summary'!K$13:K$204,'Cover Summary'!$E$13:$E$204, "100-*") -> 46.520833 | J47: =AVERAGEIFS('Cover Summary'!L$13:L$204,'Cover Summary'!$E$13:$E$204, "100-*") -> 55.916667 | K47: =AVERAGEIFS('Cover Summary'!M$13:M$204,'Cover Summary'!$E$13:$E$204, "100-*") -> 64.583333 | ... Q47: =AVERAGEIFS('Cover Summary'!S$13:S$204,'Cover Summary'!$E$13:$E$204, "100-*") -> 100.95833
B48: Ave of all 120-##: | C48: 120-60 | D48: =AVERAGEIFS('Cover Summary'!F$13:F$204,'Cover Summary'!$E$13:$E$204, "120-60") -> 9.0833333 | E48: =AVERAGEIFS('Cover Summary'!G$13:G$204,'Cover Summary'!$E$13:$E$204, "120-60") -> 15.25 | F48: =AVERAGEIFS('Cover Summary'!H$13:H$204,'Cover Summary'!$E$13:$E$204, "120-60") -> 20.75 | G48: =AVERAGEIFS('Cover Summary'!I$13:I$204,'Cover Summary'!$E$13:$E$204, "120-60") -> 31.208333 | H48: =AVERAGEIFS('Cover Summary'!J$13:J$204,'Cover Summary'!$E$13:$E$204, "120-60") -> 37.916667 | I48: =AVERAGEIFS('Cover Summary'!K$13:K$204,'Cover Summary'!$E$13:$E$204, "120-60") -> 46.416667 | J48: =AVERAGEIFS('Cover Summary'!L$13:L$204,'Cover Summary'!$E$13:$E$204, "120-60") -> 58.416667 | K48: =AVERAGEIFS('Cover Summary'!M$13:M$204,'Cover Summary'!$E$13:$E$204, "120-60") -> 65.166667 | ... Q48: =AVERAGEIFS('Cover Summary'!S$13:S$204,'Cover Summary'!$E$13:$E$204, "120-60") -> 102
C49: 120-80 | D49: =AVERAGEIFS('Cover Summary'!F$13:F$204,'Cover Summary'!$E$13:$E$204, "120-80") -> 9.75 | E49: =AVERAGEIFS('Cover Summary'!G$13:G$204,'Cover Summary'!$E$13:$E$204, "120-80") -> 15.166667 | F49: =AVERAGEIFS('Cover Summary'!H$13:H$204,'Cover Summary'!$E$13:$E$204, "120-80") -> 21 | G49: =AVERAGEIFS('Cover Summary'!I$13:I$204,'Cover Summary'!$E$13:$E$204, "120-80") -> 35.416667 | H49: =AVERAGEIFS('Cover Summary'!J$13:J$204,'Cover Summary'!$E$13:$E$204, "120-80") -> 40 | I49: =AVERAGEIFS('Cover Summary'!K$13:K$204,'Cover Summary'!$E$13:$E$204, "120-80") -> 49.833333 | J49: =AVERAGEIFS('Cover Summary'!L$13:L$204,'Cover Summary'!$E$13:$E$204, "120-80") -> 62.833333 | K49: =AVERAGEIFS('Cover Summary'!M$13:M$204,'Cover Summary'!$E$13:$E$204, "120-80") -> 73.833333 | ... Q49: =AVERAGEIFS('Cover Summary'!S$13:S$204,'Cover Summary'!$E$13:$E$204, "120-80") -> 102
C50: 120-100 | D50: =AVERAGEIFS('Cover Summary'!F$13:F$204,'Cover Summary'!$E$13:$E$204, "120-100") -> 8.8333333 | E50: =AVERAGEIFS('Cover Summary'!G$13:G$204,'Cover Summary'!$E$13:$E$204, "120-100") -> 13.833333 | F50: =AVERAGEIFS('Cover Summary'!H$13:H$204,'Cover Summary'!$E$13:$E$204, "120-100") -> 19.916667 | G50: =AVERAGEIFS('Cover Summary'!I$13:I$204,'Cover Summary'!$E$13:$E$204, "120-100") -> 31.625 | H50: =AVERAGEIFS('Cover Summary'!J$13:J$204,'Cover Summary'!$E$13:$E$204, "120-100") -> 37.333333 | I50: =AVERAGEIFS('Cover Summary'!K$13:K$204,'Cover Summary'!$E$13:$E$204, "120-100") -> 49.5 | J50: =AVERAGEIFS('Cover Summary'!L$13:L$204,'Cover Summary'!$E$13:$E$204, "120-100") -> 59.416667 | K50: =AVERAGEIFS('Cover Summary'!M$13:M$204,'Cover Summary'!$E$13:$E$204, "120-100") -> 71.833333 | ... Q50: =AVERAGEIFS('Cover Summary'!S$13:S$204,'Cover Summary'!$E$13:$E$204, "120-100") -> 102
C51: 120-120 | D51: =AVERAGEIFS('Cover Summary'!F$13:F$204,'Cover Summary'!$E$13:$E$204, "120-120") -> 9.75 | E51: =AVERAGEIFS('Cover Summary'!G$13:G$204,'Cover Summary'!$E$13:$E$204, "120-120") -> 16.333333 | F51: =AVERAGEIFS('Cover Summary'!H$13:H$204,'Cover Summary'!$E$13:$E$204, "120-120") -> 20.666667 | G51: =AVERAGEIFS('Cover Summary'!I$13:I$204,'Cover Summary'!$E$13:$E$204, "120-120") -> 27.791667 | H51: =AVERAGEIFS('Cover Summary'!J$13:J$204,'Cover Summary'!$E$13:$E$204, "120-120") -> 35.666667 | I51: =AVERAGEIFS('Cover Summary'!K$13:K$204,'Cover Summary'!$E$13:$E$204, "120-120") -> 45.5 | J51: =AVERAGEIFS('Cover Summary'!L$13:L$204,'Cover Summary'!$E$13:$E$204, "120-120") -> 58.416667 | K51: =AVERAGEIFS('Cover Summary'!M$13:M$204,'Cover Summary'!$E$13:$E$204, "120-120") -> 64.666667 | ... Q51: =AVERAGEIFS('Cover Summary'!S$13:S$204,'Cover Summary'!$E$13:$E$204, "120-120") -> 102
D52: =AVERAGEIFS('Cover Summary'!F$13:F$204,'Cover Summary'!$E$13:$E$204, "120-*") -> 9.3541667 | E52: =AVERAGEIFS('Cover Summary'!G$13:G$204,'Cover Summary'!$E$13:$E$204, "120-*") -> 15.145833 | F52: =AVERAGEIFS('Cover Summary'!H$13:H$204,'Cover Summary'!$E$13:$E$204, "120-*") -> 20.583333 | G52: =AVERAGEIFS('Cover Summary'!I$13:I$204,'Cover Summary'!$E$13:$E$204, "120-*") -> 31.510417 | H52: =AVERAGEIFS('Cover Summary'!J$13:J$204,'Cover Summary'!$E$13:$E$204, "120-*") -> 37.729167 | I52: =AVERAGEIFS('Cover Summary'!K$13:K$204,'Cover Summary'!$E$13:$E$204, "120-*") -> 47.8125 | J52: =AVERAGEIFS('Cover Summary'!L$13:L$204,'Cover Summary'!$E$13:$E$204, "120-*") -> 59.770833 | K52: =AVERAGEIFS('Cover Summary'!M$13:M$204,'Cover Summary'!$E$13:$E$204, "120-*") -> 68.875 | ... Q52: =AVERAGEIFS('Cover Summary'!S$13:S$204,'Cover Summary'!$E$13:$E$204, "120-*") -> 102
