Workbook

Sheet Height
A1: CCID | B1: DOY130 | C1: DOY139 | D1: DOY146 | E1: DOY153 | F1: DOY159 | G1: DOY168 | H1: DOY173 | I1: DOY179 | J1: DOY187 | K1: DOY193 | L1: DOY203 | M1: DOY213 | N1: DOY224 | O1: DOY231
A2: p01-2 | B2: 8 | C2: 16 | D2: 21 | E2: 26 | F2: 38 | G2: 41 | H2: 48 | I2: 63 | J2: 68 | K2: 77 | L2: 85 | M2: 87 | N2: 94 | O2: 107
A3: p01-4 | B3: 8 | C3: 16 | D3: 21 | E3: 24 | F3: 35 | G3: 52 | H3: 55 | I3: 65 | J3: 76 | K3: 89 | L3: 99 | M3: 100 | N3: 100 | O3: 109
A4: p01-6 | B4: 8 | C4: 15 | D4: 19 | E4: 30 | F4: 42 | G4: 57 | H4: 58 | I4: 64 | J4: 85 | K4: 97 | L4: 107 | M4: 113 | N4: 106 | O4: 112
A5: p02-2 | B5: 7 | C5: 15 | D5: 20 | E5: 26 | F5: 40 | G5: 49 | H5: 64 | I5: 78 | K5: 88 | L5: 100 | M5: 105 | N5: 107 | O5: 111
A6: p02-4 | B6: 8 | C6: 16 | D6: 26 | E6: 30 | F6: 43 | G6: 49 | H6: 64 | I6: 69 | K6: 91 | L6: 103 | M6: 110 | N6: 111 | O6: 114
A7: p02-6 | B7: 7 | C7: 17 | D7: 21 | E7: 31 | F7: 41 | G7: 57 | H7: 63 | I7: 80 | K7: 92 | L7: 106 | M7: 110 | N7: 109 | O7: 114
A8: p03-2 | B8: 7 | C8: 15 | D8: 23 | E8: 23 | F8: 38 | H8: 55 | I8: 59 | J8: 71 | K8: 70 | L8: 88 | M8: 93 | N8: 98 | O8: 109
A9: p03-4 | B9: 7 | C9: 14 | D9: 20 | E9: 27 | F9: 35 | H9: 60 | I9: 62 | J9: 69 | K9: 76 | L9: 82 | M9: 97 | N9: 106 | O9: 114
A10: p03-6 | B10: 8 | C10: 14 | D10: 21 | E10: 28 | F10: 39 | H10: 62 | I10: 63 | J10: 69 | K10: 78 | L10: 85 | M10: 98 | N10: 109 | O10: 109
A11: p04-2 | B11: 9 | C11: 16 | D11: 21 | E11: 28 | F11: 37 | G11: 59 | H11: 69 | I11: 79 | K11: 101 | L11: 105 | M11: 110 | N11: 119 | O11: 120
A12: p04-4 | B12: 8 | C12: 16 | D12: 24 | E12: 32 | F12: 39 | G12: 56 | H12: 64 | I12: 82 | K12: 97 | L12: 110 | M12: 115 | N12: 129 | O12: 126
A13: p04-6 | B13: 8 | C13: 17 | D13: 22 | E13: 31 | F13: 38 | G13: 54 | H13: 63 | I13: 81 | K13: 93 | L13: 95 | M13: 109 | N13: 118 | O13: 118
A14: p05-2 | B14: 7 | C14: 14 | D14: 21 | E14: 29 | F14: 36 | G14: 55 | H14: 58 | I14: 74 | J14: 86 | K14: 94 | L14: 98 | M14: 109 | N14: 110 | O14: 114
A15: p05-4 | B15: 5 | C15: 12 | D15: 19 | E15: 28 | F15: 35 | G15: 54 | H15: 55 | I15: 72 | J15: 84 | K15: 96 | L15: 105 | M15: 106 | N15: 113 | O15: 120
A16: p05-6 | B16: 8 | C16: 14 | D16: 23 | E16: 31 | F16: 40 | G16: 52 | H16: 58 | I16: 67 | J16: 76 | K16: 88 | L16: 102 | M16: 109 | N16: 111 | O16: 117
A17: p06-2 | B17: 9 | C17: 15 | D17: 20 | E17: 29 | F17: 38 | G17: 54 | H17: 65 | I17: 73 | J17: 78 | K17: 86 | L17: 93 | M17: 104 | N17: 108 | O17: 109
A18: p06-4 | B18: 5 | C18: 16 | D18: 22 | E18: 26 | F18: 28 | G18: 51 | H18: 62 | I18: 72 | J18: 81 | K18: 90 | L18: 99 | M18: 100 | N18: 115 | O18: 124
A19: p06-6 | B19: 8 | C19: 17 | D19: 23 | E19: 27 | F19: 41 | G19: 47 | H19: 63 | I19: 59 | J19: 71 | K19: 82 | L19: 91 | M19: 101 | N19: 114 | O19: 114
A20: p07-2 | B20: 6 | C20: 12 | D20: 20 | E20: 25 | F20: 35 | G20: 51 | H20: 61 | I20: 77 | J20: 85 | K20: 93 | L20: 102 | M20: 113 | N20: 115 | O20: 126
A21: p07-4 | B21: 7 | C21: 13 | D21: 20 | E21: 28 | F21: 37 | G21: 57 | H21: 68 | I21: 79 | J21: 85 | K21: 101 | L21: 107 | M21: 114 | N21: 124 | O21: 128
A22: p07-6 | B22: 6 | C22: 14 | D22: 19 | E22: 28 | F22: 38 | G22: 61 | H22: 67 | I22: 85 | J22: 87 | K22: 101 | L22: 111 | M22: 115 | N22: 121 | O22: 120
A23: p08-2 | B23: 7 | C23: 14 | D23: 21 | E23: 27 | F23: 38 | G23: 53 | H23: 66 | I23: 85 | K23: 100 | L23: 105 | M23: 111 | N23: 113 | O23: 126
A24: p08-4 | B24: 8 | C24: 17 | D24: 22 | E24: 29 | F24: 41 | G24: 59 | H24: 63 | I24: 81 | K24: 102 | L24: 109 | M24: 115 | N24: 116 | O24: 123
A25: p08-6 | B25: 6 | C25: 14 | D25: 21 | E25: 27 | F25: 38 | G25: 55 | H25: 69 | I25: 82 | K25: 101 | L25: 109 | M25: 111 | N25: 113 | O25: 111
A26: p09-2 | B26: 7 | C26: 13 | D26: 18 | E26: 26 | F26: 37 | G26: 45 | H26: 57 | I26: 66 | J26: 76 | K26: 82 | L26: 88 | M26: 96 | N26: 99 | O26: 104
A27: p09-4 | B27: 8 | C27: 14 | D27: 20 | E27: 29 | F27: 36 | G27: 47 | H27: 57 | I27: 67 | J27: 73 | K27: 85 | L27: 91 | M27: 99 | N27: 105 | O27: 111
A28: p09-6 | B28: 8 | C28: 15 | D28: 21 | E28: 26 | F28: 34 | G28: 49 | H28: 57 | I28: 68 | J28: 75 | K28: 87 | L28: 95 | M28: 100 | N28: 111 | O28: 107
A29: p10-2 | B29: 8 | C29: 15 | D29: 25 | E29: 29 | F29: 38 | G29: 51 | H29: 63 | I29: 79 | K29: 88 | L29: 100 | M29: 100 | N29: 106 | O29: 105
A30: p10-4 | B30: 7 | C30: 14 | D30: 19 | E30: 26 | F30: 36 | G30: 53 | H30: 66 | I30: 84 | K30: 97 | L30: 108 | M30: 115 | N30: 116 | O30: 118
A31: p10-6 | B31: 6 | C31: 13 | D31: 22 | E31: 28 | F31: 39 | G31: 57 | H31: 71 | I31: 76 | K31: 105 | L31: 115 | M31: 124 | N31: 131 | O31: 128
A32: p11-2 | B32: 7 | C32: 14 | D32: 22 | E32: 28 | F32: 38 | G32: 54 | H32: 58 | I32: 71 | J32: 81 | K32: 91 | L32: 102 | M32: 111 | N32: 112 | O32: 117
A33: p11-4 | B33: 8 | C33: 17 | D33: 21 | E33: 29 | F33: 41 | G33: 56 | H33: 59 | I33: 71 | J33: 86 | K33: 92 | L33: 106 | M33: 116 | N33: 119 | O33: 122
A34: p11-6 | B34: 6 | C34: 16 | D34: 19 | E34: 26 | F34: 37 | G34: 52 | H34: 52 | I34: 65 | J34: 75 | K34: 91 | L34: 105 | M34: 115 | N34: 116 | O34: 119
A35: p12-2 | B35: 6 | C35: 15 | D35: 21 | E35: 29 | F35: 41 | G35: 62 | H35: 73 | I35: 92 | J35: 98 | K35: 103 | L35: 118 | M35: 132 | N35: 134 | O35: 139
A36: p12-4 | B36: 8 | C36: 14 | D36: 22 | E36: 28 | F36: 39 | G36: 56 | H36: 68 | I36: 80 | J36: 88 | K36: 93 | L36: 104 | M36: 114 | N36: 134 | O36: 141
A37: p12-6 | B37: 7 | C37: 12 | D37: 21 | E37: 27 | F37: 38 | G37: 57 | H37: 64 | I37: 78 | J37: 89 | K37: 94 | L37: 105 | M37: 116 | N37: 125 | O37: 128
A38: p13-2 | B38: 6 | C38: 14 | D38: 21 | E38: 27 | F38: 34 | G38: 47 | H38: 58 | I38: 62 | J38: 73 | K38: 82 | L38: 97 | M38: 104 | N38: 110 | O38: 114
A39: p13-4 | B39: 7 | C39: 16 | D39: 20 | E39: 27 | F39: 38 | G39: 51 | H39: 60 | I39: 72 | J39: 73 | K39: 83 | L39: 96 | M39: 108 | N39: 111 | O39: 115
A40: p13-6 | B40: 7 | C40: 13 | D40: 21 | E40: 24 | F40: 36 | G40: 47 | H40: 53 | I40: 60 | J40: 71 | K40: 73 | L40: 84 | M40: 95 | N40: 109 | O40: 110
A41: p14-2 | B41: 6 | C41: 15 | D41: 22 | E41: 28 | F41: 41 | G41: 54 | H41: 64 | I41: 78 | J41: 83 | K41: 100 | L41: 111 | M41: 126 | N41: 134 | O41: 142
A42: p14-4 | B42: 8 | C42: 12 | D42: 21 | E42: 28 | F42: 40 | G42: 56 | H42: 66 | I42: 77 | J42: 88 | K42: 98 | L42: 112 | M42: 127 | N42: 138 | O42: 139
A43: p14-6 | B43: 6 | C43: 14 | D43: 22 | E43: 28 | F43: 40 | G43: 54 | H43: 67 | I43: 74 | J43: 82 | K43: 95 | L43: 107 | M43: 121 | N43: 131 | O43: 134
A44: p15-2 | B44: 8 | C44: 14 | D44: 22 | E44: 29 | F44: 39 | G44: 53 | H44: 54 | I44: 69 | J44: 75 | K44: 85 | L44: 102 | M44: 105 | O44: 121
A45: p15-4 | B45: 6 | C45: 10 | D45: 21 | E45: 28 | F45: 37 | G45: 51 | H45: 57 | I45: 68 | J45: 77 | K45: 91 | L45: 103 | M45: 108 | O45: 116
A46: p15-6 | B46: 8 | C46: 16 | D46: 22 | E46: 31 | F46: 44 | G46: 59 | H46: 61 | I46: 72 | J46: 84 | K46: 98 | L46: 103 | M46: 117 | O46: 128
A47: p16-2 | B47: 8 | C47: 14 | D47: 24 | E47: 30 | F47: 40 | G47: 53 | H47: 64 | I47: 78 | K47: 91 | L47: 103 | M47: 105 | O47: 110
A48: p16-4 | B48: 8 | C48: 14 | D48: 22 | E48: 28 | F48: 40 | G48: 52 | H48: 63 | I48: 74 | K48: 92 | L48: 99 | M48: 98 | O48: 111
A49: p16-6 | B49: 9 | C49: 17 | D49: 26 | E49: 29 | F49: 42 | G49: 52 | H49: 64 | I49: 82 | K49: 95 | L49: 103 | M49: 109 | O49: 119

Sheet Width
A1: CCID | B1: DOY130 | C1: DOY139 | D1: DOY146 | E1: DOY153 | F1: DOY159 | G1: DOY168 | H1: DOY173 | I1: DOY179 | J1: DOY187 | K1: DOY193 | L1: DOY203 | M1: DOY213 | N1: DOY224 | O1: DOY231
A2: p01-2 | B2: 8 | C2: 12 | D2: 20 | E2: 26 | F2: 32 | G2: 31 | H2: 44 | I2: 44 | J2: 57 | K2: 71 | L2: 81 | M2: 92 | N2: 97 | O2: 98
A3: p01-4 | B3: 6 | C3: 11 | D3: 19 | E3: 23 | F3: 34 | G3: 42 | H3: 48 | I3: 52 | J3: 72 | K3: 82 | L3: 86 | M3: 99 | N3: 93 | O3: 98
A4: p01-6 | B4: 7 | C4: 16 | D4: 20 | E4: 27 | F4: 34 | G4: 38 | H4: 47 | I4: 74 | J4: 86 | K4: 91 | L4: 94 | M4: 102 | N4: 102 | O4: 102
A5: p02-2 | B5: 6 | C5: 13 | D5: 17 | E5: 24 | F5: 38 | G5: 37 | H5: 50 | I5: 61 | K5: 70 | L5: 96 | M5: 102 | N5: 96 | O5: 102
A6: p02-4 | B6: 7 | C6: 12 | D6: 20 | E6: 26 | F6: 36 | G6: 48 | H6: 56 | I6: 61 | K6: 73 | L6: 98 | M6: 102 | N6: 102 | O6: 102
A7: p02-6 | B7: 6 | C7: 12 | D7: 18 | E7: 31 | F7: 35 | G7: 41 | H7: 51 | I7: 58 | K7: 77 | L7: 101 | M7: 102 | N7: 102 | O7: 102
A8: p03-2 | B8: 6 | C8: 12 | D8: 24 | E8: 25 | F8: 38 | H8: 50 | I8: 48 | J8: 59 | K8: 56 | L8: 74 | M8: 86 | N8: 93 | O8: 102
A9: p03-4 | B9: 7 | C9: 11 | D9: 16 | E9: 26 | F9: 35 | H9: 49 | I9: 46 | J9: 50 | K9: 50 | L9: 66 | M9: 89 | N9: 92 | O9: 102
A10: p03-6 | B10: 7 | C10: 13 | D10: 17 | E10: 23 | F10: 38 | H10: 53 | I10: 49 | J10: 60 | K10: 64 | L10: 77 | M10: 96 | N10: 98 | O10: 102
A11: p04-2 | B11: 7 | C11: 13 | D11: 16 | E11: 25 | F11: 35 | G11: 51 | H11: 63 | I11: 63 | K11: 90 | L11: 100 | M11: 102 | N11: 102 | O11: 102
A12: p04-4 | B12: 7 | C12: 12 | D12: 20 | E12: 30 | F12: 37 | G12: 49 | H12: 60 | I12: 67 | K12: 83 | L12: 102 | M12: 102 | N12: 102 | O12: 102
A13: p04-6 | B13: 6 | C13: 14 | D13: 19 | E13: 28 | F13: 34 | G13: 48 | H13: 45 | I13: 67 | K13: 76 | L13: 88 | M13: 102 | N13: 102 | O13: 102
A14: p05-2 | B14: 6 | C14: 13 | D14: 18 | E14: 30 | F14: 34 | G14: 51 | H14: 46 | I14: 51 | J14: 71 | K14: 75 | L14: 93 | M14: 98 | N14: 102 | O14: 102
A15: p05-4 | B15: 4 | C15: 11 | D15: 15 | E15: 26 | F15: 32 | G15: 41 | H15: 43 | I15: 53 | J15: 79 | K15: 83 | L15: 100 | M15: 98 | N15: 102 | O15: 102
A16: p05-6 | B16: 8 | C16: 11 | D16: 22 | E16: 27 | F16: 34 | G16: 40 | H16: 48 | I16: 59 | J16: 62 | K16: 76 | L16: 92 | M16: 89 | N16: 102 | O16: 102
A17: p06-2 | B17: 7 | C17: 14 | D17: 22 | E17: 25 | F17: 35 | G17: 37 | H17: 54 | I17: 55 | J17: 61 | K17: 74 | L17: 86 | M17: 97 | N17: 100 | O17: 102
A18: p06-4 | B18: 4 | C18: 12 | D18: 18 | E18: 22 | F18: 36 | G18: 49 | H18: 49 | I18: 56 | J18: 69 | K18: 77 | L18: 89 | M18: 102 | N18: 102 | O18: 102
A19: p06-6 | B19: 8 | C19: 9 | D19: 20 | E19: 28 | F19: 40 | G19: 39 | H19: 50 | I19: 53 | J19: 63 | K19: 66 | L19: 85 | M19: 99 | N19: 98 | O19: 102
A20: p07-2 | B20: 5 | C20: 11 | D20: 15 | E20: 23 | F20: 33 | G20: 45 | H20: 53 | I20: 58 | J20: 53 | K20: 76 | L20: 88 | M20: 102 | N20: 102 | O20: 102
A21: p07-4 | B21: 5 | C21: 11 | D21: 18 | E21: 28 | F21: 34 | G21: 50 | H21: 61 | I21: 69 | J21: 62 | K21: 78 | L21: 96 | M21: 102 | N21: 102 | O21: 102
A22: p07-6 | B22: 5 | C22: 14 | D22: 15 | E22: 24 | F22: 33 | G22: 45 | H22: 55 | I22: 60 | J22: 68 | K22: 80 | L22: 101 | M22: 102 | N22: 102 | O22: 102
A23: p08-2 | B23: 7 | C23: 12 | D23: 17 | E23: 25 | F23: 37 | G23: 50 | H23: 63 | I23: 72 | K23: 87 | L23: 102 | M23: 102 | N23: 102 | O23: 102
A24: p08-4 | B24: 7 | C24: 12 | D24: 18 | E24: 27 | F24: 35 | G24: 43 | H24: 51 | I24: 75 | K24: 90 | L24: 102 | M24: 102 | N24: 102 | O24: 102
A25: p08-6 | B25: 7 | C25: 10 | D25: 18 | E25: 26 | F25: 33 | G25: 53 | H25: 58 | I25: 65 | K25: 89 | L25: 102 | M25: 102 | N25: 102 | O25: 102
A26: p09-2 | B26: 6 | C26: 11 | D26: 17 | E26: 25 | F26: 34 | G26: 38 | H26: 47 | I26: 43 | J26: 52 | K26: 66 | L26: 84 | M26: 87 | N26: 84 | O26: 92
A27: p09-4 | B27: 7 | C27: 12 | D27: 18 | E27: 29 | F27: 36 | G27: 39 | H27: 47 | I27: 60 | J27: 59 | K27: 65 | L27: 80 | M27: 89 | N27: 92 | O27: 102
A28: p09-6 | B28: 6 | C28: 11 | D28: 21 | E28: 24 | F28: 37 | G28: 39 | H28: 53 | I28: 62 | J28: 48 | K28: 64 | L28: 76 | M28: 92 | N28: 97 | O28: 99
A29: p10-2 | B29: 8 | C29: 11 | D29: 23 | E29: 28 | F29: 34 | G29: 46 | H29: 51 | I29: 63 | K29: 91 | L29: 102 | M29: 102 | N29: 102 | O29: 102
A30: p10-4 | B30: 4 | C30: 10 | D30: 16 | E30: 18 | F30: 34 | G30: 41 | H30: 53 | I30: 68 | K30: 86 | L30: 102 | M30: 102 | N30: 102 | O30: 102
A31: p10-6 | B31: 5 | C31: 10 | D31: 20 | E31: 27 | F31: 31 | G31: 53 | H31: 63 | I31: 70 | K31: 99 | L31: 102 | M31: 102 | N31: 102 | O31: 102
A32: p11-2 | B32: 6 | C32: 13 | D32: 19 | E32: 28 | F32: 38 | G32: 46 | H32: 49 | I32: 53 | J32: 68 | K32: 76 | L32: 81 | M32: 98 | N32: 102 | O32: 102
A33: p11-4 | B33: 6 | C33: 14 | D33: 17 | E33: 27 | F33: 37 | G33: 48 | H33: 55 | I33: 63 | J33: 75 | K33: 82 | L33: 98 | M33: 102 | N33: 102 | O33: 102
A34: p11-6 | B34: 5 | C34: 12 | D34: 15 | E34: 25 | F34: 33 | G34: 46 | H34: 45 | I34: 55 | J34: 66 | K34: 73 | L34: 94 | M34: 94 | N34: 102 | O34: 102
A35: p12-2 | B35: 7 | C35: 13 | D35: 21 | E35: 29 | F35: 37 | G35: 48 | H35: 74 | I35: 70 | J35: 87 | K35: 95 | L35: 102 | M35: 102 | N35: 102 | O35: 102
A36: p12-4 | B36: 7 | C36: 11 | D36: 19 | E36: 24 | F36: 32 | G36: 50 | H36: 60 | I36: 71 | J36: 71 | K36: 81 | L36: 102 | M36: 102 | N36: 102 | O36: 102
A37: p12-6 | B37: 5 | C37: 12 | D37: 16 | E37: 22 | F37: 34 | G37: 47 | H37: 56 | I37: 63 | J37: 62 | K37: 73 | L37: 102 | M37: 102 | N37: 102 | O37: 102
A38: p13-2 | B38: 5 | C38: 10 | D38: 18 | E38: 25 | F38: 31 | G38: 30 | H38: 48 | I38: 51 | J38: 56 | K38: 68 | L38: 93 | M38: 97 | N38: 102 | O38: 102
A39: p13-4 | B39: 6 | C39: 10 | D39: 16 | E39: 25 | F39: 31 | G39: 36 | H39: 49 | I39: 59 | J39: 56 | K39: 72 | L39: 89 | M39: 99 | N39: 96 | O39: 102
A40: p13-6 | B40: 5 | C40: 11 | D40: 17 | E40: 23 | F40: 33 | G40: 35 | H40: 46 | I40: 43 | J40: 56 | K40: 47 | L40: 76 | M40: 81 | N40: 95 | O40: 102
A41: p14-2 | B41: 6 | C41: 8 | D41: 21 | E41: 27 | F41: 34 | G41: 45 | H41: 54 | I41: 65 | J41: 69 | K41: 81 | L41: 102 | M41: 102 | N41: 102 | O41: 102
A42: p14-4 | B42: 6 | C42: 9 | D42: 19 | E42: 26 | F42: 36 | G42: 42 | H42: 60 | I42: 66 | J42: 76 | K42: 84 | L42: 102 | M42: 102 | N42: 102 | O42: 102
A43: p14-6 | B43: 5 | C43: 12 | D43: 18 | E43: 27 | F43: 38 | G43: 40 | H43: 52 | I43: 48 | J43: 65 | K43: 81 | L43: 102 | M43: 102 | N43: 102 | O43: 102
A44: p15-2 | B44: 7 | C44: 11 | D44: 18 | E44: 23 | F44: 36 | G44: 39 | H44: 46 | I44: 59 | J44: 64 | K44: 78 | L44: 90 | M44: 93 | O44: 102
A45: p15-4 | B45: 5 | C45: 9 | D45: 19 | E45: 26 | F45: 33 | G45: 35 | H45: 46 | I45: 59 | J45: 66 | K45: 75 | L45: 86 | M45: 95 | O45: 102
A46: p15-6 | B46: 8 | C46: 12 | D46: 22 | E46: 27 | F46: 34 | G46: 43 | H46: 51 | I46: 60 | J46: 78 | K46: 87 | L46: 97 | M46: 97 | O46: 102
A47: p16-2 | B47: 5 | C47: 10 | D47: 23 | E47: 30 | F47: 39 | G47: 46 | H47: 60 | I47: 69 | K47: 79 | L47: 93 | M47: 92 | O47: 102
A48: p16-4 | B48: 6 | C48: 12 | D48: 16 | E48: 24 | F48: 35 | G48: 44 | H48: 53 | I48: 66 | K48: 72 | L48: 82 | M48: 90 | O48: 102
A49: p16-6 | B49: 7 | C49: 12 | D49: 19 | E49: 28 | F49: 38 | G49: 38 | H49: 51 | I49: 66 | K49: 77 | L49: 93 | M49: 102 | O49: 102

Sheet LAImeter
A1: CCID | B1: DOY133 | C1: DOY137 | D1: DOY145 | E1: DOY151 | F1: DOY159 | G1: DOY165 | H1: DOY174 | I1: DOY179 | J1: DOY186 | K1: DOY194 | L1: DOY195 | M1: DOY201 | N1: DOY202 | O1: DOY207 | P1: DOY215 | Q1: DOY221 | R1: DOY227 | S1: DOY228 | T1: DOY243 | U1: DOY244 | V1: DOY245
A2: p01-1 | C2: 0.08 | D2: 0.25 | E2: 0.4 | F2: 0.71 | G2: 0.96 | H2: 1.13 | I2: 1.73 | J2: 2.29 | K2: 2.6 | M2: 2.79 | O2: 2.76 | P2: 2.86 | Q2: 3.21 | R2: 3.7 | T2: 4.95
A3: p01-2 | C3: 0.23 | D3: 0.3 | E3: 0.43 | F3: 0.51 | G3: 0.8 | H3: 0.89 | I3: 1.53 | J3: 2 | K3: 2.15 | M3: 2.57 | O3: 2.69 | P3: 3.08 | Q3: 3.32 | R3: 3.99 | T3: 4.93
A4: p01-3 | C4: 0.12 | D4: 0.31 | E4: 0.28 | F4: 0.49 | G4: 0.66 | H4: 0.87 | I4: 1.35 | J4: 2.16 | K4: 2.82 | M4: 3.49 | O4: 3.79 | P4: 4.2 | Q4: 4.57 | R4: 5.35 | T4: 4.81
A5: p01-4 | C5: 0.11 | D5: 0.2 | E5: 0.32 | F5: 0.64 | G5: 0.76 | H5: 0.94 | I5: 1.5 | J5: 2.19 | K5: 2.7 | M5: 3.57 | O5: 3.7 | P5: 3.95 | Q5: 4.2 | R5: 4.51 | T5: 5.3
A6: p01-5 | C6: 0.06 | D6: 0.25 | E6: 0.35 | F6: 0.68 | G6: 0.88 | H6: 1.13 | I6: 1.75 | J6: 2.45 | K6: 2.91 | M6: 3.43 | O6: 3.75 | P6: 4.12 | Q6: 4.26 | R6: 4.8 | T6: 5.08
A7: p01-6 | C7: 0.04 | D7: 0.15 | E7: 0.23 | F7: 0.61 | G7: 0.89 | H7: 1.28 | I7: 1.96 | J7: 2.49 | K7: 3.13 | M7: 3.62 | O7: 3.91 | P7: 4.31 | Q7: 4.19 | R7: 4.85 | T7: 4.92
A8: p01-7 | C8: 0.11 | D8: 0.14 | E8: 0.29 | F8: 0.56 | G8: 0.98 | H8: 1.08 | I8: 1.47 | J8: 2.06 | K8: 2.71 | M8: 3.06 | O8: 3.33 | P8: 3.43 | Q8: 3.24 | R8: 3.56 | T8: 4.23
A9: p02-1 | C9: 0.17 | D9: 0.2 | E9: 0.26 | F9: 0.62 | G9: 0.96 | H9: 1.85 | I9: 2.45 | J9: 1.86 | K9: 2.08 | M9: 2.52 | O9: 3.11 | P9: 3.83 | R9: 4.64 | T9: 4.67
A10: p02-2 | C10: 0.14 | D10: 0.17 | E10: 0.24 | F10: 0.47 | G10: 0.66 | H10: 1.24 | I10: 1.85 | J10: 1.92 | K10: 2.55 | M10: 3.6 | O10: 4.27 | P10: 4.59 | R10: 5.34 | T10: 5.31
A11: p02-3 | C11: 0.2 | D11: 0.25 | E11: 0.32 | F11: 0.58 | G11: 0.61 | H11: 1.31 | I11: 1.94 | J11: 1.51 | K11: 2.4 | M11: 3.29 | O11: 3.86 | P11: 4.75 | R11: 5.89 | T11: 5.49
A12: p02-4 | C12: 0.22 | D12: 0.29 | E12: 0.5 | F12: 0.61 | G12: 0.89 | H12: 1.44 | I12: 1.91 | J12: 1.87 | K12: 2.53 | M12: 3.65 | O12: 4.26 | P12: 4.96 | R12: 5.9 | T12: 5.58
A13: p02-5 | C13: 0.18 | D13: 0.4 | E13: 0.39 | F13: 0.74 | G13: 0.83 | H13: 1.26 | I13: 1.92 | J13: 2.44 | K13: 2.97 | M13: 3.47 | O13: 4.06 | P13: 4.82 | R13: 5.64 | T13: 5.48
A14: p02-6 | C14: 0.04 | D14: 0.08 | E14: 0.21 | F14: 0.61 | G14: 0.82 | H14: 1.43 | I14: 2.02 | J14: 1.9 | K14: 3.07 | M14: 3.91 | O14: 4.36 | P14: 5.28 | R14: 5.66 | T14: 5.47
A15: p02-7 | C15: 0.11 | D15: 0.27 | E15: 0.34 | F15: 0.58 | G15: 0.5 | H15: 1.23 | I15: 1.34 | J15: 1.17 | K15: 1.84 | M15: 2.7 | O15: 2.83 | P15: 3.52 | R15: 3.91 | T15: 3.59
A16: p03-1 | B16: 0.08 | C16: 0.12 | D16: 0.3 | E16: 0.29 | F16: 0.41 | G16: 0.67 | H16: 1.06 | I16: 1 | J16: 1.51 | K16: 1.73 | M16: 1.88 | P16: 2.41 | Q16: 3.22 | R16: 3.79 | T16: 3.9
A17: p03-2 | B17: 0.08 | C17: 0.17 | D17: 0.21 | E17: 0.43 | F17: 0.46 | G17: 0.69 | H17: 1.16 | I17: 1.43 | J17: 1.89 | K17: 2.16 | M17: 2.95 | P17: 3.58 | Q17: 4.12 | R17: 4.51 | T17: 4.45
A18: p03-3 | B18: 0.06 | C18: 0.19 | D18: 0.22 | E18: 0.24 | F18: 0.51 | G18: 0.68 | H18: 1.26 | I18: 1.2 | J18: 1.55 | K18: 2.02 | M18: 2.43 | P18: 3.31 | Q18: 3.61 | R18: 4.05 | T18: 4.11
A19: p03-4 | B19: 0.09 | C19: 0.21 | D19: 0.21 | E19: 0.35 | F19: 0.51 | G19: 0.64 | H19: 1.24 | I19: 1.28 | J19: 1.44 | K19: 1.89 | M19: 2.44 | P19: 3.57 | Q19: 3.92 | R19: 4.65 | T19: 4.66
A20: p03-5 | B20: 0.08 | C20: 0.16 | D20: 0.28 | E20: 0.27 | F20: 0.7 | G20: 0.92 | H20: 1.06 | I20: 1.27 | J20: 1.61 | K20: 1.91 | M20: 0.64 | P20: 3.29 | Q20: 3.65 | R20: 4.18 | T20: 4.66
A21: p03-6 | B21: 0.05 | C21: 0.13 | D21: 0.23 | E21: 0.2 | F21: 0.56 | G21: 0.78 | H21: 1.4 | I21: 1.54 | J21: 1.61 | K21: 2.07 | M21: 2.47 | P21: 3.63 | Q21: 4.41 | R21: 4.86 | T21: 4.64
A22: p03-7 | B22: 0.13 | C22: 0.13 | D22: 0.13 | E22: 0.32 | F22: 0.47 | G22: 0.64 | H22: 0.86 | I22: 0.87 | J22: 1.13 | K22: 1.36 | M22: 1.74 | P22: 2.41 | Q22: 2.88 | R22: 2.91 | T22: 2.7
A23: p04-1 | C23: 0.1 | D23: 0.33 | E23: 0.33 | F23: 0.77 | G23: 0.91 | H23: 1.64 | I23: 1.74 | J23: 2.09 | K23: 2.18 | M23: 2.69 | O23: 3.15 | P23: 3.93 | Q23: 4.25 | R23: 4.48 | T23: 3.48
A24: p04-2 | C24: 0.15 | D24: 0.23 | E24: 0.32 | F24: 0.72 | G24: 0.89 | H24: 1.62 | I24: 2.28 | J24: 2.57 | K24: 3.2 | M24: 3.73 | O24: 4.44 | P24: 4.91 | Q24: 5.31 | R24: 5.38 | T24: 4.8
A25: p04-3 | C25: 0.16 | D25: 0.25 | E25: 0.32 | F25: 0.55 | G25: 0.93 | H25: 1.69 | I25: 2.11 | J25: 2.48 | K25: 2.97 | M25: 3.6 | O25: 4.05 | P25: 4.78 | Q25: 5.19 | R25: 5.47 | T25: 5.37
A26: p04-4 | C26: 0.2 | D26: 0.24 | E26: 0.22 | F26: 0.61 | G26: 0.88 | H26: 1.66 | I26: 2.04 | J26: 2.61 | K26: 3.27 | M26: 3.55 | O26: 4.37 | P26: 5.12 | Q26: 5.71 | R26: 5.97 | T26: 5.2
A27: p04-5 | C27: 0.08 | D27: 0.22 | E27: 0.39 | F27: 0.52 | G27: 1.08 | H27: 1.59 | I27: 2.23 | J27: 2.55 | K27: 2.94 | M27: 3.58 | O27: 4.24 | P27: 4.9 | Q27: 5.21 | R27: 5.52 | T27: 4.88 | V27: 4.88
A28: p04-6 | C28: 0.12 | D28: 0.31 | E28: 0.39 | F28: 0.81 | G28: 0.96 | H28: 1.52 | I28: 1.97 | J28: 2.2 | K28: 2.56 | M28: 3.16 | O28: 3.5 | P28: 4.27 | Q28: 5.12 | R28: 5.16 | T28: 4.78
A29: p04-7 | C29: 0.12 | D29: 0.23 | E29: 0.34 | F29: 0.71 | G29: 0.98 | H29: 1.41 | I29: 1.81 | J29: 1.82 | K29: 2.03 | M29: 2.59 | O29: 2.89 | P29: 3.36 | Q29: 4.03 | R29: 4.46 | T29: 3.16
A30: p05-1 | B30: 0.12 | C30: 0.19 | D30: 0.28 | E30: 0.35 | F30: 0.56 | G30: 1.06 | H30: 1.28 | I30: 1.8 | J30: 2.48 | K30: 2.62 | M30: 2.69 | O30: 3.14 | P30: 3.4 | Q30: 3.72 | R30: 3.77 | T30: 4.07
A31: p05-2 | B31: 0.04 | C31: 0.12 | D31: 0.21 | E31: 0.3 | F31: 0.71 | G31: 0.96 | H31: 1.19 | I31: 1.73 | J31: 2.32 | K31: 2.89 | M31: 3.33 | O31: 3.68 | P31: 4.28 | Q31: 4.39 | R31: 4.74 | T31: 4.72
A32: p05-3 | B32: 0.03 | C32: 0.15 | D32: 0.29 | E32: 0.35 | F32: 0.71 | G32: 0.86 | H32: 1.01 | I32: 1.63 | J32: 2.11 | K32: 2.56 | M32: 3.31 | O32: 3.82 | P32: 4.28 | Q32: 4.68 | R32: 4.97 | T32: 4.9
A33: p05-4 | B33: 0.1 | C33: 0.14 | D33: 0.27 | E33: 0.39 | F33: 0.57 | G33: 0.84 | H33: 1.18 | I33: 1.68 | J33: 2.21 | K33: 3.02 | M33: 3.49 | O33: 4.35 | P33: 4.57 | Q33: 4.84 | R33: 4.92 | T33: 5.69 | V33: 5.69
A34: p05-5 | B34: 0.13 | C34: 0.15 | D34: 0.19 | E34: 0.23 | F34: 0.51 | G34: 0.57 | H34: 0.96 | I34: 1.49 | J34: 1.93 | K34: 2.41 | M34: 3.14 | O34: 3.39 | P34: 4.09 | Q34: 4.4 | R34: 4.61 | T34: 4.9 | V34: 5.37
A35: p05-6 | B35: 0.08 | C35: 0.11 | D35: 0.32 | E35: 0.35 | F35: 0.75 | G35: 0.8 | H35: 1.13 | I35: 1.5 | J35: 1.92 | K35: 2.44 | M35: 3.24 | O35: 3.64 | P35: 4.04 | Q35: 4.56 | R35: 4.74 | T35: 4.8
A36: p05-7 | B36: 0.06 | C36: 0.12 | D36: 0.21 | E36: 0.41 | F36: 0.5 | G36: 0.63 | H36: 0.82 | I36: 1.21 | J36: 1.68 | K36: 2.1 | M36: 2.92 | O36: 3.24 | P36: 3.4 | Q36: 3.81 | R36: 3.77 | T36: 3.92
A37: p06-1 | B37: 0.05 | C37: 0.2 | D37: 0.2 | E37: 0.24 | F37: 0.53 | G37: 0.77 | H37: 1.07 | I37: 1.2 | J37: 1.38 | K37: 1.38 | M37: 1.8 | P37: 2.25 | Q37: 2.66 | R37: 2.87 | U37: 3.27
A38: p06-2 | B38: 0 | C38: 0.14 | D38: 0.15 | E38: 0.27 | F38: 0.64 | G38: 0.89 | H38: 1.32 | I38: 1.68 | J38: 1.85 | K38: 2.17 | M38: 2.76 | P38: 3.59 | Q38: 3.92 | R38: 4.11 | U38: 4.95
A39: p06-3 | B39: 0.02 | C39: 0.19 | D39: 0.25 | E39: 0.43 | F39: 0.62 | G39: 0.64 | H39: 1.08 | I39: 1.36 | J39: 1.73 | K39: 2.17 | M39: 2.85 | P39: 4.16 | Q39: 4.9 | R39: 4.86 | U39: 4.68
A40: p06-4 | B40: 0.03 | C40: 0.12 | D40: 0.12 | E40: 0.26 | F40: 0.6 | G40: 0.97 | H40: 1.43 | I40: 1.72 | J40: 2.06 | K40: 2.64 | M40: 3.1 | P40: 4.11 | Q40: 4.45 | R40: 4.83 | U40: 5
A41: p06-5 | B41: 0.13 | C41: 0.06 | D41: 0.16 | E41: 0.25 | F41: 0.62 | G41: 0.62 | H41: 0.96 | I41: 1.16 | J41: 1.47 | K41: 1.95 | M41: 2.67 | P41: 3.71 | Q41: 4.19 | R41: 4.14 | U41: 4.63
A42: p06-6 | B42: 0 | C42: 0.1 | D42: 0.4 | E42: 0.3 | F42: 0.62 | G42: 0.79 | H42: 1.23 | I42: 1.27 | J42: 1.54 | K42: 2.15 | M42: 2.74 | P42: 3.69 | Q42: 4.52 | R42: 4.49 | U42: 4.45
A43: p06-7 | B43: 0.07 | C43: 0.1 | D43: 0.2 | E43: 0.26 | F43: 0.62 | G43: 0.7 | H43: 1.01 | I43: 0.97 | J43: 1.14 | K43: 1.4 | M43: 2.12 | P43: 2.76 | Q43: 3.39 | R43: 3.91 | U43: 3.26
A44: p07-1 | C44: 0.14 | D44: 0.24 | E44: 0.37 | F44: 0.51 | G44: 0.73 | H44: 1.69 | I44: 1.87 | J44: 2.15 | K44: 2.79 | M44: 2.89 | O44: 3.2 | P44: 3.57 | Q44: 3.82 | S44: 4.33 | U44: 5.05
A45: p07-2 | C45: 0.14 | D45: 0.14 | E45: 0.32 | F45: 0.54 | G45: 0.85 | H45: 1.45 | I45: 1.97 | J45: 2.28 | K45: 2.86 | M45: 3.28 | O45: 3.81 | P45: 4.38 | Q45: 5.14 | S45: 5.28 | U45: 4.16
A46: p07-3 | C46: 0.14 | D46: 0.28 | E46: 0.41 | F46: 0.55 | G46: 0.91 | H46: 1.66 | I46: 2.11 | J46: 2.67 | K46: 3.15 | M46: 3.7 | O46: 4.38 | P46: 4.84 | Q46: 5.23 | S46: 5.61 | U46: 4.11
A47: p07-4 | C47: 0.13 | D47: 0.2 | E47: 0.23 | F47: 0.51 | G47: 0.69 | H47: 1.37 | I47: 1.8 | J47: 2.38 | K47: 2.6 | M47: 3.37 | O47: 4.13 | P47: 4.85 | Q47: 5.61 | S47: 6 | U47: 4.97
A48: p07-5 | C48: 0.2 | D48: 0.31 | E48: 0.34 | F48: 0.6 | G48: 0.78 | H48: 1.26 | I48: 1.93 | J48: 2.28 | K48: 2.5 | M48: 3.19 | O48: 3.93 | P48: 4.6 | Q48: 5.25 | S48: 5.6 | U48: 4.83
A49: p07-6 | C49: 0.15 | D49: 0.32 | E49: 0.46 | F49: 0.53 | G49: 0.92 | H49: 1.62 | I49: 1.93 | J49: 2.47 | K49: 3.14 | M49: 3.74 | O49: 4.33 | P49: 5.12 | Q49: 5.11 | S49: 5.56 | U49: 3.26
A50: p07-7 | C50: 0.13 | D50: 0.29 | E50: 0.4 | F50: 0.71 | G50: 0.78 | H50: 1.44 | I50: 1.96 | J50: 1.9 | K50: 2.31 | M50: 2.87 | O50: 3.47 | P50: 3.79 | Q50: 4.15 | S50: 4.17 | U50: 3.55
A51: p08-1 | C51: 0.13 | D51: 0.26 | E51: 0.34 | F51: 0.62 | G51: 0.9 | H51: 1.52 | I51: 2.66 | J51: 2.45 | K51: 3.25 | M51: 3.96 | O51: 4.19 | P51: 4.67 | S51: 5.27 | U51: 3.39 | V51: 4.26
A52: p08-2 | C52: 0.19 | D52: 0.27 | E52: 0.41 | F52: 0.58 | G52: 0.98 | H52: 1.74 | I52: 2.67 | J52: 2.82 | K52: 3.1 | M52: 3.95 | O52: 4.46 | P52: 4.98 | S52: 5.57 | U52: 2.12 | V52: 4.72
A53: p08-3 | C53: 0.17 | D53: 0.27 | E53: 0.39 | F53: 0.53 | G53: 0.72 | H53: 1.66 | I53: 2.53 | J53: 2.75 | K53: 3.07 | M53: 3.82 | O53: 4.37 | P53: 4.73 | S53: 5.71 | U53: 0.62 | V53: 4.89
A54: p08-4 | C54: 0.14 | D54: 0.24 | E54: 0.27 | F54: 0.47 | G54: 0.92 | H54: 1.45 | I54: 2.41 | J54: 2.79 | K54: 3.44 | M54: 3.88 | O54: 4.9 | P54: 5.19 | S54: 5.37 | U54: 3.26 | V54: 2.67
A55: p08-5 | C55: 0.12 | D55: 0.21 | E55: 0.23 | F55: 0.56 | G55: 0.94 | H55: 1.33 | I55: 2.2 | J55: 3.13 | K55: 3.42 | M55: 4.27 | O55: 4.56 | P55: 5.02 | S55: 5.78 | U55: 2.49 | V55: 4.95
A56: p08-6 | C56: 0.08 | D56: 0.25 | E56: 0.44 | F56: 0.65 | G56: 0.68 | H56: 1.33 | I56: 2.01 | J56: 2.31 | K56: 3.04 | M56: 3.77 | O56: 4.18 | P56: 4.52 | S56: 5.32 | U56: 3.63 | V56: 5.16
A57: p08-7 | C57: 0.12 | D57: 0.11 | E57: 0.19 | F57: 0.48 | G57: 0.7 | H57: 1.05 | I57: 1.97 | J57: 1.7 | K57: 2.22 | M57: 2.72 | O57: 2.9 | P57: 3.48 | S57: 3.7 | U57: 3.54 | V57: 4.11
A58: p09-1 | C58: 0.13 | D58: 0.18 | E58: 0.21 | F58: 0.62 | G58: 0.72 | H58: 1.13 | I58: 1.41 | J58: 1.67 | K58: 1.89 | M58: 2.35 | P58: 3.11 | Q58: 3.53 | R58: 3.76 | U58: 4.17
A59: p09-2 | C59: 0.13 | D59: 0.26 | E59: 0.36 | F59: 0.44 | G59: 0.64 | H59: 1.06 | I59: 1.56 | J59: 1.74 | K59: 2.11 | M59: 2.61 | P59: 3.2 | Q59: 3.53 | R59: 3.62 | U59: 4.19
A60: p09-3 | C60: 0.23 | D60: 0.29 | E60: 0.39 | F60: 0.61 | G60: 0.78 | H60: 1.16 | I60: 1.72 | J60: 1.98 | K60: 2.5 | M60: 2.83 | P60: 3.56 | Q60: 3.81 | R60: 4.04 | U60: 3.8
A61: p09-4 | C61: 0.1 | D61: 0.24 | E61: 0.32 | F61: 0.72 | G61: 0.84 | H61: 1.2 | I61: 1.63 | J61: 1.78 | K61: 2.2 | M61: 2.78 | P61: 3.37 | Q61: 3.72 | R61: 3.83 | U61: 3.42
A62: p09-5 | C62: 0.16 | D62: 0.26 | E62: 0.37 | F62: 0.56 | G62: 0.8 | H62: 1.17 | I62: 1.62 | J62: 1.82 | K62: 2.35 | M62: 2.93 | P62: 3.46 | Q62: 3.82 | R62: 3.97 | U62: 3.65
A63: p09-6 | C63: 0.12 | D63: 0.23 | E63: 0.2 | F63: 0.71 | G63: 0.56 | H63: 1.13 | I63: 1.19 | J63: 1.71 | K63: 2.17 | M63: 2.91 | P63: 3.7 | Q63: 4.13 | R63: 4.17 | U63: 4.32
A64: p09-7 | C64: 0.22 | D64: 0.24 | E64: 0.3 | F64: 0.47 | G64: 0.8 | H64: 1.25 | I64: 1.6 | J64: 1.37 | K64: 2.03 | M64: 2.34 | P64: 2.5 | Q64: 3.23 | R64: 3.34 | U64: 3.23
A65: p10-1 | C65: 0.08 | D65: 0.22 | E65: 0.31 | F65: 0.45 | G65: 0.71 | H65: 1.37 | I65: 2.17 | J65: 2.22 | K65: 2.65 | M65: 3.54 | O65: 3.78 | P65: 4.21 | S65: 4.94 | U65: 2.51 | V65: 4.7
A66: p10-2 | C66: 0.13 | D66: 0.19 | E66: 0.35 | F66: 0.61 | G66: 0.63 | H66: 1.2 | I66: 2.08 | J66: 2.21 | K66: 2.65 | M66: 3.44 | O66: 3.8 | P66: 4.46 | S66: 4.37 | U66: 4.04 | V66: 4.2
A67: p10-3 | C67: 0.14 | D67: 0.17 | E67: 0.29 | F67: 0.59 | G67: 0.86 | H67: 1.57 | I67: 2.26 | J67: 2.3 | K67: 3.17 | M67: 4.3 | O67: 4.86 | P67: 5.42 | S67: 5.94 | U67: 0.88 | V67: 4.61
A68: p10-4 | C68: 0.1 | D68: 0.21 | E68: 0.41 | F68: 0.73 | G68: 0.78 | H68: 1.93 | I68: 2.25 | J68: 2.32 | K68: 3.29 | M68: 4.02 | O68: 4.82 | P68: 5.34 | S68: 6.19 | U68: 0 | V68: 4.74
A69: p10-5 | C69: 0.14 | D69: 0.3 | E69: 0.28 | F69: 0.57 | G69: 0.82 | H69: 1.78 | I69: 2.46 | J69: 2.47 | K69: 3.31 | M69: 4.1 | O69: 4.74 | P69: 5.35 | S69: 6.03 | U69: 1.59 | V69: 4.9
A70: p10-6 | C70: 0.14 | D70: 0.31 | E70: 0.37 | F70: 0.69 | G70: 0.88 | H70: 1.65 | I70: 2.17 | J70: 2.5 | K70: 3.39 | M70: 4.23 | O70: 4.73 | P70: 5.48 | S70: 6.22 | U70: 4.43 | V70: 5.52
A71: p10-7 | C71: 0.14 | D71: 0.15 | E71: 0.13 | F71: 0.54 | G71: 0.55 | H71: 1.28 | I71: 2.33 | J71: 2.39 | K71: 3.68 | M71: 4.04 | O71: 4.67 | P71: 5.24 | S71: 5.87 | U71: 2.57 | V71: 4.53
A72: p11-1 | C72: 0.12 | D72: 0.22 | E72: 0.4 | F72: 0.57 | G72: 0.79 | H72: 1.12 | I72: 1.71 | J72: 2.13 | L72: 2.51 | N72: 2.8 | O72: 2.75 | P72: 3.77 | Q72: 3.07 | S72: 3.35 | U72: 3.68
A73: p11-2 | C73: 0.1 | D73: 0.16 | E73: 0.37 | F73: 0.87 | G73: 0.89 | H73: 1.23 | I73: 1.76 | J73: 2.48 | L73: 3.04 | N73: 3.7 | O73: 3.78 | P73: 4.32 | Q73: 4.51 | S73: 4.73 | U73: 3.7
A74: p11-3 | C74: 0.18 | D74: 0.21 | E74: 0.36 | F74: 0.56 | G74: 1.21 | H74: 1.34 | I74: 1.8 | J74: 2.36 | L74: 3.24 | N74: 3.52 | O74: 3.88 | P74: 4.42 | Q74: 4.94 | S74: 5.46 | U74: 4.75
A75: p11-4 | C75: 0.13 | D75: 0.2 | E75: 0.42 | F75: 0.78 | G75: 0.82 | H75: 1.16 | I75: 1.66 | J75: 2.35 | L75: 3.06 | N75: 3.8 | O75: 4.04 | P75: 4.95 | Q75: 4.92 | S75: 5.57 | U75: 2.94
A76: p11-5 | C76: 0.19 | D76: 0.21 | E76: 0.29 | F76: 0.62 | G76: 0.93 | H76: 0.98 | I76: 1.58 | J76: 1.85 | L76: 2.86 | N76: 3.44 | O76: 3.57 | P76: 4.5 | Q76: 4.92 | S76: 5.81 | U76: 4.05
A77: p11-6 | C77: 0.15 | D77: 0.11 | E77: 0.26 | F77: 0.47 | G77: 0.79 | H77: 0.9 | I77: 1.37 | J77: 1.91 | L77: 2.8 | N77: 3.33 | O77: 3.63 | P77: 4.39 | Q77: 5.01 | S77: 5.87 | U77: 3.64
A78: p11-7 | C78: 0.18 | D78: 0.21 | E78: 0.47 | F78: 0.61 | G78: 0.82 | H78: 0.98 | I78: 1.29 | J78: 1.62 | L78: 2.42 | N78: 2.86 | O78: 2.94 | P78: 3.34 | Q78: 3.64 | S78: 4.29 | U78: 4.19
A79: p12-1 | C79: 0.07 | D79: 0.26 | E79: 0.33 | F79: 0.71 | G79: 0.93 | H79: 1.37 | I79: 2.23 | J79: 2.22 | L79: 2.59 | N79: 2.98 | O79: 3.09 | P79: 3.74 | Q79: 3.9 | S79: 4.42 | U79: 3.8
A80: p12-2 | C80: 0.08 | D80: 0.18 | E80: 0.42 | F80: 0.6 | G80: 1.05 | H80: 1.8 | I80: 2.62 | J80: 3.07 | L80: 3.94 | N80: 4.57 | O80: 4.95 | P80: 5.68 | Q80: 6.05 | S80: 5.85 | U80: 3.53
A81: p12-3 | C81: 0.15 | D81: 0.19 | E81: 0.35 | F81: 0.62 | G81: 0.68 | H81: 1.45 | I81: 1.96 | J81: 2.23 | L81: 3.14 | N81: 3.58 | O81: 3.95 | P81: 4.88 | Q81: 5.36 | S81: 5.42 | U81: 4.82
A82: p12-4 | C82: 0.16 | D82: 0.19 | E82: 0.26 | F82: 0.47 | G82: 0.83 | H82: 1.27 | I82: 1.91 | J82: 2.23 | L82: 3.57 | N82: 3.99 | O82: 4.53 | P82: 4.88 | Q82: 5.99 | S82: 6 | U82: 4.53
A83: p12-5 | C83: 0.08 | D83: 0.25 | E83: 0.38 | F83: 0.45 | G83: 0.78 | H83: 1.33 | I83: 2.15 | J83: 2.37 | L83: 3.21 | N83: 3.89 | O83: 4.58 | P83: 4.84 | Q83: 5.3 | S83: 5.65 | U83: 3.57
... A85: p12-7 | C85: 0.13 | D85: 0.18 | E85: 0.51 | F85: 0.73 | G85: 0.81 | H85: 1.11 | I85: 1.25 | J85: 1.44 | L85: 2.21 | N85: 2.6 | O85: 2.7 | P85: 3.16 | Q85: 4.01 | S85: 4.91 | U85: 4.22
A86: p13-1 | B86: 0.03 | C86: 0.1 | D86: 0.13 | E86: 0.21 | F86: 0.45 | G86: 0.55 | H86: 1.18 | I86: 1.46 | J86: 1.7 | K86: 1.88 | N86: 2.5 | P86: 3.17 | Q86: 2.98 | R86: 3.24 | U86: 2.85
A87: p13-2 | B87: 0.12 | C87: 0.1 | D87: 0.16 | E87: 0.41 | F87: 0.55 | G87: 0.71 | H87: 0.88 | I87: 1.17 | J87: 1.48 | K87: 2.18 | N87: 3.1 | P87: 3.25 | Q87: 3.93 | R87: 4.06 | U87: 3.85
A88: p13-3 | B88: 0.08 | C88: 0.07 | D88: 0.21 | E88: 0.38 | F88: 0.73 | G88: 0.77 | H88: 1.41 | I88: 1.95 | J88: 2.15 | K88: 3.2 | N88: 3.21 | P88: 4.37 | Q88: 4.39 | R88: 4.44 | U88: 3.55
A89: p13-4 | B89: 0.08 | C89: 0.08 | D89: 0.13 | E89: 0.24 | F89: 0.68 | G89: 0.77 | H89: 1.04 | I89: 1.47 | J89: 1.81 | K89: 2.22 | N89: 3.22 | P89: 3.72 | Q89: 4.12 | R89: 4.38 | U89: 4.02
A90: p13-5 | B90: 0.09 | C90: 0.07 | D90: 0.23 | E90: 0.22 | F90: 0.6 | G90: 0.84 | H90: 1.31 | I90: 1.88 | J90: 1.76 | K90: 2.63 | N90: 3.41 | P90: 4.08 | Q90: 4.78 | R90: 4.85 | U90: 3.41
A91: p13-6 | B91: 0.12 | C91: 0.07 | D91: 0.14 | E91: 0.21 | F91: 0.6 | G91: 0.74 | H91: 0.98 | I91: 1 | J91: 1.49 | K91: 2.12 | N91: 2.57 | P91: 3.34 | Q91: 3.49 | R91: 3.79 | U91: 4.31
A92: p13-7 | B92: 0.15 | C92: 0.13 | D92: 0.18 | E92: 0.26 | F92: 0.62 | G92: 0.6 | H92: 0.93 | I92: 1.04 | J92: 1.33 | K92: 1.84 | N92: 2.68 | P92: 3.2 | Q92: 4.05 | R92: 3.83 | U92: 4.02
A93: p14-1 | C93: 0.13 | D93: 0.09 | E93: 0.33 | F93: 0.45 | G93: 0.52 | H93: 0.98 | I93: 1.38 | J93: 1.87 | L93: 2.24 | N93: 2.77 | O93: 3.1 | P93: 3.49 | Q93: 4.41 | S93: 4.55 | U93: 3.03
A94: p14-2 | C94: 0.08 | D94: 0.17 | E94: 0.32 | F94: 0.67 | G94: 0.83 | H94: 1.42 | I94: 2.29 | J94: 2.38 | L94: 3.18 | N94: 4.02 | O94: 4.55 | P94: 5.41 | Q94: 6.24 | S94: 5.8 | U94: 2.8
A95: p14-3 | C95: 0.17 | D95: 0.17 | E95: 0.4 | F95: 0.47 | G95: 0.61 | H95: 1.22 | I95: 1.76 | J95: 1.91 | L95: 3.01 | N95: 4.08 | O95: 4.5 | P95: 4.91 | Q95: 5.88 | S95: 5.68 | U95: 4.02
A96: p14-4 | C96: 0.13 | D96: 0.14 | E96: 0.3 | F96: 0.5 | G96: 0.64 | H96: 1.17 | I96: 2.04 | J96: 2.69 | L96: 3.5 | N96: 4.3 | O96: 4.55 | P96: 5.84 | Q96: 6.14 | S96: 5.76 | U96: 3.66
A97: p14-5 | C97: 0.07 | D97: 0.26 | E97: 0.29 | F97: 0.58 | G97: 0.79 | H97: 1.4 | I97: 2.02 | J97: 2.06 | L97: 3.29 | N97: 3.89 | O97: 4.38 | P97: 5.24 | Q97: 6.23 | S97: 5.62 | U97: 4.45
A98: p14-6 | C98: 0.18 | D98: 0.22 | E98: 0.26 | F98: 0.53 | G98: 0.86 | H98: 1.3 | I98: 1.76 | J98: 2.05 | L98: 3.28 | N98: 4.04 | O98: 4.46 | P98: 5.25 | Q98: 6.1 | S98: 5.52 | U98: 3.56
A99: p14-7 | C99: 0.26 | D99: 0.29 | E99: 0.46 | F99: 0.62 | G99: 0.81 | H99: 1.19 | I99: 1.9 | J99: 1.91 | L99: 2.87 | N99: 3.54 | O99: 3.8 | P99: 4.79 | Q99: 5.11 | S99: 5.15 | U99: 3.64
A100: p15-1 | B100: 0.19 | C100: 0.32 | D100: 0.26 | E100: 0.46 | F100: 0.69 | G100: 0.73 | H100: 0.84 | I100: 1.33 | J100: 1.92 | L100: 2.36 | N100: 2.57 | O100: 2.96 | P100: 3.39 | Q100: 3.31 | U100: 3.57
A101: p15-2 | B101: 0 | C101: 0.16 | D101: 0.3 | E101: 0.48 | F101: 0.54 | G101: 0.8 | H101: 1.01 | I101: 1.55 | J101: 2.1 | L101: 2.57 | N101: 3.1 | O101: 3.61 | P101: 3.98 | Q101: 4.31 | U101: 3.61
...

Sheet SPAD
A1: CCID | B1: DOY179 | C1: DOY202
A2: p01-1 | B2: 34.7 | C2: 42.6
A3: p01-2 | B3: 39.3 | C3: 41.5
A4: p01-3 | B4: 38.4 | C4: 38.6
A5: p01-4 | B5: 35.2 | C5: 43.9
A6: p01-5 | B6: 34.2 | C6: 41.6
A7: p01-6 | B7: 39.4 | C7: 45.7
A8: p01-7 | B8: 42.3 | C8: 47.9
A9: p02-1 | B9: 41.7 | C9: 44.7
A10: p02-2 | B10: 38.9 | C10: 45.1
A11: p02-3 | B11: 40.5 | C11: 48.9
A12: p02-4 | B12: 39 | C12: 42.8
A13: p02-5 | B13: 39.4 | C13: 43.8
... A113: p16-7 | B113: 43 | C113: 39.3

Sheet Density
A1: CCID | B1: PLPD
A2: p01-1 | B2: 19.7
A3: p01-2 | B3: 13.8
A4: p01-3 | B4: 11.8
A5: p01-4 | B5: 12.8
A6: p01-5 | B6: 14.8
A7: p01-6 | B7: 17.7
A8: p01-7 | B8: 14.8
A9: p02-1 | B9: 23.6
A10: p02-2 | B10: 11.8
A11: p02-3 | B11: 12.8
A12: p02-4 | B12: 14.8
A13: p02-5 | B13: 15.7
... A113: p16-7 | B113: 17.7

Sheet Develop
A1: CCID | B1: EDATE | C1: PLYRE | D1: PLDOE | E1: ADAT | F1: ADOY | G1: NAWF213
A2: p01-2 | G2: 2
A3: p01-4 | B3: 40658 | C3: 2011 | D3: 115.375 | E3: 40724 | F3: 181 | G3: 4
A4: p01-6 | G4: 3
A5: p02-2 | G5: 4
A6: p02-4 | B6: 40658 | C6: 2011 | D6: 114.5 | E6: 40724 | F6: 181 | G6: 3
A7: p02-6 | G7: 2
A8: p03-2 | G8: 4
A9: p03-4 | B9: 40658 | C9: 2011 | D9: 114.5 | E9: 40724 | F9: 181 | G9: 3
A10: p03-6 | G10: 3
A11: p04-2 | G11: 4
A12: p04-4 | B12: 40659 | C12: 2011 | D12: 115.7 | E12: 40724 | F12: 181 | G12: 4
A13: p04-6 | G13: 3
A14: p05-2 | G14: 2
A15: p05-4 | B15: 40660 | C15: 2011 | D15: 116.5 | E15: 40724 | F15: 181 | G15: 3
A16: p05-6 | G16: 3
A17: p06-2 | G17: 3
A18: p06-4 | B18: 40659 | C18: 2011 | D18: 115.66667 | E18: 40724 | F18: 181 | G18: 3
A19: p06-6 | G19: 4
A20: p07-2 | G20: 3
A21: p07-4 | B21: 40659 | C21: 2011 | D21: 115.5 | E21: 40724 | F21: 181 | G21: 4
A22: p07-6 | G22: 4
A23: p08-2 | G23: 3
A24: p08-4 | B24: 40659 | C24: 2011 | D24: 116.125 | E24: 40724 | F24: 181 | G24: 2
A25: p08-6 | G25: 2
A26: p09-2 | G26: 2
A27: p09-4 | B27: 40658 | C27: 2011 | D27: 115.4 | E27: 40724 | F27: 181 | G27: 3
A28: p09-6 | G28: 3
A29: p10-2 | G29: 3
A30: p10-4 | B30: 40659 | C30: 2011 | D30: 115.66667 | E30: 40724 | F30: 181 | G30: 3
A31: p10-6 | G31: 3
A32: p11-2 | G32: 4
A33: p11-4 | B33: 40658 | C33: 2011 | D33: 115.41667 | E33: 40724 | F33: 181 | G33: 3
A34: p11-6 | G34: 5
A35: p12-2 | G35: 4
A36: p12-4 | B36: 40659 | C36: 2011 | D36: 115.5 | E36: 40724 | F36: 181 | G36: 4
A37: p12-6 | G37: 4
A38: p13-2 | G38: 3
A39: p13-4 | B39: 40658 | C39: 2011 | D39: 115.25 | E39: 40724 | F39: 181 | G39: 2
A40: p13-6 | G40: 4
A41: p14-2 | G41: 5
A42: p14-4 | B42: 40657 | C42: 2011 | D42: 113.5 | E42: 40724 | F42: 181 | G42: 5
A43: p14-6 | G43: 6
A44: p15-2 | G44: 3
A45: p15-4 | B45: 40658 | C45: 2011 | D45: 114.75 | E45: 40724 | F45: 181 | G45: 4
A46: p15-6 | G46: 4
A47: p16-2 | G47: 3
A48: p16-4 | B48: 40658 | C48: 2011 | D48: 114.5 | E48: 40724 | F48: 181 | G48: 3
A49: p16-6 | G49: 3

Sheet doy130
A1: FISE2011 -Cotton Plant Cover and Heights
M2: Date: | N2: 40673
A3: Comments: | C3: starting from the N side of the field in plot 1, and zig-zagging | M3: DOY: | N3: 130
B4: thru the plots. | M4: By: | N4: SMM
B5: Across from tubes 2, 4 & 6 (or 6, 4 & 2 depending on the direction I'm travelling)
B7: Plot | D7: Trt. | E7: Irrig. | F7: Pop. | G7: N | H7: Block | I7: Exotech Code | J7: Time | K7: Meas. (in cm) | L7: Point A | M7: Point B | N7: Point C | O7: Comments
L8: In row # 6 of each border - 2 rows west of neutron tubes.
B9: Plot | C9: Acron | D9: Trt | E9: Irr | F9: Pop | G9: Nit | H9: Block | I9: ExotechCode | J9: Time | K9: Meas | L9: 3.25 | M9: 7.25 | N9: 8.25
B10: 1 | C10: N → S | D10: =VLOOKUP($B10,#REF!,3,0) -> #REF! | E10: =VLOOKUP($B10,#REF!,4,0) -> #REF! | F10: =VLOOKUP($B10,#REF!,5,0) -> #REF! | G10: =VLOOKUP($B10,#REF!,6,0) -> #REF! | H10: =VLOOKUP($B10,#REF!,7,0) -> #REF! | I10: =VLOOKUP($B10,#REF!,8,0) -> #REF! | J10: 1015 | K10: Cover | L10: 7 | M10: 6 | N10: 8
D11: =VLOOKUP($B11,#REF!,3,0) -> #REF! | E11: =VLOOKUP($B11,#REF!,4,0) -> #REF! | F11: =VLOOKUP($B11,#REF!,5,0) -> #REF! | G11: =VLOOKUP($B11,#REF!,6,0) -> #REF! | H11: =VLOOKUP($B11,#REF!,7,0) -> #REF! | I11: =VLOOKUP($B11,#REF!,8,0) -> #REF! | K11: Height | L11: 8 | M11: 8 | N11: 8
B12: 2 | C12: S → N | D12: =VLOOKUP($B12,#REF!,3,0) -> #REF! | E12: =VLOOKUP($B12,#REF!,4,0) -> #REF! | F12: =VLOOKUP($B12,#REF!,5,0) -> #REF! | G12: =VLOOKUP($B12,#REF!,6,0) -> #REF! | H12: =VLOOKUP($B12,#REF!,7,0) -> #REF! | I12: =VLOOKUP($B12,#REF!,8,0) -> #REF! | K12: Cover | L12: 6 | M12: 7 | N12: 6
D13: =VLOOKUP($B13,#REF!,3,0) -> #REF! | E13: =VLOOKUP($B13,#REF!,4,0) -> #REF! | F13: =VLOOKUP($B13,#REF!,5,0) -> #REF! | G13: =VLOOKUP($B13,#REF!,6,0) -> #REF! | H13: =VLOOKUP($B13,#REF!,7,0) -> #REF! | I13: =VLOOKUP($B13,#REF!,8,0) -> #REF! | K13: Height | L13: 7 | M13: 8 | N13: 7
B14: 3 | C14: N → S | D14: =VLOOKUP($B14,#REF!,3,0) -> #REF! | E14: =VLOOKUP($B14,#REF!,4,0) -> #REF! | F14: =VLOOKUP($B14,#REF!,5,0) -> #REF! | G14: =VLOOKUP($B14,#REF!,6,0) -> #REF! | H14: =VLOOKUP($B14,#REF!,7,0) -> #REF! | I14: =VLOOKUP($B14,#REF!,8,0) -> #REF! | K14: Cover | L14: 7 | M14: 7 | N14: 6
D15: =VLOOKUP($B15,#REF!,3,0) -> #REF! | E15: =VLOOKUP($B15,#REF!,4,0) -> #REF! | F15: =VLOOKUP($B15,#REF!,5,0) -> #REF! | G15: =VLOOKUP($B15,#REF!,6,0) -> #REF! | H15: =VLOOKUP($B15,#REF!,7,0) -> #REF! | I15: =VLOOKUP($B15,#REF!,8,0) -> #REF! | K15: Height | L15: 8 | M15: 7 | N15: 7
B16: 4 | C16: S → N | D16: =VLOOKUP($B16,#REF!,3,0) -> #REF! | E16: =VLOOKUP($B16,#REF!,4,0) -> #REF! | F16: =VLOOKUP($B16,#REF!,5,0) -> #REF! | G16: =VLOOKUP($B16,#REF!,6,0) -> #REF! | H16: =VLOOKUP($B16,#REF!,7,0) -> #REF! | I16: =VLOOKUP($B16,#REF!,8,0) -> #REF! | K16: Cover | L16: 7 | M16: 7 | N16: 6
D17: =VLOOKUP($B17,#REF!,3,0) -> #REF! | E17: =VLOOKUP($B17,#REF!,4,0) -> #REF! | F17: =VLOOKUP($B17,#REF!,5,0) -> #REF! | G17: =VLOOKUP($B17,#REF!,6,0) -> #REF! | H17: =VLOOKUP($B17,#REF!,7,0) -> #REF! | I17: =VLOOKUP($B17,#REF!,8,0) -> #REF! | K17: Height | L17: 9 | M17: 8 | N17: 8
B18: 5 | C18: N → S | D18: =VLOOKUP($B18,#REF!,3,0) -> #REF! | E18: =VLOOKUP($B18,#REF!,4,0) -> #REF! | F18: =VLOOKUP($B18,#REF!,5,0) -> #REF! | G18: =VLOOKUP($B18,#REF!,6,0) -> #REF! | H18: =VLOOKUP($B18,#REF!,7,0) -> #REF! | I18: =VLOOKUP($B18,#REF!,8,0) -> #REF! | J18: 1034 | K18: Cover | L18: 8 | M18: 4 | N18: 6
D19: =VLOOKUP($B19,#REF!,3,0) -> #REF! | E19: =VLOOKUP($B19,#REF!,4,0) -> #REF! | F19: =VLOOKUP($B19,#REF!,5,0) -> #REF! | G19: =VLOOKUP($B19,#REF!,6,0) -> #REF! | H19: =VLOOKUP($B19,#REF!,7,0) -> #REF! | I19: =VLOOKUP($B19,#REF!,8,0) -> #REF! | K19: Height | L19: 8 | M19: 5 | N19: 7
B20: 6 | C20: S → N | D20: =VLOOKUP($B20,#REF!,3,0) -> #REF! | E20: =VLOOKUP($B20,#REF!,4,0) -> #REF! | F20: =VLOOKUP($B20,#REF!,5,0) -> #REF! | G20: =VLOOKUP($B20,#REF!,6,0) -> #REF! | H20: =VLOOKUP($B20,#REF!,7,0) -> #REF! | I20: =VLOOKUP($B20,#REF!,8,0) -> #REF! | K20: Cover | L20: 7 | M20: 4 | N20: 8
D21: =VLOOKUP($B21,#REF!,3,0) -> #REF! | E21: =VLOOKUP($B21,#REF!,4,0) -> #REF! | F21: =VLOOKUP($B21,#REF!,5,0) -> #REF! | G21: =VLOOKUP($B21,#REF!,6,0) -> #REF! | H21: =VLOOKUP($B21,#REF!,7,0) -> #REF! | I21: =VLOOKUP($B21,#REF!,8,0) -> #REF! | K21: Height | L21: 9 | M21: 5 | N21: 8
B22: 7 | C22: N → S | D22: =VLOOKUP($B22,#REF!,3,0) -> #REF! | E22: =VLOOKUP($B22,#REF!,4,0) -> #REF! | F22: =VLOOKUP($B22,#REF!,5,0) -> #REF! | G22: =VLOOKUP($B22,#REF!,6,0) -> #REF! | H22: =VLOOKUP($B22,#REF!,7,0) -> #REF! | I22: =VLOOKUP($B22,#REF!,8,0) -> #REF! | K22: Cover | L22: 5 | M22: 5 | N22: 5
D23: =VLOOKUP($B23,#REF!,3,0) -> #REF! | E23: =VLOOKUP($B23,#REF!,4,0) -> #REF! | F23: =VLOOKUP($B23,#REF!,5,0) -> #REF! | G23: =VLOOKUP($B23,#REF!,6,0) -> #REF! | H23: =VLOOKUP($B23,#REF!,7,0) -> #REF! | I23: =VLOOKUP($B23,#REF!,8,0) -> #REF! | K23: Height | L23: 6 | M23: 7 | N23: 6
B24: 8 | C24: S → N | D24: =VLOOKUP($B24,#REF!,3,0) -> #REF! | E24: =VLOOKUP($B24,#REF!,4,0) -> #REF! | F24: =VLOOKUP($B24,#REF!,5,0) -> #REF! | G24: =VLOOKUP($B24,#REF!,6,0) -> #REF! | H24: =VLOOKUP($B24,#REF!,7,0) -> #REF! | I24: =VLOOKUP($B24,#REF!,8,0) -> #REF! | K24: Cover | L24: 7 | M24: 7 | N24: 7
D25: =VLOOKUP($B25,#REF!,3,0) -> #REF! | E25: =VLOOKUP($B25,#REF!,4,0) -> #REF! | F25: =VLOOKUP($B25,#REF!,5,0) -> #REF! | G25: =VLOOKUP($B25,#REF!,6,0) -> #REF! | H25: =VLOOKUP($B25,#REF!,7,0) -> #REF! | I25: =VLOOKUP($B25,#REF!,8,0) -> #REF! | K25: Height | L25: 7 | M25: 8 | N25: 6
B26: 9 | C26: N → S | D26: =VLOOKUP($B26,#REF!,3,0) -> #REF! | E26: =VLOOKUP($B26,#REF!,4,0) -> #REF! | F26: =VLOOKUP($B26,#REF!,5,0) -> #REF! | G26: =VLOOKUP($B26,#REF!,6,0) -> #REF! | H26: =VLOOKUP($B26,#REF!,7,0) -> #REF! | I26: =VLOOKUP($B26,#REF!,8,0) -> #REF! | J26: 1050 | K26: Cover | L26: 6 | M26: 7 | N26: 6
D27: =VLOOKUP($B27,#REF!,3,0) -> #REF! | E27: =VLOOKUP($B27,#REF!,4,0) -> #REF! | F27: =VLOOKUP($B27,#REF!,5,0) -> #REF! | G27: =VLOOKUP($B27,#REF!,6,0) -> #REF! | H27: =VLOOKUP($B27,#REF!,7,0) -> #REF! | I27: =VLOOKUP($B27,#REF!,8,0) -> #REF! | K27: Height | L27: 8 | M27: 8 | N27: 7
B28: 10 | C28: S → N | D28: =VLOOKUP($B28,#REF!,3,0) -> #REF! | E28: =VLOOKUP($B28,#REF!,4,0) -> #REF! | F28: =VLOOKUP($B28,#REF!,5,0) -> #REF! | G28: =VLOOKUP($B28,#REF!,6,0) -> #REF! | H28: =VLOOKUP($B28,#REF!,7,0) -> #REF! | I28: =VLOOKUP($B28,#REF!,8,0) -> #REF! | K28: Cover | L28: 8 | M28: 4 | N28: 5
D29: =VLOOKUP($B29,#REF!,3,0) -> #REF! | E29: =VLOOKUP($B29,#REF!,4,0) -> #REF! | F29: =VLOOKUP($B29,#REF!,5,0) -> #REF! | G29: =VLOOKUP($B29,#REF!,6,0) -> #REF! | H29: =VLOOKUP($B29,#REF!,7,0) -> #REF! | I29: =VLOOKUP($B29,#REF!,8,0) -> #REF! | K29: Height | L29: 8 | M29: 7 | N29: 6
B30: 11 | C30: N → S | D30: =VLOOKUP($B30,#REF!,3,0) -> #REF! | E30: =VLOOKUP($B30,#REF!,4,0) -> #REF! | F30: =VLOOKUP($B30,#REF!,5,0) -> #REF! | G30: =VLOOKUP($B30,#REF!,6,0) -> #REF! | H30: =VLOOKUP($B30,#REF!,7,0) -> #REF! | I30: =VLOOKUP($B30,#REF!,8,0) -> #REF! | K30: Cover | L30: 5 | M30: 6 | N30: 6
D31: =VLOOKUP($B31,#REF!,3,0) -> #REF! | E31: =VLOOKUP($B31,#REF!,4,0) -> #REF! | F31: =VLOOKUP($B31,#REF!,5,0) -> #REF! | G31: =VLOOKUP($B31,#REF!,6,0) -> #REF! | H31: =VLOOKUP($B31,#REF!,7,0) -> #REF! | I31: =VLOOKUP($B31,#REF!,8,0) -> #REF! | K31: Height | L31: 6 | M31: 8 | N31: 7
B32: 12 | C32: S → N | D32: =VLOOKUP($B32,#REF!,3,0) -> #REF! | E32: =VLOOKUP($B32,#REF!,4,0) -> #REF! | F32: =VLOOKUP($B32,#REF!,5,0) -> #REF! | G32: =VLOOKUP($B32,#REF!,6,0) -> #REF! | H32: =VLOOKUP($B32,#REF!,7,0) -> #REF! | I32: =VLOOKUP($B32,#REF!,8,0) -> #REF! | K32: Cover | L32: 7 | M32: 7 | N32: 5
D33: =VLOOKUP($B33,#REF!,3,0) -> #REF! | E33: =VLOOKUP($B33,#REF!,4,0) -> #REF! | F33: =VLOOKUP($B33,#REF!,5,0) -> #REF! | G33: =VLOOKUP($B33,#REF!,6,0) -> #REF! | H33: =VLOOKUP($B33,#REF!,7,0) -> #REF! | I33: =VLOOKUP($B33,#REF!,8,0) -> #REF! | K33: Height | L33: 6 | M33: 8 | N33: 7
B34: 13 | C34: N → S | D34: =VLOOKUP($B34,#REF!,3,0) -> #REF! | E34: =VLOOKUP($B34,#REF!,4,0) -> #REF! | F34: =VLOOKUP($B34,#REF!,5,0) -> #REF! | G34: =VLOOKUP($B34,#REF!,6,0) -> #REF! | H34: =VLOOKUP($B34,#REF!,7,0) -> #REF! | I34: =VLOOKUP($B34,#REF!,8,0) -> #REF! | K34: Cover | L34: 5 | M34: 6 | N34: 5
D35: =VLOOKUP($B35,#REF!,3,0) -> #REF! | E35: =VLOOKUP($B35,#REF!,4,0) -> #REF! | F35: =VLOOKUP($B35,#REF!,5,0) -> #REF! | G35: =VLOOKUP($B35,#REF!,6,0) -> #REF! | H35: =VLOOKUP($B35,#REF!,7,0) -> #REF! | I35: =VLOOKUP($B35,#REF!,8,0) -> #REF! | K35: Height | L35: 7 | M35: 7 | N35: 6
B36: 14 | C36: S → N | D36: =VLOOKUP($B36,#REF!,3,0) -> #REF! | E36: =VLOOKUP($B36,#REF!,4,0) -> #REF! | F36: =VLOOKUP($B36,#REF!,5,0) -> #REF! | G36: =VLOOKUP($B36,#REF!,6,0) -> #REF! | H36: =VLOOKUP($B36,#REF!,7,0) -> #REF! | I36: =VLOOKUP($B36,#REF!,8,0) -> #REF! | K36: Cover | L36: 6 | M36: 6 | N36: 5
D37: =VLOOKUP($B37,#REF!,3,0) -> #REF! | E37: =VLOOKUP($B37,#REF!,4,0) -> #REF! | F37: =VLOOKUP($B37,#REF!,5,0) -> #REF! | G37: =VLOOKUP($B37,#REF!,6,0) -> #REF! | H37: =VLOOKUP($B37,#REF!,7,0) -> #REF! | I37: =VLOOKUP($B37,#REF!,8,0) -> #REF! | K37: Height | L37: 6 | M37: 8 | N37: 6
B38: 15 | C38: N → S | D38: =VLOOKUP($B38,#REF!,3,0) -> #REF! | E38: =VLOOKUP($B38,#REF!,4,0) -> #REF! | F38: =VLOOKUP($B38,#REF!,5,0) -> #REF! | G38: =VLOOKUP($B38,#REF!,6,0) -> #REF! | H38: =VLOOKUP($B38,#REF!,7,0) -> #REF! | I38: =VLOOKUP($B38,#REF!,8,0) -> #REF! | K38: Cover | L38: 8 | M38: 5 | N38: 7
D39: =VLOOKUP($B39,#REF!,3,0) -> #REF! | E39: =VLOOKUP($B39,#REF!,4,0) -> #REF! | F39: =VLOOKUP($B39,#REF!,5,0) -> #REF! | G39: =VLOOKUP($B39,#REF!,6,0) -> #REF! | H39: =VLOOKUP($B39,#REF!,7,0) -> #REF! | I39: =VLOOKUP($B39,#REF!,8,0) -> #REF! | K39: Height | L39: 8 | M39: 6 | N39: 8
B40: 16 | C40: S → N | D40: =VLOOKUP($B40,#REF!,3,0) -> #REF! | E40: =VLOOKUP($B40,#REF!,4,0) -> #REF! | F40: =VLOOKUP($B40,#REF!,5,0) -> #REF! | G40: =VLOOKUP($B40,#REF!,6,0) -> #REF! | H40: =VLOOKUP($B40,#REF!,7,0) -> #REF! | I40: =VLOOKUP($B40,#REF!,8,0) -> #REF! | J40: 1115 | K40: Cover | L40: 5 | M40: 6 | N40: 7
D41: =VLOOKUP($B41,#REF!,3,0) -> #REF! | E41: =VLOOKUP($B41,#REF!,4,0) -> #REF! | F41: =VLOOKUP($B41,#REF!,5,0) -> #REF! | G41: =VLOOKUP($B41,#REF!,6,0) -> #REF! | H41: =VLOOKUP($B41,#REF!,7,0) -> #REF! | I41: =VLOOKUP($B41,#REF!,8,0) -> #REF! | K41: Height | L41: 8 | M41: 8 | N41: 9

Sheet doy139
A1: FISE2011 -Cotton Plant Cover and Heights
M2: Date: | N2: 40682
A3: Comments: | C3: Mostly clear. Breezy but plants still easy to measure-- | M3: DOY: | N3: 139
C4: not moving much. | M4: By: | N4: SMM
B7: Plot | D7: Trt. | E7: Irrig. | F7: Pop. | G7: N | H7: Block | I7: Exotech Code | J7: Time | K7: Meas. (in cm) | L7: Point A | M7: Point B | N7: Point C | O7: Comments
L8: In row # 6 of each border - 2 rows west of neutron tubes.
B9: Plot | C9: Acron | D9: Trt | E9: Irr | F9: Pop | G9: Nit | H9: Block | I9: ExotechCode | J9: Time | K9: Meas | L9: 3.25 | M9: 7.25 | N9: 8.25
B10: 1 | C10: N → S | D10: =VLOOKUP($B10,#REF!,3,0) -> #REF! | E10: =VLOOKUP($B10,#REF!,4,0) -> #REF! | F10: =VLOOKUP($B10,#REF!,5,0) -> #REF! | G10: =VLOOKUP($B10,#REF!,6,0) -> #REF! | H10: =VLOOKUP($B10,#REF!,7,0) -> #REF! | I10: =VLOOKUP($B10,#REF!,8,0) -> #REF! | J10: 1315 | K10: Cover | L10: 16 | M10: 11 | N10: 12
D11: =VLOOKUP($B11,#REF!,3,0) -> #REF! | E11: =VLOOKUP($B11,#REF!,4,0) -> #REF! | F11: =VLOOKUP($B11,#REF!,5,0) -> #REF! | G11: =VLOOKUP($B11,#REF!,6,0) -> #REF! | H11: =VLOOKUP($B11,#REF!,7,0) -> #REF! | I11: =VLOOKUP($B11,#REF!,8,0) -> #REF! | K11: Height | L11: 15 | M11: 16 | N11: 16
B12: 2 | C12: S → N | D12: =VLOOKUP($B12,#REF!,3,0) -> #REF! | E12: =VLOOKUP($B12,#REF!,4,0) -> #REF! | F12: =VLOOKUP($B12,#REF!,5,0) -> #REF! | G12: =VLOOKUP($B12,#REF!,6,0) -> #REF! | H12: =VLOOKUP($B12,#REF!,7,0) -> #REF! | I12: =VLOOKUP($B12,#REF!,8,0) -> #REF! | K12: Cover | L12: 13 | M12: 12 | N12: 12
D13: =VLOOKUP($B13,#REF!,3,0) -> #REF! | E13: =VLOOKUP($B13,#REF!,4,0) -> #REF! | F13: =VLOOKUP($B13,#REF!,5,0) -> #REF! | G13: =VLOOKUP($B13,#REF!,6,0) -> #REF! | H13: =VLOOKUP($B13,#REF!,7,0) -> #REF! | I13: =VLOOKUP($B13,#REF!,8,0) -> #REF! | K13: Height | L13: 15 | M13: 16 | N13: 17
B14: 3 | C14: N → S | D14: =VLOOKUP($B14,#REF!,3,0) -> #REF! | E14: =VLOOKUP($B14,#REF!,4,0) -> #REF! | F14: =VLOOKUP($B14,#REF!,5,0) -> #REF! | G14: =VLOOKUP($B14,#REF!,6,0) -> #REF! | H14: =VLOOKUP($B14,#REF!,7,0) -> #REF! | I14: =VLOOKUP($B14,#REF!,8,0) -> #REF! | K14: Cover | L14: 13 | M14: 11 | N14: 12
D15: =VLOOKUP($B15,#REF!,3,0) -> #REF! | E15: =VLOOKUP($B15,#REF!,4,0) -> #REF! | F15: =VLOOKUP($B15,#REF!,5,0) -> #REF! | G15: =VLOOKUP($B15,#REF!,6,0) -> #REF! | H15: =VLOOKUP($B15,#REF!,7,0) -> #REF! | I15: =VLOOKUP($B15,#REF!,8,0) -> #REF! | K15: Height | L15: 14 | M15: 14 | N15: 15
B16: 4 | C16: S → N | D16: =VLOOKUP($B16,#REF!,3,0) -> #REF! | E16: =VLOOKUP($B16,#REF!,4,0) -> #REF! | F16: =VLOOKUP($B16,#REF!,5,0) -> #REF! | G16: =VLOOKUP($B16,#REF!,6,0) -> #REF! | H16: =VLOOKUP($B16,#REF!,7,0) -> #REF! | I16: =VLOOKUP($B16,#REF!,8,0) -> #REF! | K16: Cover | L16: 13 | M16: 12 | N16: 14
D17: =VLOOKUP($B17,#REF!,3,0) -> #REF! | E17: =VLOOKUP($B17,#REF!,4,0) -> #REF! | F17: =VLOOKUP($B17,#REF!,5,0) -> #REF! | G17: =VLOOKUP($B17,#REF!,6,0) -> #REF! | H17: =VLOOKUP($B17,#REF!,7,0) -> #REF! | I17: =VLOOKUP($B17,#REF!,8,0) -> #REF! | K17: Height | L17: 16 | M17: 16 | N17: 17
B18: 5 | C18: N → S | D18: =VLOOKUP($B18,#REF!,3,0) -> #REF! | E18: =VLOOKUP($B18,#REF!,4,0) -> #REF! | F18: =VLOOKUP($B18,#REF!,5,0) -> #REF! | G18: =VLOOKUP($B18,#REF!,6,0) -> #REF! | H18: =VLOOKUP($B18,#REF!,7,0) -> #REF! | I18: =VLOOKUP($B18,#REF!,8,0) -> #REF! | K18: Cover | L18: 11 | M18: 11 | N18: 13
D19: =VLOOKUP($B19,#REF!,3,0) -> #REF! | E19: =VLOOKUP($B19,#REF!,4,0) -> #REF! | F19: =VLOOKUP($B19,#REF!,5,0) -> #REF! | G19: =VLOOKUP($B19,#REF!,6,0) -> #REF! | H19: =VLOOKUP($B19,#REF!,7,0) -> #REF! | I19: =VLOOKUP($B19,#REF!,8,0) -> #REF! | K19: Height | L19: 14 | M19: 12 | N19: 14
B20: 6 | C20: S → N | D20: =VLOOKUP($B20,#REF!,3,0) -> #REF! | E20: =VLOOKUP($B20,#REF!,4,0) -> #REF! | F20: =VLOOKUP($B20,#REF!,5,0) -> #REF! | G20: =VLOOKUP($B20,#REF!,6,0) -> #REF! | H20: =VLOOKUP($B20,#REF!,7,0) -> #REF! | I20: =VLOOKUP($B20,#REF!,8,0) -> #REF! | K20: Cover | L20: 14 | M20: 12 | N20: 9
D21: =VLOOKUP($B21,#REF!,3,0) -> #REF! | E21: =VLOOKUP($B21,#REF!,4,0) -> #REF! | F21: =VLOOKUP($B21,#REF!,5,0) -> #REF! | G21: =VLOOKUP($B21,#REF!,6,0) -> #REF! | H21: =VLOOKUP($B21,#REF!,7,0) -> #REF! | I21: =VLOOKUP($B21,#REF!,8,0) -> #REF! | K21: Height | L21: 15 | M21: 16 | N21: 17
B22: 7 | C22: N → S | D22: =VLOOKUP($B22,#REF!,3,0) -> #REF! | E22: =VLOOKUP($B22,#REF!,4,0) -> #REF! | F22: =VLOOKUP($B22,#REF!,5,0) -> #REF! | G22: =VLOOKUP($B22,#REF!,6,0) -> #REF! | H22: =VLOOKUP($B22,#REF!,7,0) -> #REF! | I22: =VLOOKUP($B22,#REF!,8,0) -> #REF! | K22: Cover | L22: 14 | M22: 11 | N22: 11
D23: =VLOOKUP($B23,#REF!,3,0) -> #REF! | E23: =VLOOKUP($B23,#REF!,4,0) -> #REF! | F23: =VLOOKUP($B23,#REF!,5,0) -> #REF! | G23: =VLOOKUP($B23,#REF!,6,0) -> #REF! | H23: =VLOOKUP($B23,#REF!,7,0) -> #REF! | I23: =VLOOKUP($B23,#REF!,8,0) -> #REF! | K23: Height | L23: 14 | M23: 13 | N23: 12
B24: 8 | C24: S → N | D24: =VLOOKUP($B24,#REF!,3,0) -> #REF! | E24: =VLOOKUP($B24,#REF!,4,0) -> #REF! | F24: =VLOOKUP($B24,#REF!,5,0) -> #REF! | G24: =VLOOKUP($B24,#REF!,6,0) -> #REF! | H24: =VLOOKUP($B24,#REF!,7,0) -> #REF! | I24: =VLOOKUP($B24,#REF!,8,0) -> #REF! | K24: Cover | L24: 12 | M24: 12 | N24: 10
D25: =VLOOKUP($B25,#REF!,3,0) -> #REF! | E25: =VLOOKUP($B25,#REF!,4,0) -> #REF! | F25: =VLOOKUP($B25,#REF!,5,0) -> #REF! | G25: =VLOOKUP($B25,#REF!,6,0) -> #REF! | H25: =VLOOKUP($B25,#REF!,7,0) -> #REF! | I25: =VLOOKUP($B25,#REF!,8,0) -> #REF! | K25: Height | L25: 14 | M25: 17 | N25: 14
B26: 9 | C26: N → S | D26: =VLOOKUP($B26,#REF!,3,0) -> #REF! | E26: =VLOOKUP($B26,#REF!,4,0) -> #REF! | F26: =VLOOKUP($B26,#REF!,5,0) -> #REF! | G26: =VLOOKUP($B26,#REF!,6,0) -> #REF! | H26: =VLOOKUP($B26,#REF!,7,0) -> #REF! | I26: =VLOOKUP($B26,#REF!,8,0) -> #REF! | J26: 1340 | K26: Cover | L26: 11 | M26: 12 | N26: 11
D27: =VLOOKUP($B27,#REF!,3,0) -> #REF! | E27: =VLOOKUP($B27,#REF!,4,0) -> #REF! | F27: =VLOOKUP($B27,#REF!,5,0) -> #REF! | G27: =VLOOKUP($B27,#REF!,6,0) -> #REF! | H27: =VLOOKUP($B27,#REF!,7,0) -> #REF! | I27: =VLOOKUP($B27,#REF!,8,0) -> #REF! | K27: Height | L27: 15 | M27: 14 | N27: 13
B28: 10 | C28: S → N | D28: =VLOOKUP($B28,#REF!,3,0) -> #REF! | E28: =VLOOKUP($B28,#REF!,4,0) -> #REF! | F28: =VLOOKUP($B28,#REF!,5,0) -> #REF! | G28: =VLOOKUP($B28,#REF!,6,0) -> #REF! | H28: =VLOOKUP($B28,#REF!,7,0) -> #REF! | I28: =VLOOKUP($B28,#REF!,8,0) -> #REF! | K28: Cover | L28: 11 | M28: 10 | N28: 10
D29: =VLOOKUP($B29,#REF!,3,0) -> #REF! | E29: =VLOOKUP($B29,#REF!,4,0) -> #REF! | F29: =VLOOKUP($B29,#REF!,5,0) -> #REF! | G29: =VLOOKUP($B29,#REF!,6,0) -> #REF! | H29: =VLOOKUP($B29,#REF!,7,0) -> #REF! | I29: =VLOOKUP($B29,#REF!,8,0) -> #REF! | K29: Height | L29: 15 | M29: 14 | N29: 13
B30: 11 | C30: N → S | D30: =VLOOKUP($B30,#REF!,3,0) -> #REF! | E30: =VLOOKUP($B30,#REF!,4,0) -> #REF! | F30: =VLOOKUP($B30,#REF!,5,0) -> #REF! | G30: =VLOOKUP($B30,#REF!,6,0) -> #REF! | H30: =VLOOKUP($B30,#REF!,7,0) -> #REF! | I30: =VLOOKUP($B30,#REF!,8,0) -> #REF! | K30: Cover | L30: 12 | M30: 14 | N30: 13
D31: =VLOOKUP($B31,#REF!,3,0) -> #REF! | E31: =VLOOKUP($B31,#REF!,4,0) -> #REF! | F31: =VLOOKUP($B31,#REF!,5,0) -> #REF! | G31: =VLOOKUP($B31,#REF!,6,0) -> #REF! | H31: =VLOOKUP($B31,#REF!,7,0) -> #REF! | I31: =VLOOKUP($B31,#REF!,8,0) -> #REF! | K31: Height | L31: 16 | M31: 17 | N31: 14
B32: 12 | C32: S → N | D32: =VLOOKUP($B32,#REF!,3,0) -> #REF! | E32: =VLOOKUP($B32,#REF!,4,0) -> #REF! | F32: =VLOOKUP($B32,#REF!,5,0) -> #REF! | G32: =VLOOKUP($B32,#REF!,6,0) -> #REF! | H32: =VLOOKUP($B32,#REF!,7,0) -> #REF! | I32: =VLOOKUP($B32,#REF!,8,0) -> #REF! | K32: Cover | L32: 13 | M32: 11 | N32: 12
D33: =VLOOKUP($B33,#REF!,3,0) -> #REF! | E33: =VLOOKUP($B33,#REF!,4,0) -> #REF! | F33: =VLOOKUP($B33,#REF!,5,0) -> #REF! | G33: =VLOOKUP($B33,#REF!,6,0) -> #REF! | H33: =VLOOKUP($B33,#REF!,7,0) -> #REF! | I33: =VLOOKUP($B33,#REF!,8,0) -> #REF! | K33: Height | L33: 15 | M33: 14 | N33: 12
B34: 13 | C34: N → S | D34: =VLOOKUP($B34,#REF!,3,0) -> #REF! | E34: =VLOOKUP($B34,#REF!,4,0) -> #REF! | F34: =VLOOKUP($B34,#REF!,5,0) -> #REF! | G34: =VLOOKUP($B34,#REF!,6,0) -> #REF! | H34: =VLOOKUP($B34,#REF!,7,0) -> #REF! | I34: =VLOOKUP($B34,#REF!,8,0) -> #REF! | K34: Cover | L34: 11 | M34: 10 | N34: 10
D35: =VLOOKUP($B35,#REF!,3,0) -> #REF! | E35: =VLOOKUP($B35,#REF!,4,0) -> #REF! | F35: =VLOOKUP($B35,#REF!,5,0) -> #REF! | G35: =VLOOKUP($B35,#REF!,6,0) -> #REF! | H35: =VLOOKUP($B35,#REF!,7,0) -> #REF! | I35: =VLOOKUP($B35,#REF!,8,0) -> #REF! | K35: Height | L35: 13 | M35: 16 | N35: 14
B36: 14 | C36: S → N | D36: =VLOOKUP($B36,#REF!,3,0) -> #REF! | E36: =VLOOKUP($B36,#REF!,4,0) -> #REF! | F36: =VLOOKUP($B36,#REF!,5,0) -> #REF! | G36: =VLOOKUP($B36,#REF!,6,0) -> #REF! | H36: =VLOOKUP($B36,#REF!,7,0) -> #REF! | I36: =VLOOKUP($B36,#REF!,8,0) -> #REF! | K36: Cover | L36: 8 | M36: 9 | N36: 12
D37: =VLOOKUP($B37,#REF!,3,0) -> #REF! | E37: =VLOOKUP($B37,#REF!,4,0) -> #REF! | F37: =VLOOKUP($B37,#REF!,5,0) -> #REF! | G37: =VLOOKUP($B37,#REF!,6,0) -> #REF! | H37: =VLOOKUP($B37,#REF!,7,0) -> #REF! | I37: =VLOOKUP($B37,#REF!,8,0) -> #REF! | K37: Height | L37: 15 | M37: 12 | N37: 14
B38: 15 | C38: N → S | D38: =VLOOKUP($B38,#REF!,3,0) -> #REF! | E38: =VLOOKUP($B38,#REF!,4,0) -> #REF! | F38: =VLOOKUP($B38,#REF!,5,0) -> #REF! | G38: =VLOOKUP($B38,#REF!,6,0) -> #REF! | H38: =VLOOKUP($B38,#REF!,7,0) -> #REF! | I38: =VLOOKUP($B38,#REF!,8,0) -> #REF! | K38: Cover | L38: 12 | M38: 9 | N38: 11
D39: =VLOOKUP($B39,#REF!,3,0) -> #REF! | E39: =VLOOKUP($B39,#REF!,4,0) -> #REF! | F39: =VLOOKUP($B39,#REF!,5,0) -> #REF! | G39: =VLOOKUP($B39,#REF!,6,0) -> #REF! | H39: =VLOOKUP($B39,#REF!,7,0) -> #REF! | I39: =VLOOKUP($B39,#REF!,8,0) -> #REF! | K39: Height | L39: 16 | M39: 10 | N39: 14
B40: 16 | C40: S → N | D40: =VLOOKUP($B40,#REF!,3,0) -> #REF! | E40: =VLOOKUP($B40,#REF!,4,0) -> #REF! | F40: =VLOOKUP($B40,#REF!,5,0) -> #REF! | G40: =VLOOKUP($B40,#REF!,6,0) -> #REF! | H40: =VLOOKUP($B40,#REF!,7,0) -> #REF! | I40: =VLOOKUP($B40,#REF!,8,0) -> #REF! | K40: Cover | L40: 10 | M40: 12 | N40: 12
D41: =VLOOKUP($B41,#REF!,3,0) -> #REF! | E41: =VLOOKUP($B41,#REF!,4,0) -> #REF! | F41: =VLOOKUP($B41,#REF!,5,0) -> #REF! | G41: =VLOOKUP($B41,#REF!,6,0) -> #REF! | H41: =VLOOKUP($B41,#REF!,7,0) -> #REF! | I41: =VLOOKUP($B41,#REF!,8,0) -> #REF! | K41: Height | L41: 14 | M41: 14 | N41: 17
B42: 17 | C42: N → S | D42: =VLOOKUP($B42,#REF!,3,0) -> #REF! | E42: =VLOOKUP($B42,#REF!,4,0) -> #REF! | F42: =VLOOKUP($B42,#REF!,5,0) -> #REF! | G42: =VLOOKUP($B42,#REF!,6,0) -> #REF! | H42: =VLOOKUP($B42,#REF!,7,0) -> #REF! | I42: =VLOOKUP($B42,#REF!,8,0) -> #REF! | J42: 1400 | K42: Cover | L42: 9 | M42: 10 | N42: 12
K43: Height | L43: 12 | M43: 13 | N43: 14

Sheet doy146
A1: FISE2011 -Cotton Plant Cover and Heights
M2: Date: | N2: 40689
A3: Comments: | C3: Mostly clear. Light-moderate wind but OK for measuring | M3: DOY: | N3: 146
C4: plants - they're not moving too much. | M4: By: | N4: SMM
B7: Plot | D7: Trt. | E7: Irrig. | F7: Pop. | G7: N | H7: Block | I7: Exotech Code | J7: Time | K7: Meas. (in cm) | L7: Point A | M7: Point B | N7: Point C | O7: Comments
L8: In row # 6 of each border - 2 rows west of neutron tubes.
B9: Plot | C9: Acron | D9: Trt | E9: Irr | F9: Pop | G9: Nit | H9: Block | I9: ExotechCode | J9: Time | K9: Meas | L9: 3.25 | M9: 7.25 | N9: 8.25
B10: 1 | C10: N → S | D10: =VLOOKUP($B10,#REF!,3,0) -> #REF! | E10: =VLOOKUP($B10,#REF!,4,0) -> #REF! | F10: =VLOOKUP($B10,#REF!,5,0) -> #REF! | G10: =VLOOKUP($B10,#REF!,6,0) -> #REF! | H10: =VLOOKUP($B10,#REF!,7,0) -> #REF! | I10: =VLOOKUP($B10,#REF!,8,0) -> #REF! | J10: 1330 | K10: Cover | L10: 20 | M10: 19 | N10: 20
D11: =VLOOKUP($B11,#REF!,3,0) -> #REF! | E11: =VLOOKUP($B11,#REF!,4,0) -> #REF! | F11: =VLOOKUP($B11,#REF!,5,0) -> #REF! | G11: =VLOOKUP($B11,#REF!,6,0) -> #REF! | H11: =VLOOKUP($B11,#REF!,7,0) -> #REF! | I11: =VLOOKUP($B11,#REF!,8,0) -> #REF! | K11: Height | L11: 19 | M11: 21 | N11: 21
B12: 2 | C12: S → N | D12: =VLOOKUP($B12,#REF!,3,0) -> #REF! | E12: =VLOOKUP($B12,#REF!,4,0) -> #REF! | F12: =VLOOKUP($B12,#REF!,5,0) -> #REF! | G12: =VLOOKUP($B12,#REF!,6,0) -> #REF! | H12: =VLOOKUP($B12,#REF!,7,0) -> #REF! | I12: =VLOOKUP($B12,#REF!,8,0) -> #REF! | K12: Cover | L12: 17 | M12: 20 | N12: 18
D13: =VLOOKUP($B13,#REF!,3,0) -> #REF! | E13: =VLOOKUP($B13,#REF!,4,0) -> #REF! | F13: =VLOOKUP($B13,#REF!,5,0) -> #REF! | G13: =VLOOKUP($B13,#REF!,6,0) -> #REF! | H13: =VLOOKUP($B13,#REF!,7,0) -> #REF! | I13: =VLOOKUP($B13,#REF!,8,0) -> #REF! | K13: Height | L13: 20 | M13: 26 | N13: 21
B14: 3 | C14: N → S | D14: =VLOOKUP($B14,#REF!,3,0) -> #REF! | E14: =VLOOKUP($B14,#REF!,4,0) -> #REF! | F14: =VLOOKUP($B14,#REF!,5,0) -> #REF! | G14: =VLOOKUP($B14,#REF!,6,0) -> #REF! | H14: =VLOOKUP($B14,#REF!,7,0) -> #REF! | I14: =VLOOKUP($B14,#REF!,8,0) -> #REF! | K14: Cover | L14: 17 | M14: 16 | N14: 24
D15: =VLOOKUP($B15,#REF!,3,0) -> #REF! | E15: =VLOOKUP($B15,#REF!,4,0) -> #REF! | F15: =VLOOKUP($B15,#REF!,5,0) -> #REF! | G15: =VLOOKUP($B15,#REF!,6,0) -> #REF! | H15: =VLOOKUP($B15,#REF!,7,0) -> #REF! | I15: =VLOOKUP($B15,#REF!,8,0) -> #REF! | K15: Height | L15: 21 | M15: 20 | N15: 23
B16: 4 | C16: S → N | D16: =VLOOKUP($B16,#REF!,3,0) -> #REF! | E16: =VLOOKUP($B16,#REF!,4,0) -> #REF! | F16: =VLOOKUP($B16,#REF!,5,0) -> #REF! | G16: =VLOOKUP($B16,#REF!,6,0) -> #REF! | H16: =VLOOKUP($B16,#REF!,7,0) -> #REF! | I16: =VLOOKUP($B16,#REF!,8,0) -> #REF! | K16: Cover | L16: 16 | M16: 20 | N16: 19
D17: =VLOOKUP($B17,#REF!,3,0) -> #REF! | E17: =VLOOKUP($B17,#REF!,4,0) -> #REF! | F17: =VLOOKUP($B17,#REF!,5,0) -> #REF! | G17: =VLOOKUP($B17,#REF!,6,0) -> #REF! | H17: =VLOOKUP($B17,#REF!,7,0) -> #REF! | I17: =VLOOKUP($B17,#REF!,8,0) -> #REF! | K17: Height | L17: 21 | M17: 24 | N17: 22
B18: 5 | C18: N → S | D18: =VLOOKUP($B18,#REF!,3,0) -> #REF! | E18: =VLOOKUP($B18,#REF!,4,0) -> #REF! | F18: =VLOOKUP($B18,#REF!,5,0) -> #REF! | G18: =VLOOKUP($B18,#REF!,6,0) -> #REF! | H18: =VLOOKUP($B18,#REF!,7,0) -> #REF! | I18: =VLOOKUP($B18,#REF!,8,0) -> #REF! | K18: Cover | L18: 22 | M18: 15 | N18: 18
D19: =VLOOKUP($B19,#REF!,3,0) -> #REF! | E19: =VLOOKUP($B19,#REF!,4,0) -> #REF! | F19: =VLOOKUP($B19,#REF!,5,0) -> #REF! | G19: =VLOOKUP($B19,#REF!,6,0) -> #REF! | H19: =VLOOKUP($B19,#REF!,7,0) -> #REF! | I19: =VLOOKUP($B19,#REF!,8,0) -> #REF! | K19: Height | L19: 23 | M19: 19 | N19: 21
B20: 6 | C20: S → N | D20: =VLOOKUP($B20,#REF!,3,0) -> #REF! | E20: =VLOOKUP($B20,#REF!,4,0) -> #REF! | F20: =VLOOKUP($B20,#REF!,5,0) -> #REF! | G20: =VLOOKUP($B20,#REF!,6,0) -> #REF! | H20: =VLOOKUP($B20,#REF!,7,0) -> #REF! | I20: =VLOOKUP($B20,#REF!,8,0) -> #REF! | K20: Cover | L20: 22 | M20: 18 | N20: 20
D21: =VLOOKUP($B21,#REF!,3,0) -> #REF! | E21: =VLOOKUP($B21,#REF!,4,0) -> #REF! | F21: =VLOOKUP($B21,#REF!,5,0) -> #REF! | G21: =VLOOKUP($B21,#REF!,6,0) -> #REF! | H21: =VLOOKUP($B21,#REF!,7,0) -> #REF! | I21: =VLOOKUP($B21,#REF!,8,0) -> #REF! | K21: Height | L21: 20 | M21: 22 | N21: 23
B22: 7 | C22: N → S | D22: =VLOOKUP($B22,#REF!,3,0) -> #REF! | E22: =VLOOKUP($B22,#REF!,4,0) -> #REF! | F22: =VLOOKUP($B22,#REF!,5,0) -> #REF! | G22: =VLOOKUP($B22,#REF!,6,0) -> #REF! | H22: =VLOOKUP($B22,#REF!,7,0) -> #REF! | I22: =VLOOKUP($B22,#REF!,8,0) -> #REF! | K22: Cover | L22: 15 | M22: 18 | N22: 15
D23: =VLOOKUP($B23,#REF!,3,0) -> #REF! | E23: =VLOOKUP($B23,#REF!,4,0) -> #REF! | F23: =VLOOKUP($B23,#REF!,5,0) -> #REF! | G23: =VLOOKUP($B23,#REF!,6,0) -> #REF! | H23: =VLOOKUP($B23,#REF!,7,0) -> #REF! | I23: =VLOOKUP($B23,#REF!,8,0) -> #REF! | K23: Height | L23: 19 | M23: 20 | N23: 20
B24: 8 | C24: S → N | D24: =VLOOKUP($B24,#REF!,3,0) -> #REF! | E24: =VLOOKUP($B24,#REF!,4,0) -> #REF! | F24: =VLOOKUP($B24,#REF!,5,0) -> #REF! | G24: =VLOOKUP($B24,#REF!,6,0) -> #REF! | H24: =VLOOKUP($B24,#REF!,7,0) -> #REF! | I24: =VLOOKUP($B24,#REF!,8,0) -> #REF! | K24: Cover | L24: 17 | M24: 18 | N24: 18
D25: =VLOOKUP($B25,#REF!,3,0) -> #REF! | E25: =VLOOKUP($B25,#REF!,4,0) -> #REF! | F25: =VLOOKUP($B25,#REF!,5,0) -> #REF! | G25: =VLOOKUP($B25,#REF!,6,0) -> #REF! | H25: =VLOOKUP($B25,#REF!,7,0) -> #REF! | I25: =VLOOKUP($B25,#REF!,8,0) -> #REF! | K25: Height | L25: 21 | M25: 22 | N25: 21
B26: 9 | C26: N → S | D26: =VLOOKUP($B26,#REF!,3,0) -> #REF! | E26: =VLOOKUP($B26,#REF!,4,0) -> #REF! | F26: =VLOOKUP($B26,#REF!,5,0) -> #REF! | G26: =VLOOKUP($B26,#REF!,6,0) -> #REF! | H26: =VLOOKUP($B26,#REF!,7,0) -> #REF! | I26: =VLOOKUP($B26,#REF!,8,0) -> #REF! | K26: Cover | L26: 21 | M26: 18 | N26: 17
D27: =VLOOKUP($B27,#REF!,3,0) -> #REF! | E27: =VLOOKUP($B27,#REF!,4,0) -> #REF! | F27: =VLOOKUP($B27,#REF!,5,0) -> #REF! | G27: =VLOOKUP($B27,#REF!,6,0) -> #REF! | H27: =VLOOKUP($B27,#REF!,7,0) -> #REF! | I27: =VLOOKUP($B27,#REF!,8,0) -> #REF! | K27: Height | L27: 21 | M27: 20 | N27: 18
B28: 10 | C28: S → N | D28: =VLOOKUP($B28,#REF!,3,0) -> #REF! | E28: =VLOOKUP($B28,#REF!,4,0) -> #REF! | F28: =VLOOKUP($B28,#REF!,5,0) -> #REF! | G28: =VLOOKUP($B28,#REF!,6,0) -> #REF! | H28: =VLOOKUP($B28,#REF!,7,0) -> #REF! | I28: =VLOOKUP($B28,#REF!,8,0) -> #REF! | K28: Cover | L28: 23 | M28: 16 | N28: 20
D29: =VLOOKUP($B29,#REF!,3,0) -> #REF! | E29: =VLOOKUP($B29,#REF!,4,0) -> #REF! | F29: =VLOOKUP($B29,#REF!,5,0) -> #REF! | G29: =VLOOKUP($B29,#REF!,6,0) -> #REF! | H29: =VLOOKUP($B29,#REF!,7,0) -> #REF! | I29: =VLOOKUP($B29,#REF!,8,0) -> #REF! | K29: Height | L29: 25 | M29: 19 | N29: 22
B30: 11 | C30: N → S | D30: =VLOOKUP($B30,#REF!,3,0) -> #REF! | E30: =VLOOKUP($B30,#REF!,4,0) -> #REF! | F30: =VLOOKUP($B30,#REF!,5,0) -> #REF! | G30: =VLOOKUP($B30,#REF!,6,0) -> #REF! | H30: =VLOOKUP($B30,#REF!,7,0) -> #REF! | I30: =VLOOKUP($B30,#REF!,8,0) -> #REF! | K30: Cover | L30: 15 | M30: 17 | N30: 19
D31: =VLOOKUP($B31,#REF!,3,0) -> #REF! | E31: =VLOOKUP($B31,#REF!,4,0) -> #REF! | F31: =VLOOKUP($B31,#REF!,5,0) -> #REF! | G31: =VLOOKUP($B31,#REF!,6,0) -> #REF! | H31: =VLOOKUP($B31,#REF!,7,0) -> #REF! | I31: =VLOOKUP($B31,#REF!,8,0) -> #REF! | K31: Height | L31: 19 | M31: 21 | N31: 22
B32: 12 | C32: S → N | D32: =VLOOKUP($B32,#REF!,3,0) -> #REF! | E32: =VLOOKUP($B32,#REF!,4,0) -> #REF! | F32: =VLOOKUP($B32,#REF!,5,0) -> #REF! | G32: =VLOOKUP($B32,#REF!,6,0) -> #REF! | H32: =VLOOKUP($B32,#REF!,7,0) -> #REF! | I32: =VLOOKUP($B32,#REF!,8,0) -> #REF! | K32: Cover | L32: 21 | M32: 19 | N32: 16
D33: =VLOOKUP($B33,#REF!,3,0) -> #REF! | E33: =VLOOKUP($B33,#REF!,4,0) -> #REF! | F33: =VLOOKUP($B33,#REF!,5,0) -> #REF! | G33: =VLOOKUP($B33,#REF!,6,0) -> #REF! | H33: =VLOOKUP($B33,#REF!,7,0) -> #REF! | I33: =VLOOKUP($B33,#REF!,8,0) -> #REF! | K33: Height | L33: 21 | M33: 22 | N33: 21
B34: 13 | C34: N → S | D34: =VLOOKUP($B34,#REF!,3,0) -> #REF! | E34: =VLOOKUP($B34,#REF!,4,0) -> #REF! | F34: =VLOOKUP($B34,#REF!,5,0) -> #REF! | G34: =VLOOKUP($B34,#REF!,6,0) -> #REF! | H34: =VLOOKUP($B34,#REF!,7,0) -> #REF! | I34: =VLOOKUP($B34,#REF!,8,0) -> #REF! | K34: Cover | L34: 17 | M34: 16 | N34: 18
D35: =VLOOKUP($B35,#REF!,3,0) -> #REF! | E35: =VLOOKUP($B35,#REF!,4,0) -> #REF! | F35: =VLOOKUP($B35,#REF!,5,0) -> #REF! | G35: =VLOOKUP($B35,#REF!,6,0) -> #REF! | H35: =VLOOKUP($B35,#REF!,7,0) -> #REF! | I35: =VLOOKUP($B35,#REF!,8,0) -> #REF! | K35: Height | L35: 21 | M35: 20 | N35: 21
B36: 14 | C36: S → N | D36: =VLOOKUP($B36,#REF!,3,0) -> #REF! | E36: =VLOOKUP($B36,#REF!,4,0) -> #REF! | F36: =VLOOKUP($B36,#REF!,5,0) -> #REF! | G36: =VLOOKUP($B36,#REF!,6,0) -> #REF! | H36: =VLOOKUP($B36,#REF!,7,0) -> #REF! | I36: =VLOOKUP($B36,#REF!,8,0) -> #REF! | K36: Cover | L36: 21 | M36: 19 | N36: 18
D37: =VLOOKUP($B37,#REF!,3,0) -> #REF! | E37: =VLOOKUP($B37,#REF!,4,0) -> #REF! | F37: =VLOOKUP($B37,#REF!,5,0) -> #REF! | G37: =VLOOKUP($B37,#REF!,6,0) -> #REF! | H37: =VLOOKUP($B37,#REF!,7,0) -> #REF! | I37: =VLOOKUP($B37,#REF!,8,0) -> #REF! | K37: Height | L37: 22 | M37: 21 | N37: 22
B38: 15 | C38: N → S | D38: =VLOOKUP($B38,#REF!,3,0) -> #REF! | E38: =VLOOKUP($B38,#REF!,4,0) -> #REF! | F38: =VLOOKUP($B38,#REF!,5,0) -> #REF! | G38: =VLOOKUP($B38,#REF!,6,0) -> #REF! | H38: =VLOOKUP($B38,#REF!,7,0) -> #REF! | I38: =VLOOKUP($B38,#REF!,8,0) -> #REF! | K38: Cover | L38: 22 | M38: 19 | N38: 18
D39: =VLOOKUP($B39,#REF!,3,0) -> #REF! | E39: =VLOOKUP($B39,#REF!,4,0) -> #REF! | F39: =VLOOKUP($B39,#REF!,5,0) -> #REF! | G39: =VLOOKUP($B39,#REF!,6,0) -> #REF! | H39: =VLOOKUP($B39,#REF!,7,0) -> #REF! | I39: =VLOOKUP($B39,#REF!,8,0) -> #REF! | K39: Height | L39: 22 | M39: 21 | N39: 22
B40: 16 | C40: S → N | D40: =VLOOKUP($B40,#REF!,3,0) -> #REF! | E40: =VLOOKUP($B40,#REF!,4,0) -> #REF! | F40: =VLOOKUP($B40,#REF!,5,0) -> #REF! | G40: =VLOOKUP($B40,#REF!,6,0) -> #REF! | H40: =VLOOKUP($B40,#REF!,7,0) -> #REF! | I40: =VLOOKUP($B40,#REF!,8,0) -> #REF! | K40: Cover | L40: 23 | M40: 16 | N40: 19
D41: =VLOOKUP($B41,#REF!,3,0) -> #REF! | E41: =VLOOKUP($B41,#REF!,4,0) -> #REF! | F41: =VLOOKUP($B41,#REF!,5,0) -> #REF! | G41: =VLOOKUP($B41,#REF!,6,0) -> #REF! | H41: =VLOOKUP($B41,#REF!,7,0) -> #REF! | I41: =VLOOKUP($B41,#REF!,8,0) -> #REF! | K41: Height | L41: 24 | M41: 22 | N41: 26
B42: 17 | C42: N → S | D42: =VLOOKUP($B42,#REF!,3,0) -> #REF! | E42: =VLOOKUP($B42,#REF!,4,0) -> #REF! | F42: =VLOOKUP($B42,#REF!,5,0) -> #REF! | G42: =VLOOKUP($B42,#REF!,6,0) -> #REF! | H42: =VLOOKUP($B42,#REF!,7,0) -> #REF! | I42: =VLOOKUP($B42,#REF!,8,0) -> #REF! | J42: 1425 end | K42: Cover | L42: 20 | M42: 16 | N42: 18
K43: Height | L43: 19 | M43: 21 | N43: 23

Sheet doy153
A1: FISE2011 -Cotton Plant Cover and Heights
M2: Date: | N2: 40696
A3: Comments: | C3: Mostly clear. Light wind from W with a few gusts | M3: DOY: | N3: 153
B4: (but not enough to make measurements hard). Irrigation today. | M4: By: | N4: SMM
B7: Plot | D7: Trt. | E7: Irrig. | F7: Pop. | G7: N | H7: Block | I7: Exotech Code | J7: Time | K7: Meas. (in cm) | L7: Point A | M7: Point B | N7: Point C | O7: Comments
L8: In row # 6 of each border - 2 rows west of neutron tubes.
B9: Plot | C9: Acron | D9: Trt | E9: Irr | F9: Pop | G9: Nit | H9: Block | I9: ExotechCode | J9: Time | K9: Meas | L9: 3.25 | M9: 7.25 | N9: 8.25
B10: 1 | C10: N → S | D10: =VLOOKUP($B10,#REF!,3,0) -> #REF! | E10: =VLOOKUP($B10,#REF!,4,0) -> #REF! | F10: =VLOOKUP($B10,#REF!,5,0) -> #REF! | G10: =VLOOKUP($B10,#REF!,6,0) -> #REF! | H10: =VLOOKUP($B10,#REF!,7,0) -> #REF! | I10: =VLOOKUP($B10,#REF!,8,0) -> #REF! | J10: 1210 | K10: Cover | L10: 27 | M10: 23 | N10: 26
D11: =VLOOKUP($B11,#REF!,3,0) -> #REF! | E11: =VLOOKUP($B11,#REF!,4,0) -> #REF! | F11: =VLOOKUP($B11,#REF!,5,0) -> #REF! | G11: =VLOOKUP($B11,#REF!,6,0) -> #REF! | H11: =VLOOKUP($B11,#REF!,7,0) -> #REF! | I11: =VLOOKUP($B11,#REF!,8,0) -> #REF! | K11: Height | L11: 30 | M11: 24 | N11: 26
B12: 2 | C12: S → N | D12: =VLOOKUP($B12,#REF!,3,0) -> #REF! | E12: =VLOOKUP($B12,#REF!,4,0) -> #REF! | F12: =VLOOKUP($B12,#REF!,5,0) -> #REF! | G12: =VLOOKUP($B12,#REF!,6,0) -> #REF! | H12: =VLOOKUP($B12,#REF!,7,0) -> #REF! | I12: =VLOOKUP($B12,#REF!,8,0) -> #REF! | K12: Cover | L12: 24 | M12: 26 | N12: 31
D13: =VLOOKUP($B13,#REF!,3,0) -> #REF! | E13: =VLOOKUP($B13,#REF!,4,0) -> #REF! | F13: =VLOOKUP($B13,#REF!,5,0) -> #REF! | G13: =VLOOKUP($B13,#REF!,6,0) -> #REF! | H13: =VLOOKUP($B13,#REF!,7,0) -> #REF! | I13: =VLOOKUP($B13,#REF!,8,0) -> #REF! | K13: Height | L13: 26 | M13: 30 | N13: 31
B14: 3 | C14: N → S | D14: =VLOOKUP($B14,#REF!,3,0) -> #REF! | E14: =VLOOKUP($B14,#REF!,4,0) -> #REF! | F14: =VLOOKUP($B14,#REF!,5,0) -> #REF! | G14: =VLOOKUP($B14,#REF!,6,0) -> #REF! | H14: =VLOOKUP($B14,#REF!,7,0) -> #REF! | I14: =VLOOKUP($B14,#REF!,8,0) -> #REF! | K14: Cover | L14: 23 | M14: 26 | N14: 25
D15: =VLOOKUP($B15,#REF!,3,0) -> #REF! | E15: =VLOOKUP($B15,#REF!,4,0) -> #REF! | F15: =VLOOKUP($B15,#REF!,5,0) -> #REF! | G15: =VLOOKUP($B15,#REF!,6,0) -> #REF! | H15: =VLOOKUP($B15,#REF!,7,0) -> #REF! | I15: =VLOOKUP($B15,#REF!,8,0) -> #REF! | K15: Height | L15: 28 | M15: 27 | N15: 23
B16: 4 | C16: S → N | D16: =VLOOKUP($B16,#REF!,3,0) -> #REF! | E16: =VLOOKUP($B16,#REF!,4,0) -> #REF! | F16: =VLOOKUP($B16,#REF!,5,0) -> #REF! | G16: =VLOOKUP($B16,#REF!,6,0) -> #REF! | H16: =VLOOKUP($B16,#REF!,7,0) -> #REF! | I16: =VLOOKUP($B16,#REF!,8,0) -> #REF! | K16: Cover | L16: 25 | M16: 30 | N16: 28
D17: =VLOOKUP($B17,#REF!,3,0) -> #REF! | E17: =VLOOKUP($B17,#REF!,4,0) -> #REF! | F17: =VLOOKUP($B17,#REF!,5,0) -> #REF! | G17: =VLOOKUP($B17,#REF!,6,0) -> #REF! | H17: =VLOOKUP($B17,#REF!,7,0) -> #REF! | I17: =VLOOKUP($B17,#REF!,8,0) -> #REF! | K17: Height | L17: 28 | M17: 32 | N17: 31
B18: 5 | C18: N → S | D18: =VLOOKUP($B18,#REF!,3,0) -> #REF! | E18: =VLOOKUP($B18,#REF!,4,0) -> #REF! | F18: =VLOOKUP($B18,#REF!,5,0) -> #REF! | G18: =VLOOKUP($B18,#REF!,6,0) -> #REF! | H18: =VLOOKUP($B18,#REF!,7,0) -> #REF! | I18: =VLOOKUP($B18,#REF!,8,0) -> #REF! | K18: Cover | L18: 27 | M18: 26 | N18: 30
D19: =VLOOKUP($B19,#REF!,3,0) -> #REF! | E19: =VLOOKUP($B19,#REF!,4,0) -> #REF! | F19: =VLOOKUP($B19,#REF!,5,0) -> #REF! | G19: =VLOOKUP($B19,#REF!,6,0) -> #REF! | H19: =VLOOKUP($B19,#REF!,7,0) -> #REF! | I19: =VLOOKUP($B19,#REF!,8,0) -> #REF! | K19: Height | L19: 31 | M19: 28 | N19: 29
B20: 6 | C20: S → N | D20: =VLOOKUP($B20,#REF!,3,0) -> #REF! | E20: =VLOOKUP($B20,#REF!,4,0) -> #REF! | F20: =VLOOKUP($B20,#REF!,5,0) -> #REF! | G20: =VLOOKUP($B20,#REF!,6,0) -> #REF! | H20: =VLOOKUP($B20,#REF!,7,0) -> #REF! | I20: =VLOOKUP($B20,#REF!,8,0) -> #REF! | K20: Cover | L20: 25 | M20: 22 | N20: 28
D21: =VLOOKUP($B21,#REF!,3,0) -> #REF! | E21: =VLOOKUP($B21,#REF!,4,0) -> #REF! | F21: =VLOOKUP($B21,#REF!,5,0) -> #REF! | G21: =VLOOKUP($B21,#REF!,6,0) -> #REF! | H21: =VLOOKUP($B21,#REF!,7,0) -> #REF! | I21: =VLOOKUP($B21,#REF!,8,0) -> #REF! | K21: Height | L21: 29 | M21: 26 | N21: 27
B22: 7 | C22: N → S | D22: =VLOOKUP($B22,#REF!,3,0) -> #REF! | E22: =VLOOKUP($B22,#REF!,4,0) -> #REF! | F22: =VLOOKUP($B22,#REF!,5,0) -> #REF! | G22: =VLOOKUP($B22,#REF!,6,0) -> #REF! | H22: =VLOOKUP($B22,#REF!,7,0) -> #REF! | I22: =VLOOKUP($B22,#REF!,8,0) -> #REF! | K22: Cover | L22: 24 | M22: 28 | N22: 23
D23: =VLOOKUP($B23,#REF!,3,0) -> #REF! | E23: =VLOOKUP($B23,#REF!,4,0) -> #REF! | F23: =VLOOKUP($B23,#REF!,5,0) -> #REF! | G23: =VLOOKUP($B23,#REF!,6,0) -> #REF! | H23: =VLOOKUP($B23,#REF!,7,0) -> #REF! | I23: =VLOOKUP($B23,#REF!,8,0) -> #REF! | K23: Height | L23: 28 | M23: 28 | N23: 25
B24: 8 | C24: S → N | D24: =VLOOKUP($B24,#REF!,3,0) -> #REF! | E24: =VLOOKUP($B24,#REF!,4,0) -> #REF! | F24: =VLOOKUP($B24,#REF!,5,0) -> #REF! | G24: =VLOOKUP($B24,#REF!,6,0) -> #REF! | H24: =VLOOKUP($B24,#REF!,7,0) -> #REF! | I24: =VLOOKUP($B24,#REF!,8,0) -> #REF! | K24: Cover | L24: 25 | M24: 27 | N24: 26
D25: =VLOOKUP($B25,#REF!,3,0) -> #REF! | E25: =VLOOKUP($B25,#REF!,4,0) -> #REF! | F25: =VLOOKUP($B25,#REF!,5,0) -> #REF! | G25: =VLOOKUP($B25,#REF!,6,0) -> #REF! | H25: =VLOOKUP($B25,#REF!,7,0) -> #REF! | I25: =VLOOKUP($B25,#REF!,8,0) -> #REF! | K25: Height | L25: 27 | M25: 29 | N25: 27
B26: 9 | C26: N → S | D26: =VLOOKUP($B26,#REF!,3,0) -> #REF! | E26: =VLOOKUP($B26,#REF!,4,0) -> #REF! | F26: =VLOOKUP($B26,#REF!,5,0) -> #REF! | G26: =VLOOKUP($B26,#REF!,6,0) -> #REF! | H26: =VLOOKUP($B26,#REF!,7,0) -> #REF! | I26: =VLOOKUP($B26,#REF!,8,0) -> #REF! | J26: 1237 | K26: Cover | L26: 24 | M26: 29 | N26: 25
D27: =VLOOKUP($B27,#REF!,3,0) -> #REF! | E27: =VLOOKUP($B27,#REF!,4,0) -> #REF! | F27: =VLOOKUP($B27,#REF!,5,0) -> #REF! | G27: =VLOOKUP($B27,#REF!,6,0) -> #REF! | H27: =VLOOKUP($B27,#REF!,7,0) -> #REF! | I27: =VLOOKUP($B27,#REF!,8,0) -> #REF! | K27: Height | L27: 26 | M27: 29 | N27: 26
B28: 10 | C28: S → N | D28: =VLOOKUP($B28,#REF!,3,0) -> #REF! | E28: =VLOOKUP($B28,#REF!,4,0) -> #REF! | F28: =VLOOKUP($B28,#REF!,5,0) -> #REF! | G28: =VLOOKUP($B28,#REF!,6,0) -> #REF! | H28: =VLOOKUP($B28,#REF!,7,0) -> #REF! | I28: =VLOOKUP($B28,#REF!,8,0) -> #REF! | K28: Cover | L28: 28 | M28: 18 | N28: 27
D29: =VLOOKUP($B29,#REF!,3,0) -> #REF! | E29: =VLOOKUP($B29,#REF!,4,0) -> #REF! | F29: =VLOOKUP($B29,#REF!,5,0) -> #REF! | G29: =VLOOKUP($B29,#REF!,6,0) -> #REF! | H29: =VLOOKUP($B29,#REF!,7,0) -> #REF! | I29: =VLOOKUP($B29,#REF!,8,0) -> #REF! | K29: Height | L29: 29 | M29: 26 | N29: 28
B30: 11 | C30: N → S | D30: =VLOOKUP($B30,#REF!,3,0) -> #REF! | E30: =VLOOKUP($B30,#REF!,4,0) -> #REF! | F30: =VLOOKUP($B30,#REF!,5,0) -> #REF! | G30: =VLOOKUP($B30,#REF!,6,0) -> #REF! | H30: =VLOOKUP($B30,#REF!,7,0) -> #REF! | I30: =VLOOKUP($B30,#REF!,8,0) -> #REF! | K30: Cover | L30: 25 | M30: 27 | N30: 28
D31: =VLOOKUP($B31,#REF!,3,0) -> #REF! | E31: =VLOOKUP($B31,#REF!,4,0) -> #REF! | F31: =VLOOKUP($B31,#REF!,5,0) -> #REF! | G31: =VLOOKUP($B31,#REF!,6,0) -> #REF! | H31: =VLOOKUP($B31,#REF!,7,0) -> #REF! | I31: =VLOOKUP($B31,#REF!,8,0) -> #REF! | K31: Height | L31: 26 | M31: 29 | N31: 28
B32: 12 | C32: S → N | D32: =VLOOKUP($B32,#REF!,3,0) -> #REF! | E32: =VLOOKUP($B32,#REF!,4,0) -> #REF! | F32: =VLOOKUP($B32,#REF!,5,0) -> #REF! | G32: =VLOOKUP($B32,#REF!,6,0) -> #REF! | H32: =VLOOKUP($B32,#REF!,7,0) -> #REF! | I32: =VLOOKUP($B32,#REF!,8,0) -> #REF! | K32: Cover | L32: 29 | M32: 24 | N32: 22
D33: =VLOOKUP($B33,#REF!,3,0) -> #REF! | E33: =VLOOKUP($B33,#REF!,4,0) -> #REF! | F33: =VLOOKUP($B33,#REF!,5,0) -> #REF! | G33: =VLOOKUP($B33,#REF!,6,0) -> #REF! | H33: =VLOOKUP($B33,#REF!,7,0) -> #REF! | I33: =VLOOKUP($B33,#REF!,8,0) -> #REF! | K33: Height | L33: 29 | M33: 28 | N33: 27
B34: 13 | C34: N → S | D34: =VLOOKUP($B34,#REF!,3,0) -> #REF! | E34: =VLOOKUP($B34,#REF!,4,0) -> #REF! | F34: =VLOOKUP($B34,#REF!,5,0) -> #REF! | G34: =VLOOKUP($B34,#REF!,6,0) -> #REF! | H34: =VLOOKUP($B34,#REF!,7,0) -> #REF! | I34: =VLOOKUP($B34,#REF!,8,0) -> #REF! | K34: Cover | L34: 23 | M34: 25 | N34: 25
D35: =VLOOKUP($B35,#REF!,3,0) -> #REF! | E35: =VLOOKUP($B35,#REF!,4,0) -> #REF! | F35: =VLOOKUP($B35,#REF!,5,0) -> #REF! | G35: =VLOOKUP($B35,#REF!,6,0) -> #REF! | H35: =VLOOKUP($B35,#REF!,7,0) -> #REF! | I35: =VLOOKUP($B35,#REF!,8,0) -> #REF! | K35: Height | L35: 24 | M35: 27 | N35: 27
B36: 14 | C36: S → N | D36: =VLOOKUP($B36,#REF!,3,0) -> #REF! | E36: =VLOOKUP($B36,#REF!,4,0) -> #REF! | F36: =VLOOKUP($B36,#REF!,5,0) -> #REF! | G36: =VLOOKUP($B36,#REF!,6,0) -> #REF! | H36: =VLOOKUP($B36,#REF!,7,0) -> #REF! | I36: =VLOOKUP($B36,#REF!,8,0) -> #REF! | K36: Cover | L36: 27 | M36: 26 | N36: 27
D37: =VLOOKUP($B37,#REF!,3,0) -> #REF! | E37: =VLOOKUP($B37,#REF!,4,0) -> #REF! | F37: =VLOOKUP($B37,#REF!,5,0) -> #REF! | G37: =VLOOKUP($B37,#REF!,6,0) -> #REF! | H37: =VLOOKUP($B37,#REF!,7,0) -> #REF! | I37: =VLOOKUP($B37,#REF!,8,0) -> #REF! | K37: Height | L37: 28 | M37: 28 | N37: 28
B38: 15 | C38: N → S | D38: =VLOOKUP($B38,#REF!,3,0) -> #REF! | E38: =VLOOKUP($B38,#REF!,4,0) -> #REF! | F38: =VLOOKUP($B38,#REF!,5,0) -> #REF! | G38: =VLOOKUP($B38,#REF!,6,0) -> #REF! | H38: =VLOOKUP($B38,#REF!,7,0) -> #REF! | I38: =VLOOKUP($B38,#REF!,8,0) -> #REF! | K38: Cover | L38: 27 | M38: 26 | N38: 23
D39: =VLOOKUP($B39,#REF!,3,0) -> #REF! | E39: =VLOOKUP($B39,#REF!,4,0) -> #REF! | F39: =VLOOKUP($B39,#REF!,5,0) -> #REF! | G39: =VLOOKUP($B39,#REF!,6,0) -> #REF! | H39: =VLOOKUP($B39,#REF!,7,0) -> #REF! | I39: =VLOOKUP($B39,#REF!,8,0) -> #REF! | K39: Height | L39: 31 | M39: 28 | N39: 29
B40: 16 | C40: S → N | D40: =VLOOKUP($B40,#REF!,3,0) -> #REF! | E40: =VLOOKUP($B40,#REF!,4,0) -> #REF! | F40: =VLOOKUP($B40,#REF!,5,0) -> #REF! | G40: =VLOOKUP($B40,#REF!,6,0) -> #REF! | H40: =VLOOKUP($B40,#REF!,7,0) -> #REF! | I40: =VLOOKUP($B40,#REF!,8,0) -> #REF! | K40: Cover | L40: 30 | M40: 24 | N40: 28
D41: =VLOOKUP($B41,#REF!,3,0) -> #REF! | E41: =VLOOKUP($B41,#REF!,4,0) -> #REF! | F41: =VLOOKUP($B41,#REF!,5,0) -> #REF! | G41: =VLOOKUP($B41,#REF!,6,0) -> #REF! | H41: =VLOOKUP($B41,#REF!,7,0) -> #REF! | I41: =VLOOKUP($B41,#REF!,8,0) -> #REF! | K41: Height | L41: 30 | M41: 28 | N41: 29
B42: 17 | C42: N → S | D42: =VLOOKUP($B42,#REF!,3,0) -> #REF! | E42: =VLOOKUP($B42,#REF!,4,0) -> #REF! | F42: =VLOOKUP($B42,#REF!,5,0) -> #REF! | G42: =VLOOKUP($B42,#REF!,6,0) -> #REF! | H42: =VLOOKUP($B42,#REF!,7,0) -> #REF! | I42: =VLOOKUP($B42,#REF!,8,0) -> #REF! | J42: 1305 | K42: Cover | L42: 26 | M42: 24 | N42: 25
K43: Height | L43: 27 | M43: 27 | N43: 28

Sheet doy159
A1: FISE2011 -Cotton Plant Cover and Heights
M2: Date: | N2: 40702
A3: Comments: | C3: Clear. Light wind from S-SW. | M3: DOY: | N3: 159
M4: By: | N4: SMM
B7: Plot | D7: Trt. | E7: Irrig. | F7: Pop. | G7: N | H7: Block | I7: Exotech Code | J7: Time | K7: Meas. (in cm) | L7: Point A | M7: Point B | N7: Point C | O7: Comments
L8: In row # 6 of each border - 2 rows west of neutron tubes.
B9: Plot | C9: Acron | D9: Trt | E9: Irr | F9: Pop | G9: Nit | H9: Block | I9: ExotechCode | J9: Time | K9: Meas | L9: 3.25 | M9: 7.25 | N9: 8.25
B10: 1 | C10: N → S | D10: =VLOOKUP($B10,#REF!,3,0) -> #REF! | E10: =VLOOKUP($B10,#REF!,4,0) -> #REF! | F10: =VLOOKUP($B10,#REF!,5,0) -> #REF! | G10: =VLOOKUP($B10,#REF!,6,0) -> #REF! | H10: =VLOOKUP($B10,#REF!,7,0) -> #REF! | I10: =VLOOKUP($B10,#REF!,8,0) -> #REF! | J10: 1235 | K10: Cover | L10: 34 | M10: 34 | N10: 32
D11: =VLOOKUP($B11,#REF!,3,0) -> #REF! | E11: =VLOOKUP($B11,#REF!,4,0) -> #REF! | F11: =VLOOKUP($B11,#REF!,5,0) -> #REF! | G11: =VLOOKUP($B11,#REF!,6,0) -> #REF! | H11: =VLOOKUP($B11,#REF!,7,0) -> #REF! | I11: =VLOOKUP($B11,#REF!,8,0) -> #REF! | K11: Height | L11: 42 | M11: 35 | N11: 38
B12: 2 | C12: S → N | D12: =VLOOKUP($B12,#REF!,3,0) -> #REF! | E12: =VLOOKUP($B12,#REF!,4,0) -> #REF! | F12: =VLOOKUP($B12,#REF!,5,0) -> #REF! | G12: =VLOOKUP($B12,#REF!,6,0) -> #REF! | H12: =VLOOKUP($B12,#REF!,7,0) -> #REF! | I12: =VLOOKUP($B12,#REF!,8,0) -> #REF! | K12: Cover | L12: 38 | M12: 36 | N12: 35
D13: =VLOOKUP($B13,#REF!,3,0) -> #REF! | E13: =VLOOKUP($B13,#REF!,4,0) -> #REF! | F13: =VLOOKUP($B13,#REF!,5,0) -> #REF! | G13: =VLOOKUP($B13,#REF!,6,0) -> #REF! | H13: =VLOOKUP($B13,#REF!,7,0) -> #REF! | I13: =VLOOKUP($B13,#REF!,8,0) -> #REF! | K13: Height | L13: 40 | M13: 43 | N13: 41
B14: 3 | C14: N → S | D14: =VLOOKUP($B14,#REF!,3,0) -> #REF! | E14: =VLOOKUP($B14,#REF!,4,0) -> #REF! | F14: =VLOOKUP($B14,#REF!,5,0) -> #REF! | G14: =VLOOKUP($B14,#REF!,6,0) -> #REF! | H14: =VLOOKUP($B14,#REF!,7,0) -> #REF! | I14: =VLOOKUP($B14,#REF!,8,0) -> #REF! | K14: Cover | L14: 38 | M14: 35 | N14: 38
D15: =VLOOKUP($B15,#REF!,3,0) -> #REF! | E15: =VLOOKUP($B15,#REF!,4,0) -> #REF! | F15: =VLOOKUP($B15,#REF!,5,0) -> #REF! | G15: =VLOOKUP($B15,#REF!,6,0) -> #REF! | H15: =VLOOKUP($B15,#REF!,7,0) -> #REF! | I15: =VLOOKUP($B15,#REF!,8,0) -> #REF! | K15: Height | L15: 39 | M15: 35 | N15: 38
B16: 4 | C16: S → N | D16: =VLOOKUP($B16,#REF!,3,0) -> #REF! | E16: =VLOOKUP($B16,#REF!,4,0) -> #REF! | F16: =VLOOKUP($B16,#REF!,5,0) -> #REF! | G16: =VLOOKUP($B16,#REF!,6,0) -> #REF! | H16: =VLOOKUP($B16,#REF!,7,0) -> #REF! | I16: =VLOOKUP($B16,#REF!,8,0) -> #REF! | K16: Cover | L16: 35 | M16: 37 | N16: 34
D17: =VLOOKUP($B17,#REF!,3,0) -> #REF! | E17: =VLOOKUP($B17,#REF!,4,0) -> #REF! | F17: =VLOOKUP($B17,#REF!,5,0) -> #REF! | G17: =VLOOKUP($B17,#REF!,6,0) -> #REF! | H17: =VLOOKUP($B17,#REF!,7,0) -> #REF! | I17: =VLOOKUP($B17,#REF!,8,0) -> #REF! | K17: Height | L17: 37 | M17: 39 | N17: 38
B18: 5 | C18: N → S | D18: =VLOOKUP($B18,#REF!,3,0) -> #REF! | E18: =VLOOKUP($B18,#REF!,4,0) -> #REF! | F18: =VLOOKUP($B18,#REF!,5,0) -> #REF! | G18: =VLOOKUP($B18,#REF!,6,0) -> #REF! | H18: =VLOOKUP($B18,#REF!,7,0) -> #REF! | I18: =VLOOKUP($B18,#REF!,8,0) -> #REF! | K18: Cover | L18: 34 | M18: 32 | N18: 34
D19: =VLOOKUP($B19,#REF!,3,0) -> #REF! | E19: =VLOOKUP($B19,#REF!,4,0) -> #REF! | F19: =VLOOKUP($B19,#REF!,5,0) -> #REF! | G19: =VLOOKUP($B19,#REF!,6,0) -> #REF! | H19: =VLOOKUP($B19,#REF!,7,0) -> #REF! | I19: =VLOOKUP($B19,#REF!,8,0) -> #REF! | K19: Height | L19: 40 | M19: 35 | N19: 36
B20: 6 | C20: S → N | D20: =VLOOKUP($B20,#REF!,3,0) -> #REF! | E20: =VLOOKUP($B20,#REF!,4,0) -> #REF! | F20: =VLOOKUP($B20,#REF!,5,0) -> #REF! | G20: =VLOOKUP($B20,#REF!,6,0) -> #REF! | H20: =VLOOKUP($B20,#REF!,7,0) -> #REF! | I20: =VLOOKUP($B20,#REF!,8,0) -> #REF! | K20: Cover | L20: 35 | M20: 36 | N20: 40
D21: =VLOOKUP($B21,#REF!,3,0) -> #REF! | E21: =VLOOKUP($B21,#REF!,4,0) -> #REF! | F21: =VLOOKUP($B21,#REF!,5,0) -> #REF! | G21: =VLOOKUP($B21,#REF!,6,0) -> #REF! | H21: =VLOOKUP($B21,#REF!,7,0) -> #REF! | I21: =VLOOKUP($B21,#REF!,8,0) -> #REF! | K21: Height | L21: 38 | M21: 28 | N21: 41
B22: 7 | C22: N → S | D22: =VLOOKUP($B22,#REF!,3,0) -> #REF! | E22: =VLOOKUP($B22,#REF!,4,0) -> #REF! | F22: =VLOOKUP($B22,#REF!,5,0) -> #REF! | G22: =VLOOKUP($B22,#REF!,6,0) -> #REF! | H22: =VLOOKUP($B22,#REF!,7,0) -> #REF! | I22: =VLOOKUP($B22,#REF!,8,0) -> #REF! | K22: Cover | L22: 33 | M22: 34 | N22: 33
D23: =VLOOKUP($B23,#REF!,3,0) -> #REF! | E23: =VLOOKUP($B23,#REF!,4,0) -> #REF! | F23: =VLOOKUP($B23,#REF!,5,0) -> #REF! | G23: =VLOOKUP($B23,#REF!,6,0) -> #REF! | H23: =VLOOKUP($B23,#REF!,7,0) -> #REF! | I23: =VLOOKUP($B23,#REF!,8,0) -> #REF! | K23: Height | L23: 38 | M23: 37 | N23: 35
B24: 8 | C24: S → N | D24: =VLOOKUP($B24,#REF!,3,0) -> #REF! | E24: =VLOOKUP($B24,#REF!,4,0) -> #REF! | F24: =VLOOKUP($B24,#REF!,5,0) -> #REF! | G24: =VLOOKUP($B24,#REF!,6,0) -> #REF! | H24: =VLOOKUP($B24,#REF!,7,0) -> #REF! | I24: =VLOOKUP($B24,#REF!,8,0) -> #REF! | K24: Cover | L24: 37 | M24: 35 | N24: 33
D25: =VLOOKUP($B25,#REF!,3,0) -> #REF! | E25: =VLOOKUP($B25,#REF!,4,0) -> #REF! | F25: =VLOOKUP($B25,#REF!,5,0) -> #REF! | G25: =VLOOKUP($B25,#REF!,6,0) -> #REF! | H25: =VLOOKUP($B25,#REF!,7,0) -> #REF! | I25: =VLOOKUP($B25,#REF!,8,0) -> #REF! | K25: Height | L25: 38 | M25: 41 | N25: 38
B26: 9 | C26: N → S | D26: =VLOOKUP($B26,#REF!,3,0) -> #REF! | E26: =VLOOKUP($B26,#REF!,4,0) -> #REF! | F26: =VLOOKUP($B26,#REF!,5,0) -> #REF! | G26: =VLOOKUP($B26,#REF!,6,0) -> #REF! | H26: =VLOOKUP($B26,#REF!,7,0) -> #REF! | I26: =VLOOKUP($B26,#REF!,8,0) -> #REF! | J26: 1302 | K26: Cover | L26: 37 | M26: 36 | N26: 34
D27: =VLOOKUP($B27,#REF!,3,0) -> #REF! | E27: =VLOOKUP($B27,#REF!,4,0) -> #REF! | F27: =VLOOKUP($B27,#REF!,5,0) -> #REF! | G27: =VLOOKUP($B27,#REF!,6,0) -> #REF! | H27: =VLOOKUP($B27,#REF!,7,0) -> #REF! | I27: =VLOOKUP($B27,#REF!,8,0) -> #REF! | K27: Height | L27: 34 | M27: 36 | N27: 37
B28: 10 | C28: S → N | D28: =VLOOKUP($B28,#REF!,3,0) -> #REF! | E28: =VLOOKUP($B28,#REF!,4,0) -> #REF! | F28: =VLOOKUP($B28,#REF!,5,0) -> #REF! | G28: =VLOOKUP($B28,#REF!,6,0) -> #REF! | H28: =VLOOKUP($B28,#REF!,7,0) -> #REF! | I28: =VLOOKUP($B28,#REF!,8,0) -> #REF! | K28: Cover | L28: 34 | M28: 34 | N28: 31
D29: =VLOOKUP($B29,#REF!,3,0) -> #REF! | E29: =VLOOKUP($B29,#REF!,4,0) -> #REF! | F29: =VLOOKUP($B29,#REF!,5,0) -> #REF! | G29: =VLOOKUP($B29,#REF!,6,0) -> #REF! | H29: =VLOOKUP($B29,#REF!,7,0) -> #REF! | I29: =VLOOKUP($B29,#REF!,8,0) -> #REF! | K29: Height | L29: 38 | M29: 36 | N29: 39
B30: 11 | C30: N → S | D30: =VLOOKUP($B30,#REF!,3,0) -> #REF! | E30: =VLOOKUP($B30,#REF!,4,0) -> #REF! | F30: =VLOOKUP($B30,#REF!,5,0) -> #REF! | G30: =VLOOKUP($B30,#REF!,6,0) -> #REF! | H30: =VLOOKUP($B30,#REF!,7,0) -> #REF! | I30: =VLOOKUP($B30,#REF!,8,0) -> #REF! | K30: Cover | L30: 33 | M30: 37 | N30: 38
D31: =VLOOKUP($B31,#REF!,3,0) -> #REF! | E31: =VLOOKUP($B31,#REF!,4,0) -> #REF! | F31: =VLOOKUP($B31,#REF!,5,0) -> #REF! | G31: =VLOOKUP($B31,#REF!,6,0) -> #REF! | H31: =VLOOKUP($B31,#REF!,7,0) -> #REF! | I31: =VLOOKUP($B31,#REF!,8,0) -> #REF! | K31: Height | L31: 37 | M31: 41 | N31: 38
B32: 12 | C32: S → N | D32: =VLOOKUP($B32,#REF!,3,0) -> #REF! | E32: =VLOOKUP($B32,#REF!,4,0) -> #REF! | F32: =VLOOKUP($B32,#REF!,5,0) -> #REF! | G32: =VLOOKUP($B32,#REF!,6,0) -> #REF! | H32: =VLOOKUP($B32,#REF!,7,0) -> #REF! | I32: =VLOOKUP($B32,#REF!,8,0) -> #REF! | K32: Cover | L32: 37 | M32: 32 | N32: 34
D33: =VLOOKUP($B33,#REF!,3,0) -> #REF! | E33: =VLOOKUP($B33,#REF!,4,0) -> #REF! | F33: =VLOOKUP($B33,#REF!,5,0) -> #REF! | G33: =VLOOKUP($B33,#REF!,6,0) -> #REF! | H33: =VLOOKUP($B33,#REF!,7,0) -> #REF! | I33: =VLOOKUP($B33,#REF!,8,0) -> #REF! | K33: Height | L33: 41 | M33: 39 | N33: 38
B34: 13 | C34: N → S | D34: =VLOOKUP($B34,#REF!,3,0) -> #REF! | E34: =VLOOKUP($B34,#REF!,4,0) -> #REF! | F34: =VLOOKUP($B34,#REF!,5,0) -> #REF! | G34: =VLOOKUP($B34,#REF!,6,0) -> #REF! | H34: =VLOOKUP($B34,#REF!,7,0) -> #REF! | I34: =VLOOKUP($B34,#REF!,8,0) -> #REF! | K34: Cover | L34: 33 | M34: 31 | N34: 31
D35: =VLOOKUP($B35,#REF!,3,0) -> #REF! | E35: =VLOOKUP($B35,#REF!,4,0) -> #REF! | F35: =VLOOKUP($B35,#REF!,5,0) -> #REF! | G35: =VLOOKUP($B35,#REF!,6,0) -> #REF! | H35: =VLOOKUP($B35,#REF!,7,0) -> #REF! | I35: =VLOOKUP($B35,#REF!,8,0) -> #REF! | K35: Height | L35: 36 | M35: 38 | N35: 34
B36: 14 | C36: S → N | D36: =VLOOKUP($B36,#REF!,3,0) -> #REF! | E36: =VLOOKUP($B36,#REF!,4,0) -> #REF! | F36: =VLOOKUP($B36,#REF!,5,0) -> #REF! | G36: =VLOOKUP($B36,#REF!,6,0) -> #REF! | H36: =VLOOKUP($B36,#REF!,7,0) -> #REF! | I36: =VLOOKUP($B36,#REF!,8,0) -> #REF! | K36: Cover | L36: 34 | M36: 36 | N36: 38
D37: =VLOOKUP($B37,#REF!,3,0) -> #REF! | E37: =VLOOKUP($B37,#REF!,4,0) -> #REF! | F37: =VLOOKUP($B37,#REF!,5,0) -> #REF! | G37: =VLOOKUP($B37,#REF!,6,0) -> #REF! | H37: =VLOOKUP($B37,#REF!,7,0) -> #REF! | I37: =VLOOKUP($B37,#REF!,8,0) -> #REF! | K37: Height | L37: 41 | M37: 40 | N37: 40
B38: 15 | C38: N → S | D38: =VLOOKUP($B38,#REF!,3,0) -> #REF! | E38: =VLOOKUP($B38,#REF!,4,0) -> #REF! | F38: =VLOOKUP($B38,#REF!,5,0) -> #REF! | G38: =VLOOKUP($B38,#REF!,6,0) -> #REF! | H38: =VLOOKUP($B38,#REF!,7,0) -> #REF! | I38: =VLOOKUP($B38,#REF!,8,0) -> #REF! | K38: Cover | L38: 34 | M38: 33 | N38: 36
D39: =VLOOKUP($B39,#REF!,3,0) -> #REF! | E39: =VLOOKUP($B39,#REF!,4,0) -> #REF! | F39: =VLOOKUP($B39,#REF!,5,0) -> #REF! | G39: =VLOOKUP($B39,#REF!,6,0) -> #REF! | H39: =VLOOKUP($B39,#REF!,7,0) -> #REF! | I39: =VLOOKUP($B39,#REF!,8,0) -> #REF! | K39: Height | L39: 44 | M39: 37 | N39: 39
B40: 16 | C40: S → N | D40: =VLOOKUP($B40,#REF!,3,0) -> #REF! | E40: =VLOOKUP($B40,#REF!,4,0) -> #REF! | F40: =VLOOKUP($B40,#REF!,5,0) -> #REF! | G40: =VLOOKUP($B40,#REF!,6,0) -> #REF! | H40: =VLOOKUP($B40,#REF!,7,0) -> #REF! | I40: =VLOOKUP($B40,#REF!,8,0) -> #REF! | K40: Cover | L40: 39 | M40: 35 | N40: 38
D41: =VLOOKUP($B41,#REF!,3,0) -> #REF! | E41: =VLOOKUP($B41,#REF!,4,0) -> #REF! | F41: =VLOOKUP($B41,#REF!,5,0) -> #REF! | G41: =VLOOKUP($B41,#REF!,6,0) -> #REF! | H41: =VLOOKUP($B41,#REF!,7,0) -> #REF! | I41: =VLOOKUP($B41,#REF!,8,0) -> #REF! | K41: Height | L41: 40 | M41: 40 | N41: 42
B42: 17 | C42: N → S | D42: =VLOOKUP($B42,#REF!,3,0) -> #REF! | E42: =VLOOKUP($B42,#REF!,4,0) -> #REF! | F42: =VLOOKUP($B42,#REF!,5,0) -> #REF! | G42: =VLOOKUP($B42,#REF!,6,0) -> #REF! | H42: =VLOOKUP($B42,#REF!,7,0) -> #REF! | I42: =VLOOKUP($B42,#REF!,8,0) -> #REF! | J42: 1332 | K42: Cover | L42: 37 | M42: 36 | N42: 37
K43: Height | L43: 38 | M43: 37 | N43: 38

Sheet doy168
A1: FISE2011 -Cotton Plant Cover and Heights
M2: Date: | N2: 40711
A3: Comments: | C3: NDAs & NDBs irrigated Tuesday. FAOs to be irrigated today. | M3: DOY: | N3: 168
B4: MACS and 17 to be irrigated next week. Plots not yet irrigated are visibly wilted. | M4: By: | N4: SMM
B7: Plot | D7: Trt. | E7: Irrig. | F7: Pop. | G7: N | H7: Block | I7: Exotech Code | J7: Time | K7: Meas. (in cm) | L7: Point A | M7: Point B | N7: Point C | O7: Comments
L8: In row # 6 of each border - 2 rows west of neutron tubes.
B9: Plot | C9: Acron | D9: Trt | E9: Irr | F9: Pop | G9: Nit | H9: Block | I9: ExotechCode | J9: Time | K9: Meas | L9: 3.25 | M9: 7.25 | N9: 8.25
B10: 1 | C10: N → S | D10: =VLOOKUP($B10,#REF!,3,0) -> #REF! | E10: =VLOOKUP($B10,#REF!,4,0) -> #REF! | F10: =VLOOKUP($B10,#REF!,5,0) -> #REF! | G10: =VLOOKUP($B10,#REF!,6,0) -> #REF! | H10: =VLOOKUP($B10,#REF!,7,0) -> #REF! | I10: =VLOOKUP($B10,#REF!,8,0) -> #REF! | J10: 1020 | K10: Cover | L10: 38 | M10: 42 | N10: 31 | O10: More wilted at the south end
D11: =VLOOKUP($B11,#REF!,3,0) -> #REF! | E11: =VLOOKUP($B11,#REF!,4,0) -> #REF! | F11: =VLOOKUP($B11,#REF!,5,0) -> #REF! | G11: =VLOOKUP($B11,#REF!,6,0) -> #REF! | H11: =VLOOKUP($B11,#REF!,7,0) -> #REF! | I11: =VLOOKUP($B11,#REF!,8,0) -> #REF! | K11: Height | L11: 57 | M11: 52 | N11: 41
B12: 2 | C12: S → N | D12: =VLOOKUP($B12,#REF!,3,0) -> #REF! | E12: =VLOOKUP($B12,#REF!,4,0) -> #REF! | F12: =VLOOKUP($B12,#REF!,5,0) -> #REF! | G12: =VLOOKUP($B12,#REF!,6,0) -> #REF! | H12: =VLOOKUP($B12,#REF!,7,0) -> #REF! | I12: =VLOOKUP($B12,#REF!,8,0) -> #REF! | K12: Cover | L12: 37 | M12: 48 | N12: 41
D13: =VLOOKUP($B13,#REF!,3,0) -> #REF! | E13: =VLOOKUP($B13,#REF!,4,0) -> #REF! | F13: =VLOOKUP($B13,#REF!,5,0) -> #REF! | G13: =VLOOKUP($B13,#REF!,6,0) -> #REF! | H13: =VLOOKUP($B13,#REF!,7,0) -> #REF! | I13: =VLOOKUP($B13,#REF!,8,0) -> #REF! | K13: Height | L13: 49 | M13: 49 | N13: 57
B14: 3 | C14: N → S | D14: =VLOOKUP($B14,#REF!,3,0) -> #REF! | E14: =VLOOKUP($B14,#REF!,4,0) -> #REF! | F14: =VLOOKUP($B14,#REF!,5,0) -> #REF! | G14: =VLOOKUP($B14,#REF!,6,0) -> #REF! | H14: =VLOOKUP($B14,#REF!,7,0) -> #REF! | I14: =VLOOKUP($B14,#REF!,8,0) -> #REF! | K14: Cover | O14: Being irrigated.
D15: =VLOOKUP($B15,#REF!,3,0) -> #REF! | E15: =VLOOKUP($B15,#REF!,4,0) -> #REF! | F15: =VLOOKUP($B15,#REF!,5,0) -> #REF! | G15: =VLOOKUP($B15,#REF!,6,0) -> #REF! | H15: =VLOOKUP($B15,#REF!,7,0) -> #REF! | I15: =VLOOKUP($B15,#REF!,8,0) -> #REF! | K15: Height
B16: 4 | C16: S → N | D16: =VLOOKUP($B16,#REF!,3,0) -> #REF! | E16: =VLOOKUP($B16,#REF!,4,0) -> #REF! | F16: =VLOOKUP($B16,#REF!,5,0) -> #REF! | G16: =VLOOKUP($B16,#REF!,6,0) -> #REF! | H16: =VLOOKUP($B16,#REF!,7,0) -> #REF! | I16: =VLOOKUP($B16,#REF!,8,0) -> #REF! | K16: Cover | L16: 51 | M16: 49 | N16: 48
D17: =VLOOKUP($B17,#REF!,3,0) -> #REF! | E17: =VLOOKUP($B17,#REF!,4,0) -> #REF! | F17: =VLOOKUP($B17,#REF!,5,0) -> #REF! | G17: =VLOOKUP($B17,#REF!,6,0) -> #REF! | H17: =VLOOKUP($B17,#REF!,7,0) -> #REF! | I17: =VLOOKUP($B17,#REF!,8,0) -> #REF! | K17: Height | L17: 59 | M17: 56 | N17: 54
B18: 5 | C18: N → S | D18: =VLOOKUP($B18,#REF!,3,0) -> #REF! | E18: =VLOOKUP($B18,#REF!,4,0) -> #REF! | F18: =VLOOKUP($B18,#REF!,5,0) -> #REF! | G18: =VLOOKUP($B18,#REF!,6,0) -> #REF! | H18: =VLOOKUP($B18,#REF!,7,0) -> #REF! | I18: =VLOOKUP($B18,#REF!,8,0) -> #REF! | K18: Cover | L18: 40 | M18: 41 | N18: 51 | O18: Not too wilted
D19: =VLOOKUP($B19,#REF!,3,0) -> #REF! | E19: =VLOOKUP($B19,#REF!,4,0) -> #REF! | F19: =VLOOKUP($B19,#REF!,5,0) -> #REF! | G19: =VLOOKUP($B19,#REF!,6,0) -> #REF! | H19: =VLOOKUP($B19,#REF!,7,0) -> #REF! | I19: =VLOOKUP($B19,#REF!,8,0) -> #REF! | K19: Height | L19: 52 | M19: 54 | N19: 55
B20: 6 | C20: S → N | D20: =VLOOKUP($B20,#REF!,3,0) -> #REF! | E20: =VLOOKUP($B20,#REF!,4,0) -> #REF! | F20: =VLOOKUP($B20,#REF!,5,0) -> #REF! | G20: =VLOOKUP($B20,#REF!,6,0) -> #REF! | H20: =VLOOKUP($B20,#REF!,7,0) -> #REF! | I20: =VLOOKUP($B20,#REF!,8,0) -> #REF! | K20: Cover | L20: 37 | M20: 49 | N20: 39
D21: =VLOOKUP($B21,#REF!,3,0) -> #REF! | E21: =VLOOKUP($B21,#REF!,4,0) -> #REF! | F21: =VLOOKUP($B21,#REF!,5,0) -> #REF! | G21: =VLOOKUP($B21,#REF!,6,0) -> #REF! | H21: =VLOOKUP($B21,#REF!,7,0) -> #REF! | I21: =VLOOKUP($B21,#REF!,8,0) -> #REF! | K21: Height | L21: 54 | M21: 51 | N21: 47
B22: 7 | C22: N → S | D22: =VLOOKUP($B22,#REF!,3,0) -> #REF! | E22: =VLOOKUP($B22,#REF!,4,0) -> #REF! | F22: =VLOOKUP($B22,#REF!,5,0) -> #REF! | G22: =VLOOKUP($B22,#REF!,6,0) -> #REF! | H22: =VLOOKUP($B22,#REF!,7,0) -> #REF! | I22: =VLOOKUP($B22,#REF!,8,0) -> #REF! | K22: Cover | L22: 45 | M22: 50 | N22: 45
D23: =VLOOKUP($B23,#REF!,3,0) -> #REF! | E23: =VLOOKUP($B23,#REF!,4,0) -> #REF! | F23: =VLOOKUP($B23,#REF!,5,0) -> #REF! | G23: =VLOOKUP($B23,#REF!,6,0) -> #REF! | H23: =VLOOKUP($B23,#REF!,7,0) -> #REF! | I23: =VLOOKUP($B23,#REF!,8,0) -> #REF! | K23: Height | L23: 61 | M23: 57 | N23: 51
B24: 8 | C24: S → N | D24: =VLOOKUP($B24,#REF!,3,0) -> #REF! | E24: =VLOOKUP($B24,#REF!,4,0) -> #REF! | F24: =VLOOKUP($B24,#REF!,5,0) -> #REF! | G24: =VLOOKUP($B24,#REF!,6,0) -> #REF! | H24: =VLOOKUP($B24,#REF!,7,0) -> #REF! | I24: =VLOOKUP($B24,#REF!,8,0) -> #REF! | K24: Cover | L24: 50 | M24: 43 | N24: 53
D25: =VLOOKUP($B25,#REF!,3,0) -> #REF! | E25: =VLOOKUP($B25,#REF!,4,0) -> #REF! | F25: =VLOOKUP($B25,#REF!,5,0) -> #REF! | G25: =VLOOKUP($B25,#REF!,6,0) -> #REF! | H25: =VLOOKUP($B25,#REF!,7,0) -> #REF! | I25: =VLOOKUP($B25,#REF!,8,0) -> #REF! | K25: Height | L25: 53 | M25: 59 | N25: 55
B26: 9 | C26: N → S | D26: =VLOOKUP($B26,#REF!,3,0) -> #REF! | E26: =VLOOKUP($B26,#REF!,4,0) -> #REF! | F26: =VLOOKUP($B26,#REF!,5,0) -> #REF! | G26: =VLOOKUP($B26,#REF!,6,0) -> #REF! | H26: =VLOOKUP($B26,#REF!,7,0) -> #REF! | I26: =VLOOKUP($B26,#REF!,8,0) -> #REF! | J26: 1046 | K26: Cover | L26: 39 | M26: 39 | N26: 38
D27: =VLOOKUP($B27,#REF!,3,0) -> #REF! | E27: =VLOOKUP($B27,#REF!,4,0) -> #REF! | F27: =VLOOKUP($B27,#REF!,5,0) -> #REF! | G27: =VLOOKUP($B27,#REF!,6,0) -> #REF! | H27: =VLOOKUP($B27,#REF!,7,0) -> #REF! | I27: =VLOOKUP($B27,#REF!,8,0) -> #REF! | K27: Height | L27: 49 | M27: 47 | N27: 45
B28: 10 | C28: S → N | D28: =VLOOKUP($B28,#REF!,3,0) -> #REF! | E28: =VLOOKUP($B28,#REF!,4,0) -> #REF! | F28: =VLOOKUP($B28,#REF!,5,0) -> #REF! | G28: =VLOOKUP($B28,#REF!,6,0) -> #REF! | H28: =VLOOKUP($B28,#REF!,7,0) -> #REF! | I28: =VLOOKUP($B28,#REF!,8,0) -> #REF! | K28: Cover | L28: 46 | M28: 41 | N28: 53
D29: =VLOOKUP($B29,#REF!,3,0) -> #REF! | E29: =VLOOKUP($B29,#REF!,4,0) -> #REF! | F29: =VLOOKUP($B29,#REF!,5,0) -> #REF! | G29: =VLOOKUP($B29,#REF!,6,0) -> #REF! | H29: =VLOOKUP($B29,#REF!,7,0) -> #REF! | I29: =VLOOKUP($B29,#REF!,8,0) -> #REF! | K29: Height | L29: 51 | M29: 53 | N29: 57
B30: 11 | C30: N → S | D30: =VLOOKUP($B30,#REF!,3,0) -> #REF! | E30: =VLOOKUP($B30,#REF!,4,0) -> #REF! | F30: =VLOOKUP($B30,#REF!,5,0) -> #REF! | G30: =VLOOKUP($B30,#REF!,6,0) -> #REF! | H30: =VLOOKUP($B30,#REF!,7,0) -> #REF! | I30: =VLOOKUP($B30,#REF!,8,0) -> #REF! | K30: Cover | L30: 46 | M30: 48 | N30: 46
D31: =VLOOKUP($B31,#REF!,3,0) -> #REF! | E31: =VLOOKUP($B31,#REF!,4,0) -> #REF! | F31: =VLOOKUP($B31,#REF!,5,0) -> #REF! | G31: =VLOOKUP($B31,#REF!,6,0) -> #REF! | H31: =VLOOKUP($B31,#REF!,7,0) -> #REF! | I31: =VLOOKUP($B31,#REF!,8,0) -> #REF! | K31: Height | L31: 52 | M31: 56 | N31: 54
B32: 12 | C32: S → N | D32: =VLOOKUP($B32,#REF!,3,0) -> #REF! | E32: =VLOOKUP($B32,#REF!,4,0) -> #REF! | F32: =VLOOKUP($B32,#REF!,5,0) -> #REF! | G32: =VLOOKUP($B32,#REF!,6,0) -> #REF! | H32: =VLOOKUP($B32,#REF!,7,0) -> #REF! | I32: =VLOOKUP($B32,#REF!,8,0) -> #REF! | K32: Cover | L32: 48 | M32: 50 | N32: 47
D33: =VLOOKUP($B33,#REF!,3,0) -> #REF! | E33: =VLOOKUP($B33,#REF!,4,0) -> #REF! | F33: =VLOOKUP($B33,#REF!,5,0) -> #REF! | G33: =VLOOKUP($B33,#REF!,6,0) -> #REF! | H33: =VLOOKUP($B33,#REF!,7,0) -> #REF! | I33: =VLOOKUP($B33,#REF!,8,0) -> #REF! | K33: Height | L33: 62 | M33: 56 | N33: 57
B34: 13 | C34: N → S | D34: =VLOOKUP($B34,#REF!,3,0) -> #REF! | E34: =VLOOKUP($B34,#REF!,4,0) -> #REF! | F34: =VLOOKUP($B34,#REF!,5,0) -> #REF! | G34: =VLOOKUP($B34,#REF!,6,0) -> #REF! | H34: =VLOOKUP($B34,#REF!,7,0) -> #REF! | I34: =VLOOKUP($B34,#REF!,8,0) -> #REF! | K34: Cover | L34: 35 | M34: 36 | N34: 30 | O34: Irrigation just starting
D35: =VLOOKUP($B35,#REF!,3,0) -> #REF! | E35: =VLOOKUP($B35,#REF!,4,0) -> #REF! | F35: =VLOOKUP($B35,#REF!,5,0) -> #REF! | G35: =VLOOKUP($B35,#REF!,6,0) -> #REF! | H35: =VLOOKUP($B35,#REF!,7,0) -> #REF! | I35: =VLOOKUP($B35,#REF!,8,0) -> #REF! | K35: Height | L35: 47 | M35: 51 | N35: 47
B36: 14 | C36: S → N | D36: =VLOOKUP($B36,#REF!,3,0) -> #REF! | E36: =VLOOKUP($B36,#REF!,4,0) -> #REF! | F36: =VLOOKUP($B36,#REF!,5,0) -> #REF! | G36: =VLOOKUP($B36,#REF!,6,0) -> #REF! | H36: =VLOOKUP($B36,#REF!,7,0) -> #REF! | I36: =VLOOKUP($B36,#REF!,8,0) -> #REF! | K36: Cover | L36: 45 | M36: 42 | N36: 40
D37: =VLOOKUP($B37,#REF!,3,0) -> #REF! | E37: =VLOOKUP($B37,#REF!,4,0) -> #REF! | F37: =VLOOKUP($B37,#REF!,5,0) -> #REF! | G37: =VLOOKUP($B37,#REF!,6,0) -> #REF! | H37: =VLOOKUP($B37,#REF!,7,0) -> #REF! | I37: =VLOOKUP($B37,#REF!,8,0) -> #REF! | K37: Height | L37: 54 | M37: 56 | N37: 54
B38: 15 | C38: N → S | D38: =VLOOKUP($B38,#REF!,3,0) -> #REF! | E38: =VLOOKUP($B38,#REF!,4,0) -> #REF! | F38: =VLOOKUP($B38,#REF!,5,0) -> #REF! | G38: =VLOOKUP($B38,#REF!,6,0) -> #REF! | H38: =VLOOKUP($B38,#REF!,7,0) -> #REF! | I38: =VLOOKUP($B38,#REF!,8,0) -> #REF! | K38: Cover | L38: 43 | M38: 35 | N38: 39
D39: =VLOOKUP($B39,#REF!,3,0) -> #REF! | E39: =VLOOKUP($B39,#REF!,4,0) -> #REF! | F39: =VLOOKUP($B39,#REF!,5,0) -> #REF! | G39: =VLOOKUP($B39,#REF!,6,0) -> #REF! | H39: =VLOOKUP($B39,#REF!,7,0) -> #REF! | I39: =VLOOKUP($B39,#REF!,8,0) -> #REF! | K39: Height | L39: 59 | M39: 51 | N39: 53
B40: 16 | C40: S → N | D40: =VLOOKUP($B40,#REF!,3,0) -> #REF! | E40: =VLOOKUP($B40,#REF!,4,0) -> #REF! | F40: =VLOOKUP($B40,#REF!,5,0) -> #REF! | G40: =VLOOKUP($B40,#REF!,6,0) -> #REF! | H40: =VLOOKUP($B40,#REF!,7,0) -> #REF! | I40: =VLOOKUP($B40,#REF!,8,0) -> #REF! | K40: Cover | L40: 46 | M40: 44 | N40: 38
D41: =VLOOKUP($B41,#REF!,3,0) -> #REF! | E41: =VLOOKUP($B41,#REF!,4,0) -> #REF! | F41: =VLOOKUP($B41,#REF!,5,0) -> #REF! | G41: =VLOOKUP($B41,#REF!,6,0) -> #REF! | H41: =VLOOKUP($B41,#REF!,7,0) -> #REF! | I41: =VLOOKUP($B41,#REF!,8,0) -> #REF! | K41: Height | L41: 53 | M41: 52 | N41: 52
B42: 17 | C42: N → S | D42: =VLOOKUP($B42,#REF!,3,0) -> #REF! | E42: =VLOOKUP($B42,#REF!,4,0) -> #REF! | F42: =VLOOKUP($B42,#REF!,5,0) -> #REF! | G42: =VLOOKUP($B42,#REF!,6,0) -> #REF! | H42: =VLOOKUP($B42,#REF!,7,0) -> #REF! | I42: =VLOOKUP($B42,#REF!,8,0) -> #REF! | J42: 1120 | K42: Cover | L42: 40 | M42: 43 | N42: 38
K43: Height | L43: 48 | M43: 44 | N43: 47

Sheet doy173
A1: FISE2011 -Cotton Plant Cover and Heights
M2: Date: | N2: 40716
A3: Comments: | C3: NDAs and NDBs a little shiny/stressed (to be irrigated | M3: DOY: | N3: 173
B4: tomorrow and Friday) | M4: By: | N4: SMM
B7: Plot | D7: Trt. | E7: Irrig. | F7: Pop. | G7: N | H7: Block | I7: Exotech Code | J7: Time | K7: Meas. (in cm) | L7: Point A | M7: Point B | N7: Point C | O7: Comments
L8: In row # 6 of each border - 2 rows west of neutron tubes.
B9: Plot | C9: Acron | D9: Trt | E9: Irr | F9: Pop | G9: Nit | H9: Block | I9: ExotechCode | J9: Time | K9: Meas | L9: 3.25 | M9: 7.25 | N9: 8.25
B10: 1 | C10: N → S | D10: =VLOOKUP($B10,#REF!,3,0) -> #REF! | E10: =VLOOKUP($B10,#REF!,4,0) -> #REF! | F10: =VLOOKUP($B10,#REF!,5,0) -> #REF! | G10: =VLOOKUP($B10,#REF!,6,0) -> #REF! | H10: =VLOOKUP($B10,#REF!,7,0) -> #REF! | I10: =VLOOKUP($B10,#REF!,8,0) -> #REF! | J10: 1440 | K10: Cover | L10: 47 | M10: 48 | N10: 44
D11: =VLOOKUP($B11,#REF!,3,0) -> #REF! | E11: =VLOOKUP($B11,#REF!,4,0) -> #REF! | F11: =VLOOKUP($B11,#REF!,5,0) -> #REF! | G11: =VLOOKUP($B11,#REF!,6,0) -> #REF! | H11: =VLOOKUP($B11,#REF!,7,0) -> #REF! | I11: =VLOOKUP($B11,#REF!,8,0) -> #REF! | K11: Height | L11: 58 | M11: 55 | N11: 48
B12: 2 | C12: S → N | D12: =VLOOKUP($B12,#REF!,3,0) -> #REF! | E12: =VLOOKUP($B12,#REF!,4,0) -> #REF! | F12: =VLOOKUP($B12,#REF!,5,0) -> #REF! | G12: =VLOOKUP($B12,#REF!,6,0) -> #REF! | H12: =VLOOKUP($B12,#REF!,7,0) -> #REF! | I12: =VLOOKUP($B12,#REF!,8,0) -> #REF! | K12: Cover | L12: 50 | M12: 56 | N12: 51
D13: =VLOOKUP($B13,#REF!,3,0) -> #REF! | E13: =VLOOKUP($B13,#REF!,4,0) -> #REF! | F13: =VLOOKUP($B13,#REF!,5,0) -> #REF! | G13: =VLOOKUP($B13,#REF!,6,0) -> #REF! | H13: =VLOOKUP($B13,#REF!,7,0) -> #REF! | I13: =VLOOKUP($B13,#REF!,8,0) -> #REF! | K13: Height | L13: 64 | M13: 64 | N13: 63
B14: 3 | C14: N → S | D14: =VLOOKUP($B14,#REF!,3,0) -> #REF! | E14: =VLOOKUP($B14,#REF!,4,0) -> #REF! | F14: =VLOOKUP($B14,#REF!,5,0) -> #REF! | G14: =VLOOKUP($B14,#REF!,6,0) -> #REF! | H14: =VLOOKUP($B14,#REF!,7,0) -> #REF! | I14: =VLOOKUP($B14,#REF!,8,0) -> #REF! | K14: Cover | L14: 53 | M14: 49 | N14: 50
D15: =VLOOKUP($B15,#REF!,3,0) -> #REF! | E15: =VLOOKUP($B15,#REF!,4,0) -> #REF! | F15: =VLOOKUP($B15,#REF!,5,0) -> #REF! | G15: =VLOOKUP($B15,#REF!,6,0) -> #REF! | H15: =VLOOKUP($B15,#REF!,7,0) -> #REF! | I15: =VLOOKUP($B15,#REF!,8,0) -> #REF! | K15: Height | L15: 62 | M15: 60 | N15: 55
B16: 4 | C16: S → N | D16: =VLOOKUP($B16,#REF!,3,0) -> #REF! | E16: =VLOOKUP($B16,#REF!,4,0) -> #REF! | F16: =VLOOKUP($B16,#REF!,5,0) -> #REF! | G16: =VLOOKUP($B16,#REF!,6,0) -> #REF! | H16: =VLOOKUP($B16,#REF!,7,0) -> #REF! | I16: =VLOOKUP($B16,#REF!,8,0) -> #REF! | K16: Cover | L16: 63 | M16: 60 | N16: 45
D17: =VLOOKUP($B17,#REF!,3,0) -> #REF! | E17: =VLOOKUP($B17,#REF!,4,0) -> #REF! | F17: =VLOOKUP($B17,#REF!,5,0) -> #REF! | G17: =VLOOKUP($B17,#REF!,6,0) -> #REF! | H17: =VLOOKUP($B17,#REF!,7,0) -> #REF! | I17: =VLOOKUP($B17,#REF!,8,0) -> #REF! | K17: Height | L17: 69 | M17: 64 | N17: 63
B18: 5 | C18: N → S | D18: =VLOOKUP($B18,#REF!,3,0) -> #REF! | E18: =VLOOKUP($B18,#REF!,4,0) -> #REF! | F18: =VLOOKUP($B18,#REF!,5,0) -> #REF! | G18: =VLOOKUP($B18,#REF!,6,0) -> #REF! | H18: =VLOOKUP($B18,#REF!,7,0) -> #REF! | I18: =VLOOKUP($B18,#REF!,8,0) -> #REF! | K18: Cover | L18: 48 | M18: 43 | N18: 46
D19: =VLOOKUP($B19,#REF!,3,0) -> #REF! | E19: =VLOOKUP($B19,#REF!,4,0) -> #REF! | F19: =VLOOKUP($B19,#REF!,5,0) -> #REF! | G19: =VLOOKUP($B19,#REF!,6,0) -> #REF! | H19: =VLOOKUP($B19,#REF!,7,0) -> #REF! | I19: =VLOOKUP($B19,#REF!,8,0) -> #REF! | K19: Height | L19: 58 | M19: 55 | N19: 58
B20: 6 | C20: S → N | D20: =VLOOKUP($B20,#REF!,3,0) -> #REF! | E20: =VLOOKUP($B20,#REF!,4,0) -> #REF! | F20: =VLOOKUP($B20,#REF!,5,0) -> #REF! | G20: =VLOOKUP($B20,#REF!,6,0) -> #REF! | H20: =VLOOKUP($B20,#REF!,7,0) -> #REF! | I20: =VLOOKUP($B20,#REF!,8,0) -> #REF! | K20: Cover | L20: 54 | M20: 49 | N20: 50
D21: =VLOOKUP($B21,#REF!,3,0) -> #REF! | E21: =VLOOKUP($B21,#REF!,4,0) -> #REF! | F21: =VLOOKUP($B21,#REF!,5,0) -> #REF! | G21: =VLOOKUP($B21,#REF!,6,0) -> #REF! | H21: =VLOOKUP($B21,#REF!,7,0) -> #REF! | I21: =VLOOKUP($B21,#REF!,8,0) -> #REF! | K21: Height | L21: 65 | M21: 62 | N21: 63
B22: 7 | C22: N → S | D22: =VLOOKUP($B22,#REF!,3,0) -> #REF! | E22: =VLOOKUP($B22,#REF!,4,0) -> #REF! | F22: =VLOOKUP($B22,#REF!,5,0) -> #REF! | G22: =VLOOKUP($B22,#REF!,6,0) -> #REF! | H22: =VLOOKUP($B22,#REF!,7,0) -> #REF! | I22: =VLOOKUP($B22,#REF!,8,0) -> #REF! | K22: Cover | L22: 55 | M22: 61 | N22: 53
D23: =VLOOKUP($B23,#REF!,3,0) -> #REF! | E23: =VLOOKUP($B23,#REF!,4,0) -> #REF! | F23: =VLOOKUP($B23,#REF!,5,0) -> #REF! | G23: =VLOOKUP($B23,#REF!,6,0) -> #REF! | H23: =VLOOKUP($B23,#REF!,7,0) -> #REF! | I23: =VLOOKUP($B23,#REF!,8,0) -> #REF! | K23: Height | L23: 67 | M23: 68 | N23: 61
B24: 8 | C24: S → N | D24: =VLOOKUP($B24,#REF!,3,0) -> #REF! | E24: =VLOOKUP($B24,#REF!,4,0) -> #REF! | F24: =VLOOKUP($B24,#REF!,5,0) -> #REF! | G24: =VLOOKUP($B24,#REF!,6,0) -> #REF! | H24: =VLOOKUP($B24,#REF!,7,0) -> #REF! | I24: =VLOOKUP($B24,#REF!,8,0) -> #REF! | K24: Cover | L24: 63 | M24: 51 | N24: 58
D25: =VLOOKUP($B25,#REF!,3,0) -> #REF! | E25: =VLOOKUP($B25,#REF!,4,0) -> #REF! | F25: =VLOOKUP($B25,#REF!,5,0) -> #REF! | G25: =VLOOKUP($B25,#REF!,6,0) -> #REF! | H25: =VLOOKUP($B25,#REF!,7,0) -> #REF! | I25: =VLOOKUP($B25,#REF!,8,0) -> #REF! | K25: Height | L25: 66 | M25: 63 | N25: 69
B26: 9 | C26: N → S | D26: =VLOOKUP($B26,#REF!,3,0) -> #REF! | E26: =VLOOKUP($B26,#REF!,4,0) -> #REF! | F26: =VLOOKUP($B26,#REF!,5,0) -> #REF! | G26: =VLOOKUP($B26,#REF!,6,0) -> #REF! | H26: =VLOOKUP($B26,#REF!,7,0) -> #REF! | I26: =VLOOKUP($B26,#REF!,8,0) -> #REF! | J26: 1510 | K26: Cover | L26: 53 | M26: 47 | N26: 47
D27: =VLOOKUP($B27,#REF!,3,0) -> #REF! | E27: =VLOOKUP($B27,#REF!,4,0) -> #REF! | F27: =VLOOKUP($B27,#REF!,5,0) -> #REF! | G27: =VLOOKUP($B27,#REF!,6,0) -> #REF! | H27: =VLOOKUP($B27,#REF!,7,0) -> #REF! | I27: =VLOOKUP($B27,#REF!,8,0) -> #REF! | K27: Height | L27: 57 | M27: 57 | N27: 57
B28: 10 | C28: S → N | D28: =VLOOKUP($B28,#REF!,3,0) -> #REF! | E28: =VLOOKUP($B28,#REF!,4,0) -> #REF! | F28: =VLOOKUP($B28,#REF!,5,0) -> #REF! | G28: =VLOOKUP($B28,#REF!,6,0) -> #REF! | H28: =VLOOKUP($B28,#REF!,7,0) -> #REF! | I28: =VLOOKUP($B28,#REF!,8,0) -> #REF! | K28: Cover | L28: 51 | M28: 53 | N28: 63
D29: =VLOOKUP($B29,#REF!,3,0) -> #REF! | E29: =VLOOKUP($B29,#REF!,4,0) -> #REF! | F29: =VLOOKUP($B29,#REF!,5,0) -> #REF! | G29: =VLOOKUP($B29,#REF!,6,0) -> #REF! | H29: =VLOOKUP($B29,#REF!,7,0) -> #REF! | I29: =VLOOKUP($B29,#REF!,8,0) -> #REF! | K29: Height | L29: 63 | M29: 66 | N29: 71
B30: 11 | C30: N → S | D30: =VLOOKUP($B30,#REF!,3,0) -> #REF! | E30: =VLOOKUP($B30,#REF!,4,0) -> #REF! | F30: =VLOOKUP($B30,#REF!,5,0) -> #REF! | G30: =VLOOKUP($B30,#REF!,6,0) -> #REF! | H30: =VLOOKUP($B30,#REF!,7,0) -> #REF! | I30: =VLOOKUP($B30,#REF!,8,0) -> #REF! | K30: Cover | L30: 45 | M30: 55 | N30: 49
D31: =VLOOKUP($B31,#REF!,3,0) -> #REF! | E31: =VLOOKUP($B31,#REF!,4,0) -> #REF! | F31: =VLOOKUP($B31,#REF!,5,0) -> #REF! | G31: =VLOOKUP($B31,#REF!,6,0) -> #REF! | H31: =VLOOKUP($B31,#REF!,7,0) -> #REF! | I31: =VLOOKUP($B31,#REF!,8,0) -> #REF! | K31: Height | L31: 52 | M31: 59 | N31: 58
B32: 12 | C32: S → N | D32: =VLOOKUP($B32,#REF!,3,0) -> #REF! | E32: =VLOOKUP($B32,#REF!,4,0) -> #REF! | F32: =VLOOKUP($B32,#REF!,5,0) -> #REF! | G32: =VLOOKUP($B32,#REF!,6,0) -> #REF! | H32: =VLOOKUP($B32,#REF!,7,0) -> #REF! | I32: =VLOOKUP($B32,#REF!,8,0) -> #REF! | K32: Cover | L32: 74 | M32: 60 | N32: 56
D33: =VLOOKUP($B33,#REF!,3,0) -> #REF! | E33: =VLOOKUP($B33,#REF!,4,0) -> #REF! | F33: =VLOOKUP($B33,#REF!,5,0) -> #REF! | G33: =VLOOKUP($B33,#REF!,6,0) -> #REF! | H33: =VLOOKUP($B33,#REF!,7,0) -> #REF! | I33: =VLOOKUP($B33,#REF!,8,0) -> #REF! | K33: Height | L33: 73 | M33: 68 | N33: 64
B34: 13 | C34: N → S | D34: =VLOOKUP($B34,#REF!,3,0) -> #REF! | E34: =VLOOKUP($B34,#REF!,4,0) -> #REF! | F34: =VLOOKUP($B34,#REF!,5,0) -> #REF! | G34: =VLOOKUP($B34,#REF!,6,0) -> #REF! | H34: =VLOOKUP($B34,#REF!,7,0) -> #REF! | I34: =VLOOKUP($B34,#REF!,8,0) -> #REF! | K34: Cover | L34: 46 | M34: 49 | N34: 48
D35: =VLOOKUP($B35,#REF!,3,0) -> #REF! | E35: =VLOOKUP($B35,#REF!,4,0) -> #REF! | F35: =VLOOKUP($B35,#REF!,5,0) -> #REF! | G35: =VLOOKUP($B35,#REF!,6,0) -> #REF! | H35: =VLOOKUP($B35,#REF!,7,0) -> #REF! | I35: =VLOOKUP($B35,#REF!,8,0) -> #REF! | K35: Height | L35: 53 | M35: 60 | N35: 58
B36: 14 | C36: S → N | D36: =VLOOKUP($B36,#REF!,3,0) -> #REF! | E36: =VLOOKUP($B36,#REF!,4,0) -> #REF! | F36: =VLOOKUP($B36,#REF!,5,0) -> #REF! | G36: =VLOOKUP($B36,#REF!,6,0) -> #REF! | H36: =VLOOKUP($B36,#REF!,7,0) -> #REF! | I36: =VLOOKUP($B36,#REF!,8,0) -> #REF! | K36: Cover | L36: 54 | M36: 60 | N36: 52
D37: =VLOOKUP($B37,#REF!,3,0) -> #REF! | E37: =VLOOKUP($B37,#REF!,4,0) -> #REF! | F37: =VLOOKUP($B37,#REF!,5,0) -> #REF! | G37: =VLOOKUP($B37,#REF!,6,0) -> #REF! | H37: =VLOOKUP($B37,#REF!,7,0) -> #REF! | I37: =VLOOKUP($B37,#REF!,8,0) -> #REF! | K37: Height | L37: 64 | M37: 66 | N37: 67
B38: 15 | C38: N → S | D38: =VLOOKUP($B38,#REF!,3,0) -> #REF! | E38: =VLOOKUP($B38,#REF!,4,0) -> #REF! | F38: =VLOOKUP($B38,#REF!,5,0) -> #REF! | G38: =VLOOKUP($B38,#REF!,6,0) -> #REF! | H38: =VLOOKUP($B38,#REF!,7,0) -> #REF! | I38: =VLOOKUP($B38,#REF!,8,0) -> #REF! | K38: Cover | L38: 51 | M38: 46 | N38: 46
D39: =VLOOKUP($B39,#REF!,3,0) -> #REF! | E39: =VLOOKUP($B39,#REF!,4,0) -> #REF! | F39: =VLOOKUP($B39,#REF!,5,0) -> #REF! | G39: =VLOOKUP($B39,#REF!,6,0) -> #REF! | H39: =VLOOKUP($B39,#REF!,7,0) -> #REF! | I39: =VLOOKUP($B39,#REF!,8,0) -> #REF! | K39: Height | L39: 61 | M39: 57 | N39: 54
B40: 16 | C40: S → N | D40: =VLOOKUP($B40,#REF!,3,0) -> #REF! | E40: =VLOOKUP($B40,#REF!,4,0) -> #REF! | F40: =VLOOKUP($B40,#REF!,5,0) -> #REF! | G40: =VLOOKUP($B40,#REF!,6,0) -> #REF! | H40: =VLOOKUP($B40,#REF!,7,0) -> #REF! | I40: =VLOOKUP($B40,#REF!,8,0) -> #REF! | J40: 1345 | K40: Cover | L40: 60 | M40: 53 | N40: 51
D41: =VLOOKUP($B41,#REF!,3,0) -> #REF! | E41: =VLOOKUP($B41,#REF!,4,0) -> #REF! | F41: =VLOOKUP($B41,#REF!,5,0) -> #REF! | G41: =VLOOKUP($B41,#REF!,6,0) -> #REF! | H41: =VLOOKUP($B41,#REF!,7,0) -> #REF! | I41: =VLOOKUP($B41,#REF!,8,0) -> #REF! | K41: Height | L41: 64 | M41: 63 | N41: 64
B42: 17 | C42: N → S | D42: =VLOOKUP($B42,#REF!,3,0) -> #REF! | E42: =VLOOKUP($B42,#REF!,4,0) -> #REF! | F42: =VLOOKUP($B42,#REF!,5,0) -> #REF! | G42: =VLOOKUP($B42,#REF!,6,0) -> #REF! | H42: =VLOOKUP($B42,#REF!,7,0) -> #REF! | I42: =VLOOKUP($B42,#REF!,8,0) -> #REF! | K42: Cover | O42: Cotton very wilted. Tefchnician very tired and very hot. Did do it.
K43: Height

Sheet doy179
A1: FISE2011 -Cotton Plant Cover and Heights
M2: Date: | N2: 40722
A3: Comments: | C3: Ptly cloudy. Light wind. | M3: DOY: | N3: 179
M4: By: | N4: SMM
B7: Plot | D7: Trt. | E7: Irrig. | F7: Pop. | G7: N | H7: Block | I7: Exotech Code | J7: Time | K7: Meas. (in cm) | L7: Point A | M7: Point B | N7: Point C | O7: Comments
L8: In row # 6 of each border - 2 rows west of neutron tubes.
B9: Plot | C9: Acron | D9: Trt | E9: Irr | F9: Pop | G9: Nit | H9: Block | I9: ExotechCode | J9: Time | K9: Meas | L9: 3.25 | M9: 7.25 | N9: 8.25
B10: 1 | C10: N → S | D10: =VLOOKUP($B10,#REF!,3,0) -> #REF! | E10: =VLOOKUP($B10,#REF!,4,0) -> #REF! | F10: =VLOOKUP($B10,#REF!,5,0) -> #REF! | G10: =VLOOKUP($B10,#REF!,6,0) -> #REF! | H10: =VLOOKUP($B10,#REF!,7,0) -> #REF! | I10: =VLOOKUP($B10,#REF!,8,0) -> #REF! | J10: 1430 | K10: Cover | L10: 74 | M10: 52 | N10: 44
D11: =VLOOKUP($B11,#REF!,3,0) -> #REF! | E11: =VLOOKUP($B11,#REF!,4,0) -> #REF! | F11: =VLOOKUP($B11,#REF!,5,0) -> #REF! | G11: =VLOOKUP($B11,#REF!,6,0) -> #REF! | H11: =VLOOKUP($B11,#REF!,7,0) -> #REF! | I11: =VLOOKUP($B11,#REF!,8,0) -> #REF! | K11: Height | L11: 64 | M11: 65 | N11: 63
B12: 2 | C12: S → N | D12: =VLOOKUP($B12,#REF!,3,0) -> #REF! | E12: =VLOOKUP($B12,#REF!,4,0) -> #REF! | F12: =VLOOKUP($B12,#REF!,5,0) -> #REF! | G12: =VLOOKUP($B12,#REF!,6,0) -> #REF! | H12: =VLOOKUP($B12,#REF!,7,0) -> #REF! | I12: =VLOOKUP($B12,#REF!,8,0) -> #REF! | K12: Cover | L12: 61 | M12: 61 | N12: 58
D13: =VLOOKUP($B13,#REF!,3,0) -> #REF! | E13: =VLOOKUP($B13,#REF!,4,0) -> #REF! | F13: =VLOOKUP($B13,#REF!,5,0) -> #REF! | G13: =VLOOKUP($B13,#REF!,6,0) -> #REF! | H13: =VLOOKUP($B13,#REF!,7,0) -> #REF! | I13: =VLOOKUP($B13,#REF!,8,0) -> #REF! | K13: Height | L13: 78 | M13: 69 | N13: 80
B14: 3 | C14: N → S | D14: =VLOOKUP($B14,#REF!,3,0) -> #REF! | E14: =VLOOKUP($B14,#REF!,4,0) -> #REF! | F14: =VLOOKUP($B14,#REF!,5,0) -> #REF! | G14: =VLOOKUP($B14,#REF!,6,0) -> #REF! | H14: =VLOOKUP($B14,#REF!,7,0) -> #REF! | I14: =VLOOKUP($B14,#REF!,8,0) -> #REF! | K14: Cover | L14: 49 | M14: 46 | N14: 48
D15: =VLOOKUP($B15,#REF!,3,0) -> #REF! | E15: =VLOOKUP($B15,#REF!,4,0) -> #REF! | F15: =VLOOKUP($B15,#REF!,5,0) -> #REF! | G15: =VLOOKUP($B15,#REF!,6,0) -> #REF! | H15: =VLOOKUP($B15,#REF!,7,0) -> #REF! | I15: =VLOOKUP($B15,#REF!,8,0) -> #REF! | K15: Height | L15: 63 | M15: 62 | N15: 59
B16: 4 | C16: S → N | D16: =VLOOKUP($B16,#REF!,3,0) -> #REF! | E16: =VLOOKUP($B16,#REF!,4,0) -> #REF! | F16: =VLOOKUP($B16,#REF!,5,0) -> #REF! | G16: =VLOOKUP($B16,#REF!,6,0) -> #REF! | H16: =VLOOKUP($B16,#REF!,7,0) -> #REF! | I16: =VLOOKUP($B16,#REF!,8,0) -> #REF! | K16: Cover | L16: 63 | M16: 67 | N16: 67
D17: =VLOOKUP($B17,#REF!,3,0) -> #REF! | E17: =VLOOKUP($B17,#REF!,4,0) -> #REF! | F17: =VLOOKUP($B17,#REF!,5,0) -> #REF! | G17: =VLOOKUP($B17,#REF!,6,0) -> #REF! | H17: =VLOOKUP($B17,#REF!,7,0) -> #REF! | I17: =VLOOKUP($B17,#REF!,8,0) -> #REF! | K17: Height | L17: 79 | M17: 82 | N17: 81
B18: 5 | C18: N → S | D18: =VLOOKUP($B18,#REF!,3,0) -> #REF! | E18: =VLOOKUP($B18,#REF!,4,0) -> #REF! | F18: =VLOOKUP($B18,#REF!,5,0) -> #REF! | G18: =VLOOKUP($B18,#REF!,6,0) -> #REF! | H18: =VLOOKUP($B18,#REF!,7,0) -> #REF! | I18: =VLOOKUP($B18,#REF!,8,0) -> #REF! | K18: Cover | L18: 59 | M18: 53 | N18: 51
D19: =VLOOKUP($B19,#REF!,3,0) -> #REF! | E19: =VLOOKUP($B19,#REF!,4,0) -> #REF! | F19: =VLOOKUP($B19,#REF!,5,0) -> #REF! | G19: =VLOOKUP($B19,#REF!,6,0) -> #REF! | H19: =VLOOKUP($B19,#REF!,7,0) -> #REF! | I19: =VLOOKUP($B19,#REF!,8,0) -> #REF! | K19: Height | L19: 67 | M19: 72 | N19: 74
B20: 6 | C20: S → N | D20: =VLOOKUP($B20,#REF!,3,0) -> #REF! | E20: =VLOOKUP($B20,#REF!,4,0) -> #REF! | F20: =VLOOKUP($B20,#REF!,5,0) -> #REF! | G20: =VLOOKUP($B20,#REF!,6,0) -> #REF! | H20: =VLOOKUP($B20,#REF!,7,0) -> #REF! | I20: =VLOOKUP($B20,#REF!,8,0) -> #REF! | K20: Cover | L20: 55 | M20: 56 | N20: 53
D21: =VLOOKUP($B21,#REF!,3,0) -> #REF! | E21: =VLOOKUP($B21,#REF!,4,0) -> #REF! | F21: =VLOOKUP($B21,#REF!,5,0) -> #REF! | G21: =VLOOKUP($B21,#REF!,6,0) -> #REF! | H21: =VLOOKUP($B21,#REF!,7,0) -> #REF! | I21: =VLOOKUP($B21,#REF!,8,0) -> #REF! | K21: Height | L21: 73 | M21: 72 | N21: 59
B22: 7 | C22: N → S | D22: =VLOOKUP($B22,#REF!,3,0) -> #REF! | E22: =VLOOKUP($B22,#REF!,4,0) -> #REF! | F22: =VLOOKUP($B22,#REF!,5,0) -> #REF! | G22: =VLOOKUP($B22,#REF!,6,0) -> #REF! | H22: =VLOOKUP($B22,#REF!,7,0) -> #REF! | I22: =VLOOKUP($B22,#REF!,8,0) -> #REF! | K22: Cover | L22: 60 | M22: 69 | N22: 58
D23: =VLOOKUP($B23,#REF!,3,0) -> #REF! | E23: =VLOOKUP($B23,#REF!,4,0) -> #REF! | F23: =VLOOKUP($B23,#REF!,5,0) -> #REF! | G23: =VLOOKUP($B23,#REF!,6,0) -> #REF! | H23: =VLOOKUP($B23,#REF!,7,0) -> #REF! | I23: =VLOOKUP($B23,#REF!,8,0) -> #REF! | K23: Height | L23: 85 | M23: 79 | N23: 77
B24: 8 | C24: S → N | D24: =VLOOKUP($B24,#REF!,3,0) -> #REF! | E24: =VLOOKUP($B24,#REF!,4,0) -> #REF! | F24: =VLOOKUP($B24,#REF!,5,0) -> #REF! | G24: =VLOOKUP($B24,#REF!,6,0) -> #REF! | H24: =VLOOKUP($B24,#REF!,7,0) -> #REF! | I24: =VLOOKUP($B24,#REF!,8,0) -> #REF! | K24: Cover | L24: 72 | M24: 75 | N24: 65
D25: =VLOOKUP($B25,#REF!,3,0) -> #REF! | E25: =VLOOKUP($B25,#REF!,4,0) -> #REF! | F25: =VLOOKUP($B25,#REF!,5,0) -> #REF! | G25: =VLOOKUP($B25,#REF!,6,0) -> #REF! | H25: =VLOOKUP($B25,#REF!,7,0) -> #REF! | I25: =VLOOKUP($B25,#REF!,8,0) -> #REF! | K25: Height | L25: 85 | M25: 81 | N25: 82
B26: 9 | C26: N → S | D26: =VLOOKUP($B26,#REF!,3,0) -> #REF! | E26: =VLOOKUP($B26,#REF!,4,0) -> #REF! | F26: =VLOOKUP($B26,#REF!,5,0) -> #REF! | G26: =VLOOKUP($B26,#REF!,6,0) -> #REF! | H26: =VLOOKUP($B26,#REF!,7,0) -> #REF! | I26: =VLOOKUP($B26,#REF!,8,0) -> #REF! | J26: 1505 | K26: Cover | L26: 62 | M26: 60 | N26: 43
D27: =VLOOKUP($B27,#REF!,3,0) -> #REF! | E27: =VLOOKUP($B27,#REF!,4,0) -> #REF! | F27: =VLOOKUP($B27,#REF!,5,0) -> #REF! | G27: =VLOOKUP($B27,#REF!,6,0) -> #REF! | H27: =VLOOKUP($B27,#REF!,7,0) -> #REF! | I27: =VLOOKUP($B27,#REF!,8,0) -> #REF! | K27: Height | L27: 68 | M27: 67 | N27: 66
B28: 10 | C28: S → N | D28: =VLOOKUP($B28,#REF!,3,0) -> #REF! | E28: =VLOOKUP($B28,#REF!,4,0) -> #REF! | F28: =VLOOKUP($B28,#REF!,5,0) -> #REF! | G28: =VLOOKUP($B28,#REF!,6,0) -> #REF! | H28: =VLOOKUP($B28,#REF!,7,0) -> #REF! | I28: =VLOOKUP($B28,#REF!,8,0) -> #REF! | K28: Cover | L28: 63 | M28: 68 | N28: 70
D29: =VLOOKUP($B29,#REF!,3,0) -> #REF! | E29: =VLOOKUP($B29,#REF!,4,0) -> #REF! | F29: =VLOOKUP($B29,#REF!,5,0) -> #REF! | G29: =VLOOKUP($B29,#REF!,6,0) -> #REF! | H29: =VLOOKUP($B29,#REF!,7,0) -> #REF! | I29: =VLOOKUP($B29,#REF!,8,0) -> #REF! | K29: Height | L29: 79 | M29: 84 | N29: 76
B30: 11 | C30: N → S | D30: =VLOOKUP($B30,#REF!,3,0) -> #REF! | E30: =VLOOKUP($B30,#REF!,4,0) -> #REF! | F30: =VLOOKUP($B30,#REF!,5,0) -> #REF! | G30: =VLOOKUP($B30,#REF!,6,0) -> #REF! | H30: =VLOOKUP($B30,#REF!,7,0) -> #REF! | I30: =VLOOKUP($B30,#REF!,8,0) -> #REF! | K30: Cover | L30: 55 | M30: 63 | N30: 53
D31: =VLOOKUP($B31,#REF!,3,0) -> #REF! | E31: =VLOOKUP($B31,#REF!,4,0) -> #REF! | F31: =VLOOKUP($B31,#REF!,5,0) -> #REF! | G31: =VLOOKUP($B31,#REF!,6,0) -> #REF! | H31: =VLOOKUP($B31,#REF!,7,0) -> #REF! | I31: =VLOOKUP($B31,#REF!,8,0) -> #REF! | K31: Height | L31: 65 | M31: 71 | N31: 71
B32: 12 | C32: S → N | D32: =VLOOKUP($B32,#REF!,3,0) -> #REF! | E32: =VLOOKUP($B32,#REF!,4,0) -> #REF! | F32: =VLOOKUP($B32,#REF!,5,0) -> #REF! | G32: =VLOOKUP($B32,#REF!,6,0) -> #REF! | H32: =VLOOKUP($B32,#REF!,7,0) -> #REF! | I32: =VLOOKUP($B32,#REF!,8,0) -> #REF! | K32: Cover | L32: 70 | M32: 71 | N32: 63
D33: =VLOOKUP($B33,#REF!,3,0) -> #REF! | E33: =VLOOKUP($B33,#REF!,4,0) -> #REF! | F33: =VLOOKUP($B33,#REF!,5,0) -> #REF! | G33: =VLOOKUP($B33,#REF!,6,0) -> #REF! | H33: =VLOOKUP($B33,#REF!,7,0) -> #REF! | I33: =VLOOKUP($B33,#REF!,8,0) -> #REF! | K33: Height | L33: 92 | M33: 80 | N33: 78
B34: 13 | C34: N → S | D34: =VLOOKUP($B34,#REF!,3,0) -> #REF! | E34: =VLOOKUP($B34,#REF!,4,0) -> #REF! | F34: =VLOOKUP($B34,#REF!,5,0) -> #REF! | G34: =VLOOKUP($B34,#REF!,6,0) -> #REF! | H34: =VLOOKUP($B34,#REF!,7,0) -> #REF! | I34: =VLOOKUP($B34,#REF!,8,0) -> #REF! | K34: Cover | L34: 43 | M34: 59 | N34: 51
D35: =VLOOKUP($B35,#REF!,3,0) -> #REF! | E35: =VLOOKUP($B35,#REF!,4,0) -> #REF! | F35: =VLOOKUP($B35,#REF!,5,0) -> #REF! | G35: =VLOOKUP($B35,#REF!,6,0) -> #REF! | H35: =VLOOKUP($B35,#REF!,7,0) -> #REF! | I35: =VLOOKUP($B35,#REF!,8,0) -> #REF! | K35: Height | L35: 60 | M35: 72 | N35: 62
B36: 14 | C36: S → N | D36: =VLOOKUP($B36,#REF!,3,0) -> #REF! | E36: =VLOOKUP($B36,#REF!,4,0) -> #REF! | F36: =VLOOKUP($B36,#REF!,5,0) -> #REF! | G36: =VLOOKUP($B36,#REF!,6,0) -> #REF! | H36: =VLOOKUP($B36,#REF!,7,0) -> #REF! | I36: =VLOOKUP($B36,#REF!,8,0) -> #REF! | K36: Cover | L36: 65 | M36: 66 | N36: 48
D37: =VLOOKUP($B37,#REF!,3,0) -> #REF! | E37: =VLOOKUP($B37,#REF!,4,0) -> #REF! | F37: =VLOOKUP($B37,#REF!,5,0) -> #REF! | G37: =VLOOKUP($B37,#REF!,6,0) -> #REF! | H37: =VLOOKUP($B37,#REF!,7,0) -> #REF! | I37: =VLOOKUP($B37,#REF!,8,0) -> #REF! | K37: Height | L37: 78 | M37: 77 | N37: 74
B38: 15 | C38: N → S | D38: =VLOOKUP($B38,#REF!,3,0) -> #REF! | E38: =VLOOKUP($B38,#REF!,4,0) -> #REF! | F38: =VLOOKUP($B38,#REF!,5,0) -> #REF! | G38: =VLOOKUP($B38,#REF!,6,0) -> #REF! | H38: =VLOOKUP($B38,#REF!,7,0) -> #REF! | I38: =VLOOKUP($B38,#REF!,8,0) -> #REF! | K38: Cover | L38: 60 | M38: 59 | N38: 59
D39: =VLOOKUP($B39,#REF!,3,0) -> #REF! | E39: =VLOOKUP($B39,#REF!,4,0) -> #REF! | F39: =VLOOKUP($B39,#REF!,5,0) -> #REF! | G39: =VLOOKUP($B39,#REF!,6,0) -> #REF! | H39: =VLOOKUP($B39,#REF!,7,0) -> #REF! | I39: =VLOOKUP($B39,#REF!,8,0) -> #REF! | K39: Height | L39: 72 | M39: 68 | N39: 69
B40: 16 | C40: S → N | D40: =VLOOKUP($B40,#REF!,3,0) -> #REF! | E40: =VLOOKUP($B40,#REF!,4,0) -> #REF! | F40: =VLOOKUP($B40,#REF!,5,0) -> #REF! | G40: =VLOOKUP($B40,#REF!,6,0) -> #REF! | H40: =VLOOKUP($B40,#REF!,7,0) -> #REF! | I40: =VLOOKUP($B40,#REF!,8,0) -> #REF! | K40: Cover | L40: 69 | M40: 66 | N40: 66
D41: =VLOOKUP($B41,#REF!,3,0) -> #REF! | E41: =VLOOKUP($B41,#REF!,4,0) -> #REF! | F41: =VLOOKUP($B41,#REF!,5,0) -> #REF! | G41: =VLOOKUP($B41,#REF!,6,0) -> #REF! | H41: =VLOOKUP($B41,#REF!,7,0) -> #REF! | I41: =VLOOKUP($B41,#REF!,8,0) -> #REF! | K41: Height | L41: 78 | M41: 74 | N41: 82
B42: 17 | C42: N → S | D42: =VLOOKUP($B42,#REF!,3,0) -> #REF! | E42: =VLOOKUP($B42,#REF!,4,0) -> #REF! | F42: =VLOOKUP($B42,#REF!,5,0) -> #REF! | G42: =VLOOKUP($B42,#REF!,6,0) -> #REF! | H42: =VLOOKUP($B42,#REF!,7,0) -> #REF! | I42: =VLOOKUP($B42,#REF!,8,0) -> #REF! | J42: 1540 | K42: Cover | L42: 53 | M42: 41 | N42: 44
K43: Height | L43: 53 | M43: 51 | N43: 54

Sheet doy187
A1: FISE2011 -Cotton Plant Cover and Heights
M2: Date: | N2: 40730
A3: Comments: | C3: Extremely hazy. Slight breeze. | M3: DOY: | N3: 187
M4: By: | N4: SMM
B7: Plot | D7: Trt. | E7: Irrig. | F7: Pop. | G7: N | H7: Block | I7: Exotech Code | J7: Time | K7: Meas. (in cm) | L7: Point A | M7: Point B | N7: Point C | O7: Comments
L8: In row # 6 of each border - 2 rows west of neutron tubes.
B9: Plot | C9: Acron | D9: Trt | E9: Irr | F9: Pop | G9: Nit | H9: Block | I9: ExotechCode | J9: Time | K9: Meas | L9: 3.25 | M9: 7.25 | N9: 8.25
B10: 1 | C10: N → S | D10: =VLOOKUP($B10,#REF!,3,0) -> #REF! | E10: =VLOOKUP($B10,#REF!,4,0) -> #REF! | F10: =VLOOKUP($B10,#REF!,5,0) -> #REF! | G10: =VLOOKUP($B10,#REF!,6,0) -> #REF! | H10: =VLOOKUP($B10,#REF!,7,0) -> #REF! | I10: =VLOOKUP($B10,#REF!,8,0) -> #REF! | J10: 1045 | K10: Cover | L10: 86 | M10: 72 | N10: 57
D11: =VLOOKUP($B11,#REF!,3,0) -> #REF! | E11: =VLOOKUP($B11,#REF!,4,0) -> #REF! | F11: =VLOOKUP($B11,#REF!,5,0) -> #REF! | G11: =VLOOKUP($B11,#REF!,6,0) -> #REF! | H11: =VLOOKUP($B11,#REF!,7,0) -> #REF! | I11: =VLOOKUP($B11,#REF!,8,0) -> #REF! | K11: Height | L11: 85 | M11: 76 | N11: 68
B12: 2 | C12: S → N | D12: =VLOOKUP($B12,#REF!,3,0) -> #REF! | E12: =VLOOKUP($B12,#REF!,4,0) -> #REF! | F12: =VLOOKUP($B12,#REF!,5,0) -> #REF! | G12: =VLOOKUP($B12,#REF!,6,0) -> #REF! | H12: =VLOOKUP($B12,#REF!,7,0) -> #REF! | I12: =VLOOKUP($B12,#REF!,8,0) -> #REF! | K12: Cover | O12: Muddy
D13: =VLOOKUP($B13,#REF!,3,0) -> #REF! | E13: =VLOOKUP($B13,#REF!,4,0) -> #REF! | F13: =VLOOKUP($B13,#REF!,5,0) -> #REF! | G13: =VLOOKUP($B13,#REF!,6,0) -> #REF! | H13: =VLOOKUP($B13,#REF!,7,0) -> #REF! | I13: =VLOOKUP($B13,#REF!,8,0) -> #REF! | K13: Height
B14: 3 | C14: N → S | D14: =VLOOKUP($B14,#REF!,3,0) -> #REF! | E14: =VLOOKUP($B14,#REF!,4,0) -> #REF! | F14: =VLOOKUP($B14,#REF!,5,0) -> #REF! | G14: =VLOOKUP($B14,#REF!,6,0) -> #REF! | H14: =VLOOKUP($B14,#REF!,7,0) -> #REF! | I14: =VLOOKUP($B14,#REF!,8,0) -> #REF! | K14: Cover | L14: 60 | M14: 50 | N14: 59
D15: =VLOOKUP($B15,#REF!,3,0) -> #REF! | E15: =VLOOKUP($B15,#REF!,4,0) -> #REF! | F15: =VLOOKUP($B15,#REF!,5,0) -> #REF! | G15: =VLOOKUP($B15,#REF!,6,0) -> #REF! | H15: =VLOOKUP($B15,#REF!,7,0) -> #REF! | I15: =VLOOKUP($B15,#REF!,8,0) -> #REF! | K15: Height | L15: 69 | M15: 69 | N15: 71
B16: 4 | C16: S → N | D16: =VLOOKUP($B16,#REF!,3,0) -> #REF! | E16: =VLOOKUP($B16,#REF!,4,0) -> #REF! | F16: =VLOOKUP($B16,#REF!,5,0) -> #REF! | G16: =VLOOKUP($B16,#REF!,6,0) -> #REF! | H16: =VLOOKUP($B16,#REF!,7,0) -> #REF! | I16: =VLOOKUP($B16,#REF!,8,0) -> #REF! | K16: Cover | O16: Irrigating
D17: =VLOOKUP($B17,#REF!,3,0) -> #REF! | E17: =VLOOKUP($B17,#REF!,4,0) -> #REF! | F17: =VLOOKUP($B17,#REF!,5,0) -> #REF! | G17: =VLOOKUP($B17,#REF!,6,0) -> #REF! | H17: =VLOOKUP($B17,#REF!,7,0) -> #REF! | I17: =VLOOKUP($B17,#REF!,8,0) -> #REF! | K17: Height
B18: 5 | C18: N → S | D18: =VLOOKUP($B18,#REF!,3,0) -> #REF! | E18: =VLOOKUP($B18,#REF!,4,0) -> #REF! | F18: =VLOOKUP($B18,#REF!,5,0) -> #REF! | G18: =VLOOKUP($B18,#REF!,6,0) -> #REF! | H18: =VLOOKUP($B18,#REF!,7,0) -> #REF! | I18: =VLOOKUP($B18,#REF!,8,0) -> #REF! | K18: Cover | L18: 62 | M18: 79 | N18: 71
D19: =VLOOKUP($B19,#REF!,3,0) -> #REF! | E19: =VLOOKUP($B19,#REF!,4,0) -> #REF! | F19: =VLOOKUP($B19,#REF!,5,0) -> #REF! | G19: =VLOOKUP($B19,#REF!,6,0) -> #REF! | H19: =VLOOKUP($B19,#REF!,7,0) -> #REF! | I19: =VLOOKUP($B19,#REF!,8,0) -> #REF! | K19: Height | L19: 76 | M19: 84 | N19: 86
B20: 6 | C20: S → N | D20: =VLOOKUP($B20,#REF!,3,0) -> #REF! | E20: =VLOOKUP($B20,#REF!,4,0) -> #REF! | F20: =VLOOKUP($B20,#REF!,5,0) -> #REF! | G20: =VLOOKUP($B20,#REF!,6,0) -> #REF! | H20: =VLOOKUP($B20,#REF!,7,0) -> #REF! | I20: =VLOOKUP($B20,#REF!,8,0) -> #REF! | K20: Cover | L20: 61 | M20: 69 | N20: 63
D21: =VLOOKUP($B21,#REF!,3,0) -> #REF! | E21: =VLOOKUP($B21,#REF!,4,0) -> #REF! | F21: =VLOOKUP($B21,#REF!,5,0) -> #REF! | G21: =VLOOKUP($B21,#REF!,6,0) -> #REF! | H21: =VLOOKUP($B21,#REF!,7,0) -> #REF! | I21: =VLOOKUP($B21,#REF!,8,0) -> #REF! | K21: Height | L21: 78 | M21: 81 | N21: 71
B22: 7 | C22: N → S | D22: =VLOOKUP($B22,#REF!,3,0) -> #REF! | E22: =VLOOKUP($B22,#REF!,4,0) -> #REF! | F22: =VLOOKUP($B22,#REF!,5,0) -> #REF! | G22: =VLOOKUP($B22,#REF!,6,0) -> #REF! | H22: =VLOOKUP($B22,#REF!,7,0) -> #REF! | I22: =VLOOKUP($B22,#REF!,8,0) -> #REF! | K22: Cover | L22: 68 | M22: 62 | N22: 53 | O22: Wilty
D23: =VLOOKUP($B23,#REF!,3,0) -> #REF! | E23: =VLOOKUP($B23,#REF!,4,0) -> #REF! | F23: =VLOOKUP($B23,#REF!,5,0) -> #REF! | G23: =VLOOKUP($B23,#REF!,6,0) -> #REF! | H23: =VLOOKUP($B23,#REF!,7,0) -> #REF! | I23: =VLOOKUP($B23,#REF!,8,0) -> #REF! | K23: Height | L23: 87 | M23: 85 | N23: 85
B24: 8 | C24: S → N | D24: =VLOOKUP($B24,#REF!,3,0) -> #REF! | E24: =VLOOKUP($B24,#REF!,4,0) -> #REF! | F24: =VLOOKUP($B24,#REF!,5,0) -> #REF! | G24: =VLOOKUP($B24,#REF!,6,0) -> #REF! | H24: =VLOOKUP($B24,#REF!,7,0) -> #REF! | I24: =VLOOKUP($B24,#REF!,8,0) -> #REF! | K24: Cover | O24: Muddy
D25: =VLOOKUP($B25,#REF!,3,0) -> #REF! | E25: =VLOOKUP($B25,#REF!,4,0) -> #REF! | F25: =VLOOKUP($B25,#REF!,5,0) -> #REF! | G25: =VLOOKUP($B25,#REF!,6,0) -> #REF! | H25: =VLOOKUP($B25,#REF!,7,0) -> #REF! | I25: =VLOOKUP($B25,#REF!,8,0) -> #REF! | K25: Height
B26: 9 | C26: N → S | D26: =VLOOKUP($B26,#REF!,3,0) -> #REF! | E26: =VLOOKUP($B26,#REF!,4,0) -> #REF! | F26: =VLOOKUP($B26,#REF!,5,0) -> #REF! | G26: =VLOOKUP($B26,#REF!,6,0) -> #REF! | H26: =VLOOKUP($B26,#REF!,7,0) -> #REF! | I26: =VLOOKUP($B26,#REF!,8,0) -> #REF! | J26: 1115 | K26: Cover | L26: 48 | M26: 59 | N26: 52
D27: =VLOOKUP($B27,#REF!,3,0) -> #REF! | E27: =VLOOKUP($B27,#REF!,4,0) -> #REF! | F27: =VLOOKUP($B27,#REF!,5,0) -> #REF! | G27: =VLOOKUP($B27,#REF!,6,0) -> #REF! | H27: =VLOOKUP($B27,#REF!,7,0) -> #REF! | I27: =VLOOKUP($B27,#REF!,8,0) -> #REF! | K27: Height | L27: 75 | M27: 73 | N27: 76
B28: 10 | C28: S → N | D28: =VLOOKUP($B28,#REF!,3,0) -> #REF! | E28: =VLOOKUP($B28,#REF!,4,0) -> #REF! | F28: =VLOOKUP($B28,#REF!,5,0) -> #REF! | G28: =VLOOKUP($B28,#REF!,6,0) -> #REF! | H28: =VLOOKUP($B28,#REF!,7,0) -> #REF! | I28: =VLOOKUP($B28,#REF!,8,0) -> #REF! | K28: Cover | O28: Muddy
D29: =VLOOKUP($B29,#REF!,3,0) -> #REF! | E29: =VLOOKUP($B29,#REF!,4,0) -> #REF! | F29: =VLOOKUP($B29,#REF!,5,0) -> #REF! | G29: =VLOOKUP($B29,#REF!,6,0) -> #REF! | H29: =VLOOKUP($B29,#REF!,7,0) -> #REF! | I29: =VLOOKUP($B29,#REF!,8,0) -> #REF! | K29: Height
B30: 11 | C30: N → S | D30: =VLOOKUP($B30,#REF!,3,0) -> #REF! | E30: =VLOOKUP($B30,#REF!,4,0) -> #REF! | F30: =VLOOKUP($B30,#REF!,5,0) -> #REF! | G30: =VLOOKUP($B30,#REF!,6,0) -> #REF! | H30: =VLOOKUP($B30,#REF!,7,0) -> #REF! | I30: =VLOOKUP($B30,#REF!,8,0) -> #REF! | K30: Cover | L30: 66 | M30: 75 | N30: 68
D31: =VLOOKUP($B31,#REF!,3,0) -> #REF! | E31: =VLOOKUP($B31,#REF!,4,0) -> #REF! | F31: =VLOOKUP($B31,#REF!,5,0) -> #REF! | G31: =VLOOKUP($B31,#REF!,6,0) -> #REF! | H31: =VLOOKUP($B31,#REF!,7,0) -> #REF! | I31: =VLOOKUP($B31,#REF!,8,0) -> #REF! | K31: Height | L31: 75 | M31: 86 | N31: 81
B32: 12 | C32: S → N | D32: =VLOOKUP($B32,#REF!,3,0) -> #REF! | E32: =VLOOKUP($B32,#REF!,4,0) -> #REF! | F32: =VLOOKUP($B32,#REF!,5,0) -> #REF! | G32: =VLOOKUP($B32,#REF!,6,0) -> #REF! | H32: =VLOOKUP($B32,#REF!,7,0) -> #REF! | I32: =VLOOKUP($B32,#REF!,8,0) -> #REF! | K32: Cover | L32: 87 | M32: 71 | N32: 62
D33: =VLOOKUP($B33,#REF!,3,0) -> #REF! | E33: =VLOOKUP($B33,#REF!,4,0) -> #REF! | F33: =VLOOKUP($B33,#REF!,5,0) -> #REF! | G33: =VLOOKUP($B33,#REF!,6,0) -> #REF! | H33: =VLOOKUP($B33,#REF!,7,0) -> #REF! | I33: =VLOOKUP($B33,#REF!,8,0) -> #REF! | K33: Height | L33: 98 | M33: 88 | N33: 89
B34: 13 | C34: N → S | D34: =VLOOKUP($B34,#REF!,3,0) -> #REF! | E34: =VLOOKUP($B34,#REF!,4,0) -> #REF! | F34: =VLOOKUP($B34,#REF!,5,0) -> #REF! | G34: =VLOOKUP($B34,#REF!,6,0) -> #REF! | H34: =VLOOKUP($B34,#REF!,7,0) -> #REF! | I34: =VLOOKUP($B34,#REF!,8,0) -> #REF! | K34: Cover | L34: 56 | M34: 56 | N34: 56
D35: =VLOOKUP($B35,#REF!,3,0) -> #REF! | E35: =VLOOKUP($B35,#REF!,4,0) -> #REF! | F35: =VLOOKUP($B35,#REF!,5,0) -> #REF! | G35: =VLOOKUP($B35,#REF!,6,0) -> #REF! | H35: =VLOOKUP($B35,#REF!,7,0) -> #REF! | I35: =VLOOKUP($B35,#REF!,8,0) -> #REF! | K35: Height | L35: 71 | M35: 73 | N35: 73
B36: 14 | C36: S → N | D36: =VLOOKUP($B36,#REF!,3,0) -> #REF! | E36: =VLOOKUP($B36,#REF!,4,0) -> #REF! | F36: =VLOOKUP($B36,#REF!,5,0) -> #REF! | G36: =VLOOKUP($B36,#REF!,6,0) -> #REF! | H36: =VLOOKUP($B36,#REF!,7,0) -> #REF! | I36: =VLOOKUP($B36,#REF!,8,0) -> #REF! | K36: Cover | L36: 69 | M36: 76 | N36: 65 | O36: Wilty
D37: =VLOOKUP($B37,#REF!,3,0) -> #REF! | E37: =VLOOKUP($B37,#REF!,4,0) -> #REF! | F37: =VLOOKUP($B37,#REF!,5,0) -> #REF! | G37: =VLOOKUP($B37,#REF!,6,0) -> #REF! | H37: =VLOOKUP($B37,#REF!,7,0) -> #REF! | I37: =VLOOKUP($B37,#REF!,8,0) -> #REF! | K37: Height | L37: 83 | M37: 88 | N37: 82
B38: 15 | C38: N → S | D38: =VLOOKUP($B38,#REF!,3,0) -> #REF! | E38: =VLOOKUP($B38,#REF!,4,0) -> #REF! | F38: =VLOOKUP($B38,#REF!,5,0) -> #REF! | G38: =VLOOKUP($B38,#REF!,6,0) -> #REF! | H38: =VLOOKUP($B38,#REF!,7,0) -> #REF! | I38: =VLOOKUP($B38,#REF!,8,0) -> #REF! | K38: Cover | L38: 78 | M38: 66 | N38: 64
D39: =VLOOKUP($B39,#REF!,3,0) -> #REF! | E39: =VLOOKUP($B39,#REF!,4,0) -> #REF! | F39: =VLOOKUP($B39,#REF!,5,0) -> #REF! | G39: =VLOOKUP($B39,#REF!,6,0) -> #REF! | H39: =VLOOKUP($B39,#REF!,7,0) -> #REF! | I39: =VLOOKUP($B39,#REF!,8,0) -> #REF! | K39: Height | L39: 84 | M39: 77 | N39: 75
B40: 16 | C40: S → N | D40: =VLOOKUP($B40,#REF!,3,0) -> #REF! | E40: =VLOOKUP($B40,#REF!,4,0) -> #REF! | F40: =VLOOKUP($B40,#REF!,5,0) -> #REF! | G40: =VLOOKUP($B40,#REF!,6,0) -> #REF! | H40: =VLOOKUP($B40,#REF!,7,0) -> #REF! | I40: =VLOOKUP($B40,#REF!,8,0) -> #REF! | K40: Cover | O40: Muddy
D41: =VLOOKUP($B41,#REF!,3,0) -> #REF! | E41: =VLOOKUP($B41,#REF!,4,0) -> #REF! | F41: =VLOOKUP($B41,#REF!,5,0) -> #REF! | G41: =VLOOKUP($B41,#REF!,6,0) -> #REF! | H41: =VLOOKUP($B41,#REF!,7,0) -> #REF! | I41: =VLOOKUP($B41,#REF!,8,0) -> #REF! | K41: Height
B42: 17 | C42: N → S | D42: =VLOOKUP($B42,#REF!,3,0) -> #REF! | E42: =VLOOKUP($B42,#REF!,4,0) -> #REF! | F42: =VLOOKUP($B42,#REF!,5,0) -> #REF! | G42: =VLOOKUP($B42,#REF!,6,0) -> #REF! | H42: =VLOOKUP($B42,#REF!,7,0) -> #REF! | I42: =VLOOKUP($B42,#REF!,8,0) -> #REF! | J42: 1150 | K42: Cover | L42: 52 | M42: 53 | N42: 58
K43: Height | L43: 62 | M43: 61 | N43: 68

Sheet doy193
A1: FISE2011 -Cotton Plant Cover and Heights
M2: Date: | N2: 40736
A3: Comments: | C3: Slight breeze. Partly cloudy. | M3: DOY: | N3: 193
B4: Flagging tube locations where hard to locate while going through the field. | M4: By: | N4: SMM
B7: Plot | D7: Trt. | E7: Irrig. | F7: Pop. | G7: N | H7: Block | I7: Exotech Code | J7: Time | K7: Meas. (in cm) | L7: Point A | M7: Point B | N7: Point C | O7: Comments
L8: In row # 6 of each border - 2 rows west of neutron tubes.
B9: Plot | C9: Acron | D9: Trt | E9: Irr | F9: Pop | G9: Nit | H9: Block | I9: ExotechCode | J9: Time | K9: Meas | L9: 3.25 | M9: 7.25 | N9: 8.25
B10: 1 | C10: N → S | D10: =VLOOKUP($B10,#REF!,3,0) -> #REF! | E10: =VLOOKUP($B10,#REF!,4,0) -> #REF! | F10: =VLOOKUP($B10,#REF!,5,0) -> #REF! | G10: =VLOOKUP($B10,#REF!,6,0) -> #REF! | H10: =VLOOKUP($B10,#REF!,7,0) -> #REF! | I10: =VLOOKUP($B10,#REF!,8,0) -> #REF! | J10: 925 | K10: Cover | L10: 91 | M10: 82 | N10: 71
D11: =VLOOKUP($B11,#REF!,3,0) -> #REF! | E11: =VLOOKUP($B11,#REF!,4,0) -> #REF! | F11: =VLOOKUP($B11,#REF!,5,0) -> #REF! | G11: =VLOOKUP($B11,#REF!,6,0) -> #REF! | H11: =VLOOKUP($B11,#REF!,7,0) -> #REF! | I11: =VLOOKUP($B11,#REF!,8,0) -> #REF! | K11: Height | L11: 97 | M11: 89 | N11: 77
B12: 2 | C12: S → N | D12: =VLOOKUP($B12,#REF!,3,0) -> #REF! | E12: =VLOOKUP($B12,#REF!,4,0) -> #REF! | F12: =VLOOKUP($B12,#REF!,5,0) -> #REF! | G12: =VLOOKUP($B12,#REF!,6,0) -> #REF! | H12: =VLOOKUP($B12,#REF!,7,0) -> #REF! | I12: =VLOOKUP($B12,#REF!,8,0) -> #REF! | K12: Cover | L12: 70 | M12: 73 | N12: 77
D13: =VLOOKUP($B13,#REF!,3,0) -> #REF! | E13: =VLOOKUP($B13,#REF!,4,0) -> #REF! | F13: =VLOOKUP($B13,#REF!,5,0) -> #REF! | G13: =VLOOKUP($B13,#REF!,6,0) -> #REF! | H13: =VLOOKUP($B13,#REF!,7,0) -> #REF! | I13: =VLOOKUP($B13,#REF!,8,0) -> #REF! | K13: Height | L13: 88 | M13: 91 | N13: 92
B14: 3 | C14: N → S | D14: =VLOOKUP($B14,#REF!,3,0) -> #REF! | E14: =VLOOKUP($B14,#REF!,4,0) -> #REF! | F14: =VLOOKUP($B14,#REF!,5,0) -> #REF! | G14: =VLOOKUP($B14,#REF!,6,0) -> #REF! | H14: =VLOOKUP($B14,#REF!,7,0) -> #REF! | I14: =VLOOKUP($B14,#REF!,8,0) -> #REF! | K14: Cover | L14: 64 | M14: 50 | N14: 56
D15: =VLOOKUP($B15,#REF!,3,0) -> #REF! | E15: =VLOOKUP($B15,#REF!,4,0) -> #REF! | F15: =VLOOKUP($B15,#REF!,5,0) -> #REF! | G15: =VLOOKUP($B15,#REF!,6,0) -> #REF! | H15: =VLOOKUP($B15,#REF!,7,0) -> #REF! | I15: =VLOOKUP($B15,#REF!,8,0) -> #REF! | K15: Height | L15: 78 | M15: 76 | N15: 70
B16: 4 | C16: S → N | D16: =VLOOKUP($B16,#REF!,3,0) -> #REF! | E16: =VLOOKUP($B16,#REF!,4,0) -> #REF! | F16: =VLOOKUP($B16,#REF!,5,0) -> #REF! | G16: =VLOOKUP($B16,#REF!,6,0) -> #REF! | H16: =VLOOKUP($B16,#REF!,7,0) -> #REF! | I16: =VLOOKUP($B16,#REF!,8,0) -> #REF! | K16: Cover | L16: 90 | M16: 83 | N16: 76
D17: =VLOOKUP($B17,#REF!,3,0) -> #REF! | E17: =VLOOKUP($B17,#REF!,4,0) -> #REF! | F17: =VLOOKUP($B17,#REF!,5,0) -> #REF! | G17: =VLOOKUP($B17,#REF!,6,0) -> #REF! | H17: =VLOOKUP($B17,#REF!,7,0) -> #REF! | I17: =VLOOKUP($B17,#REF!,8,0) -> #REF! | K17: Height | L17: 101 | M17: 97 | N17: 93
B18: 5 | C18: N → S | D18: =VLOOKUP($B18,#REF!,3,0) -> #REF! | E18: =VLOOKUP($B18,#REF!,4,0) -> #REF! | F18: =VLOOKUP($B18,#REF!,5,0) -> #REF! | G18: =VLOOKUP($B18,#REF!,6,0) -> #REF! | H18: =VLOOKUP($B18,#REF!,7,0) -> #REF! | I18: =VLOOKUP($B18,#REF!,8,0) -> #REF! | K18: Cover | L18: 76 | M18: 83 | N18: 75
D19: =VLOOKUP($B19,#REF!,3,0) -> #REF! | E19: =VLOOKUP($B19,#REF!,4,0) -> #REF! | F19: =VLOOKUP($B19,#REF!,5,0) -> #REF! | G19: =VLOOKUP($B19,#REF!,6,0) -> #REF! | H19: =VLOOKUP($B19,#REF!,7,0) -> #REF! | I19: =VLOOKUP($B19,#REF!,8,0) -> #REF! | K19: Height | L19: 88 | M19: 96 | N19: 94
B20: 6 | C20: S → N | D20: =VLOOKUP($B20,#REF!,3,0) -> #REF! | E20: =VLOOKUP($B20,#REF!,4,0) -> #REF! | F20: =VLOOKUP($B20,#REF!,5,0) -> #REF! | G20: =VLOOKUP($B20,#REF!,6,0) -> #REF! | H20: =VLOOKUP($B20,#REF!,7,0) -> #REF! | I20: =VLOOKUP($B20,#REF!,8,0) -> #REF! | K20: Cover | L20: 74 | M20: 77 | N20: 66
D21: =VLOOKUP($B21,#REF!,3,0) -> #REF! | E21: =VLOOKUP($B21,#REF!,4,0) -> #REF! | F21: =VLOOKUP($B21,#REF!,5,0) -> #REF! | G21: =VLOOKUP($B21,#REF!,6,0) -> #REF! | H21: =VLOOKUP($B21,#REF!,7,0) -> #REF! | I21: =VLOOKUP($B21,#REF!,8,0) -> #REF! | K21: Height | L21: 86 | M21: 90 | N21: 82
B22: 7 | C22: N → S | D22: =VLOOKUP($B22,#REF!,3,0) -> #REF! | E22: =VLOOKUP($B22,#REF!,4,0) -> #REF! | F22: =VLOOKUP($B22,#REF!,5,0) -> #REF! | G22: =VLOOKUP($B22,#REF!,6,0) -> #REF! | H22: =VLOOKUP($B22,#REF!,7,0) -> #REF! | I22: =VLOOKUP($B22,#REF!,8,0) -> #REF! | K22: Cover | L22: 80 | M22: 78 | N22: 76
D23: =VLOOKUP($B23,#REF!,3,0) -> #REF! | E23: =VLOOKUP($B23,#REF!,4,0) -> #REF! | F23: =VLOOKUP($B23,#REF!,5,0) -> #REF! | G23: =VLOOKUP($B23,#REF!,6,0) -> #REF! | H23: =VLOOKUP($B23,#REF!,7,0) -> #REF! | I23: =VLOOKUP($B23,#REF!,8,0) -> #REF! | K23: Height | L23: 101 | M23: 101 | N23: 93
B24: 8 | C24: S → N | D24: =VLOOKUP($B24,#REF!,3,0) -> #REF! | E24: =VLOOKUP($B24,#REF!,4,0) -> #REF! | F24: =VLOOKUP($B24,#REF!,5,0) -> #REF! | G24: =VLOOKUP($B24,#REF!,6,0) -> #REF! | H24: =VLOOKUP($B24,#REF!,7,0) -> #REF! | I24: =VLOOKUP($B24,#REF!,8,0) -> #REF! | K24: Cover | L24: 87 | M24: 90 | N24: 89
D25: =VLOOKUP($B25,#REF!,3,0) -> #REF! | E25: =VLOOKUP($B25,#REF!,4,0) -> #REF! | F25: =VLOOKUP($B25,#REF!,5,0) -> #REF! | G25: =VLOOKUP($B25,#REF!,6,0) -> #REF! | H25: =VLOOKUP($B25,#REF!,7,0) -> #REF! | I25: =VLOOKUP($B25,#REF!,8,0) -> #REF! | K25: Height | L25: 100 | M25: 102 | N25: 101
B26: 9 | C26: N → S | D26: =VLOOKUP($B26,#REF!,3,0) -> #REF! | E26: =VLOOKUP($B26,#REF!,4,0) -> #REF! | F26: =VLOOKUP($B26,#REF!,5,0) -> #REF! | G26: =VLOOKUP($B26,#REF!,6,0) -> #REF! | H26: =VLOOKUP($B26,#REF!,7,0) -> #REF! | I26: =VLOOKUP($B26,#REF!,8,0) -> #REF! | J26: 1050 | K26: Cover | L26: 64 | M26: 65 | N26: 66
D27: =VLOOKUP($B27,#REF!,3,0) -> #REF! | E27: =VLOOKUP($B27,#REF!,4,0) -> #REF! | F27: =VLOOKUP($B27,#REF!,5,0) -> #REF! | G27: =VLOOKUP($B27,#REF!,6,0) -> #REF! | H27: =VLOOKUP($B27,#REF!,7,0) -> #REF! | I27: =VLOOKUP($B27,#REF!,8,0) -> #REF! | K27: Height | L27: 87 | M27: 85 | N27: 82
B28: 10 | C28: S → N | D28: =VLOOKUP($B28,#REF!,3,0) -> #REF! | E28: =VLOOKUP($B28,#REF!,4,0) -> #REF! | F28: =VLOOKUP($B28,#REF!,5,0) -> #REF! | G28: =VLOOKUP($B28,#REF!,6,0) -> #REF! | H28: =VLOOKUP($B28,#REF!,7,0) -> #REF! | I28: =VLOOKUP($B28,#REF!,8,0) -> #REF! | K28: Cover | L28: 91 | M28: 86 | N28: 99 | O28: Canopy almost closed
D29: =VLOOKUP($B29,#REF!,3,0) -> #REF! | E29: =VLOOKUP($B29,#REF!,4,0) -> #REF! | F29: =VLOOKUP($B29,#REF!,5,0) -> #REF! | G29: =VLOOKUP($B29,#REF!,6,0) -> #REF! | H29: =VLOOKUP($B29,#REF!,7,0) -> #REF! | I29: =VLOOKUP($B29,#REF!,8,0) -> #REF! | K29: Height | L29: 88 | M29: 97 | N29: 105
B30: 11 | C30: N → S | D30: =VLOOKUP($B30,#REF!,3,0) -> #REF! | E30: =VLOOKUP($B30,#REF!,4,0) -> #REF! | F30: =VLOOKUP($B30,#REF!,5,0) -> #REF! | G30: =VLOOKUP($B30,#REF!,6,0) -> #REF! | H30: =VLOOKUP($B30,#REF!,7,0) -> #REF! | I30: =VLOOKUP($B30,#REF!,8,0) -> #REF! | K30: Cover | L30: 73 | M30: 82 | N30: 76 | O30: Center 3 rows taller than the others.
D31: =VLOOKUP($B31,#REF!,3,0) -> #REF! | E31: =VLOOKUP($B31,#REF!,4,0) -> #REF! | F31: =VLOOKUP($B31,#REF!,5,0) -> #REF! | G31: =VLOOKUP($B31,#REF!,6,0) -> #REF! | H31: =VLOOKUP($B31,#REF!,7,0) -> #REF! | I31: =VLOOKUP($B31,#REF!,8,0) -> #REF! | K31: Height | L31: 91 | M31: 92 | N31: 91
B32: 12 | C32: S → N | D32: =VLOOKUP($B32,#REF!,3,0) -> #REF! | E32: =VLOOKUP($B32,#REF!,4,0) -> #REF! | F32: =VLOOKUP($B32,#REF!,5,0) -> #REF! | G32: =VLOOKUP($B32,#REF!,6,0) -> #REF! | H32: =VLOOKUP($B32,#REF!,7,0) -> #REF! | I32: =VLOOKUP($B32,#REF!,8,0) -> #REF! | K32: Cover | L32: 95 | M32: 81 | N32: 73
D33: =VLOOKUP($B33,#REF!,3,0) -> #REF! | E33: =VLOOKUP($B33,#REF!,4,0) -> #REF! | F33: =VLOOKUP($B33,#REF!,5,0) -> #REF! | G33: =VLOOKUP($B33,#REF!,6,0) -> #REF! | H33: =VLOOKUP($B33,#REF!,7,0) -> #REF! | I33: =VLOOKUP($B33,#REF!,8,0) -> #REF! | K33: Height | L33: 103 | M33: 93 | N33: 94
B34: 13 | C34: N → S | D34: =VLOOKUP($B34,#REF!,3,0) -> #REF! | E34: =VLOOKUP($B34,#REF!,4,0) -> #REF! | F34: =VLOOKUP($B34,#REF!,5,0) -> #REF! | G34: =VLOOKUP($B34,#REF!,6,0) -> #REF! | H34: =VLOOKUP($B34,#REF!,7,0) -> #REF! | I34: =VLOOKUP($B34,#REF!,8,0) -> #REF! | K34: Cover | L34: 47 | M34: 72 | N34: 68 | O34: On N end of plot - leaves getting pale - chlorotic? Especially row 7.
D35: =VLOOKUP($B35,#REF!,3,0) -> #REF! | E35: =VLOOKUP($B35,#REF!,4,0) -> #REF! | F35: =VLOOKUP($B35,#REF!,5,0) -> #REF! | G35: =VLOOKUP($B35,#REF!,6,0) -> #REF! | H35: =VLOOKUP($B35,#REF!,7,0) -> #REF! | I35: =VLOOKUP($B35,#REF!,8,0) -> #REF! | K35: Height | L35: 73 | M35: 83 | N35: 82
B36: 14 | C36: S → N | D36: =VLOOKUP($B36,#REF!,3,0) -> #REF! | E36: =VLOOKUP($B36,#REF!,4,0) -> #REF! | F36: =VLOOKUP($B36,#REF!,5,0) -> #REF! | G36: =VLOOKUP($B36,#REF!,6,0) -> #REF! | H36: =VLOOKUP($B36,#REF!,7,0) -> #REF! | I36: =VLOOKUP($B36,#REF!,8,0) -> #REF! | K36: Cover | L36: 81 | M36: 84 | N36: 81
D37: =VLOOKUP($B37,#REF!,3,0) -> #REF! | E37: =VLOOKUP($B37,#REF!,4,0) -> #REF! | F37: =VLOOKUP($B37,#REF!,5,0) -> #REF! | G37: =VLOOKUP($B37,#REF!,6,0) -> #REF! | H37: =VLOOKUP($B37,#REF!,7,0) -> #REF! | I37: =VLOOKUP($B37,#REF!,8,0) -> #REF! | K37: Height | L37: 100 | M37: 98 | N37: 95
B38: 15 | C38: N → S | D38: =VLOOKUP($B38,#REF!,3,0) -> #REF! | E38: =VLOOKUP($B38,#REF!,4,0) -> #REF! | F38: =VLOOKUP($B38,#REF!,5,0) -> #REF! | G38: =VLOOKUP($B38,#REF!,6,0) -> #REF! | H38: =VLOOKUP($B38,#REF!,7,0) -> #REF! | I38: =VLOOKUP($B38,#REF!,8,0) -> #REF! | K38: Cover | L38: 87 | M38: 75 | N38: 78
D39: =VLOOKUP($B39,#REF!,3,0) -> #REF! | E39: =VLOOKUP($B39,#REF!,4,0) -> #REF! | F39: =VLOOKUP($B39,#REF!,5,0) -> #REF! | G39: =VLOOKUP($B39,#REF!,6,0) -> #REF! | H39: =VLOOKUP($B39,#REF!,7,0) -> #REF! | I39: =VLOOKUP($B39,#REF!,8,0) -> #REF! | K39: Height | L39: 98 | M39: 91 | N39: 85
B40: 16 | C40: S → N | D40: =VLOOKUP($B40,#REF!,3,0) -> #REF! | E40: =VLOOKUP($B40,#REF!,4,0) -> #REF! | F40: =VLOOKUP($B40,#REF!,5,0) -> #REF! | G40: =VLOOKUP($B40,#REF!,6,0) -> #REF! | H40: =VLOOKUP($B40,#REF!,7,0) -> #REF! | I40: =VLOOKUP($B40,#REF!,8,0) -> #REF! | K40: Cover | L40: 79 | M40: 72 | N40: 77
D41: =VLOOKUP($B41,#REF!,3,0) -> #REF! | E41: =VLOOKUP($B41,#REF!,4,0) -> #REF! | F41: =VLOOKUP($B41,#REF!,5,0) -> #REF! | G41: =VLOOKUP($B41,#REF!,6,0) -> #REF! | H41: =VLOOKUP($B41,#REF!,7,0) -> #REF! | I41: =VLOOKUP($B41,#REF!,8,0) -> #REF! | K41: Height | L41: 91 | M41: 92 | N41: 95
B42: 17 | C42: N → S | D42: =VLOOKUP($B42,#REF!,3,0) -> #REF! | E42: =VLOOKUP($B42,#REF!,4,0) -> #REF! | F42: =VLOOKUP($B42,#REF!,5,0) -> #REF! | G42: =VLOOKUP($B42,#REF!,6,0) -> #REF! | H42: =VLOOKUP($B42,#REF!,7,0) -> #REF! | I42: =VLOOKUP($B42,#REF!,8,0) -> #REF! | J42: 1200 | K42: Cover | L42: 44 | M42: 53 | N42: 58
K43: Height | L43: 62 | M43: 63 | N43: 71

Sheet doy203
A1: FISE2011 -Cotton Plant Cover and Heights
M2: Date: | N2: 40746
A3: Comments: | C3: Light breeze from West | M3: DOY: | N3: 203
C4: Mostly clear. | M4: By: | N4: SMM
B7: Plot | D7: Trt. | E7: Irrig. | F7: Pop. | G7: N | H7: Block | I7: Exotech Code | J7: Time | K7: Meas. (in cm) | L7: Point A | M7: Point B | N7: Point C | O7: Comments
L8: In row # 6 of each border - 2 rows west of neutron tubes.
B9: Plot | C9: Acron | D9: Trt | E9: Irr | F9: Pop | G9: Nit | H9: Block | I9: ExotechCode | J9: Time | K9: Meas | L9: 3.25 | M9: 7.25 | N9: 8.25
B10: 1 | C10: N → S | D10: =VLOOKUP($B10,#REF!,3,0) -> #REF! | E10: =VLOOKUP($B10,#REF!,4,0) -> #REF! | F10: =VLOOKUP($B10,#REF!,5,0) -> #REF! | G10: =VLOOKUP($B10,#REF!,6,0) -> #REF! | H10: =VLOOKUP($B10,#REF!,7,0) -> #REF! | I10: =VLOOKUP($B10,#REF!,8,0) -> #REF! | J10: 955 | K10: Cover | L10: 94 | M10: 86 | N10: 81
D11: =VLOOKUP($B11,#REF!,3,0) -> #REF! | E11: =VLOOKUP($B11,#REF!,4,0) -> #REF! | F11: =VLOOKUP($B11,#REF!,5,0) -> #REF! | G11: =VLOOKUP($B11,#REF!,6,0) -> #REF! | H11: =VLOOKUP($B11,#REF!,7,0) -> #REF! | I11: =VLOOKUP($B11,#REF!,8,0) -> #REF! | K11: Height | L11: 107 | M11: 99 | N11: 85
B12: 2 | C12: S → N | D12: =VLOOKUP($B12,#REF!,3,0) -> #REF! | E12: =VLOOKUP($B12,#REF!,4,0) -> #REF! | F12: =VLOOKUP($B12,#REF!,5,0) -> #REF! | G12: =VLOOKUP($B12,#REF!,6,0) -> #REF! | H12: =VLOOKUP($B12,#REF!,7,0) -> #REF! | I12: =VLOOKUP($B12,#REF!,8,0) -> #REF! | K12: Cover | L12: 96 | M12: 98 | N12: 101 | O12: Almost closed
D13: =VLOOKUP($B13,#REF!,3,0) -> #REF! | E13: =VLOOKUP($B13,#REF!,4,0) -> #REF! | F13: =VLOOKUP($B13,#REF!,5,0) -> #REF! | G13: =VLOOKUP($B13,#REF!,6,0) -> #REF! | H13: =VLOOKUP($B13,#REF!,7,0) -> #REF! | I13: =VLOOKUP($B13,#REF!,8,0) -> #REF! | K13: Height | L13: 100 | M13: 103 | N13: 106
B14: 3 | C14: N → S | D14: =VLOOKUP($B14,#REF!,3,0) -> #REF! | E14: =VLOOKUP($B14,#REF!,4,0) -> #REF! | F14: =VLOOKUP($B14,#REF!,5,0) -> #REF! | G14: =VLOOKUP($B14,#REF!,6,0) -> #REF! | H14: =VLOOKUP($B14,#REF!,7,0) -> #REF! | I14: =VLOOKUP($B14,#REF!,8,0) -> #REF! | K14: Cover | L14: 77 | M14: 66 | N14: 74 | O14: Closed in spots
D15: =VLOOKUP($B15,#REF!,3,0) -> #REF! | E15: =VLOOKUP($B15,#REF!,4,0) -> #REF! | F15: =VLOOKUP($B15,#REF!,5,0) -> #REF! | G15: =VLOOKUP($B15,#REF!,6,0) -> #REF! | H15: =VLOOKUP($B15,#REF!,7,0) -> #REF! | I15: =VLOOKUP($B15,#REF!,8,0) -> #REF! | K15: Height | L15: 85 | M15: 82 | N15: 88
B16: 4 | C16: S → N | D16: =VLOOKUP($B16,#REF!,3,0) -> #REF! | E16: =VLOOKUP($B16,#REF!,4,0) -> #REF! | F16: =VLOOKUP($B16,#REF!,5,0) -> #REF! | G16: =VLOOKUP($B16,#REF!,6,0) -> #REF! | H16: =VLOOKUP($B16,#REF!,7,0) -> #REF! | I16: =VLOOKUP($B16,#REF!,8,0) -> #REF! | K16: Cover | L16: 100 | M16: 102 | N16: 88
D17: =VLOOKUP($B17,#REF!,3,0) -> #REF! | E17: =VLOOKUP($B17,#REF!,4,0) -> #REF! | F17: =VLOOKUP($B17,#REF!,5,0) -> #REF! | G17: =VLOOKUP($B17,#REF!,6,0) -> #REF! | H17: =VLOOKUP($B17,#REF!,7,0) -> #REF! | I17: =VLOOKUP($B17,#REF!,8,0) -> #REF! | K17: Height | L17: 105 | M17: 110 | N17: 95
B18: 5 | C18: N → S | D18: =VLOOKUP($B18,#REF!,3,0) -> #REF! | E18: =VLOOKUP($B18,#REF!,4,0) -> #REF! | F18: =VLOOKUP($B18,#REF!,5,0) -> #REF! | G18: =VLOOKUP($B18,#REF!,6,0) -> #REF! | H18: =VLOOKUP($B18,#REF!,7,0) -> #REF! | I18: =VLOOKUP($B18,#REF!,8,0) -> #REF! | K18: Cover | L18: 92 | M18: 100 | N18: 93 | O18: Almost closed
D19: =VLOOKUP($B19,#REF!,3,0) -> #REF! | E19: =VLOOKUP($B19,#REF!,4,0) -> #REF! | F19: =VLOOKUP($B19,#REF!,5,0) -> #REF! | G19: =VLOOKUP($B19,#REF!,6,0) -> #REF! | H19: =VLOOKUP($B19,#REF!,7,0) -> #REF! | I19: =VLOOKUP($B19,#REF!,8,0) -> #REF! | K19: Height | L19: 102 | M19: 105 | N19: 98
B20: 6 | C20: S → N | D20: =VLOOKUP($B20,#REF!,3,0) -> #REF! | E20: =VLOOKUP($B20,#REF!,4,0) -> #REF! | F20: =VLOOKUP($B20,#REF!,5,0) -> #REF! | G20: =VLOOKUP($B20,#REF!,6,0) -> #REF! | H20: =VLOOKUP($B20,#REF!,7,0) -> #REF! | I20: =VLOOKUP($B20,#REF!,8,0) -> #REF! | K20: Cover | L20: 86 | M20: 89 | N20: 85
D21: =VLOOKUP($B21,#REF!,3,0) -> #REF! | E21: =VLOOKUP($B21,#REF!,4,0) -> #REF! | F21: =VLOOKUP($B21,#REF!,5,0) -> #REF! | G21: =VLOOKUP($B21,#REF!,6,0) -> #REF! | H21: =VLOOKUP($B21,#REF!,7,0) -> #REF! | I21: =VLOOKUP($B21,#REF!,8,0) -> #REF! | K21: Height | L21: 93 | M21: 99 | N21: 91
B22: 7 | C22: N → S | D22: =VLOOKUP($B22,#REF!,3,0) -> #REF! | E22: =VLOOKUP($B22,#REF!,4,0) -> #REF! | F22: =VLOOKUP($B22,#REF!,5,0) -> #REF! | G22: =VLOOKUP($B22,#REF!,6,0) -> #REF! | H22: =VLOOKUP($B22,#REF!,7,0) -> #REF! | I22: =VLOOKUP($B22,#REF!,8,0) -> #REF! | K22: Cover | L22: 101 | M22: 96 | N22: 88 | O22: Closed in spots
D23: =VLOOKUP($B23,#REF!,3,0) -> #REF! | E23: =VLOOKUP($B23,#REF!,4,0) -> #REF! | F23: =VLOOKUP($B23,#REF!,5,0) -> #REF! | G23: =VLOOKUP($B23,#REF!,6,0) -> #REF! | H23: =VLOOKUP($B23,#REF!,7,0) -> #REF! | I23: =VLOOKUP($B23,#REF!,8,0) -> #REF! | K23: Height | L23: 111 | M23: 107 | N23: 102
B24: 8 | C24: S → N | D24: =VLOOKUP($B24,#REF!,3,0) -> #REF! | E24: =VLOOKUP($B24,#REF!,4,0) -> #REF! | F24: =VLOOKUP($B24,#REF!,5,0) -> #REF! | G24: =VLOOKUP($B24,#REF!,6,0) -> #REF! | H24: =VLOOKUP($B24,#REF!,7,0) -> #REF! | I24: =VLOOKUP($B24,#REF!,8,0) -> #REF! | K24: Cover | L24: -- | M24: -- | N24: -- | O24: Closed
D25: =VLOOKUP($B25,#REF!,3,0) -> #REF! | E25: =VLOOKUP($B25,#REF!,4,0) -> #REF! | F25: =VLOOKUP($B25,#REF!,5,0) -> #REF! | G25: =VLOOKUP($B25,#REF!,6,0) -> #REF! | H25: =VLOOKUP($B25,#REF!,7,0) -> #REF! | I25: =VLOOKUP($B25,#REF!,8,0) -> #REF! | K25: Height | L25: 105 | M25: 109 | N25: 109
B26: 9 | C26: N → S | D26: =VLOOKUP($B26,#REF!,3,0) -> #REF! | E26: =VLOOKUP($B26,#REF!,4,0) -> #REF! | F26: =VLOOKUP($B26,#REF!,5,0) -> #REF! | G26: =VLOOKUP($B26,#REF!,6,0) -> #REF! | H26: =VLOOKUP($B26,#REF!,7,0) -> #REF! | I26: =VLOOKUP($B26,#REF!,8,0) -> #REF! | J26: 1025 | K26: Cover | L26: 76 | M26: 80 | N26: 84
D27: =VLOOKUP($B27,#REF!,3,0) -> #REF! | E27: =VLOOKUP($B27,#REF!,4,0) -> #REF! | F27: =VLOOKUP($B27,#REF!,5,0) -> #REF! | G27: =VLOOKUP($B27,#REF!,6,0) -> #REF! | H27: =VLOOKUP($B27,#REF!,7,0) -> #REF! | I27: =VLOOKUP($B27,#REF!,8,0) -> #REF! | K27: Height | L27: 95 | M27: 91 | N27: 88
B28: 10 | C28: S → N | D28: =VLOOKUP($B28,#REF!,3,0) -> #REF! | E28: =VLOOKUP($B28,#REF!,4,0) -> #REF! | F28: =VLOOKUP($B28,#REF!,5,0) -> #REF! | G28: =VLOOKUP($B28,#REF!,6,0) -> #REF! | H28: =VLOOKUP($B28,#REF!,7,0) -> #REF! | I28: =VLOOKUP($B28,#REF!,8,0) -> #REF! | K28: Cover | L28: -- | M28: -- | N28: -- | O28: Closed
D29: =VLOOKUP($B29,#REF!,3,0) -> #REF! | E29: =VLOOKUP($B29,#REF!,4,0) -> #REF! | F29: =VLOOKUP($B29,#REF!,5,0) -> #REF! | G29: =VLOOKUP($B29,#REF!,6,0) -> #REF! | H29: =VLOOKUP($B29,#REF!,7,0) -> #REF! | I29: =VLOOKUP($B29,#REF!,8,0) -> #REF! | K29: Height | L29: 100 | M29: 108 | N29: 115
B30: 11 | C30: N → S | D30: =VLOOKUP($B30,#REF!,3,0) -> #REF! | E30: =VLOOKUP($B30,#REF!,4,0) -> #REF! | F30: =VLOOKUP($B30,#REF!,5,0) -> #REF! | G30: =VLOOKUP($B30,#REF!,6,0) -> #REF! | H30: =VLOOKUP($B30,#REF!,7,0) -> #REF! | I30: =VLOOKUP($B30,#REF!,8,0) -> #REF! | K30: Cover | L30: 94 | M30: 98 | N30: 81 | O30: Almost closed
D31: =VLOOKUP($B31,#REF!,3,0) -> #REF! | E31: =VLOOKUP($B31,#REF!,4,0) -> #REF! | F31: =VLOOKUP($B31,#REF!,5,0) -> #REF! | G31: =VLOOKUP($B31,#REF!,6,0) -> #REF! | H31: =VLOOKUP($B31,#REF!,7,0) -> #REF! | I31: =VLOOKUP($B31,#REF!,8,0) -> #REF! | K31: Height | L31: 105 | M31: 106 | N31: 102
B32: 12 | C32: S → N | D32: =VLOOKUP($B32,#REF!,3,0) -> #REF! | E32: =VLOOKUP($B32,#REF!,4,0) -> #REF! | F32: =VLOOKUP($B32,#REF!,5,0) -> #REF! | G32: =VLOOKUP($B32,#REF!,6,0) -> #REF! | H32: =VLOOKUP($B32,#REF!,7,0) -> #REF! | I32: =VLOOKUP($B32,#REF!,8,0) -> #REF! | K32: Cover | L32: -- | M32: -- | N32: -- | O32: Closed
D33: =VLOOKUP($B33,#REF!,3,0) -> #REF! | E33: =VLOOKUP($B33,#REF!,4,0) -> #REF! | F33: =VLOOKUP($B33,#REF!,5,0) -> #REF! | G33: =VLOOKUP($B33,#REF!,6,0) -> #REF! | H33: =VLOOKUP($B33,#REF!,7,0) -> #REF! | I33: =VLOOKUP($B33,#REF!,8,0) -> #REF! | K33: Height | L33: 118 | M33: 104 | N33: 105
B34: 13 | C34: N → S | D34: =VLOOKUP($B34,#REF!,3,0) -> #REF! | E34: =VLOOKUP($B34,#REF!,4,0) -> #REF! | F34: =VLOOKUP($B34,#REF!,5,0) -> #REF! | G34: =VLOOKUP($B34,#REF!,6,0) -> #REF! | H34: =VLOOKUP($B34,#REF!,7,0) -> #REF! | I34: =VLOOKUP($B34,#REF!,8,0) -> #REF! | K34: Cover | L34: 76 | M34: 89 | N34: 93
D35: =VLOOKUP($B35,#REF!,3,0) -> #REF! | E35: =VLOOKUP($B35,#REF!,4,0) -> #REF! | F35: =VLOOKUP($B35,#REF!,5,0) -> #REF! | G35: =VLOOKUP($B35,#REF!,6,0) -> #REF! | H35: =VLOOKUP($B35,#REF!,7,0) -> #REF! | I35: =VLOOKUP($B35,#REF!,8,0) -> #REF! | K35: Height | L35: 84 | M35: 96 | N35: 97
B36: 14 | C36: S → N | D36: =VLOOKUP($B36,#REF!,3,0) -> #REF! | E36: =VLOOKUP($B36,#REF!,4,0) -> #REF! | F36: =VLOOKUP($B36,#REF!,5,0) -> #REF! | G36: =VLOOKUP($B36,#REF!,6,0) -> #REF! | H36: =VLOOKUP($B36,#REF!,7,0) -> #REF! | I36: =VLOOKUP($B36,#REF!,8,0) -> #REF! | K36: Cover | L36: -- | M36: -- | N36: -- | O36: Partly closed
D37: =VLOOKUP($B37,#REF!,3,0) -> #REF! | E37: =VLOOKUP($B37,#REF!,4,0) -> #REF! | F37: =VLOOKUP($B37,#REF!,5,0) -> #REF! | G37: =VLOOKUP($B37,#REF!,6,0) -> #REF! | H37: =VLOOKUP($B37,#REF!,7,0) -> #REF! | I37: =VLOOKUP($B37,#REF!,8,0) -> #REF! | K37: Height | L37: 111 | M37: 112 | N37: 107
B38: 15 | C38: N → S | D38: =VLOOKUP($B38,#REF!,3,0) -> #REF! | E38: =VLOOKUP($B38,#REF!,4,0) -> #REF! | F38: =VLOOKUP($B38,#REF!,5,0) -> #REF! | G38: =VLOOKUP($B38,#REF!,6,0) -> #REF! | H38: =VLOOKUP($B38,#REF!,7,0) -> #REF! | I38: =VLOOKUP($B38,#REF!,8,0) -> #REF! | K38: Cover | L38: 97 | M38: 86 | N38: 90 | O38: Almost closed
D39: =VLOOKUP($B39,#REF!,3,0) -> #REF! | E39: =VLOOKUP($B39,#REF!,4,0) -> #REF! | F39: =VLOOKUP($B39,#REF!,5,0) -> #REF! | G39: =VLOOKUP($B39,#REF!,6,0) -> #REF! | H39: =VLOOKUP($B39,#REF!,7,0) -> #REF! | I39: =VLOOKUP($B39,#REF!,8,0) -> #REF! | K39: Height | L39: 103 | M39: 103 | N39: 102
B40: 16 | C40: S → N | D40: =VLOOKUP($B40,#REF!,3,0) -> #REF! | E40: =VLOOKUP($B40,#REF!,4,0) -> #REF! | F40: =VLOOKUP($B40,#REF!,5,0) -> #REF! | G40: =VLOOKUP($B40,#REF!,6,0) -> #REF! | H40: =VLOOKUP($B40,#REF!,7,0) -> #REF! | I40: =VLOOKUP($B40,#REF!,8,0) -> #REF! | K40: Cover | L40: 93 | M40: 82 | N40: 93 | O40: Closed in spots
D41: =VLOOKUP($B41,#REF!,3,0) -> #REF! | E41: =VLOOKUP($B41,#REF!,4,0) -> #REF! | F41: =VLOOKUP($B41,#REF!,5,0) -> #REF! | G41: =VLOOKUP($B41,#REF!,6,0) -> #REF! | H41: =VLOOKUP($B41,#REF!,7,0) -> #REF! | I41: =VLOOKUP($B41,#REF!,8,0) -> #REF! | K41: Height | L41: 103 | M41: 99 | N41: 103
B42: 17 | C42: N → S | D42: =VLOOKUP($B42,#REF!,3,0) -> #REF! | E42: =VLOOKUP($B42,#REF!,4,0) -> #REF! | F42: =VLOOKUP($B42,#REF!,5,0) -> #REF! | G42: =VLOOKUP($B42,#REF!,6,0) -> #REF! | H42: =VLOOKUP($B42,#REF!,7,0) -> #REF! | I42: =VLOOKUP($B42,#REF!,8,0) -> #REF! | J42: 1105 | K42: Cover | L42: 68 | M42: 68 | N42: 65
K43: Height | L43: 72 | M43: 74 | N43: 84

Sheet doy213
A1: FISE2011 -Cotton Plant Cover and Heights
M2: Date: | N2: 40756
A3: Comments: | C3: Also flagging/reflagging and doing NAWF counts | M3: DOY: | N3: 213
M4: By: | N4: SMM
B7: Plot | D7: Trt. | E7: Irrig. | F7: Pop. | G7: N | H7: Block | I7: Exotech Code | J7: Time | K7: Meas. (in cm) | L7: Point A | M7: Point B | N7: Point C | O7: Comments
L8: In row # 6 of each border - 2 rows west of neutron tubes.
B9: Plot | C9: Acron | D9: Trt | E9: Irr | F9: Pop | G9: Nit | H9: Block | I9: ExotechCode | J9: Time | K9: Meas | L9: 3.25 | M9: 7.25 | N9: 8.25
B10: 1 | C10: N → S | D10: =VLOOKUP($B10,#REF!,3,0) -> #REF! | E10: =VLOOKUP($B10,#REF!,4,0) -> #REF! | F10: =VLOOKUP($B10,#REF!,5,0) -> #REF! | G10: =VLOOKUP($B10,#REF!,6,0) -> #REF! | H10: =VLOOKUP($B10,#REF!,7,0) -> #REF! | I10: =VLOOKUP($B10,#REF!,8,0) -> #REF! | J10: 1005 | K10: Cover | L10: -- | M10: 99 | N10: 92 | O10: Partly closed
D11: =VLOOKUP($B11,#REF!,3,0) -> #REF! | E11: =VLOOKUP($B11,#REF!,4,0) -> #REF! | F11: =VLOOKUP($B11,#REF!,5,0) -> #REF! | G11: =VLOOKUP($B11,#REF!,6,0) -> #REF! | H11: =VLOOKUP($B11,#REF!,7,0) -> #REF! | I11: =VLOOKUP($B11,#REF!,8,0) -> #REF! | K11: Height | L11: 113 | M11: 100 | N11: 87
B12: 2 | C12: S → N | D12: =VLOOKUP($B12,#REF!,3,0) -> #REF! | E12: =VLOOKUP($B12,#REF!,4,0) -> #REF! | F12: =VLOOKUP($B12,#REF!,5,0) -> #REF! | G12: =VLOOKUP($B12,#REF!,6,0) -> #REF! | H12: =VLOOKUP($B12,#REF!,7,0) -> #REF! | I12: =VLOOKUP($B12,#REF!,8,0) -> #REF! | K12: Cover | L12: -- | M12: -- | N12: -- | O12: Closed
D13: =VLOOKUP($B13,#REF!,3,0) -> #REF! | E13: =VLOOKUP($B13,#REF!,4,0) -> #REF! | F13: =VLOOKUP($B13,#REF!,5,0) -> #REF! | G13: =VLOOKUP($B13,#REF!,6,0) -> #REF! | H13: =VLOOKUP($B13,#REF!,7,0) -> #REF! | I13: =VLOOKUP($B13,#REF!,8,0) -> #REF! | K13: Height | L13: 105 | M13: 110 | N13: 110
B14: 3 | C14: N → S | D14: =VLOOKUP($B14,#REF!,3,0) -> #REF! | E14: =VLOOKUP($B14,#REF!,4,0) -> #REF! | F14: =VLOOKUP($B14,#REF!,5,0) -> #REF! | G14: =VLOOKUP($B14,#REF!,6,0) -> #REF! | H14: =VLOOKUP($B14,#REF!,7,0) -> #REF! | I14: =VLOOKUP($B14,#REF!,8,0) -> #REF! | K14: Cover | L14: 96 | M14: 89 | N14: 86
D15: =VLOOKUP($B15,#REF!,3,0) -> #REF! | E15: =VLOOKUP($B15,#REF!,4,0) -> #REF! | F15: =VLOOKUP($B15,#REF!,5,0) -> #REF! | G15: =VLOOKUP($B15,#REF!,6,0) -> #REF! | H15: =VLOOKUP($B15,#REF!,7,0) -> #REF! | I15: =VLOOKUP($B15,#REF!,8,0) -> #REF! | K15: Height | L15: 98 | M15: 97 | N15: 93
B16: 4 | C16: S → N | D16: =VLOOKUP($B16,#REF!,3,0) -> #REF! | E16: =VLOOKUP($B16,#REF!,4,0) -> #REF! | F16: =VLOOKUP($B16,#REF!,5,0) -> #REF! | G16: =VLOOKUP($B16,#REF!,6,0) -> #REF! | H16: =VLOOKUP($B16,#REF!,7,0) -> #REF! | I16: =VLOOKUP($B16,#REF!,8,0) -> #REF! | K16: Cover | L16: -- | M16: -- | N16: -- | O16: Closed
D17: =VLOOKUP($B17,#REF!,3,0) -> #REF! | E17: =VLOOKUP($B17,#REF!,4,0) -> #REF! | F17: =VLOOKUP($B17,#REF!,5,0) -> #REF! | G17: =VLOOKUP($B17,#REF!,6,0) -> #REF! | H17: =VLOOKUP($B17,#REF!,7,0) -> #REF! | I17: =VLOOKUP($B17,#REF!,8,0) -> #REF! | K17: Height | L17: 110 | M17: 115 | N17: 109
B18: 5 | C18: N → S | D18: =VLOOKUP($B18,#REF!,3,0) -> #REF! | E18: =VLOOKUP($B18,#REF!,4,0) -> #REF! | F18: =VLOOKUP($B18,#REF!,5,0) -> #REF! | G18: =VLOOKUP($B18,#REF!,6,0) -> #REF! | H18: =VLOOKUP($B18,#REF!,7,0) -> #REF! | I18: =VLOOKUP($B18,#REF!,8,0) -> #REF! | K18: Cover | L18: 89 | M18: 98 | N18: 98 | O18: Partly closed
D19: =VLOOKUP($B19,#REF!,3,0) -> #REF! | E19: =VLOOKUP($B19,#REF!,4,0) -> #REF! | F19: =VLOOKUP($B19,#REF!,5,0) -> #REF! | G19: =VLOOKUP($B19,#REF!,6,0) -> #REF! | H19: =VLOOKUP($B19,#REF!,7,0) -> #REF! | I19: =VLOOKUP($B19,#REF!,8,0) -> #REF! | K19: Height | L19: 109 | M19: 106 | N19: 109
B20: 6 | C20: S → N | D20: =VLOOKUP($B20,#REF!,3,0) -> #REF! | E20: =VLOOKUP($B20,#REF!,4,0) -> #REF! | F20: =VLOOKUP($B20,#REF!,5,0) -> #REF! | G20: =VLOOKUP($B20,#REF!,6,0) -> #REF! | H20: =VLOOKUP($B20,#REF!,7,0) -> #REF! | I20: =VLOOKUP($B20,#REF!,8,0) -> #REF! | K20: Cover | L20: 97 | M20: -- | N20: 99 | O20: Partly closed
D21: =VLOOKUP($B21,#REF!,3,0) -> #REF! | E21: =VLOOKUP($B21,#REF!,4,0) -> #REF! | F21: =VLOOKUP($B21,#REF!,5,0) -> #REF! | G21: =VLOOKUP($B21,#REF!,6,0) -> #REF! | H21: =VLOOKUP($B21,#REF!,7,0) -> #REF! | I21: =VLOOKUP($B21,#REF!,8,0) -> #REF! | K21: Height | L21: 104 | M21: 100 | N21: 101
B22: 7 | C22: N → S | D22: =VLOOKUP($B22,#REF!,3,0) -> #REF! | E22: =VLOOKUP($B22,#REF!,4,0) -> #REF! | F22: =VLOOKUP($B22,#REF!,5,0) -> #REF! | G22: =VLOOKUP($B22,#REF!,6,0) -> #REF! | H22: =VLOOKUP($B22,#REF!,7,0) -> #REF! | I22: =VLOOKUP($B22,#REF!,8,0) -> #REF! | K22: Cover | L22: -- | M22: -- | N22: -- | O22: Closed
D23: =VLOOKUP($B23,#REF!,3,0) -> #REF! | E23: =VLOOKUP($B23,#REF!,4,0) -> #REF! | F23: =VLOOKUP($B23,#REF!,5,0) -> #REF! | G23: =VLOOKUP($B23,#REF!,6,0) -> #REF! | H23: =VLOOKUP($B23,#REF!,7,0) -> #REF! | I23: =VLOOKUP($B23,#REF!,8,0) -> #REF! | K23: Height | L23: 115 | M23: 114 | N23: 113
B24: 8 | C24: S → N | D24: =VLOOKUP($B24,#REF!,3,0) -> #REF! | E24: =VLOOKUP($B24,#REF!,4,0) -> #REF! | F24: =VLOOKUP($B24,#REF!,5,0) -> #REF! | G24: =VLOOKUP($B24,#REF!,6,0) -> #REF! | H24: =VLOOKUP($B24,#REF!,7,0) -> #REF! | I24: =VLOOKUP($B24,#REF!,8,0) -> #REF! | K24: Cover | L24: -- | M24: -- | N24: -- | O24: Closed
D25: =VLOOKUP($B25,#REF!,3,0) -> #REF! | E25: =VLOOKUP($B25,#REF!,4,0) -> #REF! | F25: =VLOOKUP($B25,#REF!,5,0) -> #REF! | G25: =VLOOKUP($B25,#REF!,6,0) -> #REF! | H25: =VLOOKUP($B25,#REF!,7,0) -> #REF! | I25: =VLOOKUP($B25,#REF!,8,0) -> #REF! | K25: Height | L25: 111 | M25: 115 | N25: 111
B26: 9 | C26: N → S | D26: =VLOOKUP($B26,#REF!,3,0) -> #REF! | E26: =VLOOKUP($B26,#REF!,4,0) -> #REF! | F26: =VLOOKUP($B26,#REF!,5,0) -> #REF! | G26: =VLOOKUP($B26,#REF!,6,0) -> #REF! | H26: =VLOOKUP($B26,#REF!,7,0) -> #REF! | I26: =VLOOKUP($B26,#REF!,8,0) -> #REF! | J26: 1135 | K26: Cover | L26: 92 | M26: 89 | N26: 87 | O26: Partly closed
D27: =VLOOKUP($B27,#REF!,3,0) -> #REF! | E27: =VLOOKUP($B27,#REF!,4,0) -> #REF! | F27: =VLOOKUP($B27,#REF!,5,0) -> #REF! | G27: =VLOOKUP($B27,#REF!,6,0) -> #REF! | H27: =VLOOKUP($B27,#REF!,7,0) -> #REF! | I27: =VLOOKUP($B27,#REF!,8,0) -> #REF! | K27: Height | L27: 100 | M27: 99 | N27: 96
B28: 10 | C28: S → N | D28: =VLOOKUP($B28,#REF!,3,0) -> #REF! | E28: =VLOOKUP($B28,#REF!,4,0) -> #REF! | F28: =VLOOKUP($B28,#REF!,5,0) -> #REF! | G28: =VLOOKUP($B28,#REF!,6,0) -> #REF! | H28: =VLOOKUP($B28,#REF!,7,0) -> #REF! | I28: =VLOOKUP($B28,#REF!,8,0) -> #REF! | K28: Cover | L28: -- | M28: -- | N28: -- | O28: Closed
D29: =VLOOKUP($B29,#REF!,3,0) -> #REF! | E29: =VLOOKUP($B29,#REF!,4,0) -> #REF! | F29: =VLOOKUP($B29,#REF!,5,0) -> #REF! | G29: =VLOOKUP($B29,#REF!,6,0) -> #REF! | H29: =VLOOKUP($B29,#REF!,7,0) -> #REF! | I29: =VLOOKUP($B29,#REF!,8,0) -> #REF! | K29: Height | L29: 100 | M29: 115 | N29: 124
B30: 11 | C30: N → S | D30: =VLOOKUP($B30,#REF!,3,0) -> #REF! | E30: =VLOOKUP($B30,#REF!,4,0) -> #REF! | F30: =VLOOKUP($B30,#REF!,5,0) -> #REF! | G30: =VLOOKUP($B30,#REF!,6,0) -> #REF! | H30: =VLOOKUP($B30,#REF!,7,0) -> #REF! | I30: =VLOOKUP($B30,#REF!,8,0) -> #REF! | K30: Cover | L30: 94 | M30: -- | N30: 98 | O30: Partly closed
D31: =VLOOKUP($B31,#REF!,3,0) -> #REF! | E31: =VLOOKUP($B31,#REF!,4,0) -> #REF! | F31: =VLOOKUP($B31,#REF!,5,0) -> #REF! | G31: =VLOOKUP($B31,#REF!,6,0) -> #REF! | H31: =VLOOKUP($B31,#REF!,7,0) -> #REF! | I31: =VLOOKUP($B31,#REF!,8,0) -> #REF! | K31: Height | L31: 115 | M31: 116 | N31: 111
B32: 12 | C32: S → N | D32: =VLOOKUP($B32,#REF!,3,0) -> #REF! | E32: =VLOOKUP($B32,#REF!,4,0) -> #REF! | F32: =VLOOKUP($B32,#REF!,5,0) -> #REF! | G32: =VLOOKUP($B32,#REF!,6,0) -> #REF! | H32: =VLOOKUP($B32,#REF!,7,0) -> #REF! | I32: =VLOOKUP($B32,#REF!,8,0) -> #REF! | K32: Cover | L32: -- | M32: -- | N32: -- | O32: Closed
D33: =VLOOKUP($B33,#REF!,3,0) -> #REF! | E33: =VLOOKUP($B33,#REF!,4,0) -> #REF! | F33: =VLOOKUP($B33,#REF!,5,0) -> #REF! | G33: =VLOOKUP($B33,#REF!,6,0) -> #REF! | H33: =VLOOKUP($B33,#REF!,7,0) -> #REF! | I33: =VLOOKUP($B33,#REF!,8,0) -> #REF! | K33: Height | L33: 132 | M33: 114 | N33: 116
B34: 13 | C34: N → S | D34: =VLOOKUP($B34,#REF!,3,0) -> #REF! | E34: =VLOOKUP($B34,#REF!,4,0) -> #REF! | F34: =VLOOKUP($B34,#REF!,5,0) -> #REF! | G34: =VLOOKUP($B34,#REF!,6,0) -> #REF! | H34: =VLOOKUP($B34,#REF!,7,0) -> #REF! | I34: =VLOOKUP($B34,#REF!,8,0) -> #REF! | K34: Cover | L34: 81 | M34: 99 | N34: 97
D35: =VLOOKUP($B35,#REF!,3,0) -> #REF! | E35: =VLOOKUP($B35,#REF!,4,0) -> #REF! | F35: =VLOOKUP($B35,#REF!,5,0) -> #REF! | G35: =VLOOKUP($B35,#REF!,6,0) -> #REF! | H35: =VLOOKUP($B35,#REF!,7,0) -> #REF! | I35: =VLOOKUP($B35,#REF!,8,0) -> #REF! | K35: Height | L35: 95 | M35: 108 | N35: 104
B36: 14 | C36: S → N | D36: =VLOOKUP($B36,#REF!,3,0) -> #REF! | E36: =VLOOKUP($B36,#REF!,4,0) -> #REF! | F36: =VLOOKUP($B36,#REF!,5,0) -> #REF! | G36: =VLOOKUP($B36,#REF!,6,0) -> #REF! | H36: =VLOOKUP($B36,#REF!,7,0) -> #REF! | I36: =VLOOKUP($B36,#REF!,8,0) -> #REF! | K36: Cover | L36: -- | M36: -- | N36: -- | O36: Closed
D37: =VLOOKUP($B37,#REF!,3,0) -> #REF! | E37: =VLOOKUP($B37,#REF!,4,0) -> #REF! | F37: =VLOOKUP($B37,#REF!,5,0) -> #REF! | G37: =VLOOKUP($B37,#REF!,6,0) -> #REF! | H37: =VLOOKUP($B37,#REF!,7,0) -> #REF! | I37: =VLOOKUP($B37,#REF!,8,0) -> #REF! | K37: Height | L37: 126 | M37: 127 | N37: 121
B38: 15 | C38: N → S | D38: =VLOOKUP($B38,#REF!,3,0) -> #REF! | E38: =VLOOKUP($B38,#REF!,4,0) -> #REF! | F38: =VLOOKUP($B38,#REF!,5,0) -> #REF! | G38: =VLOOKUP($B38,#REF!,6,0) -> #REF! | H38: =VLOOKUP($B38,#REF!,7,0) -> #REF! | I38: =VLOOKUP($B38,#REF!,8,0) -> #REF! | K38: Cover | L38: 97 | M38: 95 | N38: 93 | O38: Partly closed
D39: =VLOOKUP($B39,#REF!,3,0) -> #REF! | E39: =VLOOKUP($B39,#REF!,4,0) -> #REF! | F39: =VLOOKUP($B39,#REF!,5,0) -> #REF! | G39: =VLOOKUP($B39,#REF!,6,0) -> #REF! | H39: =VLOOKUP($B39,#REF!,7,0) -> #REF! | I39: =VLOOKUP($B39,#REF!,8,0) -> #REF! | K39: Height | L39: 117 | M39: 108 | N39: 105
B40: 16 | C40: S → N | D40: =VLOOKUP($B40,#REF!,3,0) -> #REF! | E40: =VLOOKUP($B40,#REF!,4,0) -> #REF! | F40: =VLOOKUP($B40,#REF!,5,0) -> #REF! | G40: =VLOOKUP($B40,#REF!,6,0) -> #REF! | H40: =VLOOKUP($B40,#REF!,7,0) -> #REF! | I40: =VLOOKUP($B40,#REF!,8,0) -> #REF! | K40: Cover | L40: 92 | M40: 90 | N40: -- | O40: Partly closed
D41: =VLOOKUP($B41,#REF!,3,0) -> #REF! | E41: =VLOOKUP($B41,#REF!,4,0) -> #REF! | F41: =VLOOKUP($B41,#REF!,5,0) -> #REF! | G41: =VLOOKUP($B41,#REF!,6,0) -> #REF! | H41: =VLOOKUP($B41,#REF!,7,0) -> #REF! | I41: =VLOOKUP($B41,#REF!,8,0) -> #REF! | K41: Height | L41: 105 | M41: 98 | N41: 109
B42: 17 | C42: N → S | D42: =VLOOKUP($B42,#REF!,3,0) -> #REF! | E42: =VLOOKUP($B42,#REF!,4,0) -> #REF! | F42: =VLOOKUP($B42,#REF!,5,0) -> #REF! | G42: =VLOOKUP($B42,#REF!,6,0) -> #REF! | H42: =VLOOKUP($B42,#REF!,7,0) -> #REF! | I42: =VLOOKUP($B42,#REF!,8,0) -> #REF! | J42: 1300 | K42: Cover | L42: 87 | M42: 94 | N42: 85
K43: Height | L43: 91 | M43: 85 | N43: 105

Sheet doy224
A1: FISE2011 -Cotton Plant Cover and Heights
M2: Date: | N2: 40767
A3: Comments: | C3: After a light rain - wet. Overcast. Relatively clear. | M3: DOY: | N3: 224
B4: Field to be sprayed. I left when the airplane arrived. | M4: By: | N4: SMM
B5: Also checking for % open bolls.
B7: Plot | D7: Trt. | E7: Irrig. | F7: Pop. | G7: N | H7: Block | I7: Exotech Code | J7: Time | K7: Meas. (in cm) | L7: Point A | M7: Point B | N7: Point C | O7: Comments
L8: In row # 6 of each border - 2 rows west of neutron tubes.
B9: Plot | C9: Acron | D9: Trt | E9: Irr | F9: Pop | G9: Nit | H9: Block | I9: ExotechCode | J9: Time | K9: Meas | L9: 3.25 | M9: 7.25 | N9: 8.25
B10: 1 | C10: N → S | D10: =VLOOKUP($B10,#REF!,3,0) -> #REF! | E10: =VLOOKUP($B10,#REF!,4,0) -> #REF! | F10: =VLOOKUP($B10,#REF!,5,0) -> #REF! | G10: =VLOOKUP($B10,#REF!,6,0) -> #REF! | H10: =VLOOKUP($B10,#REF!,7,0) -> #REF! | I10: =VLOOKUP($B10,#REF!,8,0) -> #REF! | J10: 955 | K10: Cover | L10: -- | M10: 93 | N10: 97
D11: =VLOOKUP($B11,#REF!,3,0) -> #REF! | E11: =VLOOKUP($B11,#REF!,4,0) -> #REF! | F11: =VLOOKUP($B11,#REF!,5,0) -> #REF! | G11: =VLOOKUP($B11,#REF!,6,0) -> #REF! | H11: =VLOOKUP($B11,#REF!,7,0) -> #REF! | I11: =VLOOKUP($B11,#REF!,8,0) -> #REF! | K11: Height | L11: 106 | M11: 100 | N11: 94
B12: 2 | C12: S → N | D12: =VLOOKUP($B12,#REF!,3,0) -> #REF! | E12: =VLOOKUP($B12,#REF!,4,0) -> #REF! | F12: =VLOOKUP($B12,#REF!,5,0) -> #REF! | G12: =VLOOKUP($B12,#REF!,6,0) -> #REF! | H12: =VLOOKUP($B12,#REF!,7,0) -> #REF! | I12: =VLOOKUP($B12,#REF!,8,0) -> #REF! | K12: Cover | L12: 96 | M12: -- | N12: --
D13: =VLOOKUP($B13,#REF!,3,0) -> #REF! | E13: =VLOOKUP($B13,#REF!,4,0) -> #REF! | F13: =VLOOKUP($B13,#REF!,5,0) -> #REF! | G13: =VLOOKUP($B13,#REF!,6,0) -> #REF! | H13: =VLOOKUP($B13,#REF!,7,0) -> #REF! | I13: =VLOOKUP($B13,#REF!,8,0) -> #REF! | K13: Height | L13: 107 | M13: 111 | N13: 109
B14: 3 | C14: N → S | D14: =VLOOKUP($B14,#REF!,3,0) -> #REF! | E14: =VLOOKUP($B14,#REF!,4,0) -> #REF! | F14: =VLOOKUP($B14,#REF!,5,0) -> #REF! | G14: =VLOOKUP($B14,#REF!,6,0) -> #REF! | H14: =VLOOKUP($B14,#REF!,7,0) -> #REF! | I14: =VLOOKUP($B14,#REF!,8,0) -> #REF! | K14: Cover | L14: 98 | M14: 92 | N14: 93
D15: =VLOOKUP($B15,#REF!,3,0) -> #REF! | E15: =VLOOKUP($B15,#REF!,4,0) -> #REF! | F15: =VLOOKUP($B15,#REF!,5,0) -> #REF! | G15: =VLOOKUP($B15,#REF!,6,0) -> #REF! | H15: =VLOOKUP($B15,#REF!,7,0) -> #REF! | I15: =VLOOKUP($B15,#REF!,8,0) -> #REF! | K15: Height | L15: 109 | M15: 106 | N15: 98
B16: 4 | C16: S → N | D16: =VLOOKUP($B16,#REF!,3,0) -> #REF! | E16: =VLOOKUP($B16,#REF!,4,0) -> #REF! | F16: =VLOOKUP($B16,#REF!,5,0) -> #REF! | G16: =VLOOKUP($B16,#REF!,6,0) -> #REF! | H16: =VLOOKUP($B16,#REF!,7,0) -> #REF! | I16: =VLOOKUP($B16,#REF!,8,0) -> #REF! | K16: Cover | L16: -- | M16: -- | N16: --
D17: =VLOOKUP($B17,#REF!,3,0) -> #REF! | E17: =VLOOKUP($B17,#REF!,4,0) -> #REF! | F17: =VLOOKUP($B17,#REF!,5,0) -> #REF! | G17: =VLOOKUP($B17,#REF!,6,0) -> #REF! | H17: =VLOOKUP($B17,#REF!,7,0) -> #REF! | I17: =VLOOKUP($B17,#REF!,8,0) -> #REF! | K17: Height | L17: 119 | M17: 129 | N17: 118
B18: 5 | C18: N → S | D18: =VLOOKUP($B18,#REF!,3,0) -> #REF! | E18: =VLOOKUP($B18,#REF!,4,0) -> #REF! | F18: =VLOOKUP($B18,#REF!,5,0) -> #REF! | G18: =VLOOKUP($B18,#REF!,6,0) -> #REF! | H18: =VLOOKUP($B18,#REF!,7,0) -> #REF! | I18: =VLOOKUP($B18,#REF!,8,0) -> #REF! | K18: Cover | L18: -- | M18: -- | N18: --
D19: =VLOOKUP($B19,#REF!,3,0) -> #REF! | E19: =VLOOKUP($B19,#REF!,4,0) -> #REF! | F19: =VLOOKUP($B19,#REF!,5,0) -> #REF! | G19: =VLOOKUP($B19,#REF!,6,0) -> #REF! | H19: =VLOOKUP($B19,#REF!,7,0) -> #REF! | I19: =VLOOKUP($B19,#REF!,8,0) -> #REF! | K19: Height | L19: 111 | M19: 113 | N19: 110
B20: 6 | C20: S → N | D20: =VLOOKUP($B20,#REF!,3,0) -> #REF! | E20: =VLOOKUP($B20,#REF!,4,0) -> #REF! | F20: =VLOOKUP($B20,#REF!,5,0) -> #REF! | G20: =VLOOKUP($B20,#REF!,6,0) -> #REF! | H20: =VLOOKUP($B20,#REF!,7,0) -> #REF! | I20: =VLOOKUP($B20,#REF!,8,0) -> #REF! | K20: Cover | L20: 100 | M20: -- | N20: 98
D21: =VLOOKUP($B21,#REF!,3,0) -> #REF! | E21: =VLOOKUP($B21,#REF!,4,0) -> #REF! | F21: =VLOOKUP($B21,#REF!,5,0) -> #REF! | G21: =VLOOKUP($B21,#REF!,6,0) -> #REF! | H21: =VLOOKUP($B21,#REF!,7,0) -> #REF! | I21: =VLOOKUP($B21,#REF!,8,0) -> #REF! | K21: Height | L21: 108 | M21: 115 | N21: 114
B22: 7 | C22: N → S | D22: =VLOOKUP($B22,#REF!,3,0) -> #REF! | E22: =VLOOKUP($B22,#REF!,4,0) -> #REF! | F22: =VLOOKUP($B22,#REF!,5,0) -> #REF! | G22: =VLOOKUP($B22,#REF!,6,0) -> #REF! | H22: =VLOOKUP($B22,#REF!,7,0) -> #REF! | I22: =VLOOKUP($B22,#REF!,8,0) -> #REF! | K22: Cover | L22: -- | M22: -- | N22: --
D23: =VLOOKUP($B23,#REF!,3,0) -> #REF! | E23: =VLOOKUP($B23,#REF!,4,0) -> #REF! | F23: =VLOOKUP($B23,#REF!,5,0) -> #REF! | G23: =VLOOKUP($B23,#REF!,6,0) -> #REF! | H23: =VLOOKUP($B23,#REF!,7,0) -> #REF! | I23: =VLOOKUP($B23,#REF!,8,0) -> #REF! | K23: Height | L23: 121 | M23: 124 | N23: 115
B24: 8 | C24: S → N | D24: =VLOOKUP($B24,#REF!,3,0) -> #REF! | E24: =VLOOKUP($B24,#REF!,4,0) -> #REF! | F24: =VLOOKUP($B24,#REF!,5,0) -> #REF! | G24: =VLOOKUP($B24,#REF!,6,0) -> #REF! | H24: =VLOOKUP($B24,#REF!,7,0) -> #REF! | I24: =VLOOKUP($B24,#REF!,8,0) -> #REF! | K24: Cover | L24: -- | M24: -- | N24: --
D25: =VLOOKUP($B25,#REF!,3,0) -> #REF! | E25: =VLOOKUP($B25,#REF!,4,0) -> #REF! | F25: =VLOOKUP($B25,#REF!,5,0) -> #REF! | G25: =VLOOKUP($B25,#REF!,6,0) -> #REF! | H25: =VLOOKUP($B25,#REF!,7,0) -> #REF! | I25: =VLOOKUP($B25,#REF!,8,0) -> #REF! | K25: Height | L25: 113 | M25: 116 | N25: 113
B26: 9 | C26: N → S | D26: =VLOOKUP($B26,#REF!,3,0) -> #REF! | E26: =VLOOKUP($B26,#REF!,4,0) -> #REF! | F26: =VLOOKUP($B26,#REF!,5,0) -> #REF! | G26: =VLOOKUP($B26,#REF!,6,0) -> #REF! | H26: =VLOOKUP($B26,#REF!,7,0) -> #REF! | I26: =VLOOKUP($B26,#REF!,8,0) -> #REF! | J26: 1050 | K26: Cover | L26: 97 | M26: 92 | N26: 84
D27: =VLOOKUP($B27,#REF!,3,0) -> #REF! | E27: =VLOOKUP($B27,#REF!,4,0) -> #REF! | F27: =VLOOKUP($B27,#REF!,5,0) -> #REF! | G27: =VLOOKUP($B27,#REF!,6,0) -> #REF! | H27: =VLOOKUP($B27,#REF!,7,0) -> #REF! | I27: =VLOOKUP($B27,#REF!,8,0) -> #REF! | K27: Height | L27: 111 | M27: 105 | N27: 99
B28: 10 | C28: S → N | D28: =VLOOKUP($B28,#REF!,3,0) -> #REF! | E28: =VLOOKUP($B28,#REF!,4,0) -> #REF! | F28: =VLOOKUP($B28,#REF!,5,0) -> #REF! | G28: =VLOOKUP($B28,#REF!,6,0) -> #REF! | H28: =VLOOKUP($B28,#REF!,7,0) -> #REF! | I28: =VLOOKUP($B28,#REF!,8,0) -> #REF! | K28: Cover | L28: -- | M28: -- | N28: --
D29: =VLOOKUP($B29,#REF!,3,0) -> #REF! | E29: =VLOOKUP($B29,#REF!,4,0) -> #REF! | F29: =VLOOKUP($B29,#REF!,5,0) -> #REF! | G29: =VLOOKUP($B29,#REF!,6,0) -> #REF! | H29: =VLOOKUP($B29,#REF!,7,0) -> #REF! | I29: =VLOOKUP($B29,#REF!,8,0) -> #REF! | K29: Height | L29: 106 | M29: 116 | N29: 131
B30: 11 | C30: N → S | D30: =VLOOKUP($B30,#REF!,3,0) -> #REF! | E30: =VLOOKUP($B30,#REF!,4,0) -> #REF! | F30: =VLOOKUP($B30,#REF!,5,0) -> #REF! | G30: =VLOOKUP($B30,#REF!,6,0) -> #REF! | H30: =VLOOKUP($B30,#REF!,7,0) -> #REF! | I30: =VLOOKUP($B30,#REF!,8,0) -> #REF! | K30: Cover | L30: -- | M30: -- | N30: --
D31: =VLOOKUP($B31,#REF!,3,0) -> #REF! | E31: =VLOOKUP($B31,#REF!,4,0) -> #REF! | F31: =VLOOKUP($B31,#REF!,5,0) -> #REF! | G31: =VLOOKUP($B31,#REF!,6,0) -> #REF! | H31: =VLOOKUP($B31,#REF!,7,0) -> #REF! | I31: =VLOOKUP($B31,#REF!,8,0) -> #REF! | K31: Height | L31: 116 | M31: 119 | N31: 112
B32: 12 | C32: S → N | D32: =VLOOKUP($B32,#REF!,3,0) -> #REF! | E32: =VLOOKUP($B32,#REF!,4,0) -> #REF! | F32: =VLOOKUP($B32,#REF!,5,0) -> #REF! | G32: =VLOOKUP($B32,#REF!,6,0) -> #REF! | H32: =VLOOKUP($B32,#REF!,7,0) -> #REF! | I32: =VLOOKUP($B32,#REF!,8,0) -> #REF! | K32: Cover | L32: -- | M32: -- | N32: --
D33: =VLOOKUP($B33,#REF!,3,0) -> #REF! | E33: =VLOOKUP($B33,#REF!,4,0) -> #REF! | F33: =VLOOKUP($B33,#REF!,5,0) -> #REF! | G33: =VLOOKUP($B33,#REF!,6,0) -> #REF! | H33: =VLOOKUP($B33,#REF!,7,0) -> #REF! | I33: =VLOOKUP($B33,#REF!,8,0) -> #REF! | K33: Height | L33: 134 | M33: 134 | N33: 125
B34: 13 | C34: N → S | D34: =VLOOKUP($B34,#REF!,3,0) -> #REF! | E34: =VLOOKUP($B34,#REF!,4,0) -> #REF! | F34: =VLOOKUP($B34,#REF!,5,0) -> #REF! | G34: =VLOOKUP($B34,#REF!,6,0) -> #REF! | H34: =VLOOKUP($B34,#REF!,7,0) -> #REF! | I34: =VLOOKUP($B34,#REF!,8,0) -> #REF! | K34: Cover | L34: 95 | M34: 96 | N34: 103
D35: =VLOOKUP($B35,#REF!,3,0) -> #REF! | E35: =VLOOKUP($B35,#REF!,4,0) -> #REF! | F35: =VLOOKUP($B35,#REF!,5,0) -> #REF! | G35: =VLOOKUP($B35,#REF!,6,0) -> #REF! | H35: =VLOOKUP($B35,#REF!,7,0) -> #REF! | I35: =VLOOKUP($B35,#REF!,8,0) -> #REF! | K35: Height | L35: 109 | M35: 111 | N35: 110
B36: 14 | C36: S → N | D36: =VLOOKUP($B36,#REF!,3,0) -> #REF! | E36: =VLOOKUP($B36,#REF!,4,0) -> #REF! | F36: =VLOOKUP($B36,#REF!,5,0) -> #REF! | G36: =VLOOKUP($B36,#REF!,6,0) -> #REF! | H36: =VLOOKUP($B36,#REF!,7,0) -> #REF! | I36: =VLOOKUP($B36,#REF!,8,0) -> #REF! | J36: 1120 | K36: Cover | L36: -- | M36: -- | N36: --
D37: =VLOOKUP($B37,#REF!,3,0) -> #REF! | E37: =VLOOKUP($B37,#REF!,4,0) -> #REF! | F37: =VLOOKUP($B37,#REF!,5,0) -> #REF! | G37: =VLOOKUP($B37,#REF!,6,0) -> #REF! | H37: =VLOOKUP($B37,#REF!,7,0) -> #REF! | I37: =VLOOKUP($B37,#REF!,8,0) -> #REF! | K37: Height | L37: 134 | M37: 138 | N37: 131
B38: 15 | C38: N → S | D38: =VLOOKUP($B38,#REF!,3,0) -> #REF! | E38: =VLOOKUP($B38,#REF!,4,0) -> #REF! | F38: =VLOOKUP($B38,#REF!,5,0) -> #REF! | G38: =VLOOKUP($B38,#REF!,6,0) -> #REF! | H38: =VLOOKUP($B38,#REF!,7,0) -> #REF! | I38: =VLOOKUP($B38,#REF!,8,0) -> #REF! | K38: Cover | O38: Field spraying to start soon
D39: =VLOOKUP($B39,#REF!,3,0) -> #REF! | E39: =VLOOKUP($B39,#REF!,4,0) -> #REF! | F39: =VLOOKUP($B39,#REF!,5,0) -> #REF! | G39: =VLOOKUP($B39,#REF!,6,0) -> #REF! | H39: =VLOOKUP($B39,#REF!,7,0) -> #REF! | I39: =VLOOKUP($B39,#REF!,8,0) -> #REF! | K39: Height
B40: 16 | C40: S → N | D40: =VLOOKUP($B40,#REF!,3,0) -> #REF! | E40: =VLOOKUP($B40,#REF!,4,0) -> #REF! | F40: =VLOOKUP($B40,#REF!,5,0) -> #REF! | G40: =VLOOKUP($B40,#REF!,6,0) -> #REF! | H40: =VLOOKUP($B40,#REF!,7,0) -> #REF! | I40: =VLOOKUP($B40,#REF!,8,0) -> #REF! | K40: Cover
D41: =VLOOKUP($B41,#REF!,3,0) -> #REF! | E41: =VLOOKUP($B41,#REF!,4,0) -> #REF! | F41: =VLOOKUP($B41,#REF!,5,0) -> #REF! | G41: =VLOOKUP($B41,#REF!,6,0) -> #REF! | H41: =VLOOKUP($B41,#REF!,7,0) -> #REF! | I41: =VLOOKUP($B41,#REF!,8,0) -> #REF! | K41: Height
B42: 17 | C42: N → S | D42: =VLOOKUP($B42,#REF!,3,0) -> #REF! | E42: =VLOOKUP($B42,#REF!,4,0) -> #REF! | F42: =VLOOKUP($B42,#REF!,5,0) -> #REF! | G42: =VLOOKUP($B42,#REF!,6,0) -> #REF! | H42: =VLOOKUP($B42,#REF!,7,0) -> #REF! | I42: =VLOOKUP($B42,#REF!,8,0) -> #REF! | K42: Cover
K43: Height

Sheet doy231
A1: FISE2011 -Cotton Plant Cover and Heights
M2: Date: | N2: 40774
A3: Comments: | C3: Windy yesterday. Cotton branches drooping/spread a bit | M3: DOY: | N3: 231
B4: Nice day (for August) | M4: By: | N4: SMM
B7: Plot | D7: Trt. | E7: Irrig. | F7: Pop. | G7: N | H7: Block | I7: Exotech Code | J7: Time | K7: Meas. (in cm) | L7: Point A | M7: Point B | N7: Point C | O7: Comments
L8: In row # 6 of each border - 2 rows west of neutron tubes.
B9: Plot | C9: Acron | D9: Trt | E9: Irr | F9: Pop | G9: Nit | H9: Block | I9: ExotechCode | J9: Time | K9: Meas | L9: 3.25 | M9: 7.25 | N9: 8.25
B10: 1 | C10: N → S | D10: =VLOOKUP($B10,#REF!,3,0) -> #REF! | E10: =VLOOKUP($B10,#REF!,4,0) -> #REF! | F10: =VLOOKUP($B10,#REF!,5,0) -> #REF! | G10: =VLOOKUP($B10,#REF!,6,0) -> #REF! | H10: =VLOOKUP($B10,#REF!,7,0) -> #REF! | I10: =VLOOKUP($B10,#REF!,8,0) -> #REF! | J10: 905 | K10: Cover | L10: -- | M10: 98 | N10: 98
D11: =VLOOKUP($B11,#REF!,3,0) -> #REF! | E11: =VLOOKUP($B11,#REF!,4,0) -> #REF! | F11: =VLOOKUP($B11,#REF!,5,0) -> #REF! | G11: =VLOOKUP($B11,#REF!,6,0) -> #REF! | H11: =VLOOKUP($B11,#REF!,7,0) -> #REF! | I11: =VLOOKUP($B11,#REF!,8,0) -> #REF! | K11: Height | L11: 112 | M11: 109 | N11: 107
B12: 2 | C12: S → N | D12: =VLOOKUP($B12,#REF!,3,0) -> #REF! | E12: =VLOOKUP($B12,#REF!,4,0) -> #REF! | F12: =VLOOKUP($B12,#REF!,5,0) -> #REF! | G12: =VLOOKUP($B12,#REF!,6,0) -> #REF! | H12: =VLOOKUP($B12,#REF!,7,0) -> #REF! | I12: =VLOOKUP($B12,#REF!,8,0) -> #REF! | K12: Cover | L12: -- | M12: -- | N12: --
D13: =VLOOKUP($B13,#REF!,3,0) -> #REF! | E13: =VLOOKUP($B13,#REF!,4,0) -> #REF! | F13: =VLOOKUP($B13,#REF!,5,0) -> #REF! | G13: =VLOOKUP($B13,#REF!,6,0) -> #REF! | H13: =VLOOKUP($B13,#REF!,7,0) -> #REF! | I13: =VLOOKUP($B13,#REF!,8,0) -> #REF! | K13: Height | L13: 111 | M13: 114 | N13: 114
B14: 3 | C14: N → S | D14: =VLOOKUP($B14,#REF!,3,0) -> #REF! | E14: =VLOOKUP($B14,#REF!,4,0) -> #REF! | F14: =VLOOKUP($B14,#REF!,5,0) -> #REF! | G14: =VLOOKUP($B14,#REF!,6,0) -> #REF! | H14: =VLOOKUP($B14,#REF!,7,0) -> #REF! | I14: =VLOOKUP($B14,#REF!,8,0) -> #REF! | K14: Cover | L14: -- | M14: -- | N14: --
D15: =VLOOKUP($B15,#REF!,3,0) -> #REF! | E15: =VLOOKUP($B15,#REF!,4,0) -> #REF! | F15: =VLOOKUP($B15,#REF!,5,0) -> #REF! | G15: =VLOOKUP($B15,#REF!,6,0) -> #REF! | H15: =VLOOKUP($B15,#REF!,7,0) -> #REF! | I15: =VLOOKUP($B15,#REF!,8,0) -> #REF! | K15: Height | L15: 109 | M15: 114 | N15: 109
B16: 4 | C16: S → N | D16: =VLOOKUP($B16,#REF!,3,0) -> #REF! | E16: =VLOOKUP($B16,#REF!,4,0) -> #REF! | F16: =VLOOKUP($B16,#REF!,5,0) -> #REF! | G16: =VLOOKUP($B16,#REF!,6,0) -> #REF! | H16: =VLOOKUP($B16,#REF!,7,0) -> #REF! | I16: =VLOOKUP($B16,#REF!,8,0) -> #REF! | K16: Cover | L16: -- | M16: -- | N16: --
D17: =VLOOKUP($B17,#REF!,3,0) -> #REF! | E17: =VLOOKUP($B17,#REF!,4,0) -> #REF! | F17: =VLOOKUP($B17,#REF!,5,0) -> #REF! | G17: =VLOOKUP($B17,#REF!,6,0) -> #REF! | H17: =VLOOKUP($B17,#REF!,7,0) -> #REF! | I17: =VLOOKUP($B17,#REF!,8,0) -> #REF! | K17: Height | L17: 120 | M17: 126 | N17: 118
B18: 5 | C18: N → S | D18: =VLOOKUP($B18,#REF!,3,0) -> #REF! | E18: =VLOOKUP($B18,#REF!,4,0) -> #REF! | F18: =VLOOKUP($B18,#REF!,5,0) -> #REF! | G18: =VLOOKUP($B18,#REF!,6,0) -> #REF! | H18: =VLOOKUP($B18,#REF!,7,0) -> #REF! | I18: =VLOOKUP($B18,#REF!,8,0) -> #REF! | K18: Cover | L18: -- | M18: -- | N18: --
D19: =VLOOKUP($B19,#REF!,3,0) -> #REF! | E19: =VLOOKUP($B19,#REF!,4,0) -> #REF! | F19: =VLOOKUP($B19,#REF!,5,0) -> #REF! | G19: =VLOOKUP($B19,#REF!,6,0) -> #REF! | H19: =VLOOKUP($B19,#REF!,7,0) -> #REF! | I19: =VLOOKUP($B19,#REF!,8,0) -> #REF! | K19: Height | L19: 117 | M19: 120 | N19: 114
B20: 6 | C20: S → N | D20: =VLOOKUP($B20,#REF!,3,0) -> #REF! | E20: =VLOOKUP($B20,#REF!,4,0) -> #REF! | F20: =VLOOKUP($B20,#REF!,5,0) -> #REF! | G20: =VLOOKUP($B20,#REF!,6,0) -> #REF! | H20: =VLOOKUP($B20,#REF!,7,0) -> #REF! | I20: =VLOOKUP($B20,#REF!,8,0) -> #REF! | K20: Cover | L20: -- | M20: -- | N20: --
D21: =VLOOKUP($B21,#REF!,3,0) -> #REF! | E21: =VLOOKUP($B21,#REF!,4,0) -> #REF! | F21: =VLOOKUP($B21,#REF!,5,0) -> #REF! | G21: =VLOOKUP($B21,#REF!,6,0) -> #REF! | H21: =VLOOKUP($B21,#REF!,7,0) -> #REF! | I21: =VLOOKUP($B21,#REF!,8,0) -> #REF! | K21: Height | L21: 109 | M21: 124 | N21: 114
B22: 7 | C22: N → S | D22: =VLOOKUP($B22,#REF!,3,0) -> #REF! | E22: =VLOOKUP($B22,#REF!,4,0) -> #REF! | F22: =VLOOKUP($B22,#REF!,5,0) -> #REF! | G22: =VLOOKUP($B22,#REF!,6,0) -> #REF! | H22: =VLOOKUP($B22,#REF!,7,0) -> #REF! | I22: =VLOOKUP($B22,#REF!,8,0) -> #REF! | K22: Cover | L22: -- | M22: -- | N22: --
D23: =VLOOKUP($B23,#REF!,3,0) -> #REF! | E23: =VLOOKUP($B23,#REF!,4,0) -> #REF! | F23: =VLOOKUP($B23,#REF!,5,0) -> #REF! | G23: =VLOOKUP($B23,#REF!,6,0) -> #REF! | H23: =VLOOKUP($B23,#REF!,7,0) -> #REF! | I23: =VLOOKUP($B23,#REF!,8,0) -> #REF! | K23: Height | L23: 120 | M23: 128 | N23: 126
B24: 8 | C24: S → N | D24: =VLOOKUP($B24,#REF!,3,0) -> #REF! | E24: =VLOOKUP($B24,#REF!,4,0) -> #REF! | F24: =VLOOKUP($B24,#REF!,5,0) -> #REF! | G24: =VLOOKUP($B24,#REF!,6,0) -> #REF! | H24: =VLOOKUP($B24,#REF!,7,0) -> #REF! | I24: =VLOOKUP($B24,#REF!,8,0) -> #REF! | K24: Cover | L24: -- | M24: -- | N24: --
D25: =VLOOKUP($B25,#REF!,3,0) -> #REF! | E25: =VLOOKUP($B25,#REF!,4,0) -> #REF! | F25: =VLOOKUP($B25,#REF!,5,0) -> #REF! | G25: =VLOOKUP($B25,#REF!,6,0) -> #REF! | H25: =VLOOKUP($B25,#REF!,7,0) -> #REF! | I25: =VLOOKUP($B25,#REF!,8,0) -> #REF! | K25: Height | L25: 126 | M25: 123 | N25: 111
B26: 9 | C26: N → S | D26: =VLOOKUP($B26,#REF!,3,0) -> #REF! | E26: =VLOOKUP($B26,#REF!,4,0) -> #REF! | F26: =VLOOKUP($B26,#REF!,5,0) -> #REF! | G26: =VLOOKUP($B26,#REF!,6,0) -> #REF! | H26: =VLOOKUP($B26,#REF!,7,0) -> #REF! | I26: =VLOOKUP($B26,#REF!,8,0) -> #REF! | J26: 945 | K26: Cover | L26: 99 | M26: -- | N26: 92
D27: =VLOOKUP($B27,#REF!,3,0) -> #REF! | E27: =VLOOKUP($B27,#REF!,4,0) -> #REF! | F27: =VLOOKUP($B27,#REF!,5,0) -> #REF! | G27: =VLOOKUP($B27,#REF!,6,0) -> #REF! | H27: =VLOOKUP($B27,#REF!,7,0) -> #REF! | I27: =VLOOKUP($B27,#REF!,8,0) -> #REF! | K27: Height | L27: 107 | M27: 111 | N27: 104
B28: 10 | C28: S → N | D28: =VLOOKUP($B28,#REF!,3,0) -> #REF! | E28: =VLOOKUP($B28,#REF!,4,0) -> #REF! | F28: =VLOOKUP($B28,#REF!,5,0) -> #REF! | G28: =VLOOKUP($B28,#REF!,6,0) -> #REF! | H28: =VLOOKUP($B28,#REF!,7,0) -> #REF! | I28: =VLOOKUP($B28,#REF!,8,0) -> #REF! | K28: Cover | L28: -- | M28: -- | N28: --
D29: =VLOOKUP($B29,#REF!,3,0) -> #REF! | E29: =VLOOKUP($B29,#REF!,4,0) -> #REF! | F29: =VLOOKUP($B29,#REF!,5,0) -> #REF! | G29: =VLOOKUP($B29,#REF!,6,0) -> #REF! | H29: =VLOOKUP($B29,#REF!,7,0) -> #REF! | I29: =VLOOKUP($B29,#REF!,8,0) -> #REF! | K29: Height | L29: 105 | M29: 118 | N29: 128
B30: 11 | C30: N → S | D30: =VLOOKUP($B30,#REF!,3,0) -> #REF! | E30: =VLOOKUP($B30,#REF!,4,0) -> #REF! | F30: =VLOOKUP($B30,#REF!,5,0) -> #REF! | G30: =VLOOKUP($B30,#REF!,6,0) -> #REF! | H30: =VLOOKUP($B30,#REF!,7,0) -> #REF! | I30: =VLOOKUP($B30,#REF!,8,0) -> #REF! | K30: Cover | L30: -- | M30: -- | N30: --
D31: =VLOOKUP($B31,#REF!,3,0) -> #REF! | E31: =VLOOKUP($B31,#REF!,4,0) -> #REF! | F31: =VLOOKUP($B31,#REF!,5,0) -> #REF! | G31: =VLOOKUP($B31,#REF!,6,0) -> #REF! | H31: =VLOOKUP($B31,#REF!,7,0) -> #REF! | I31: =VLOOKUP($B31,#REF!,8,0) -> #REF! | K31: Height | L31: 119 | M31: 122 | N31: 117
B32: 12 | C32: S → N | D32: =VLOOKUP($B32,#REF!,3,0) -> #REF! | E32: =VLOOKUP($B32,#REF!,4,0) -> #REF! | F32: =VLOOKUP($B32,#REF!,5,0) -> #REF! | G32: =VLOOKUP($B32,#REF!,6,0) -> #REF! | H32: =VLOOKUP($B32,#REF!,7,0) -> #REF! | I32: =VLOOKUP($B32,#REF!,8,0) -> #REF! | K32: Cover | L32: -- | M32: -- | N32: --
D33: =VLOOKUP($B33,#REF!,3,0) -> #REF! | E33: =VLOOKUP($B33,#REF!,4,0) -> #REF! | F33: =VLOOKUP($B33,#REF!,5,0) -> #REF! | G33: =VLOOKUP($B33,#REF!,6,0) -> #REF! | H33: =VLOOKUP($B33,#REF!,7,0) -> #REF! | I33: =VLOOKUP($B33,#REF!,8,0) -> #REF! | K33: Height | L33: 139 | M33: 141 | N33: 128
B34: 13 | C34: N → S | D34: =VLOOKUP($B34,#REF!,3,0) -> #REF! | E34: =VLOOKUP($B34,#REF!,4,0) -> #REF! | F34: =VLOOKUP($B34,#REF!,5,0) -> #REF! | G34: =VLOOKUP($B34,#REF!,6,0) -> #REF! | H34: =VLOOKUP($B34,#REF!,7,0) -> #REF! | I34: =VLOOKUP($B34,#REF!,8,0) -> #REF! | K34: Cover | L34: -- | M34: -- | N34: --
D35: =VLOOKUP($B35,#REF!,3,0) -> #REF! | E35: =VLOOKUP($B35,#REF!,4,0) -> #REF! | F35: =VLOOKUP($B35,#REF!,5,0) -> #REF! | G35: =VLOOKUP($B35,#REF!,6,0) -> #REF! | H35: =VLOOKUP($B35,#REF!,7,0) -> #REF! | I35: =VLOOKUP($B35,#REF!,8,0) -> #REF! | K35: Height | L35: 110 | M35: 115 | N35: 114
B36: 14 | C36: S → N | D36: =VLOOKUP($B36,#REF!,3,0) -> #REF! | E36: =VLOOKUP($B36,#REF!,4,0) -> #REF! | F36: =VLOOKUP($B36,#REF!,5,0) -> #REF! | G36: =VLOOKUP($B36,#REF!,6,0) -> #REF! | H36: =VLOOKUP($B36,#REF!,7,0) -> #REF! | I36: =VLOOKUP($B36,#REF!,8,0) -> #REF! | K36: Cover | L36: -- | M36: -- | N36: --
D37: =VLOOKUP($B37,#REF!,3,0) -> #REF! | E37: =VLOOKUP($B37,#REF!,4,0) -> #REF! | F37: =VLOOKUP($B37,#REF!,5,0) -> #REF! | G37: =VLOOKUP($B37,#REF!,6,0) -> #REF! | H37: =VLOOKUP($B37,#REF!,7,0) -> #REF! | I37: =VLOOKUP($B37,#REF!,8,0) -> #REF! | K37: Height | L37: 142 | M37: 139 | N37: 134
B38: 15 | C38: N → S | D38: =VLOOKUP($B38,#REF!,3,0) -> #REF! | E38: =VLOOKUP($B38,#REF!,4,0) -> #REF! | F38: =VLOOKUP($B38,#REF!,5,0) -> #REF! | G38: =VLOOKUP($B38,#REF!,6,0) -> #REF! | H38: =VLOOKUP($B38,#REF!,7,0) -> #REF! | I38: =VLOOKUP($B38,#REF!,8,0) -> #REF! | K38: Cover | L38: -- | M38: -- | N38: --
D39: =VLOOKUP($B39,#REF!,3,0) -> #REF! | E39: =VLOOKUP($B39,#REF!,4,0) -> #REF! | F39: =VLOOKUP($B39,#REF!,5,0) -> #REF! | G39: =VLOOKUP($B39,#REF!,6,0) -> #REF! | H39: =VLOOKUP($B39,#REF!,7,0) -> #REF! | I39: =VLOOKUP($B39,#REF!,8,0) -> #REF! | K39: Height | L39: 128 | M39: 116 | N39: 121
B40: 16 | C40: S → N | D40: =VLOOKUP($B40,#REF!,3,0) -> #REF! | E40: =VLOOKUP($B40,#REF!,4,0) -> #REF! | F40: =VLOOKUP($B40,#REF!,5,0) -> #REF! | G40: =VLOOKUP($B40,#REF!,6,0) -> #REF! | H40: =VLOOKUP($B40,#REF!,7,0) -> #REF! | I40: =VLOOKUP($B40,#REF!,8,0) -> #REF! | K40: Cover | L40: -- | M40: -- | N40: --
D41: =VLOOKUP($B41,#REF!,3,0) -> #REF! | E41: =VLOOKUP($B41,#REF!,4,0) -> #REF! | F41: =VLOOKUP($B41,#REF!,5,0) -> #REF! | G41: =VLOOKUP($B41,#REF!,6,0) -> #REF! | H41: =VLOOKUP($B41,#REF!,7,0) -> #REF! | I41: =VLOOKUP($B41,#REF!,8,0) -> #REF! | K41: Height | L41: 110 | M41: 111 | N41: 119
B42: 17 | C42: N → S | D42: =VLOOKUP($B42,#REF!,3,0) -> #REF! | E42: =VLOOKUP($B42,#REF!,4,0) -> #REF! | F42: =VLOOKUP($B42,#REF!,5,0) -> #REF! | G42: =VLOOKUP($B42,#REF!,6,0) -> #REF! | H42: =VLOOKUP($B42,#REF!,7,0) -> #REF! | I42: =VLOOKUP($B42,#REF!,8,0) -> #REF! | J42: 1050 | K42: Cover | L42: -- | M42: -- | N42: --
K43: Height | L43: 117 | M43: 106 | N43: 128

Sheet Averages
A1: FISE2011 -Cotton Plant Cover and Heights
C4: "--" = no data for this plot or less than 3 measurements for this plot (plot partly closed)
D6: doy 130 | E6: doy 139 | F6: doy 146 | G6: doy 153 | H6: doy 159 | I6: doy 168 | J6: doy 173 | K6: doy 179 | L6: doy 187 | M6: doy 193 | N6: doy 203 | O6: doy 213 | P6: doy 224 | Q6: doy 231
B7: Plot | C7: Meas. (in cm) | D7: Average | E7: Average | F7: Average | G7: Average | H7: Average | I7: Average | J7: Average | K7: Average | L7: Average | M7: Average | N7: Average | O7: Average | P7: Average | Q7: Average
B9: Plot | C9: Meas
B10: 1 | C10: Cover | D10: =IF(COUNT('doy130'!$L10:$N10)=3,(AVERAGE('doy130'!$L10:$N10)),"--") -> 7 | E10: =IF(COUNT('doy139'!$L10:$N10)=3,(AVERAGE('doy139'!$L10:$N10)),"--") -> 13 | F10: =IF(COUNT('doy146'!$L10:$N10)=3,(AVERAGE('doy146'!$L10:$N10)),"--") -> 19.666667 | G10: =IF(COUNT('doy153'!$L10:$N10)=3,(AVERAGE('doy153'!$L10:$N10)),"--") -> 25.333333 | H10: =IF(COUNT('doy159'!$L10:$N10)=3,(AVERAGE('doy159'!$L10:$N10)),"--") -> 33.333333 | I10: =IF(COUNT('doy168'!$L10:$N10)=3,(AVERAGE('doy168'!$L10:$N10)),"--") -> 37 | J10: =IF(COUNT('doy173'!$L10:$N10)=3,(AVERAGE('doy173'!$L10:$N10)),"--") -> 46.333333 | K10: =IF(COUNT('doy179'!$L10:$N10)=3,(AVERAGE('doy179'!$L10:$N10)),"--") -> 56.666667 | L10: =IF(COUNT('doy187'!$L10:$N10)=3,(AVERAGE('doy187'!$L10:$N10)),"--") -> 71.666667 | M10: =IF(COUNT('doy193'!$L10:$N10)=3,(AVERAGE('doy193'!$L10:$N10)),"--") -> 81.333333 | N10: =IF(COUNT('doy203'!$L10:$N10)=3,(AVERAGE('doy203'!$L10:$N10)),"--") -> 87 | O10: =IF(COUNT('doy213'!$L10:$N10)=3,(AVERAGE('doy213'!$L10:$N10)),"--") -> -- | P10: =IF(COUNT('doy224'!$L10:$N10)=3,(AVERAGE('doy224'!$L10:$N10)),"--") -> -- | Q10: =IF(COUNT('doy231'!$L10:$N10)=3,(AVERAGE('doy231'!$L10:$N10)),"--") -> --
C11: Height | D11: =IF(COUNT('doy130'!$L11:$N11)=3,(AVERAGE('doy130'!$L11:$N11)),"--") -> 8 | E11: =IF(COUNT('doy139'!$L11:$N11)=3,(AVERAGE('doy139'!$L11:$N11)),"--") -> 15.666667 | F11: =IF(COUNT('doy146'!$L11:$N11)=3,(AVERAGE('doy146'!$L11:$N11)),"--") -> 20.333333 | G11: =IF(COUNT('doy153'!$L11:$N11)=3,(AVERAGE('doy153'!$L11:$N11)),"--") -> 26.666667 | H11: =IF(COUNT('doy159'!$L11:$N11)=3,(AVERAGE('doy159'!$L11:$N11)),"--") -> 38.333333 | I11: =IF(COUNT('doy168'!$L11:$N11)=3,(AVERAGE('doy168'!$L11:$N11)),"--") -> 50 | J11: =IF(COUNT('doy173'!$L11:$N11)=3,(AVERAGE('doy173'!$L11:$N11)),"--") -> 53.666667 | K11: =IF(COUNT('doy179'!$L11:$N11)=3,(AVERAGE('doy179'!$L11:$N11)),"--") -> 64 | L11: =IF(COUNT('doy187'!$L11:$N11)=3,(AVERAGE('doy187'!$L11:$N11)),"--") -> 76.333333 | M11: =IF(COUNT('doy193'!$L11:$N11)=3,(AVERAGE('doy193'!$L11:$N11)),"--") -> 87.666667 | N11: =IF(COUNT('doy203'!$L11:$N11)=3,(AVERAGE('doy203'!$L11:$N11)),"--") -> 97 | O11: =IF(COUNT('doy213'!$L11:$N11)=3,(AVERAGE('doy213'!$L11:$N11)),"--") -> 100 | P11: =IF(COUNT('doy224'!$L11:$N11)=3,(AVERAGE('doy224'!$L11:$N11)),"--") -> 100 | Q11: =IF(COUNT('doy231'!$L11:$N11)=3,(AVERAGE('doy231'!$L11:$N11)),"--") -> 109.33333
B12: 2 | C12: Cover | D12: =IF(COUNT('doy130'!$L12:$N12)=3,(AVERAGE('doy130'!$L12:$N12)),"--") -> 6.3333333 | E12: =IF(COUNT('doy139'!$L12:$N12)=3,(AVERAGE('doy139'!$L12:$N12)),"--") -> 12.333333 | F12: =IF(COUNT('doy146'!$L12:$N12)=3,(AVERAGE('doy146'!$L12:$N12)),"--") -> 18.333333 | G12: =IF(COUNT('doy153'!$L12:$N12)=3,(AVERAGE('doy153'!$L12:$N12)),"--") -> 27 | H12: =IF(COUNT('doy159'!$L12:$N12)=3,(AVERAGE('doy159'!$L12:$N12)),"--") -> 36.333333 | I12: =IF(COUNT('doy168'!$L12:$N12)=3,(AVERAGE('doy168'!$L12:$N12)),"--") -> 42 | J12: =IF(COUNT('doy173'!$L12:$N12)=3,(AVERAGE('doy173'!$L12:$N12)),"--") -> 52.333333 | K12: =IF(COUNT('doy179'!$L12:$N12)=3,(AVERAGE('doy179'!$L12:$N12)),"--") -> 60 | L12: =IF(COUNT('doy187'!$L12:$N12)=3,(AVERAGE('doy187'!$L12:$N12)),"--") -> -- | M12: =IF(COUNT('doy193'!$L12:$N12)=3,(AVERAGE('doy193'!$L12:$N12)),"--") -> 73.333333 | N12: =IF(COUNT('doy203'!$L12:$N12)=3,(AVERAGE('doy203'!$L12:$N12)),"--") -> 98.333333 | O12: =IF(COUNT('doy213'!$L12:$N12)=3,(AVERAGE('doy213'!$L12:$N12)),"--") -> -- | P12: =IF(COUNT('doy224'!$L12:$N12)=3,(AVERAGE('doy224'!$L12:$N12)),"--") -> -- | Q12: =IF(COUNT('doy231'!$L12:$N12)=3,(AVERAGE('doy231'!$L12:$N12)),"--") -> --
C13: Height | D13: =IF(COUNT('doy130'!$L13:$N13)=3,(AVERAGE('doy130'!$L13:$N13)),"--") -> 7.3333333 | E13: =IF(COUNT('doy139'!$L13:$N13)=3,(AVERAGE('doy139'!$L13:$N13)),"--") -> 16 | F13: =IF(COUNT('doy146'!$L13:$N13)=3,(AVERAGE('doy146'!$L13:$N13)),"--") -> 22.333333 | G13: =IF(COUNT('doy153'!$L13:$N13)=3,(AVERAGE('doy153'!$L13:$N13)),"--") -> 29 | H13: =IF(COUNT('doy159'!$L13:$N13)=3,(AVERAGE('doy159'!$L13:$N13)),"--") -> 41.333333 | I13: =IF(COUNT('doy168'!$L13:$N13)=3,(AVERAGE('doy168'!$L13:$N13)),"--") -> 51.666667 | J13: =IF(COUNT('doy173'!$L13:$N13)=3,(AVERAGE('doy173'!$L13:$N13)),"--") -> 63.666667 | K13: =IF(COUNT('doy179'!$L13:$N13)=3,(AVERAGE('doy179'!$L13:$N13)),"--") -> 75.666667 | L13: =IF(COUNT('doy187'!$L13:$N13)=3,(AVERAGE('doy187'!$L13:$N13)),"--") -> -- | M13: =IF(COUNT('doy193'!$L13:$N13)=3,(AVERAGE('doy193'!$L13:$N13)),"--") -> 90.333333 | N13: =IF(COUNT('doy203'!$L13:$N13)=3,(AVERAGE('doy203'!$L13:$N13)),"--") -> 103 | O13: =IF(COUNT('doy213'!$L13:$N13)=3,(AVERAGE('doy213'!$L13:$N13)),"--") -> 108.33333 | P13: =IF(COUNT('doy224'!$L13:$N13)=3,(AVERAGE('doy224'!$L13:$N13)),"--") -> 109 | Q13: =IF(COUNT('doy231'!$L13:$N13)=3,(AVERAGE('doy231'!$L13:$N13)),"--") -> 113
B14: 3 | C14: Cover | D14: =IF(COUNT('doy130'!$L14:$N14)=3,(AVERAGE('doy130'!$L14:$N14)),"--") -> 6.6666667 | E14: =IF(COUNT('doy139'!$L14:$N14)=3,(AVERAGE('doy139'!$L14:$N14)),"--") -> 12 | F14: =IF(COUNT('doy146'!$L14:$N14)=3,(AVERAGE('doy146'!$L14:$N14)),"--") -> 19 | G14: =IF(COUNT('doy153'!$L14:$N14)=3,(AVERAGE('doy153'!$L14:$N14)),"--") -> 24.666667 | H14: =IF(COUNT('doy159'!$L14:$N14)=3,(AVERAGE('doy159'!$L14:$N14)),"--") -> 37 | I14: =IF(COUNT('doy168'!$L14:$N14)=3,(AVERAGE('doy168'!$L14:$N14)),"--") -> -- | J14: =IF(COUNT('doy173'!$L14:$N14)=3,(AVERAGE('doy173'!$L14:$N14)),"--") -> 50.666667 | K14: =IF(COUNT('doy179'!$L14:$N14)=3,(AVERAGE('doy179'!$L14:$N14)),"--") -> 47.666667 | L14: =IF(COUNT('doy187'!$L14:$N14)=3,(AVERAGE('doy187'!$L14:$N14)),"--") -> 56.333333 | M14: =IF(COUNT('doy193'!$L14:$N14)=3,(AVERAGE('doy193'!$L14:$N14)),"--") -> 56.666667 | N14: =IF(COUNT('doy203'!$L14:$N14)=3,(AVERAGE('doy203'!$L14:$N14)),"--") -> 72.333333 | O14: =IF(COUNT('doy213'!$L14:$N14)=3,(AVERAGE('doy213'!$L14:$N14)),"--") -> 90.333333 | P14: =IF(COUNT('doy224'!$L14:$N14)=3,(AVERAGE('doy224'!$L14:$N14)),"--") -> 94.333333 | Q14: =IF(COUNT('doy231'!$L14:$N14)=3,(AVERAGE('doy231'!$L14:$N14)),"--") -> --
C15: Height | D15: =IF(COUNT('doy130'!$L15:$N15)=3,(AVERAGE('doy130'!$L15:$N15)),"--") -> 7.3333333 | E15: =IF(COUNT('doy139'!$L15:$N15)=3,(AVERAGE('doy139'!$L15:$N15)),"--") -> 14.333333 | F15: =IF(COUNT('doy146'!$L15:$N15)=3,(AVERAGE('doy146'!$L15:$N15)),"--") -> 21.333333 | G15: =IF(COUNT('doy153'!$L15:$N15)=3,(AVERAGE('doy153'!$L15:$N15)),"--") -> 26 | H15: =IF(COUNT('doy159'!$L15:$N15)=3,(AVERAGE('doy159'!$L15:$N15)),"--") -> 37.333333 | I15: =IF(COUNT('doy168'!$L15:$N15)=3,(AVERAGE('doy168'!$L15:$N15)),"--") -> -- | J15: =IF(COUNT('doy173'!$L15:$N15)=3,(AVERAGE('doy173'!$L15:$N15)),"--") -> 59 | K15: =IF(COUNT('doy179'!$L15:$N15)=3,(AVERAGE('doy179'!$L15:$N15)),"--") -> 61.333333 | L15: =IF(COUNT('doy187'!$L15:$N15)=3,(AVERAGE('doy187'!$L15:$N15)),"--") -> 69.666667 | M15: =IF(COUNT('doy193'!$L15:$N15)=3,(AVERAGE('doy193'!$L15:$N15)),"--") -> 74.666667 | N15: =IF(COUNT('doy203'!$L15:$N15)=3,(AVERAGE('doy203'!$L15:$N15)),"--") -> 85 | O15: =IF(COUNT('doy213'!$L15:$N15)=3,(AVERAGE('doy213'!$L15:$N15)),"--") -> 96 | P15: =IF(COUNT('doy224'!$L15:$N15)=3,(AVERAGE('doy224'!$L15:$N15)),"--") -> 104.33333 | Q15: =IF(COUNT('doy231'!$L15:$N15)=3,(AVERAGE('doy231'!$L15:$N15)),"--") -> 110.66667
B16: 4 | C16: Cover | D16: =IF(COUNT('doy130'!$L16:$N16)=3,(AVERAGE('doy130'!$L16:$N16)),"--") -> 6.6666667 | E16: =IF(COUNT('doy139'!$L16:$N16)=3,(AVERAGE('doy139'!$L16:$N16)),"--") -> 13 | F16: =IF(COUNT('doy146'!$L16:$N16)=3,(AVERAGE('doy146'!$L16:$N16)),"--") -> 18.333333 | G16: =IF(COUNT('doy153'!$L16:$N16)=3,(AVERAGE('doy153'!$L16:$N16)),"--") -> 27.666667 | H16: =IF(COUNT('doy159'!$L16:$N16)=3,(AVERAGE('doy159'!$L16:$N16)),"--") -> 35.333333 | I16: =IF(COUNT('doy168'!$L16:$N16)=3,(AVERAGE('doy168'!$L16:$N16)),"--") -> 49.333333 | J16: =IF(COUNT('doy173'!$L16:$N16)=3,(AVERAGE('doy173'!$L16:$N16)),"--") -> 56 | K16: =IF(COUNT('doy179'!$L16:$N16)=3,(AVERAGE('doy179'!$L16:$N16)),"--") -> 65.666667 | L16: =IF(COUNT('doy187'!$L16:$N16)=3,(AVERAGE('doy187'!$L16:$N16)),"--") -> -- | M16: =IF(COUNT('doy193'!$L16:$N16)=3,(AVERAGE('doy193'!$L16:$N16)),"--") -> 83 | N16: =IF(COUNT('doy203'!$L16:$N16)=3,(AVERAGE('doy203'!$L16:$N16)),"--") -> 96.666667 | O16: =IF(COUNT('doy213'!$L16:$N16)=3,(AVERAGE('doy213'!$L16:$N16)),"--") -> -- | P16: =IF(COUNT('doy224'!$L16:$N16)=3,(AVERAGE('doy224'!$L16:$N16)),"--") -> -- | Q16: =IF(COUNT('doy231'!$L16:$N16)=3,(AVERAGE('doy231'!$L16:$N16)),"--") -> --
C17: Height | D17: =IF(COUNT('doy130'!$L17:$N17)=3,(AVERAGE('doy130'!$L17:$N17)),"--") -> 8.3333333 | E17: =IF(COUNT('doy139'!$L17:$N17)=3,(AVERAGE('doy139'!$L17:$N17)),"--") -> 16.333333 | F17: =IF(COUNT('doy146'!$L17:$N17)=3,(AVERAGE('doy146'!$L17:$N17)),"--") -> 22.333333 | G17: =IF(COUNT('doy153'!$L17:$N17)=3,(AVERAGE('doy153'!$L17:$N17)),"--") -> 30.333333 | H17: =IF(COUNT('doy159'!$L17:$N17)=3,(AVERAGE('doy159'!$L17:$N17)),"--") -> 38 | I17: =IF(COUNT('doy168'!$L17:$N17)=3,(AVERAGE('doy168'!$L17:$N17)),"--") -> 56.333333 | J17: =IF(COUNT('doy173'!$L17:$N17)=3,(AVERAGE('doy173'!$L17:$N17)),"--") -> 65.333333 | K17: =IF(COUNT('doy179'!$L17:$N17)=3,(AVERAGE('doy179'!$L17:$N17)),"--") -> 80.666667 | L17: =IF(COUNT('doy187'!$L17:$N17)=3,(AVERAGE('doy187'!$L17:$N17)),"--") -> -- | M17: =IF(COUNT('doy193'!$L17:$N17)=3,(AVERAGE('doy193'!$L17:$N17)),"--") -> 97 | N17: =IF(COUNT('doy203'!$L17:$N17)=3,(AVERAGE('doy203'!$L17:$N17)),"--") -> 103.33333 | O17: =IF(COUNT('doy213'!$L17:$N17)=3,(AVERAGE('doy213'!$L17:$N17)),"--") -> 111.33333 | P17: =IF(COUNT('doy224'!$L17:$N17)=3,(AVERAGE('doy224'!$L17:$N17)),"--") -> 122 | Q17: =IF(COUNT('doy231'!$L17:$N17)=3,(AVERAGE('doy231'!$L17:$N17)),"--") -> 121.33333
B18: 5 | C18: Cover | D18: =IF(COUNT('doy130'!$L18:$N18)=3,(AVERAGE('doy130'!$L18:$N18)),"--") -> 6 | E18: =IF(COUNT('doy139'!$L18:$N18)=3,(AVERAGE('doy139'!$L18:$N18)),"--") -> 11.666667 | F18: =IF(COUNT('doy146'!$L18:$N18)=3,(AVERAGE('doy146'!$L18:$N18)),"--") -> 18.333333 | G18: =IF(COUNT('doy153'!$L18:$N18)=3,(AVERAGE('doy153'!$L18:$N18)),"--") -> 27.666667 | H18: =IF(COUNT('doy159'!$L18:$N18)=3,(AVERAGE('doy159'!$L18:$N18)),"--") -> 33.333333 | I18: =IF(COUNT('doy168'!$L18:$N18)=3,(AVERAGE('doy168'!$L18:$N18)),"--") -> 44 | J18: =IF(COUNT('doy173'!$L18:$N18)=3,(AVERAGE('doy173'!$L18:$N18)),"--") -> 45.666667 | K18: =IF(COUNT('doy179'!$L18:$N18)=3,(AVERAGE('doy179'!$L18:$N18)),"--") -> 54.333333 | L18: =IF(COUNT('doy187'!$L18:$N18)=3,(AVERAGE('doy187'!$L18:$N18)),"--") -> 70.666667 | M18: =IF(COUNT('doy193'!$L18:$N18)=3,(AVERAGE('doy193'!$L18:$N18)),"--") -> 78 | N18: =IF(COUNT('doy203'!$L18:$N18)=3,(AVERAGE('doy203'!$L18:$N18)),"--") -> 95 | O18: =IF(COUNT('doy213'!$L18:$N18)=3,(AVERAGE('doy213'!$L18:$N18)),"--") -> 95 | P18: =IF(COUNT('doy224'!$L18:$N18)=3,(AVERAGE('doy224'!$L18:$N18)),"--") -> -- | Q18: =IF(COUNT('doy231'!$L18:$N18)=3,(AVERAGE('doy231'!$L18:$N18)),"--") -> --
C19: Height | D19: =IF(COUNT('doy130'!$L19:$N19)=3,(AVERAGE('doy130'!$L19:$N19)),"--") -> 6.6666667 | E19: =IF(COUNT('doy139'!$L19:$N19)=3,(AVERAGE('doy139'!$L19:$N19)),"--") -> 13.333333 | F19: =IF(COUNT('doy146'!$L19:$N19)=3,(AVERAGE('doy146'!$L19:$N19)),"--") -> 21 | G19: =IF(COUNT('doy153'!$L19:$N19)=3,(AVERAGE('doy153'!$L19:$N19)),"--") -> 29.333333 | H19: =IF(COUNT('doy159'!$L19:$N19)=3,(AVERAGE('doy159'!$L19:$N19)),"--") -> 37 | I19: =IF(COUNT('doy168'!$L19:$N19)=3,(AVERAGE('doy168'!$L19:$N19)),"--") -> 53.666667 | J19: =IF(COUNT('doy173'!$L19:$N19)=3,(AVERAGE('doy173'!$L19:$N19)),"--") -> 57 | K19: =IF(COUNT('doy179'!$L19:$N19)=3,(AVERAGE('doy179'!$L19:$N19)),"--") -> 71 | L19: =IF(COUNT('doy187'!$L19:$N19)=3,(AVERAGE('doy187'!$L19:$N19)),"--") -> 82 | M19: =IF(COUNT('doy193'!$L19:$N19)=3,(AVERAGE('doy193'!$L19:$N19)),"--") -> 92.666667 | N19: =IF(COUNT('doy203'!$L19:$N19)=3,(AVERAGE('doy203'!$L19:$N19)),"--") -> 101.66667 | O19: =IF(COUNT('doy213'!$L19:$N19)=3,(AVERAGE('doy213'!$L19:$N19)),"--") -> 108 | P19: =IF(COUNT('doy224'!$L19:$N19)=3,(AVERAGE('doy224'!$L19:$N19)),"--") -> 111.33333 | Q19: =IF(COUNT('doy231'!$L19:$N19)=3,(AVERAGE('doy231'!$L19:$N19)),"--") -> 117
B20: 6 | C20: Cover | D20: =IF(COUNT('doy130'!$L20:$N20)=3,(AVERAGE('doy130'!$L20:$N20)),"--") -> 6.3333333 | E20: =IF(COUNT('doy139'!$L20:$N20)=3,(AVERAGE('doy139'!$L20:$N20)),"--") -> 11.666667 | F20: =IF(COUNT('doy146'!$L20:$N20)=3,(AVERAGE('doy146'!$L20:$N20)),"--") -> 20 | G20: =IF(COUNT('doy153'!$L20:$N20)=3,(AVERAGE('doy153'!$L20:$N20)),"--") -> 25 | H20: =IF(COUNT('doy159'!$L20:$N20)=3,(AVERAGE('doy159'!$L20:$N20)),"--") -> 37 | I20: =IF(COUNT('doy168'!$L20:$N20)=3,(AVERAGE('doy168'!$L20:$N20)),"--") -> 41.666667 | J20: =IF(COUNT('doy173'!$L20:$N20)=3,(AVERAGE('doy173'!$L20:$N20)),"--") -> 51 | K20: =IF(COUNT('doy179'!$L20:$N20)=3,(AVERAGE('doy179'!$L20:$N20)),"--") -> 54.666667 | L20: =IF(COUNT('doy187'!$L20:$N20)=3,(AVERAGE('doy187'!$L20:$N20)),"--") -> 64.333333 | M20: =IF(COUNT('doy193'!$L20:$N20)=3,(AVERAGE('doy193'!$L20:$N20)),"--") -> 72.333333 | N20: =IF(COUNT('doy203'!$L20:$N20)=3,(AVERAGE('doy203'!$L20:$N20)),"--") -> 86.666667 | O20: =IF(COUNT('doy213'!$L20:$N20)=3,(AVERAGE('doy213'!$L20:$N20)),"--") -> -- | P20: =IF(COUNT('doy224'!$L20:$N20)=3,(AVERAGE('doy224'!$L20:$N20)),"--") -> -- | Q20: =IF(COUNT('doy231'!$L20:$N20)=3,(AVERAGE('doy231'!$L20:$N20)),"--") -> --
C21: Height | D21: =IF(COUNT('doy130'!$L21:$N21)=3,(AVERAGE('doy130'!$L21:$N21)),"--") -> 7.3333333 | E21: =IF(COUNT('doy139'!$L21:$N21)=3,(AVERAGE('doy139'!$L21:$N21)),"--") -> 16 | F21: =IF(COUNT('doy146'!$L21:$N21)=3,(AVERAGE('doy146'!$L21:$N21)),"--") -> 21.666667 | G21: =IF(COUNT('doy153'!$L21:$N21)=3,(AVERAGE('doy153'!$L21:$N21)),"--") -> 27.333333 | H21: =IF(COUNT('doy159'!$L21:$N21)=3,(AVERAGE('doy159'!$L21:$N21)),"--") -> 35.666667 | I21: =IF(COUNT('doy168'!$L21:$N21)=3,(AVERAGE('doy168'!$L21:$N21)),"--") -> 50.666667 | J21: =IF(COUNT('doy173'!$L21:$N21)=3,(AVERAGE('doy173'!$L21:$N21)),"--") -> 63.333333 | K21: =IF(COUNT('doy179'!$L21:$N21)=3,(AVERAGE('doy179'!$L21:$N21)),"--") -> 68 | L21: =IF(COUNT('doy187'!$L21:$N21)=3,(AVERAGE('doy187'!$L21:$N21)),"--") -> 76.666667 | M21: =IF(COUNT('doy193'!$L21:$N21)=3,(AVERAGE('doy193'!$L21:$N21)),"--") -> 86 | N21: =IF(COUNT('doy203'!$L21:$N21)=3,(AVERAGE('doy203'!$L21:$N21)),"--") -> 94.333333 | O21: =IF(COUNT('doy213'!$L21:$N21)=3,(AVERAGE('doy213'!$L21:$N21)),"--") -> 101.66667 | P21: =IF(COUNT('doy224'!$L21:$N21)=3,(AVERAGE('doy224'!$L21:$N21)),"--") -> 112.33333 | Q21: =IF(COUNT('doy231'!$L21:$N21)=3,(AVERAGE('doy231'!$L21:$N21)),"--") -> 115.66667
