Workbook

Sheet Raw Scale
A1: Column A - ID (ID)
A2: Column B - Harvest Area ID (HID)
A3: Column C - Harvest method (HARM)
A4: Column D - Harvest date (HADAT, mm/dd/yyyy)
A5: Column E - Weight of machine-picked cotton in bag (lbs). Machine harvest 2 rows by 14.476 m into mesh bags. Weigh in field using IQ plus 390-DC scale.
A6: Column F - Wet bulk weight at harvest (fiber + seed + trash) (WBWAH, kg/ha)
A7: Column G - Ginning Date (GNDAT, mm/dd/yyyy). Ginned using the MAC large gin with cleaners.
A8: Column H - Weight of bulk cotton subsample in bag prior to ginning (lbs)
A9: Column I - Weight of combined bulk cotton samples. Material from neighboring harvest areas were combined prior to ginning (1&20,2&19,…9&12,10&11,21&40,22&39,…29&32,30&31) (lbs)
A10: Column J - Weight of fiber in bag after ginning (lbs)
A11: Column K - Weight of fuzzy seed in bin after ginning (lbs)
A12: Column L - Fiber fraction after ginning (FFRAC, g/g)
... A19: Parameters
A20: 1.08 | B20: Weight of a single mesh harvest bag (lbs)
A21: 0.453592 | B21: kg per lb
A22: =2*1.016*14.476 -> 29.415232 | B22: Size of harvest area (2 40-inch rows by 14.476 m, 16 m plot length minus 5 foot buffer mowed out) (m2)
A23: 10000 | B23: m2 per ha
A24: 0.16 | B24: Weight of a single subsample bag (lbs)
A25: 1.04 | B25: Weight of bag for fiber at gin (lbs)
A26: 1.7 | B26: Weight of seed bin at gin (lbs) | S26: Plot-scale calculations | AJ26: Zone-scale calculations
C28: Harvest | D28: Harvest | E28: Harvest | F28: Harvest | G28: Ginning | H28: Ginning | I28: Ginning | J28: Ginning | K28: Ginning | L28: Ginning | M28: Ginning | N28: Ginning | O28: Compute | P28: Compute | Q28: Compute | T28: Harvest | U28: Harvest | V28: Harvest | W28: Harvest | X28: Ginning | Y28: Ginning | Z28: Ginning | AA28: Ginning | AB28: Ginning | AC28: Ginning | AD28: Ginning | AE28: Ginning | AF28: Compute | AG28: Compute | AH28: Compute | AK28: Harvest | AL28: Harvest | AM28: Harvest | AN28: Harvest | AO28: Ginning | AP28: Ginning | AQ28: Ginning | AR28: Ginning | AS28: Ginning | AT28: Ginning | AU28: Ginning | AV28: Ginning | AW28: Compute | AX28: Compute | AY28: Compute
I29: Combined | J29: Combined | K29: Combined | Z29: Combined | AA29: Combined | AB29: Combined | AQ29: Combined | AR29: Combined | AS29: Combined
E30: Field wt | G30: Date | H30: Sample | I30: Sample | J30: Fiber | K30: Seed | V30: Field wt | X30: Date | Y30: Sample | Z30: Sample | AA30: Fiber | AB30: Seed | AM30: Field wt | AO30: Date | AP30: Sample | AQ30: Sample | AR30: Fiber | AS30: Seed
A31: ID | B31: HID | C31: HARM | D31: HADAT | E31: in bag | F31: WBWAH | G31: GNDAT | H31: wt in bag | I31: Weight | J31: wt in bag | K31: wt in bin | L31: FFRAC | M31: SFRAC | N31: TFRAC | O31: WFWAH | P31: WSWAH | Q31: WSCWAH | S31: PID | T31: HARM | U31: HADAT | V31: in bag | W31: WBWAH | X31: GNDAT | Y31: wt in bags | Z31: Weight | AA31: wt in bags | AB31: wt in bins | AC31: FFRAC | AD31: SFRAC | AE31: TFRAC | AF31: WFWAH | AG31: WSWAH | AH31: WSCWAH | AJ31: ZID | AK31: HARM | AL31: HADAT | AM31: in bag | AN31: WBWAH | AO31: GNDAT | AP31: wt in bags | AQ31: Weight | AR31: wt in bags | AS31: wt in bins | AT31: FFRAC | AU31: SFRAC | AV31: TFRAC | AW31: WFWAH | AX31: WSWAH | AY31: WSCWAH
E32: (lbs) | F32: (kg/ha) | H32: (lbs) | I32: (lbs) | J32: (lbs) | K32: (lbs) | L32: (g/g) | M32: (g/g) | N32: (g/g) | O32: (kg/ha) | P32: (kg/ha) | Q32: (kg/ha) | V32: (lbs) | W32: (kg/ha) | Y32: (lbs) | Z32: (lbs) | AA32: (lbs) | AB32: (lbs) | AC32: (g/g) | AD32: (g/g) | AE32: (g/g) | AF32: (kg/ha) | AG32: (kg/ha) | AH32: (kg/ha) | AM32: (lbs) | AN32: (kg/ha) | AP32: (lbs) | AQ32: (lbs) | AR32: (lbs) | AS32: (lbs) | AT32: (g/g) | AU32: (g/g) | AV32: (g/g) | AW32: (kg/ha) | AX32: (kg/ha) | AY32: (kg/ha)
A33: ID | B33: HID | C33: HARM | D33: HADAT | F33: WBWAH | G33: GNDAT | L33: FFRAC | M33: SFRAC | N33: TFRAC | O33: WFWAH | P33: WSWAH | Q33: WSCWAH | S33: PID | T33: HARM | U33: HADAT | W33: WBWAH | X33: GNDAT | AC33: FFRAC | AD33: SFRAC | AE33: TFRAC | AF33: WFWAH | AG33: WSWAH | AH33: WSCWAH | AJ33: ZID | AK33: HARM | AL33: HADAT | AN33: WBWAH | AO33: GNDAT | AT33: FFRAC | AU33: SFRAC | AV33: TFRAC | AW33: WFWAH | AX33: WSWAH | AY33: WSCWAH
A34: 1 | B34: p01-01 | C34: Machine | D34: 40827 | E34: 19 | F34: =(E34-2*$A$20)*$A$21/$A$22*$A$23 -> 2596.7802 | G34: 40200 | H34: 3.02 | I34: =H34+H53-2*$A$24 -> 5.98 | J34: 3.16 | K34: 5.04 | L34: =(J34-$A$25)/I34 -> 0.35451505 | M34: =(K34-$A$26)/I34 -> 0.55852843 | N34: =1-L34-M34 -> 0.086956522 | O34: =F34*L34 -> 920.59767 | P34: =F34*M34 -> 1450.3756 | Q34: =O34+P34 -> 2370.9732 | S34: p01 | T34: Machine | U34: =D34 -> 40827 | V34: =SUM(E34:E73) -> 1130.4 | W34: =(V34-80*$A$20)*$A$21/(40*$A$22)*$A$23 -> 4024.7009 | X34: =G34 -> 40200 | Y34: =SUM(H34:H73) -> 130.32 | Z34: =SUM(I34:I73) -> 247.84 | AA34: =SUM(J34:J73) -> 127.72 | AB34: =SUM(K34:K73) -> 205.96 | AC34: =(AA34-40*$A$25)/Z34 -> 0.34748225 | AD34: =(AB34-40*$A$26)/Z34 -> 0.55664945 | AE34: =1-AC34-AD34 -> 0.095868302 | AF34: =W34*AC34 -> 1398.5121 | AG34: =W34*AD34 -> 2240.3476 | AH34: =AF34+AG34 -> 3638.8597 | AJ34: p0101 | AK34: Machine | AL34: =D43 -> 40827 | AM34: =SUM(E43,E44) -> 53.1 | AN34: =(AM34-4*$A$20)*$A$21/(2*$A$22)*$A$23 -> 3761.0136 | AO34: =G43 -> 40200 | AP34: =SUM(H43,H44) -> 6.62 | AQ34: =SUM(I43,I44) -> 12.6 | AR34: =SUM(J43,J44) -> 6.48 | AS34: =SUM(K43,K44) -> 10.44 | AT34: =(AR34-2*$A$25)/AQ34 -> 0.34920635 | AU34: =(AS34-2*$A$26)/AQ34 -> 0.55873016 | AV34: =1-AT34-AU34 -> 0.092063492 | AW34: =AN34*AT34 -> 1313.3698 | AX34: =AN34*AU34 -> 2101.3917 | AY34: =AW34+AX34 -> 3414.7616
A35: 2 | B35: p01-02 | C35: Machine | D35: 40827 | E35: 22 | F35: =(E35-2*$A$20)*$A$21/$A$22*$A$23 -> 3059.3895 | G35: 40200 | H35: 3.28 | I35: =H35+H52-2*$A$24 -> 6 | J35: 3.14 | K35: 4.98 | L35: =(J35-$A$25)/I35 -> 0.35 | M35: =(K35-$A$26)/I35 -> 0.54666667 | N35: =1-L35-M35 -> 0.10333333 | O35: =F35*L35 -> 1070.7863 | P35: =F35*M35 -> 1672.4663 | Q35: =O35+P35 -> 2743.2526
A36: 3 | B36: p01-03 | C36: Machine | D36: 40827 | E36: 22.7 | F36: =(E36-2*$A$20)*$A$21/$A$22*$A$23 -> 3167.3317 | G36: 40200 | H36: 3.26 | I36: =H36+H51-2*$A$24 -> 6.62 | J36: 3.38 | K36: 5.36 | L36: =(J36-$A$25)/I36 -> 0.35347432 | M36: =(K36-$A$26)/I36 -> 0.55287009 | N36: =1-L36-M36 -> 0.093655589 | O36: =F36*L36 -> 1119.5704 | P36: =F36*M36 -> 1751.123 | Q36: =O36+P36 -> 2870.6934 | AJ36: p0102 | AK36: Machine | AL36: =D42 -> 40827 | AM36: =SUM(E42,E45) -> 48.4 | AN36: =(AM36-4*$A$20)*$A$21/(2*$A$22)*$A$23 -> 3398.6364 | AO36: =G42 -> 40200 | AP36: =SUM(H42,H45) -> 5.98 | AQ36: =SUM(I42,I45) -> 11.32 | AR36: =SUM(J42,J45) -> 5.92 | AS36: =SUM(K42,K45) -> 9.72 | AT36: =(AR36-2*$A$25)/AQ36 -> 0.33922261 | AU36: =(AS36-2*$A$26)/AQ36 -> 0.55830389 | AV36: =1-AT36-AU36 -> 0.1024735 | AW36: =AN36*AT36 -> 1152.8943 | AX36: =AN36*AU36 -> 1897.4719 | AY36: =AW36+AX36 -> 3050.3662
A37: 4 | B37: p01-04 | C37: Machine | D37: 40827 | E37: 26.6 | F37: =(E37-2*$A$20)*$A$21/$A$22*$A$23 -> 3768.7238 | G37: 40200 | H37: 3.02 | I37: =H37+H50-2*$A$24 -> 5.52 | J37: 2.94 | K37: 4.8 | L37: =(J37-$A$25)/I37 -> 0.3442029 | M37: =(K37-$A$26)/I37 -> 0.5615942 | N37: =1-L37-M37 -> 0.094202899 | O37: =F37*L37 -> 1297.2057 | P37: =F37*M37 -> 2116.4934 | Q37: =O37+P37 -> 3413.6991
A38: 5 | B38: p01-05 | C38: Machine | D38: 40827 | E38: 25.6 | F38: =(E38-2*$A$20)*$A$21/$A$22*$A$23 -> 3614.5207 | G38: 40200 | H38: 3.3 | I38: =H38+H49-2*$A$24 -> 5.48 | J38: 2.98 | K38: 4.78 | L38: =(J38-$A$25)/I38 -> 0.3540146 | M38: =(K38-$A$26)/I38 -> 0.5620438 | N38: =1-L38-M38 -> 0.083941606 | O38: =F38*L38 -> 1279.5931 | P38: =F38*M38 -> 2031.5189 | Q38: =O38+P38 -> 3311.112 | AJ38: p0103 | AK38: Machine | AL38: =D41 -> 40827 | AM38: =SUM(E41,E46) -> 55.9 | AN38: =(AM38-4*$A$20)*$A$21/(2*$A$22)*$A$23 -> 3976.898 | AO38: =G41 -> 40200 | AP38: =SUM(H41,H46) -> 6.44 | AQ38: =SUM(I41,I46) -> 12.24 | AR38: =SUM(J41,J46) -> 6.52 | AS38: =SUM(K41,K46) -> 10.24 | AT38: =(AR38-2*$A$25)/AQ38 -> 0.3627451 | AU38: =(AS38-2*$A$26)/AQ38 -> 0.55882353 | AV38: =1-AT38-AU38 -> 0.078431373 | AW38: =AN38*AT38 -> 1442.6002 | AX38: =AN38*AU38 -> 2222.3842 | AY38: =AW38+AX38 -> 3664.9844
A39: 6 | B39: p01-06 | C39: Machine | D39: 40827 | E39: 26.7 | F39: =(E39-2*$A$20)*$A$21/$A$22*$A$23 -> 3784.1441 | G39: 40200 | H39: 3.38 | I39: =H39+H48-2*$A$24 -> 7.08 | J39: 3.54 | K39: 5.64 | L39: =(J39-$A$25)/I39 -> 0.35310734 | M39: =(K39-$A$26)/I39 -> 0.55649718 | N39: =1-L39-M39 -> 0.09039548 | O39: =F39*L39 -> 1336.2091 | P39: =F39*M39 -> 2105.8655 | Q39: =O39+P39 -> 3442.0746
A40: 7 | B40: p01-07 | C40: Machine | D40: 40827 | E40: 27.5 | F40: =(E40-2*$A$20)*$A$21/$A$22*$A$23 -> 3907.5066 | G40: 40200 | H40: 3.18 | I40: =H40+H47-2*$A$24 -> 6.64 | J40: 3.32 | K40: 5.36 | L40: =(J40-$A$25)/I40 -> 0.34337349 | M40: =(K40-$A$26)/I40 -> 0.55120482 | N40: =1-L40-M40 -> 0.10542169 | O40: =F40*L40 -> 1341.7342 | P40: =F40*M40 -> 2153.8365 | Q40: =O40+P40 -> 3495.5707 | AJ40: p0104 | AK40: Machine | AL40: =D40 -> 40827 | AM40: =SUM(E40,E47) -> 60.7 | AN40: =(AM40-4*$A$20)*$A$21/(2*$A$22)*$A$23 -> 4346.9854 | AO40: =G40 -> 40200 | AP40: =SUM(H40,H47) -> 6.96 | AQ40: =SUM(I40,I47) -> 13.28 | AR40: =SUM(J40,J47) -> 6.64 | AS40: =SUM(K40,K47) -> 10.72 | AT40: =(AR40-2*$A$25)/AQ40 -> 0.34337349 | AU40: =(AS40-2*$A$26)/AQ40 -> 0.55120482 | AV40: =1-AT40-AU40 -> 0.10542169 | AW40: =AN40*AT40 -> 1492.6396 | AX40: =AN40*AU40 -> 2396.0793 | AY40: =AW40+AX40 -> 3888.7189
A41: 8 | B41: p01-08 | C41: Machine | D41: 40827 | E41: 26.3 | F41: =(E41-2*$A$20)*$A$21/$A$22*$A$23 -> 3722.4629 | G41: 40200 | H41: 2.9 | I41: =H41+H46-2*$A$24 -> 6.12 | J41: 3.26 | K41: 5.12 | L41: =(J41-$A$25)/I41 -> 0.3627451 | M41: =(K41-$A$26)/I41 -> 0.55882353 | N41: =1-L41-M41 -> 0.078431373 | O41: =F41*L41 -> 1350.3052 | P41: =F41*M41 -> 2080.1998 | Q41: =O41+P41 -> 3430.505
A42: 9 | B42: p01-09 | C42: Machine | D42: 40827 | E42: 21.4 | F42: =(E42-2*$A$20)*$A$21/$A$22*$A$23 -> 2966.8677 | G42: 40200 | H42: 2.86 | I42: =H42+H45-2*$A$24 -> 5.66 | J42: 2.96 | K42: 4.86 | L42: =(J42-$A$25)/I42 -> 0.33922261 | M42: =(K42-$A$26)/I42 -> 0.55830389 | N42: =1-L42-M42 -> 0.1024735 | O42: =F42*L42 -> 1006.4286 | P42: =F42*M42 -> 1656.4138 | Q42: =O42+P42 -> 2662.8424 | AJ42: p0105 | AK42: Machine | AL42: =D39 -> 40827 | AM42: =SUM(E39,E48) -> 58.6 | AN42: =(AM42-4*$A$20)*$A$21/(2*$A$22)*$A$23 -> 4185.0722 | AO42: =G39 -> 40200 | AP42: =SUM(H39,H48) -> 7.4 | AQ42: =SUM(I39,I48) -> 14.16 | AR42: =SUM(J39,J48) -> 7.08 | AS42: =SUM(K39,K48) -> 11.28 | AT42: =(AR42-2*$A$25)/AQ42 -> 0.35310734 | AU42: =(AS42-2*$A$26)/AQ42 -> 0.55649718 | AV42: =1-AT42-AU42 -> 0.09039548 | AW42: =AN42*AT42 -> 1477.7797 | AX42: =AN42*AU42 -> 2328.9808 | AY42: =AW42+AX42 -> 3806.7606
A43: 10 | B43: p01-10 | C43: Machine | D43: 40827 | E43: 22.9 | F43: =(E43-2*$A$20)*$A$21/$A$22*$A$23 -> 3198.1723 | G43: 40200 | H43: 3.68 | I43: =H43+H44-2*$A$24 -> 6.3 | J43: 3.24 | K43: 5.22 | L43: =(J43-$A$25)/I43 -> 0.34920635 | M43: =(K43-$A$26)/I43 -> 0.55873016 | N43: =1-L43-M43 -> 0.092063492 | O43: =F43*L43 -> 1116.8221 | P43: =F43*M43 -> 1786.9153 | Q43: =O43+P43 -> 2903.7374
A44: 11 | B44: p01-11 | C44: Machine | D44: 40827 | E44: 30.2 | F44: =(E44-2*$A$20)*$A$21/$A$22*$A$23 -> 4323.855 | G44: 40200 | H44: 2.94 | I44: =H44+H43-2*$A$24 -> 6.3 | J44: 3.24 | K44: 5.22 | L44: =(J44-$A$25)/I44 -> 0.34920635 | M44: =(K44-$A$26)/I44 -> 0.55873016 | N44: =1-L44-M44 -> 0.092063492 | O44: =F44*L44 -> 1509.9176 | P44: =F44*M44 -> 2415.8682 | Q44: =O44+P44 -> 3925.7858 | AJ44: p0106 | AK44: Machine | AL44: =D38 -> 40827 | AM44: =SUM(E38,E49) -> 55.6 | AN44: =(AM44-4*$A$20)*$A$21/(2*$A$22)*$A$23 -> 3953.7675 | AO44: =G38 -> 40200 | AP44: =SUM(H38,H49) -> 5.8 | AQ44: =SUM(I38,I49) -> 10.96 | AR44: =SUM(J38,J49) -> 5.96 | AS44: =SUM(K38,K49) -> 9.56 | AT44: =(AR44-2*$A$25)/AQ44 -> 0.3540146 | AU44: =(AS44-2*$A$26)/AQ44 -> 0.5620438 | AV44: =1-AT44-AU44 -> 0.083941606 | AW44: =AN44*AT44 -> 1399.6914 | AX44: =AN44*AU44 -> 2222.1905 | AY44: =AW44+AX44 -> 3621.8819
A45: 12 | B45: p01-12 | C45: Machine | D45: 40827 | E45: 27 | F45: =(E45-2*$A$20)*$A$21/$A$22*$A$23 -> 3830.405 | G45: 40200 | H45: 3.12 | I45: =H45+H42-2*$A$24 -> 5.66 | J45: 2.96 | K45: 4.86 | L45: =(J45-$A$25)/I45 -> 0.33922261 | M45: =(K45-$A$26)/I45 -> 0.55830389 | N45: =1-L45-M45 -> 0.1024735 | O45: =F45*L45 -> 1299.36 | P45: =F45*M45 -> 2138.53 | Q45: =O45+P45 -> 3437.89
A46: 13 | B46: p01-13 | C46: Machine | D46: 40827 | E46: 29.6 | F46: =(E46-2*$A$20)*$A$21/$A$22*$A$23 -> 4231.3331 | G46: 40200 | H46: 3.54 | I46: =H46+H41-2*$A$24 -> 6.12 | J46: 3.26 | K46: 5.12 | L46: =(J46-$A$25)/I46 -> 0.3627451 | M46: =(K46-$A$26)/I46 -> 0.55882353 | N46: =1-L46-M46 -> 0.078431373 | O46: =F46*L46 -> 1534.8953 | P46: =F46*M46 -> 2364.5685 | Q46: =O46+P46 -> 3899.4638 | AJ46: p0107 | AK46: Machine | AL46: =D37 -> 40827 | AM46: =SUM(E37,E50) -> 61.2 | AN46: =(AM46-4*$A$20)*$A$21/(2*$A$22)*$A$23 -> 4385.5362 | AO46: =G37 -> 40200 | AP46: =SUM(H37,H50) -> 5.84 | AQ46: =SUM(I37,I50) -> 11.04 | AR46: =SUM(J37,J50) -> 5.88 | AS46: =SUM(K37,K50) -> 9.6 | AT46: =(AR46-2*$A$25)/AQ46 -> 0.3442029 | AU46: =(AS46-2*$A$26)/AQ46 -> 0.5615942 | AV46: =1-AT46-AU46 -> 0.094202899 | AW46: =AN46*AT46 -> 1509.5143 | AX46: =AN46*AU46 -> 2462.8917 | AY46: =AW46+AX46 -> 3972.406
A47: 14 | B47: p01-14 | C47: Machine | D47: 40827 | E47: 33.2 | F47: =(E47-2*$A$20)*$A$21/$A$22*$A$23 -> 4786.4643 | G47: 40200 | H47: 3.78 | I47: =H47+H40-2*$A$24 -> 6.64 | J47: 3.32 | K47: 5.36 | L47: =(J47-$A$25)/I47 -> 0.34337349 | M47: =(K47-$A$26)/I47 -> 0.55120482 | N47: =1-L47-M47 -> 0.10542169 | O47: =F47*L47 -> 1643.545 | P47: =F47*M47 -> 2638.3222 | Q47: =O47+P47 -> 4281.8671
A48: 15 | B48: p01-15 | C48: Machine | D48: 40827 | E48: 31.9 | F48: =(E48-2*$A$20)*$A$21/$A$22*$A$23 -> 4586.0002 | G48: 40200 | H48: 4.02 | I48: =H48+H39-2*$A$24 -> 7.08 | J48: 3.54 | K48: 5.64 | L48: =(J48-$A$25)/I48 -> 0.35310734 | M48: =(K48-$A$26)/I48 -> 0.55649718 | N48: =1-L48-M48 -> 0.09039548 | O48: =F48*L48 -> 1619.3504 | P48: =F48*M48 -> 2552.0962 | Q48: =O48+P48 -> 4171.4465 | AJ48: p0108 | AK48: Machine | AL48: =D36 -> 40827 | AM48: =SUM(E36,E51) -> 52.7 | AN48: =(AM48-4*$A$20)*$A$21/(2*$A$22)*$A$23 -> 3730.173 | AO48: =G36 -> 40200 | AP48: =SUM(H36,H51) -> 6.94 | AQ48: =SUM(I36,I51) -> 13.24 | AR48: =SUM(J36,J51) -> 6.76 | AS48: =SUM(K36,K51) -> 10.72 | AT48: =(AR48-2*$A$25)/AQ48 -> 0.35347432 | AU48: =(AS48-2*$A$26)/AQ48 -> 0.55287009 | AV48: =1-AT48-AU48 -> 0.093655589 | AW48: =AN48*AT48 -> 1318.5204 | AX48: =AN48*AU48 -> 2062.3011 | AY48: =AW48+AX48 -> 3380.8215
A49: 16 | B49: p01-16 | C49: Machine | D49: 40827 | E49: 30 | F49: =(E49-2*$A$20)*$A$21/$A$22*$A$23 -> 4293.0143 | G49: 40200 | H49: 2.5 | I49: =H49+H38-2*$A$24 -> 5.48 | J49: 2.98 | K49: 4.78 | L49: =(J49-$A$25)/I49 -> 0.3540146 | M49: =(K49-$A$26)/I49 -> 0.5620438 | N49: =1-L49-M49 -> 0.083941606 | O49: =F49*L49 -> 1519.7897 | P49: =F49*M49 -> 2412.8621 | Q49: =O49+P49 -> 3932.6518
A50: 17 | B50: p01-17 | C50: Machine | D50: 40827 | E50: 34.6 | F50: =(E50-2*$A$20)*$A$21/$A$22*$A$23 -> 5002.3486 | G50: 40200 | H50: 2.82 | I50: =H50+H37-2*$A$24 -> 5.52 | J50: 2.94 | K50: 4.8 | L50: =(J50-$A$25)/I50 -> 0.3442029 | M50: =(K50-$A$26)/I50 -> 0.5615942 | N50: =1-L50-M50 -> 0.094202899 | O50: =F50*L50 -> 1721.8229 | P50: =F50*M50 -> 2809.29 | Q50: =O50+P50 -> 4531.1129 | AJ50: p0109 | AK50: Machine | AL50: =D35 -> 40827 | AM50: =SUM(E35,E52) -> 49.6 | AN50: =(AM50-4*$A$20)*$A$21/(2*$A$22)*$A$23 -> 3491.1582 | AO50: =G35 -> 40200 | AP50: =SUM(H35,H52) -> 6.32 | AQ50: =SUM(I35,I52) -> 12 | AR50: =SUM(J35,J52) -> 6.28 | AS50: =SUM(K35,K52) -> 9.96 | AT50: =(AR50-2*$A$25)/AQ50 -> 0.35 | AU50: =(AS50-2*$A$26)/AQ50 -> 0.54666667 | AV50: =1-AT50-AU50 -> 0.10333333 | AW50: =AN50*AT50 -> 1221.9054 | AX50: =AN50*AU50 -> 1908.4998 | AY50: =AW50+AX50 -> 3130.4052
A51: 18 | B51: p01-18 | C51: Machine | D51: 40827 | E51: 30 | F51: =(E51-2*$A$20)*$A$21/$A$22*$A$23 -> 4293.0143 | G51: 40200 | H51: 3.68 | I51: =H51+H36-2*$A$24 -> 6.62 | J51: 3.38 | K51: 5.36 | L51: =(J51-$A$25)/I51 -> 0.35347432 | M51: =(K51-$A$26)/I51 -> 0.55287009 | N51: =1-L51-M51 -> 0.093655589 | O51: =F51*L51 -> 1517.4703 | P51: =F51*M51 -> 2373.4792 | Q51: =O51+P51 -> 3890.9496
A52: 19 | B52: p01-19 | C52: Machine | D52: 40827 | E52: 27.6 | F52: =(E52-2*$A$20)*$A$21/$A$22*$A$23 -> 3922.9269 | G52: 40200 | H52: 3.04 | I52: =H52+H35-2*$A$24 -> 6 | J52: 3.14 | K52: 4.98 | L52: =(J52-$A$25)/I52 -> 0.35 | M52: =(K52-$A$26)/I52 -> 0.54666667 | N52: =1-L52-M52 -> 0.10333333 | O52: =F52*L52 -> 1373.0244 | P52: =F52*M52 -> 2144.5334 | Q52: =O52+P52 -> 3517.5578 | AJ52: p0110 | AK52: Machine | AL52: =D34 -> 40827 | AM52: =SUM(E34,E53) -> 45.9 | AN52: =(AM52-4*$A$20)*$A$21/(2*$A$22)*$A$23 -> 3205.8825 | AO52: =G34 -> 40200 | AP52: =SUM(H34,H53) -> 6.3 | AQ52: =SUM(I34,I53) -> 11.96 | AR52: =SUM(J34,J53) -> 6.32 | AS52: =SUM(K34,K53) -> 10.08 | AT52: =(AR52-2*$A$25)/AQ52 -> 0.35451505 | AU52: =(AS52-2*$A$26)/AQ52 -> 0.55852843 | AV52: =1-AT52-AU52 -> 0.086956522 | AW52: =AN52*AT52 -> 1136.5336 | AX52: =AN52*AU52 -> 1790.5765 | AY52: =AW52+AX52 -> 2927.1101
A53: 20 | B53: p01-20 | C53: Machine | D53: 40827 | E53: 26.9 | F53: =(E53-2*$A$20)*$A$21/$A$22*$A$23 -> 3814.9847 | G53: 40200 | H53: 3.28 | I53: =H53+H34-2*$A$24 -> 5.98 | J53: 3.16 | K53: 5.04 | L53: =(J53-$A$25)/I53 -> 0.35451505 | M53: =(K53-$A$26)/I53 -> 0.55852843 | N53: =1-L53-M53 -> 0.086956522 | O53: =F53*L53 -> 1352.4695 | P53: =F53*M53 -> 2130.7774 | Q53: =O53+P53 -> 3483.2469
A54: 21 | B54: p01-21 | C54: Machine | D54: 40827 | E54: 25.7 | F54: =(E54-2*$A$20)*$A$21/$A$22*$A$23 -> 3629.941 | G54: 40200 | H54: 3.66 | I54: =H54+H73-2*$A$24 -> 6.66 | J54: 3.34 | K54: 5.42 | L54: =(J54-$A$25)/I54 -> 0.34534535 | M54: =(K54-$A$26)/I54 -> 0.55855856 | N54: =1-L54-M54 -> 0.096096096 | O54: =F54*L54 -> 1253.5832 | P54: =F54*M54 -> 2027.5346 | Q54: =O54+P54 -> 3281.1178 | AJ54: p0111 | AK54: Machine | AL54: =D63 -> 40827 | AM54: =SUM(E63,E64) -> 55.9 | AN54: =(AM54-4*$A$20)*$A$21/(2*$A$22)*$A$23 -> 3976.898 | AO54: =G63 -> 40200 | AP54: =SUM(H63,H64) -> 6.32 | AQ54: =SUM(I63,I64) -> 12 | AR54: =SUM(J63,J64) -> 6.2 | AS54: =SUM(K63,K64) -> 10.24 | AT54: =(AR54-2*$A$25)/AQ54 -> 0.34333333 | AU54: =(AS54-2*$A$26)/AQ54 -> 0.57 | AV54: =1-AT54-AU54 -> 0.086666667 | AW54: =AN54*AT54 -> 1365.4016 | AX54: =AN54*AU54 -> 2266.8319 | AY54: =AW54+AX54 -> 3632.2335
A55: 22 | B55: p01-22 | C55: Machine | D55: 40827 | E55: 30.2 | F55: =(E55-2*$A$20)*$A$21/$A$22*$A$23 -> 4323.855 | G55: 40200 | H55: 3.48 | I55: =H55+H72-2*$A$24 -> 6.82 | J55: 3.4 | K55: 5.48 | L55: =(J55-$A$25)/I55 -> 0.34604106 | M55: =(K55-$A$26)/I55 -> 0.5542522 | N55: =1-L55-M55 -> 0.099706745 | O55: =F55*L55 -> 1496.2313 | P55: =F55*M55 -> 2396.5061 | Q55: =O55+P55 -> 3892.7375
A56: 23 | B56: p01-23 | C56: Machine | D56: 40827 | E56: 28.2 | F56: =(E56-2*$A$20)*$A$21/$A$22*$A$23 -> 4015.4488 | G56: 40200 | H56: 2.88 | I56: =H56+H71-2*$A$24 -> 6.38 | J56: 3.22 | K56: 5.22 | L56: =(J56-$A$25)/I56 -> 0.34169279 | M56: =(K56-$A$26)/I56 -> 0.55172414 | N56: =1-L56-M56 -> 0.10658307 | O56: =F56*L56 -> 1372.0499 | P56: =F56*M56 -> 2215.42 | Q56: =O56+P56 -> 3587.4699 | AJ56: p0112 | AK56: Machine | AL56: =D62 -> 40827 | AM56: =SUM(E62,E65) -> 58.1 | AN56: =(AM56-4*$A$20)*$A$21/(2*$A$22)*$A$23 -> 4146.5214 | AO56: =G62 -> 40200 | AP56: =SUM(H62,H65) -> 6.82 | AQ56: =SUM(I62,I65) -> 13 | AR56: =SUM(J62,J65) -> 6.56 | AS56: =SUM(K62,K65) -> 10.52 | AT56: =(AR56-2*$A$25)/AQ56 -> 0.34461538 | AU56: =(AS56-2*$A$26)/AQ56 -> 0.54769231 | AV56: =1-AT56-AU56 -> 0.10769231 | AW56: =AN56*AT56 -> 1428.9551 | AX56: =AN56*AU56 -> 2271.0179 | AY56: =AW56+AX56 -> 3699.9729
A57: 24 | B57: p01-24 | C57: Machine | D57: 40827 | E57: 33 | F57: =(E57-2*$A$20)*$A$21/$A$22*$A$23 -> 4755.6236 | G57: 40200 | H57: 2.58 | I57: =H57+H70-2*$A$24 -> 5.18 | J57: 2.82 | K57: 4.62 | L57: =(J57-$A$25)/I57 -> 0.34362934 | M57: =(K57-$A$26)/I57 -> 0.56370656 | N57: =1-L57-M57 -> 0.092664093 | O57: =F57*L57 -> 1634.1718 | P57: =F57*M57 -> 2680.7763 | Q57: =O57+P57 -> 4314.9481
A58: 25 | B58: p01-25 | C58: Machine | D58: 40827 | E58: 32.2 | F58: =(E58-2*$A$20)*$A$21/$A$22*$A$23 -> 4632.2612 | G58: 40200 | H58: 3.5 | I58: =H58+H69-2*$A$24 -> 6.3 | J58: 3.18 | K58: 5.18 | L58: =(J58-$A$25)/I58 -> 0.33968254 | M58: =(K58-$A$26)/I58 -> 0.55238095 | N58: =1-L58-M58 -> 0.10793651 | O58: =F58*L58 -> 1573.4982 | P58: =F58*M58 -> 2558.7728 | Q58: =O58+P58 -> 4132.2711 | AJ58: p0113 | AK58: Machine | AL58: =D61 -> 40827 | AM58: =SUM(E61,E66) -> 52.4 | AN58: =(AM58-4*$A$20)*$A$21/(2*$A$22)*$A$23 -> 3707.0426 | AO58: =G61 -> 40200 | AP58: =SUM(H61,H66) -> 6.26 | AQ58: =SUM(I61,I66) -> 11.88 | AR58: =SUM(J61,J66) -> 6.2 | AS58: =SUM(K61,K66) -> 9.92 | AT58: =(AR58-2*$A$25)/AQ58 -> 0.34680135 | AU58: =(AS58-2*$A$26)/AQ58 -> 0.54882155 | AV58: =1-AT58-AU58 -> 0.1043771 | AW58: =AN58*AT58 -> 1285.6074 | AX58: =AN58*AU58 -> 2034.5048 | AY58: =AW58+AX58 -> 3320.1122
A59: 26 | B59: p01-26 | C59: Machine | D59: 40827 | E59: 34.7 | F59: =(E59-2*$A$20)*$A$21/$A$22*$A$23 -> 5017.7689 | G59: 40200 | H59: 3.48 | I59: =H59+H68-2*$A$24 -> 6.76 | J59: 3.36 | K59: 5.46 | L59: =(J59-$A$25)/I59 -> 0.34319527 | M59: =(K59-$A$26)/I59 -> 0.55621302 | N59: =1-L59-M59 -> 0.10059172 | O59: =F59*L59 -> 1722.0745 | P59: =F59*M59 -> 2790.9484 | Q59: =O59+P59 -> 4513.0229
A60: 27 | B60: p01-27 | C60: Machine | D60: 40827 | E60: 34.4 | F60: =(E60-2*$A$20)*$A$21/$A$22*$A$23 -> 4971.508 | G60: 40200 | H60: 3.36 | I60: =H60+H67-2*$A$24 -> 5.98 | J60: 3.14 | K60: 5.1 | L60: =(J60-$A$25)/I60 -> 0.35117057 | M60: =(K60-$A$26)/I60 -> 0.56856187 | N60: =1-L60-M60 -> 0.080267559 | O60: =F60*L60 -> 1745.8473 | P60: =F60*M60 -> 2826.6099 | Q60: =O60+P60 -> 4572.4572 | AJ60: p0114 | AK60: Machine | AL60: =D60 -> 40827 | AM60: =SUM(E60,E67) -> 67 | AN60: =(AM60-4*$A$20)*$A$21/(2*$A$22)*$A$23 -> 4832.7252 | AO60: =G60 -> 40200 | AP60: =SUM(H60,H67) -> 6.3 | AQ60: =SUM(I60,I67) -> 11.96 | AR60: =SUM(J60,J67) -> 6.28 | AS60: =SUM(K60,K67) -> 10.2 | AT60: =(AR60-2*$A$25)/AQ60 -> 0.35117057 | AU60: =(AS60-2*$A$26)/AQ60 -> 0.56856187 | AV60: =1-AT60-AU60 -> 0.080267559 | AW60: =AN60*AT60 -> 1697.1109 | AX60: =AN60*AU60 -> 2747.7033 | AY60: =AW60+AX60 -> 4444.8141
A61: 28 | B61: p01-28 | C61: Machine | D61: 40827 | E61: 27.7 | F61: =(E61-2*$A$20)*$A$21/$A$22*$A$23 -> 3938.3472 | G61: 40200 | H61: 2.92 | I61: =H61+H66-2*$A$24 -> 5.94 | J61: 3.1 | K61: 4.96 | L61: =(J61-$A$25)/I61 -> 0.34680135 | M61: =(K61-$A$26)/I61 -> 0.54882155 | N61: =1-L61-M61 -> 0.1043771 | O61: =F61*L61 -> 1365.8241 | P61: =F61*M61 -> 2161.4498 | Q61: =O61+P61 -> 3527.2739
A62: 29 | B62: p01-29 | C62: Machine | D62: 40827 | E62: 29.2 | F62: =(E62-2*$A$20)*$A$21/$A$22*$A$23 -> 4169.6519 | G62: 40200 | H62: 3.4 | I62: =H62+H65-2*$A$24 -> 6.5 | J62: 3.28 | K62: 5.26 | L62: =(J62-$A$25)/I62 -> 0.34461538 | M62: =(K62-$A$26)/I62 -> 0.54769231 | N62: =1-L62-M62 -> 0.10769231 | O62: =F62*L62 -> 1436.9262 | P62: =F62*M62 -> 2283.6862 | Q62: =O62+P62 -> 3720.6124 | AJ62: p0115 | AK62: Machine | AL62: =D59 -> 40827 | AM62: =SUM(E59,E68) -> 66.5 | AN62: =(AM62-4*$A$20)*$A$21/(2*$A$22)*$A$23 -> 4794.1744 | AO62: =G59 -> 40200 | AP62: =SUM(H59,H68) -> 7.08 | AQ62: =SUM(I59,I68) -> 13.52 | AR62: =SUM(J59,J68) -> 6.72 | AS62: =SUM(K59,K68) -> 10.92 | AT62: =(AR62-2*$A$25)/AQ62 -> 0.34319527 | AU62: =(AS62-2*$A$26)/AQ62 -> 0.55621302 | AV62: =1-AT62-AU62 -> 0.10059172 | AW62: =AN62*AT62 -> 1645.338 | AX62: =AN62*AU62 -> 2666.5822 | AY62: =AW62+AX62 -> 4311.9202
A63: 30 | B63: p01-30 | C63: Machine | D63: 40827 | E63: 29.2 | F63: =(E63-2*$A$20)*$A$21/$A$22*$A$23 -> 4169.6519 | G63: 40200 | H63: 3.02 | I63: =H63+H64-2*$A$24 -> 6 | J63: 3.1 | K63: 5.12 | L63: =(J63-$A$25)/I63 -> 0.34333333 | M63: =(K63-$A$26)/I63 -> 0.57 | N63: =1-L63-M63 -> 0.086666667 | O63: =F63*L63 -> 1431.5805 | P63: =F63*M63 -> 2376.7016 | Q63: =O63+P63 -> 3808.282
A64: 31 | B64: p01-31 | C64: Machine | D64: 40827 | E64: 26.7 | F64: =(E64-2*$A$20)*$A$21/$A$22*$A$23 -> 3784.1441 | G64: 40200 | H64: 3.3 | I64: =H64+H63-2*$A$24 -> 6 | J64: 3.1 | K64: 5.12 | L64: =(J64-$A$25)/I64 -> 0.34333333 | M64: =(K64-$A$26)/I64 -> 0.57 | N64: =1-L64-M64 -> 0.086666667 | O64: =F64*L64 -> 1299.2228 | P64: =F64*M64 -> 2156.9621 | Q64: =O64+P64 -> 3456.185 | AJ64: p0116 | AK64: Machine | AL64: =D58 -> 40827 | AM64: =SUM(E58,E69) -> 62.8 | AN64: =(AM64-4*$A$20)*$A$21/(2*$A$22)*$A$23 -> 4508.8987 | AO64: =G58 -> 40200 | AP64: =SUM(H58,H69) -> 6.62 | AQ64: =SUM(I58,I69) -> 12.6 | AR64: =SUM(J58,J69) -> 6.36 | AS64: =SUM(K58,K69) -> 10.36 | AT64: =(AR64-2*$A$25)/AQ64 -> 0.33968254 | AU64: =(AS64-2*$A$26)/AQ64 -> 0.55238095 | AV64: =1-AT64-AU64 -> 0.10793651 | AW64: =AN64*AT64 -> 1531.5942 | AX64: =AN64*AU64 -> 2490.6297 | AY64: =AW64+AX64 -> 4022.2239
A65: 32 | B65: p01-32 | C65: Machine | D65: 40827 | E65: 28.9 | F65: =(E65-2*$A$20)*$A$21/$A$22*$A$23 -> 4123.3909 | G65: 40200 | H65: 3.42 | I65: =H65+H62-2*$A$24 -> 6.5 | J65: 3.28 | K65: 5.26 | L65: =(J65-$A$25)/I65 -> 0.34461538 | M65: =(K65-$A$26)/I65 -> 0.54769231 | N65: =1-L65-M65 -> 0.10769231 | O65: =F65*L65 -> 1420.984 | P65: =F65*M65 -> 2258.3495 | Q65: =O65+P65 -> 3679.3334
A66: 33 | B66: p01-33 | C66: Machine | D66: 40827 | E66: 24.7 | F66: =(E66-2*$A$20)*$A$21/$A$22*$A$23 -> 3475.7379 | G66: 40200 | H66: 3.34 | I66: =H66+H61-2*$A$24 -> 5.94 | J66: 3.1 | K66: 4.96 | L66: =(J66-$A$25)/I66 -> 0.34680135 | M66: =(K66-$A$26)/I66 -> 0.54882155 | N66: =1-L66-M66 -> 0.1043771 | O66: =F66*L66 -> 1205.3906 | P66: =F66*M66 -> 1907.5599 | Q66: =O66+P66 -> 3112.9504 | AJ66: p0117 | AK66: Machine | AL66: =D57 -> 40827 | AM66: =SUM(E57,E70) -> 65 | AN66: =(AM66-4*$A$20)*$A$21/(2*$A$22)*$A$23 -> 4678.5221 | AO66: =G57 -> 40200 | AP66: =SUM(H57,H70) -> 5.5 | AQ66: =SUM(I57,I70) -> 10.36 | AR66: =SUM(J57,J70) -> 5.64 | AS66: =SUM(K57,K70) -> 9.24 | AT66: =(AR66-2*$A$25)/AQ66 -> 0.34362934 | AU66: =(AS66-2*$A$26)/AQ66 -> 0.56370656 | AV66: =1-AT66-AU66 -> 0.092664093 | AW66: =AN66*AT66 -> 1607.6775 | AX66: =AN66*AU66 -> 2637.3136 | AY66: =AW66+AX66 -> 4244.9911
A67: 34 | B67: p01-34 | C67: Machine | D67: 40827 | E67: 32.6 | F67: =(E67-2*$A$20)*$A$21/$A$22*$A$23 -> 4693.9424 | G67: 40200 | H67: 2.94 | I67: =H67+H60-2*$A$24 -> 5.98 | J67: 3.14 | K67: 5.1 | L67: =(J67-$A$25)/I67 -> 0.35117057 | M67: =(K67-$A$26)/I67 -> 0.56856187 | N67: =1-L67-M67 -> 0.080267559 | O67: =F67*L67 -> 1648.3744 | P67: =F67*M67 -> 2668.7967 | Q67: =O67+P67 -> 4317.1711
A68: 35 | B68: p01-35 | C68: Machine | D68: 40827 | E68: 31.8 | F68: =(E68-2*$A$20)*$A$21/$A$22*$A$23 -> 4570.5799 | G68: 40200 | H68: 3.6 | I68: =H68+H59-2*$A$24 -> 6.76 | J68: 3.36 | K68: 5.46 | L68: =(J68-$A$25)/I68 -> 0.34319527 | M68: =(K68-$A$26)/I68 -> 0.55621302 | N68: =1-L68-M68 -> 0.10059172 | O68: =F68*L68 -> 1568.6014 | P68: =F68*M68 -> 2542.2161 | Q68: =O68+P68 -> 4110.8174 | AJ68: p0118 | AK68: Machine | AL68: =D56 -> 40827 | AM68: =SUM(E56,E71) -> 54.8 | AN68: =(AM68-4*$A$20)*$A$21/(2*$A$22)*$A$23 -> 3892.0863 | AO68: =G56 -> 40200 | AP68: =SUM(H56,H71) -> 6.7 | AQ68: =SUM(I56,I71) -> 12.76 | AR68: =SUM(J56,J71) -> 6.44 | AS68: =SUM(K56,K71) -> 10.44 | AT68: =(AR68-2*$A$25)/AQ68 -> 0.34169279 | AU68: =(AS68-2*$A$26)/AQ68 -> 0.55172414 | AV68: =1-AT68-AU68 -> 0.10658307 | AW68: =AN68*AT68 -> 1329.8978 | AX68: =AN68*AU68 -> 2147.3579 | AY68: =AW68+AX68 -> 3477.2558
A69: 36 | B69: p01-36 | C69: Machine | D69: 40827 | E69: 30.6 | F69: =(E69-2*$A$20)*$A$21/$A$22*$A$23 -> 4385.5362 | G69: 40200 | H69: 3.12 | I69: =H69+H58-2*$A$24 -> 6.3 | J69: 3.18 | K69: 5.18 | L69: =(J69-$A$25)/I69 -> 0.33968254 | M69: =(K69-$A$26)/I69 -> 0.55238095 | N69: =1-L69-M69 -> 0.10793651 | O69: =F69*L69 -> 1489.6901 | P69: =F69*M69 -> 2422.4867 | Q69: =O69+P69 -> 3912.1767
A70: 37 | B70: p01-37 | C70: Machine | D70: 40827 | E70: 32 | F70: =(E70-2*$A$20)*$A$21/$A$22*$A$23 -> 4601.4205 | G70: 40200 | H70: 2.92 | I70: =H70+H57-2*$A$24 -> 5.18 | J70: 2.82 | K70: 4.62 | L70: =(J70-$A$25)/I70 -> 0.34362934 | M70: =(K70-$A$26)/I70 -> 0.56370656 | N70: =1-L70-M70 -> 0.092664093 | O70: =F70*L70 -> 1581.1831 | P70: =F70*M70 -> 2593.851 | Q70: =O70+P70 -> 4175.0341 | AJ70: p0119 | AK70: Machine | AL70: =D55 -> 40827 | AM70: =SUM(E55,E72) -> 58.3 | AN70: =(AM70-4*$A$20)*$A$21/(2*$A$22)*$A$23 -> 4161.9417 | AO70: =G55 -> 40200 | AP70: =SUM(H55,H72) -> 7.14 | AQ70: =SUM(I55,I72) -> 13.64 | AR70: =SUM(J55,J72) -> 6.8 | AS70: =SUM(K55,K72) -> 10.96 | AT70: =(AR70-2*$A$25)/AQ70 -> 0.34604106 | AU70: =(AS70-2*$A$26)/AQ70 -> 0.5542522 | AV70: =1-AT70-AU70 -> 0.099706745 | AW70: =AN70*AT70 -> 1440.2027 | AX70: =AN70*AU70 -> 2306.7653 | AY70: =AW70+AX70 -> 3746.968
A71: 38 | B71: p01-38 | C71: Machine | D71: 40827 | E71: 26.6 | F71: =(E71-2*$A$20)*$A$21/$A$22*$A$23 -> 3768.7238 | G71: 40200 | H71: 3.82 | I71: =H71+H56-2*$A$24 -> 6.38 | J71: 3.22 | K71: 5.22 | L71: =(J71-$A$25)/I71 -> 0.34169279 | M71: =(K71-$A$26)/I71 -> 0.55172414 | N71: =1-L71-M71 -> 0.10658307 | O71: =F71*L71 -> 1287.7457 | P71: =F71*M71 -> 2079.2959 | Q71: =O71+P71 -> 3367.0416
A72: 39 | B72: p01-39 | C72: Machine | D72: 40827 | E72: 28.1 | F72: =(E72-2*$A$20)*$A$21/$A$22*$A$23 -> 4000.0284 | G72: 40200 | H72: 3.66 | I72: =H72+H55-2*$A$24 -> 6.82 | J72: 3.4 | K72: 5.48 | L72: =(J72-$A$25)/I72 -> 0.34604106 | M72: =(K72-$A$26)/I72 -> 0.5542522 | N72: =1-L72-M72 -> 0.099706745 | O72: =F72*L72 -> 1384.1741 | P72: =F72*M72 -> 2217.0246 | Q72: =O72+P72 -> 3601.1986 | AJ72: p0120 | AK72: Machine | AL72: =D54 -> 40827 | AM72: =SUM(E54,E73) -> 47.9 | AN72: =(AM72-4*$A$20)*$A$21/(2*$A$22)*$A$23 -> 3360.0856 | AO72: =G54 -> 40200 | AP72: =SUM(H54,H73) -> 6.98 | AQ72: =SUM(I54,I73) -> 13.32 | AR72: =SUM(J54,J73) -> 6.68 | AS72: =SUM(K54,K73) -> 10.84 | AT72: =(AR72-2*$A$25)/AQ72 -> 0.34534535 | AU72: =(AS72-2*$A$26)/AQ72 -> 0.55855856 | AV72: =1-AT72-AU72 -> 0.096096096 | AW72: =AN72*AT72 -> 1160.3899 | AX72: =AN72*AU72 -> 1876.8046 | AY72: =AW72+AX72 -> 3037.1945
A73: 40 | B73: p01-40 | C73: Machine | D73: 40827 | E73: 22.2 | F73: =(E73-2*$A$20)*$A$21/$A$22*$A$23 -> 3090.2302 | G73: 40200 | H73: 3.32 | I73: =H73+H54-2*$A$24 -> 6.66 | J73: 3.34 | K73: 5.42 | L73: =(J73-$A$25)/I73 -> 0.34534535 | M73: =(K73-$A$26)/I73 -> 0.55855856 | N73: =1-L73-M73 -> 0.096096096 | O73: =F73*L73 -> 1067.1966 | P73: =F73*M73 -> 1726.0745 | Q73: =O73+P73 -> 2793.2711
A74: 41 | B74: p02-01 | C74: Machine | D74: 40827 | E74: 26.7 | F74: =(E74-2*$A$20)*$A$21/$A$22*$A$23 -> 3784.1441 | G74: 40200 | H74: 3.36 | I74: =H74+H93-2*$A$24 -> 6.52 | J74: 3.22 | K74: 5.38 | L74: =(J74-$A$25)/I74 -> 0.33435583 | M74: =(K74-$A$26)/I74 -> 0.56441718 | N74: =1-L74-M74 -> 0.10122699 | O74: =F74*L74 -> 1265.2506 | P74: =F74*M74 -> 2135.8359 | Q74: =O74+P74 -> 3401.0866 | S74: p02 | T74: Machine | U74: =D74 -> 40827 | V74: =SUM(E74:E113) -> 1310.2 | W74: =(V74-80*$A$20)*$A$21/(40*$A$22)*$A$23 -> 4717.8439 | X74: =G74 -> 40200 | Y74: =SUM(H74:H113) -> 142.3 | Z74: =SUM(I74:I113) -> 271.8 | AA74: =SUM(J74:J113) -> 131.64 | AB74: =SUM(K74:K113) -> 224.52 | AC74: =(AA74-40*$A$25)/Z74 -> 0.33127299 | AD74: =(AB74-40*$A$26)/Z74 -> 0.57586461 | AE74: =1-AC74-AD74 -> 0.092862399 | AF74: =W74*AC74 -> 1562.8943 | AG74: =W74*AD74 -> 2716.8393 | AH74: =AF74+AG74 -> 4279.7336 | AJ74: p0201 | AK74: Machine | AL74: =D83 -> 40827 | AM74: =SUM(E83,E84) -> 65.1 | AN74: =(AM74-4*$A$20)*$A$21/(2*$A$22)*$A$23 -> 4686.2322 | AO74: =G83 -> 40200 | AP74: =SUM(H83,H84) -> 7.88 | AQ74: =SUM(I83,I84) -> 15.12 | AR74: =SUM(J83,J84) -> 7.12 | AS74: =SUM(K83,K84) -> 12.12 | AT74: =(AR74-2*$A$25)/AQ74 -> 0.33333333 | AU74: =(AS74-2*$A$26)/AQ74 -> 0.57671958 | AV74: =1-AT74-AU74 -> 0.08994709 | AW74: =AN74*AT74 -> 1562.0774 | AX74: =AN74*AU74 -> 2702.6419 | AY74: =AW74+AX74 -> 4264.7193
A75: 42 | B75: p02-02 | C75: Machine | D75: 40827 | E75: 32 | F75: =(E75-2*$A$20)*$A$21/$A$22*$A$23 -> 4601.4205 | G75: 40200 | H75: 3.32 | I75: =H75+H92-2*$A$24 -> 6.64 | J75: 3.26 | K75: 5.54 | L75: =(J75-$A$25)/I75 -> 0.33433735 | M75: =(K75-$A$26)/I75 -> 0.57831325 | N75: =1-L75-M75 -> 0.087349398 | O75: =F75*L75 -> 1538.4267 | P75: =F75*M75 -> 2661.0625 | Q75: =O75+P75 -> 4199.4892
A76: 43 | B76: p02-03 | C76: Machine | D76: 40827 | E76: 28.8 | F76: =(E76-2*$A$20)*$A$21/$A$22*$A$23 -> 4107.9706 | G76: 40200 | H76: 3.2 | I76: =H76+H91-2*$A$24 -> 6.82 | J76: 3.26 | K76: 5.56 | L76: =(J76-$A$25)/I76 -> 0.3255132 | M76: =(K76-$A$26)/I76 -> 0.5659824 | N76: =1-L76-M76 -> 0.1085044 | O76: =F76*L76 -> 1337.1986 | P76: =F76*M76 -> 2325.0391 | Q76: =O76+P76 -> 3662.2377 | AJ76: p0202 | AK76: Machine | AL76: =D82 -> 40827 | AM76: =SUM(E82,E85) -> 72.6 | AN76: =(AM76-4*$A$20)*$A$21/(2*$A$22)*$A$23 -> 5264.4939 | AO76: =G82 -> 40200 | AP76: =SUM(H82,H85) -> 7.28 | AQ76: =SUM(I82,I85) -> 13.92 | AR76: =SUM(J82,J85) -> 6.84 | AS76: =SUM(K82,K85) -> 11.6 | AT76: =(AR76-2*$A$25)/AQ76 -> 0.34195402 | AU76: =(AS76-2*$A$26)/AQ76 -> 0.58908046 | AV76: =1-AT76-AU76 -> 0.068965517 | AW76: =AN76*AT76 -> 1800.2149 | AX76: =AN76*AU76 -> 3101.2105 | AY76: =AW76+AX76 -> 4901.4253
A77: 44 | B77: p02-04 | C77: Machine | D77: 40827 | E77: 29.5 | F77: =(E77-2*$A$20)*$A$21/$A$22*$A$23 -> 4215.9128 | G77: 40200 | H77: 3.42 | I77: =H77+H90-2*$A$24 -> 7.06 | J77: 3.38 | K77: 5.76 | L77: =(J77-$A$25)/I77 -> 0.33144476 | M77: =(K77-$A$26)/I77 -> 0.57507082 | N77: =1-L77-M77 -> 0.093484419 | O77: =F77*L77 -> 1397.3422 | P77: =F77*M77 -> 2424.4484 | Q77: =O77+P77 -> 3821.7906
A78: 45 | B78: p02-05 | C78: Machine | D78: 40827 | E78: 29.5 | F78: =(E78-2*$A$20)*$A$21/$A$22*$A$23 -> 4215.9128 | G78: 40200 | H78: 3.58 | I78: =H78+H89-2*$A$24 -> 6.26 | J78: 3.04 | K78: 5.28 | L78: =(J78-$A$25)/I78 -> 0.31948882 | M78: =(K78-$A$26)/I78 -> 0.57188498 | N78: =1-L78-M78 -> 0.1086262 | O78: =F78*L78 -> 1346.937 | P78: =F78*M78 -> 2411.0172 | Q78: =O78+P78 -> 3757.9542 | AJ78: p0203 | AK78: Machine | AL78: =D81 -> 40827 | AM78: =SUM(E81,E86) -> 63.1 | AN78: =(AM78-4*$A$20)*$A$21/(2*$A$22)*$A$23 -> 4532.0291 | AO78: =G81 -> 40200 | AP78: =SUM(H81,H86) -> 7.3 | AQ78: =SUM(I81,I86) -> 13.96 | AR78: =SUM(J81,J86) -> 6.72 | AS78: =SUM(K81,K86) -> 11.48 | AT78: =(AR78-2*$A$25)/AQ78 -> 0.33237822 | AU78: =(AS78-2*$A$26)/AQ78 -> 0.57879656 | AV78: =1-AT78-AU78 -> 0.088825215 | AW78: =AN78*AT78 -> 1506.3478 | AX78: =AN78*AU78 -> 2623.1229 | AY78: =AW78+AX78 -> 4129.4707
A79: 46 | B79: p02-06 | C79: Machine | D79: 40827 | E79: 32 | F79: =(E79-2*$A$20)*$A$21/$A$22*$A$23 -> 4601.4205 | G79: 40200 | H79: 3.28 | I79: =H79+H88-2*$A$24 -> 6.36 | J79: 3.16 | K79: 5.4 | L79: =(J79-$A$25)/I79 -> 0.33333333 | M79: =(K79-$A$26)/I79 -> 0.58176101 | N79: =1-L79-M79 -> 0.08490566 | O79: =F79*L79 -> 1533.8068 | P79: =F79*M79 -> 2676.927 | Q79: =O79+P79 -> 4210.7339
A80: 47 | B80: p02-07 | C80: Machine | D80: 40827 | E80: 26.2 | F80: =(E80-2*$A$20)*$A$21/$A$22*$A$23 -> 3707.0426 | G80: 40200 | H80: 3.14 | I80: =H80+H87-2*$A$24 -> 6.26 | J80: 3.12 | K80: 5.32 | L80: =(J80-$A$25)/I80 -> 0.33226837 | M80: =(K80-$A$26)/I80 -> 0.57827476 | N80: =1-L80-M80 -> 0.089456869 | O80: =F80*L80 -> 1231.733 | P80: =F80*M80 -> 2143.6891 | Q80: =O80+P80 -> 3375.4221 | AJ80: p0204 | AK80: Machine | AL80: =D80 -> 40827 | AM80: =SUM(E80,E87) -> 56.5 | AN80: =(AM80-4*$A$20)*$A$21/(2*$A$22)*$A$23 -> 4023.1589 | AO80: =G80 -> 40200 | AP80: =SUM(H80,H87) -> 6.58 | AQ80: =SUM(I80,I87) -> 12.52 | AR80: =SUM(J80,J87) -> 6.24 | AS80: =SUM(K80,K87) -> 10.64 | AT80: =(AR80-2*$A$25)/AQ80 -> 0.33226837 | AU80: =(AS80-2*$A$26)/AQ80 -> 0.57827476 | AV80: =1-AT80-AU80 -> 0.089456869 | AW80: =AN80*AT80 -> 1336.7685 | AX80: =AN80*AU80 -> 2326.4913 | AY80: =AW80+AX80 -> 3663.2597
A81: 48 | B81: p02-08 | C81: Machine | D81: 40827 | E81: 28.9 | F81: =(E81-2*$A$20)*$A$21/$A$22*$A$23 -> 4123.3909 | G81: 40200 | H81: 3.6 | I81: =H81+H86-2*$A$24 -> 6.98 | J81: 3.36 | K81: 5.74 | L81: =(J81-$A$25)/I81 -> 0.33237822 | M81: =(K81-$A$26)/I81 -> 0.57879656 | N81: =1-L81-M81 -> 0.088825215 | O81: =F81*L81 -> 1370.5254 | P81: =F81*M81 -> 2386.6045 | Q81: =O81+P81 -> 3757.1298
A82: 49 | B82: p02-09 | C82: Machine | D82: 40827 | E82: 34.8 | F82: =(E82-2*$A$20)*$A$21/$A$22*$A$23 -> 5033.1892 | G82: 40200 | H82: 3.62 | I82: =H82+H85-2*$A$24 -> 6.96 | J82: 3.42 | K82: 5.8 | L82: =(J82-$A$25)/I82 -> 0.34195402 | M82: =(K82-$A$26)/I82 -> 0.58908046 | N82: =1-L82-M82 -> 0.068965517 | O82: =F82*L82 -> 1721.1193 | P82: =F82*M82 -> 2964.9534 | Q82: =O82+P82 -> 4686.0727 | AJ82: p0205 | AK82: Machine | AL82: =D79 -> 40827 | AM82: =SUM(E79,E88) -> 66.2 | AN82: =(AM82-4*$A$20)*$A$21/(2*$A$22)*$A$23 -> 4771.044 | AO82: =G79 -> 40200 | AP82: =SUM(H79,H88) -> 6.68 | AQ82: =SUM(I79,I88) -> 12.72 | AR82: =SUM(J79,J88) -> 6.32 | AS82: =SUM(K79,K88) -> 10.8 | AT82: =(AR82-2*$A$25)/AQ82 -> 0.33333333 | AU82: =(AS82-2*$A$26)/AQ82 -> 0.58176101 | AV82: =1-AT82-AU82 -> 0.08490566 | AW82: =AN82*AT82 -> 1590.348 | AX82: =AN82*AU82 -> 2775.6073 | AY82: =AW82+AX82 -> 4365.9553
A83: 50 | B83: p02-10 | C83: Machine | D83: 40827 | E83: 31.3 | F83: =(E83-2*$A$20)*$A$21/$A$22*$A$23 -> 4493.4784 | G83: 40200 | H83: 3.94 | I83: =H83+H84-2*$A$24 -> 7.56 | J83: 3.56 | K83: 6.06 | L83: =(J83-$A$25)/I83 -> 0.33333333 | M83: =(K83-$A$26)/I83 -> 0.57671958 | N83: =1-L83-M83 -> 0.08994709 | O83: =F83*L83 -> 1497.8261 | P83: =F83*M83 -> 2591.4769 | Q83: =O83+P83 -> 4089.3031
A84: 51 | B84: p02-11 | C84: Machine | D84: 40827 | E84: 33.8 | F84: =(E84-2*$A$20)*$A$21/$A$22*$A$23 -> 4878.9861 | G84: 40200 | H84: 3.94 | I84: =H84+H83-2*$A$24 -> 7.56 | J84: 3.56 | K84: 6.06 | L84: =(J84-$A$25)/I84 -> 0.33333333 | M84: =(K84-$A$26)/I84 -> 0.57671958 | N84: =1-L84-M84 -> 0.08994709 | O84: =F84*L84 -> 1626.3287 | P84: =F84*M84 -> 2813.8068 | Q84: =O84+P84 -> 4440.1355 | AJ84: p0206 | AK84: Machine | AL84: =D78 -> 40827 | AM84: =SUM(E78,E89) -> 65.1 | AN84: =(AM84-4*$A$20)*$A$21/(2*$A$22)*$A$23 -> 4686.2322 | AO84: =G78 -> 40200 | AP84: =SUM(H78,H89) -> 6.58 | AQ84: =SUM(I78,I89) -> 12.52 | AR84: =SUM(J78,J89) -> 6.08 | AS84: =SUM(K78,K89) -> 10.56 | AT84: =(AR84-2*$A$25)/AQ84 -> 0.31948882 | AU84: =(AS84-2*$A$26)/AQ84 -> 0.57188498 | AV84: =1-AT84-AU84 -> 0.1086262 | AW84: =AN84*AT84 -> 1497.1988 | AX84: =AN84*AU84 -> 2679.9859 | AY84: =AW84+AX84 -> 4177.1847
A85: 52 | B85: p02-12 | C85: Machine | D85: 40827 | E85: 37.8 | F85: =(E85-2*$A$20)*$A$21/$A$22*$A$23 -> 5495.7985 | G85: 40200 | H85: 3.66 | I85: =H85+H82-2*$A$24 -> 6.96 | J85: 3.42 | K85: 5.8 | L85: =(J85-$A$25)/I85 -> 0.34195402 | M85: =(K85-$A$26)/I85 -> 0.58908046 | N85: =1-L85-M85 -> 0.068965517 | O85: =F85*L85 -> 1879.3104 | P85: =F85*M85 -> 3237.4675 | Q85: =O85+P85 -> 5116.7779
A86: 53 | B86: p02-13 | C86: Machine | D86: 40827 | E86: 34.2 | F86: =(E86-2*$A$20)*$A$21/$A$22*$A$23 -> 4940.6674 | G86: 40200 | H86: 3.7 | I86: =H86+H81-2*$A$24 -> 6.98 | J86: 3.36 | K86: 5.74 | L86: =(J86-$A$25)/I86 -> 0.33237822 | M86: =(K86-$A$26)/I86 -> 0.57879656 | N86: =1-L86-M86 -> 0.088825215 | O86: =F86*L86 -> 1642.1702 | P86: =F86*M86 -> 2859.6413 | Q86: =O86+P86 -> 4501.8115 | AJ86: p0207 | AK86: Machine | AL86: =D77 -> 40827 | AM86: =SUM(E77,E90) -> 63.9 | AN86: =(AM86-4*$A$20)*$A$21/(2*$A$22)*$A$23 -> 4593.7104 | AO86: =G77 -> 40200 | AP86: =SUM(H77,H90) -> 7.38 | AQ86: =SUM(I77,I90) -> 14.12 | AR86: =SUM(J77,J90) -> 6.76 | AS86: =SUM(K77,K90) -> 11.52 | AT86: =(AR86-2*$A$25)/AQ86 -> 0.33144476 | AU86: =(AS86-2*$A$26)/AQ86 -> 0.57507082 | AV86: =1-AT86-AU86 -> 0.093484419 | AW86: =AN86*AT86 -> 1522.5612 | AX86: =AN86*AU86 -> 2641.7088 | AY86: =AW86+AX86 -> 4164.27
A87: 54 | B87: p02-14 | C87: Machine | D87: 40827 | E87: 30.3 | F87: =(E87-2*$A$20)*$A$21/$A$22*$A$23 -> 4339.2753 | G87: 40200 | H87: 3.44 | I87: =H87+H80-2*$A$24 -> 6.26 | J87: 3.12 | K87: 5.32 | L87: =(J87-$A$25)/I87 -> 0.33226837 | M87: =(K87-$A$26)/I87 -> 0.57827476 | N87: =1-L87-M87 -> 0.089456869 | O87: =F87*L87 -> 1441.8039 | P87: =F87*M87 -> 2509.2934 | Q87: =O87+P87 -> 3951.0973
A88: 55 | B88: p02-15 | C88: Machine | D88: 40827 | E88: 34.2 | F88: =(E88-2*$A$20)*$A$21/$A$22*$A$23 -> 4940.6674 | G88: 40200 | H88: 3.4 | I88: =H88+H79-2*$A$24 -> 6.36 | J88: 3.16 | K88: 5.4 | L88: =(J88-$A$25)/I88 -> 0.33333333 | M88: =(K88-$A$26)/I88 -> 0.58176101 | N88: =1-L88-M88 -> 0.08490566 | O88: =F88*L88 -> 1646.8891 | P88: =F88*M88 -> 2874.2876 | Q88: =O88+P88 -> 4521.1767 | AJ88: p0208 | AK88: Machine | AL88: =D76 -> 40827 | AM88: =SUM(E76,E91) -> 62.3 | AN88: =(AM88-4*$A$20)*$A$21/(2*$A$22)*$A$23 -> 4470.3479 | AO88: =G76 -> 40200 | AP88: =SUM(H76,H91) -> 7.14 | AQ88: =SUM(I76,I91) -> 13.64 | AR88: =SUM(J76,J91) -> 6.52 | AS88: =SUM(K76,K91) -> 11.12 | AT88: =(AR88-2*$A$25)/AQ88 -> 0.3255132 | AU88: =(AS88-2*$A$26)/AQ88 -> 0.5659824 | AV88: =1-AT88-AU88 -> 0.1085044 | AW88: =AN88*AT88 -> 1455.1572 | AX88: =AN88*AU88 -> 2530.1383 | AY88: =AW88+AX88 -> 3985.2955
A89: 56 | B89: p02-16 | C89: Machine | D89: 40827 | E89: 35.6 | F89: =(E89-2*$A$20)*$A$21/$A$22*$A$23 -> 5156.5517 | G89: 40200 | H89: 3 | I89: =H89+H78-2*$A$24 -> 6.26 | J89: 3.04 | K89: 5.28 | L89: =(J89-$A$25)/I89 -> 0.31948882 | M89: =(K89-$A$26)/I89 -> 0.57188498 | N89: =1-L89-M89 -> 0.1086262 | O89: =F89*L89 -> 1647.4606 | P89: =F89*M89 -> 2948.9545 | Q89: =O89+P89 -> 4596.4151
A90: 57 | B90: p02-17 | C90: Machine | D90: 40827 | E90: 34.4 | F90: =(E90-2*$A$20)*$A$21/$A$22*$A$23 -> 4971.508 | G90: 40200 | H90: 3.96 | I90: =H90+H77-2*$A$24 -> 7.06 | J90: 3.38 | K90: 5.76 | L90: =(J90-$A$25)/I90 -> 0.33144476 | M90: =(K90-$A$26)/I90 -> 0.57507082 | N90: =1-L90-M90 -> 0.093484419 | O90: =F90*L90 -> 1647.7803 | P90: =F90*M90 -> 2858.9692 | Q90: =O90+P90 -> 4506.7494 | AJ90: p0209 | AK90: Machine | AL90: =D75 -> 40827 | AM90: =SUM(E75,E92) -> 66.8 | AN90: =(AM90-4*$A$20)*$A$21/(2*$A$22)*$A$23 -> 4817.3049 | AO90: =G75 -> 40200 | AP90: =SUM(H75,H92) -> 6.96 | AQ90: =SUM(I75,I92) -> 13.28 | AR90: =SUM(J75,J92) -> 6.52 | AS90: =SUM(K75,K92) -> 11.08 | AT90: =(AR90-2*$A$25)/AQ90 -> 0.33433735 | AU90: =(AS90-2*$A$26)/AQ90 -> 0.57831325 | AV90: =1-AT90-AU90 -> 0.087349398 | AW90: =AN90*AT90 -> 1610.6049 | AX90: =AN90*AU90 -> 2785.9113 | AY90: =AW90+AX90 -> 4396.5162
A91: 58 | B91: p02-18 | C91: Machine | D91: 40827 | E91: 33.5 | F91: =(E91-2*$A$20)*$A$21/$A$22*$A$23 -> 4832.7252 | G91: 40200 | H91: 3.94 | I91: =H91+H76-2*$A$24 -> 6.82 | J91: 3.26 | K91: 5.56 | L91: =(J91-$A$25)/I91 -> 0.3255132 | M91: =(K91-$A$26)/I91 -> 0.5659824 | N91: =1-L91-M91 -> 0.1085044 | O91: =F91*L91 -> 1573.1158 | P91: =F91*M91 -> 2735.2374 | Q91: =O91+P91 -> 4308.3533
A92: 59 | B92: p02-19 | C92: Machine | D92: 40827 | E92: 34.8 | F92: =(E92-2*$A$20)*$A$21/$A$22*$A$23 -> 5033.1892 | G92: 40200 | H92: 3.64 | I92: =H92+H75-2*$A$24 -> 6.64 | J92: 3.26 | K92: 5.54 | L92: =(J92-$A$25)/I92 -> 0.33433735 | M92: =(K92-$A$26)/I92 -> 0.57831325 | N92: =1-L92-M92 -> 0.087349398 | O92: =F92*L92 -> 1682.7831 | P92: =F92*M92 -> 2910.76 | Q92: =O92+P92 -> 4593.5432 | AJ92: p0210 | AK92: Machine | AL92: =D74 -> 40827 | AM92: =SUM(E74,E93) -> 56.6 | AN92: =(AM92-4*$A$20)*$A$21/(2*$A$22)*$A$23 -> 4030.8691 | AO92: =G74 -> 40200 | AP92: =SUM(H74,H93) -> 6.84 | AQ92: =SUM(I74,I93) -> 13.04 | AR92: =SUM(J74,J93) -> 6.44 | AS92: =SUM(K74,K93) -> 10.76 | AT92: =(AR92-2*$A$25)/AQ92 -> 0.33435583 | AU92: =(AS92-2*$A$26)/AQ92 -> 0.56441718 | AV92: =1-AT92-AU92 -> 0.10122699 | AW92: =AN92*AT92 -> 1347.7446 | AX92: =AN92*AU92 -> 2275.0917 | AY92: =AW92+AX92 -> 3622.8363
A93: 60 | B93: p02-20 | C93: Machine | D93: 40827 | E93: 29.9 | F93: =(E93-2*$A$20)*$A$21/$A$22*$A$23 -> 4277.594 | G93: 40200 | H93: 3.48 | I93: =H93+H74-2*$A$24 -> 6.52 | J93: 3.22 | K93: 5.38 | L93: =(J93-$A$25)/I93 -> 0.33435583 | M93: =(K93-$A$26)/I93 -> 0.56441718 | N93: =1-L93-M93 -> 0.10122699 | O93: =F93*L93 -> 1430.2385 | P93: =F93*M93 -> 2414.3476 | Q93: =O93+P93 -> 3844.586
A94: 61 | B94: p02-21 | C94: Machine | D94: 40827 | E94: 28.7 | F94: =(E94-2*$A$20)*$A$21/$A$22*$A$23 -> 4092.5503 | G94: 40200 | H94: 3.66 | I94: =H94+H113-2*$A$24 -> 6.76 | J94: 3.3 | K94: 5.6 | L94: =(J94-$A$25)/I94 -> 0.33431953 | M94: =(K94-$A$26)/I94 -> 0.57692308 | N94: =1-L94-M94 -> 0.088757396 | O94: =F94*L94 -> 1368.2195 | P94: =F94*M94 -> 2361.0867 | Q94: =O94+P94 -> 3729.3062 | AJ94: p0211 | AK94: Machine | AL94: =D103 -> 40827 | AM94: =SUM(E103,E104) -> 70.1 | AN94: =(AM94-4*$A$20)*$A$21/(2*$A$22)*$A$23 -> 5071.74 | AO94: =G103 -> 40200 | AP94: =SUM(H103,H104) -> 7.32 | AQ94: =SUM(I103,I104) -> 14 | AR94: =SUM(J103,J104) -> 6.84 | AS94: =SUM(K103,K104) -> 11.52 | AT94: =(AR94-2*$A$25)/AQ94 -> 0.34 | AU94: =(AS94-2*$A$26)/AQ94 -> 0.58 | AV94: =1-AT94-AU94 -> 0.08 | AW94: =AN94*AT94 -> 1724.3916 | AX94: =AN94*AU94 -> 2941.6092 | AY94: =AW94+AX94 -> 4666.0008
A95: 62 | B95: p02-22 | C95: Machine | D95: 40827 | E95: 35.5 | F95: =(E95-2*$A$20)*$A$21/$A$22*$A$23 -> 5141.1314 | G95: 40200 | H95: 3.94 | I95: =H95+H112-2*$A$24 -> 7.28 | J95: 3.38 | K95: 5.9 | L95: =(J95-$A$25)/I95 -> 0.32142857 | M95: =(K95-$A$26)/I95 -> 0.57692308 | N95: =1-L95-M95 -> 0.10164835 | O95: =F95*L95 -> 1652.5065 | P95: =F95*M95 -> 2966.0373 | Q95: =O95+P95 -> 4618.5439
A96: 63 | B96: p02-23 | C96: Machine | D96: 40827 | E96: 33 | F96: =(E96-2*$A$20)*$A$21/$A$22*$A$23 -> 4755.6236 | G96: 40200 | H96: 4.48 | I96: =H96+H111-2*$A$24 -> 7.4 | J96: 3.5 | K96: 5.98 | L96: =(J96-$A$25)/I96 -> 0.33243243 | M96: =(K96-$A$26)/I96 -> 0.57837838 | N96: =1-L96-M96 -> 0.089189189 | O96: =F96*L96 -> 1580.9235 | P96: =F96*M96 -> 2750.5499 | Q96: =O96+P96 -> 4331.4734 | AJ96: p0212 | AK96: Machine | AL96: =D102 -> 40827 | AM96: =SUM(E102,E105) -> 72.2 | AN96: =(AM96-4*$A$20)*$A$21/(2*$A$22)*$A$23 -> 5233.6533 | AO96: =G102 -> 40200 | AP96: =SUM(H102,H105) -> 6.52 | AQ96: =SUM(I102,I105) -> 12.4 | AR96: =SUM(J102,J105) -> 6.16 | AS96: =SUM(K102,K105) -> 10.52 | AT96: =(AR96-2*$A$25)/AQ96 -> 0.32903226 | AU96: =(AS96-2*$A$26)/AQ96 -> 0.57419355 | AV96: =1-AT96-AU96 -> 0.096774194 | AW96: =AN96*AT96 -> 1722.0407 | AX96: =AN96*AU96 -> 3005.1299 | AY96: =AW96+AX96 -> 4727.1707
A97: 64 | B97: p02-24 | C97: Machine | D97: 40827 | E97: 34.1 | F97: =(E97-2*$A$20)*$A$21/$A$22*$A$23 -> 4925.2471 | G97: 40200 | H97: 3.7 | I97: =H97+H110-2*$A$24 -> 6.68 | J97: 3.22 | K97: 5.48 | L97: =(J97-$A$25)/I97 -> 0.32634731 | M97: =(K97-$A$26)/I97 -> 0.56586826 | N97: =1-L97-M97 -> 0.10778443 | O97: =F97*L97 -> 1607.3411 | P97: =F97*M97 -> 2787.041 | Q97: =O97+P97 -> 4394.3821
A98: 65 | B98: p02-25 | C98: Machine | D98: 40827 | E98: 38.5 | F98: =(E98-2*$A$20)*$A$21/$A$22*$A$23 -> 5603.7407 | G98: 40200 | H98: 3.76 | I98: =H98+H109-2*$A$24 -> 7.58 | J98: 3.54 | K98: 6.06 | L98: =(J98-$A$25)/I98 -> 0.3298153 | M98: =(K98-$A$26)/I98 -> 0.57519789 | N98: =1-L98-M98 -> 0.094986807 | O98: =F98*L98 -> 1848.1994 | P98: =F98*M98 -> 3223.2598 | Q98: =O98+P98 -> 5071.4593 | AJ98: p0213 | AK98: Machine | AL98: =D101 -> 40827 | AM98: =SUM(E101,E106) -> 66.7 | AN98: =(AM98-4*$A$20)*$A$21/(2*$A$22)*$A$23 -> 4809.5947 | AO98: =G101 -> 40200 | AP98: =SUM(H101,H106) -> 6.86 | AQ98: =SUM(I101,I106) -> 13.08 | AR98: =SUM(J101,J106) -> 6.44 | AS98: =SUM(K101,K106) -> 11 | AT98: =(AR98-2*$A$25)/AQ98 -> 0.33333333 | AU98: =(AS98-2*$A$26)/AQ98 -> 0.58103976 | AV98: =1-AT98-AU98 -> 0.085626911 | AW98: =AN98*AT98 -> 1603.1982 | AX98: =AN98*AU98 -> 2794.5657 | AY98: =AW98+AX98 -> 4397.764
A99: 66 | B99: p02-26 | C99: Machine | D99: 40827 | E99: 31.4 | F99: =(E99-2*$A$20)*$A$21/$A$22*$A$23 -> 4508.8987 | G99: 40200 | H99: 2.9 | I99: =H99+H108-2*$A$24 -> 6.08 | J99: 3.04 | K99: 5.22 | L99: =(J99-$A$25)/I99 -> 0.32894737 | M99: =(K99-$A$26)/I99 -> 0.57894737 | N99: =1-L99-M99 -> 0.092105263 | O99: =F99*L99 -> 1483.1904 | P99: =F99*M99 -> 2610.415 | Q99: =O99+P99 -> 4093.6054
A100: 67 | B100: p02-27 | C100: Machine | D100: 40827 | E100: 33.3 | F100: =(E100-2*$A$20)*$A$21/$A$22*$A$23 -> 4801.8846 | G100: 40200 | H100: 4.1 | I100: =H100+H107-2*$A$24 -> 6.96 | J100: 3.34 | K100: 5.66 | L100: =(J100-$A$25)/I100 -> 0.33045977 | M100: =(K100-$A$26)/I100 -> 0.56896552 | N100: =1-L100-M100 -> 0.10057471 | O100: =F100*L100 -> 1586.8297 | P100: =F100*M100 -> 2732.1067 | Q100: =O100+P100 -> 4318.9364 | AJ100: p0214 | AK100: Machine | AL100: =D100 -> 40827 | AM100: =SUM(E100,E107) -> 65.4 | AN100: =(AM100-4*$A$20)*$A$21/(2*$A$22)*$A$23 -> 4709.3627 | AO100: =G100 -> 40200 | AP100: =SUM(H100,H107) -> 7.28 | AQ100: =SUM(I100,I107) -> 13.92 | AR100: =SUM(J100,J107) -> 6.68 | AS100: =SUM(K100,K107) -> 11.32 | AT100: =(AR100-2*$A$25)/AQ100 -> 0.33045977 | AU100: =(AS100-2*$A$26)/AQ100 -> 0.56896552 | AV100: =1-AT100-AU100 -> 0.10057471 | AW100: =AN100*AT100 -> 1556.2549 | AX100: =AN100*AU100 -> 2679.465 | AY100: =AW100+AX100 -> 4235.7199
A101: 68 | B101: p02-28 | C101: Machine | D101: 40827 | E101: 33.3 | F101: =(E101-2*$A$20)*$A$21/$A$22*$A$23 -> 4801.8846 | G101: 40200 | H101: 3.48 | I101: =H101+H106-2*$A$24 -> 6.54 | J101: 3.22 | K101: 5.5 | L101: =(J101-$A$25)/I101 -> 0.33333333 | M101: =(K101-$A$26)/I101 -> 0.58103976 | N101: =1-L101-M101 -> 0.085626911 | O101: =F101*L101 -> 1600.6282 | P101: =F101*M101 -> 2790.0858 | Q101: =O101+P101 -> 4390.714
A102: 69 | B102: p02-29 | C102: Machine | D102: 40827 | E102: 35.6 | F102: =(E102-2*$A$20)*$A$21/$A$22*$A$23 -> 5156.5517 | G102: 40200 | H102: 3.62 | I102: =H102+H105-2*$A$24 -> 6.2 | J102: 3.08 | K102: 5.26 | L102: =(J102-$A$25)/I102 -> 0.32903226 | M102: =(K102-$A$26)/I102 -> 0.57419355 | N102: =1-L102-M102 -> 0.096774194 | O102: =F102*L102 -> 1696.6719 | P102: =F102*M102 -> 2960.8587 | Q102: =O102+P102 -> 4657.5306 | AJ102: p0215 | AK102: Machine | AL102: =D99 -> 40827 | AM102: =SUM(E99,E108) -> 62.2 | AN102: =(AM102-4*$A$20)*$A$21/(2*$A$22)*$A$23 -> 4462.6378 | AO102: =G99 -> 40200 | AP102: =SUM(H99,H108) -> 6.4 | AQ102: =SUM(I99,I108) -> 12.16 | AR102: =SUM(J99,J108) -> 6.08 | AS102: =SUM(K99,K108) -> 10.44 | AT102: =(AR102-2*$A$25)/AQ102 -> 0.32894737 | AU102: =(AS102-2*$A$26)/AQ102 -> 0.57894737 | AV102: =1-AT102-AU102 -> 0.092105263 | AW102: =AN102*AT102 -> 1467.9729 | AX102: =AN102*AU102 -> 2583.6324 | AY102: =AW102+AX102 -> 4051.6053
A103: 70 | B103: p02-30 | C103: Machine | D103: 40827 | E103: 35.1 | F103: =(E103-2*$A$20)*$A$21/$A$22*$A$23 -> 5079.4502 | G103: 40200 | H103: 3.84 | I103: =H103+H104-2*$A$24 -> 7 | J103: 3.42 | K103: 5.76 | L103: =(J103-$A$25)/I103 -> 0.34 | M103: =(K103-$A$26)/I103 -> 0.58 | N103: =1-L103-M103 -> 0.08 | O103: =F103*L103 -> 1727.0131 | P103: =F103*M103 -> 2946.0811 | Q103: =O103+P103 -> 4673.0941
A104: 71 | B104: p02-31 | C104: Machine | D104: 40827 | E104: 35 | F104: =(E104-2*$A$20)*$A$21/$A$22*$A$23 -> 5064.0298 | G104: 40200 | H104: 3.48 | I104: =H104+H103-2*$A$24 -> 7 | J104: 3.42 | K104: 5.76 | L104: =(J104-$A$25)/I104 -> 0.34 | M104: =(K104-$A$26)/I104 -> 0.58 | N104: =1-L104-M104 -> 0.08 | O104: =F104*L104 -> 1721.7701 | P104: =F104*M104 -> 2937.1373 | Q104: =O104+P104 -> 4658.9075 | AJ104: p0216 | AK104: Machine | AL104: =D98 -> 40827 | AM104: =SUM(E98,E109) -> 75.3 | AN104: =(AM104-4*$A$20)*$A$21/(2*$A$22)*$A$23 -> 5472.6681 | AO104: =G98 -> 40200 | AP104: =SUM(H98,H109) -> 7.9 | AQ104: =SUM(I98,I109) -> 15.16 | AR104: =SUM(J98,J109) -> 7.08 | AS104: =SUM(K98,K109) -> 12.12 | AT104: =(AR104-2*$A$25)/AQ104 -> 0.3298153 | AU104: =(AS104-2*$A$26)/AQ104 -> 0.57519789 | AV104: =1-AT104-AU104 -> 0.094986807 | AW104: =AN104*AT104 -> 1804.9697 | AX104: =AN104*AU104 -> 3147.8671 | AY104: =AW104+AX104 -> 4952.8368
A105: 72 | B105: p02-32 | C105: Machine | D105: 40827 | E105: 36.6 | F105: =(E105-2*$A$20)*$A$21/$A$22*$A$23 -> 5310.7548 | G105: 40200 | H105: 2.9 | I105: =H105+H102-2*$A$24 -> 6.2 | J105: 3.08 | K105: 5.26 | L105: =(J105-$A$25)/I105 -> 0.32903226 | M105: =(K105-$A$26)/I105 -> 0.57419355 | N105: =1-L105-M105 -> 0.096774194 | O105: =F105*L105 -> 1747.4096 | P105: =F105*M105 -> 3049.4011 | Q105: =O105+P105 -> 4796.8108
A106: 73 | B106: p02-33 | C106: Machine | D106: 40827 | E106: 33.4 | F106: =(E106-2*$A$20)*$A$21/$A$22*$A$23 -> 4817.3049 | G106: 40200 | H106: 3.38 | I106: =H106+H101-2*$A$24 -> 6.54 | J106: 3.22 | K106: 5.5 | L106: =(J106-$A$25)/I106 -> 0.33333333 | M106: =(K106-$A$26)/I106 -> 0.58103976 | N106: =1-L106-M106 -> 0.085626911 | O106: =F106*L106 -> 1605.7683 | P106: =F106*M106 -> 2799.0457 | Q106: =O106+P106 -> 4404.8139 | AJ106: p0217 | AK106: Machine | AL106: =D97 -> 40827 | AM106: =SUM(E97,E110) -> 68.7 | AN106: =(AM106-4*$A$20)*$A$21/(2*$A$22)*$A$23 -> 4963.7978 | AO106: =G97 -> 40200 | AP106: =SUM(H97,H110) -> 7 | AQ106: =SUM(I97,I110) -> 13.36 | AR106: =SUM(J97,J110) -> 6.44 | AS106: =SUM(K97,K110) -> 10.96 | AT106: =(AR106-2*$A$25)/AQ106 -> 0.32634731 | AU106: =(AS106-2*$A$26)/AQ106 -> 0.56586826 | AV106: =1-AT106-AU106 -> 0.10778443 | AW106: =AN106*AT106 -> 1619.922 | AX106: =AN106*AU106 -> 2808.8557 | AY106: =AW106+AX106 -> 4428.7777
A107: 74 | B107: p02-34 | C107: Machine | D107: 40827 | E107: 32.1 | F107: =(E107-2*$A$20)*$A$21/$A$22*$A$23 -> 4616.8409 | G107: 40200 | H107: 3.18 | I107: =H107+H100-2*$A$24 -> 6.96 | J107: 3.34 | K107: 5.66 | L107: =(J107-$A$25)/I107 -> 0.33045977 | M107: =(K107-$A$26)/I107 -> 0.56896552 | N107: =1-L107-M107 -> 0.10057471 | O107: =F107*L107 -> 1525.6802 | P107: =F107*M107 -> 2626.8232 | Q107: =O107+P107 -> 4152.5034
...

Sheet Zone Scale
B1: Harvest | C1: Harvest | D1: Harvest | E1: Harvest | F1: Ginning | G1: Ginning | H1: Ginning | I1: Ginning | J1: Ginning | K1: Ginning | L1: Ginning | M1: Ginning | N1: Compute | O1: Compute | P1: Compute
H2: Combined | I2: Combined | J2: Combined
D3: Field wt | F3: Date | G3: Sample | H3: Sample | I3: Fiber | J3: Seed
A4: ZID | B4: HARM | C4: HADAT | D4: in bag | E4: WBWAH | F4: GNDAT | G4: wt in bags | H4: Weight | I4: wt in bags | J4: wt in bins | K4: FFRAC | L4: SFRAC | M4: TFRAC | N4: WFWAH | O4: WSWAH | P4: WSCWAH
D5: (lbs) | E5: (kg/ha) | G5: (lbs) | H5: (lbs) | I5: (lbs) | J5: (lbs) | K5: (g/g) | L5: (g/g) | M5: (g/g) | N5: (kg/ha) | O5: (kg/ha) | P5: (kg/ha)
A6: ZID | B6: HARM | C6: HADAT | E6: WBWAH | F6: GNDAT | K6: FFRAC | L6: SFRAC | M6: TFRAC | N6: WFWAH | O6: WSWAH | P6: WSCWAH
A7: p0101 | B7: Machine | C7: 40827 | D7: 53.1 | E7: 3761.0136 | F7: 40200 | G7: 6.62 | H7: 12.6 | I7: 6.48 | J7: 10.44 | K7: 0.34920635 | L7: 0.55873016 | M7: 0.092063492 | N7: 1313.3698 | O7: 2101.3917 | P7: 3414.7616
A8: p0102 | B8: Machine | C8: 40827 | D8: 48.4 | E8: 3398.6364 | F8: 40200 | G8: 5.98 | H8: 11.32 | I8: 5.92 | J8: 9.72 | K8: 0.33922261 | L8: 0.55830389 | M8: 0.1024735 | N8: 1152.8943 | O8: 1897.4719 | P8: 3050.3662
A9: p0103 | B9: Machine | C9: 40827 | D9: 55.9 | E9: 3976.898 | F9: 40200 | G9: 6.44 | H9: 12.24 | I9: 6.52 | J9: 10.24 | K9: 0.3627451 | L9: 0.55882353 | M9: 0.078431373 | N9: 1442.6002 | O9: 2222.3842 | P9: 3664.9844
A10: p0104 | B10: Machine | C10: 40827 | D10: 60.7 | E10: 4346.9854 | F10: 40200 | G10: 6.96 | H10: 13.28 | I10: 6.64 | J10: 10.72 | K10: 0.34337349 | L10: 0.55120482 | M10: 0.10542169 | N10: 1492.6396 | O10: 2396.0793 | P10: 3888.7189
A11: p0105 | B11: Machine | C11: 40827 | D11: 58.6 | E11: 4185.0722 | F11: 40200 | G11: 7.4 | H11: 14.16 | I11: 7.08 | J11: 11.28 | K11: 0.35310734 | L11: 0.55649718 | M11: 0.09039548 | N11: 1477.7797 | O11: 2328.9808 | P11: 3806.7606
A12: p0106 | B12: Machine | C12: 40827 | D12: 55.6 | E12: 3953.7675 | F12: 40200 | G12: 5.8 | H12: 10.96 | I12: 5.96 | J12: 9.56 | K12: 0.3540146 | L12: 0.5620438 | M12: 0.083941606 | N12: 1399.6914 | O12: 2222.1905 | P12: 3621.8819
A13: p0107 | B13: Machine | C13: 40827 | D13: 61.2 | E13: 4385.5362 | F13: 40200 | G13: 5.84 | H13: 11.04 | I13: 5.88 | J13: 9.6 | K13: 0.3442029 | L13: 0.5615942 | M13: 0.094202899 | N13: 1509.5143 | O13: 2462.8917 | P13: 3972.406
A14: p0108 | B14: Machine | C14: 40827 | D14: 52.7 | E14: 3730.173 | F14: 40200 | G14: 6.94 | H14: 13.24 | I14: 6.76 | J14: 10.72 | K14: 0.35347432 | L14: 0.55287009 | M14: 0.093655589 | N14: 1318.5204 | O14: 2062.3011 | P14: 3380.8215
A15: p0109 | B15: Machine | C15: 40827 | D15: 49.6 | E15: 3491.1582 | F15: 40200 | G15: 6.32 | H15: 12 | I15: 6.28 | J15: 9.96 | K15: 0.35 | L15: 0.54666667 | M15: 0.10333333 | N15: 1221.9054 | O15: 1908.4998 | P15: 3130.4052
A16: p0110 | B16: Machine | C16: 40827 | D16: 45.9 | E16: 3205.8825 | F16: 40200 | G16: 6.3 | H16: 11.96 | I16: 6.32 | J16: 10.08 | K16: 0.35451505 | L16: 0.55852843 | M16: 0.086956522 | N16: 1136.5336 | O16: 1790.5765 | P16: 2927.1101
A17: p0111 | B17: Machine | C17: 40827 | D17: 55.9 | E17: 3976.898 | F17: 40200 | G17: 6.32 | H17: 12 | I17: 6.2 | J17: 10.24 | K17: 0.34333333 | L17: 0.57 | M17: 0.086666667 | N17: 1365.4016 | O17: 2266.8319 | P17: 3632.2335
A18: p0112 | B18: Machine | C18: 40827 | D18: 58.1 | E18: 4146.5214 | F18: 40200 | G18: 6.82 | H18: 13 | I18: 6.56 | J18: 10.52 | K18: 0.34461538 | L18: 0.54769231 | M18: 0.10769231 | N18: 1428.9551 | O18: 2271.0179 | P18: 3699.9729
... A326: p1620 | B326: Machine | C326: 40830 | D326: 53.91 | E326: 3823.4659 | F326: 40204 | G326: 6.3 | H326: 11.96 | I326: 6.08 | J326: 10.08 | K326: 0.33444816 | L326: 0.55852843 | M326: 0.10702341 | N326: 1278.7511 | O326: 2135.5144 | P326: 3414.2655

Sheet Plot Scale
B1: Harvest | C1: Harvest | D1: Harvest | E1: Harvest | F1: Ginning | G1: Ginning | H1: Ginning | I1: Ginning | J1: Ginning | K1: Ginning | L1: Ginning | M1: Ginning | N1: Compute | O1: Compute | P1: Compute
H2: Combined | I2: Combined | J2: Combined
D3: Field wt | F3: Date | G3: Sample | H3: Sample | I3: Fiber | J3: Seed
A4: PID | B4: HARM | C4: HADAT | D4: in bag | E4: WBWAH | F4: GNDAT | G4: wt in bags | H4: Weight | I4: wt in bags | J4: wt in bins | K4: FFRAC | L4: SFRAC | M4: TFRAC | N4: WFWAH | O4: WSWAH | P4: WSCWAH
D5: (lbs) | E5: (kg/ha) | G5: (lbs) | H5: (lbs) | I5: (lbs) | J5: (lbs) | K5: (g/g) | L5: (g/g) | M5: (g/g) | N5: (kg/ha) | O5: (kg/ha) | P5: (kg/ha)
A6: PID | B6: HARM | C6: HADAT | E6: WBWAH | F6: GNDAT | K6: FFRAC | L6: SFRAC | M6: TFRAC | N6: WFWAH | O6: WSWAH | P6: WSCWAH
A7: p01 | B7: Machine | C7: 40827 | D7: 1130.4 | E7: 4024.7009 | F7: 40200 | G7: 130.32 | H7: 247.84 | I7: 127.72 | J7: 205.96 | K7: 0.34748225 | L7: 0.55664945 | M7: 0.095868302 | N7: 1398.5121 | O7: 2240.3476 | P7: 3638.8597
A8: p02 | B8: Machine | C8: 40827 | D8: 1310.2 | E8: 4717.8439 | F8: 40200 | G8: 142.3 | H8: 271.8 | I8: 131.64 | J8: 224.52 | K8: 0.33127299 | L8: 0.57586461 | M8: 0.092862399 | N8: 1562.8943 | O8: 2716.8393 | P8: 4279.7336
A9: p03 | B9: Machine | C9: 40827 | D9: 1159.9 | E9: 4138.4257 | F9: 40200 | G9: 128.72 | H9: 244.64 | I9: 122.48 | J9: 209.6 | K9: 0.33060824 | L9: 0.57880968 | M9: 0.09058208 | N9: 1368.1977 | O9: 2395.3609 | P9: 3763.5585
A10: p04 | B10: Machine | C10: 40827 | D10: 1420 | E10: 5141.1314 | F10: 40205 | G10: 123.9 | H10: 235 | I10: 118.84 | J10: 202.92 | K10: 0.32868085 | L10: 0.57412766 | M10: 0.097191489 | N10: 1689.7914 | O10: 2951.6657 | P10: 4641.4572
A11: p05 | B11: Machine | C11: 40827 | D11: 1419.1 | E11: 5137.6618 | F11: 40205 | G11: 113.76 | H11: 214.72 | I11: 112.92 | J11: 189.04 | K11: 0.3321535 | L11: 0.56371088 | M11: 0.10413562 | N11: 1706.4924 | O11: 2896.1559 | P11: 4602.6482
A12: p06 | B12: Machine | C12: 40828 | D12: 1336 | E12: 4817.3049 | F12: 40205 | G12: 132.54 | H12: 252.28 | I12: 125.24 | J12: 211.12 | K12: 0.33153639 | L12: 0.56730617 | M12: 0.10115744 | N12: 1597.1119 | O12: 2732.8868 | P12: 4329.9986
A13: p07 | B13: Machine | C13: 40828 | D13: 1410.9 | E13: 5106.0502 | F13: 40204 | G13: 130.86 | H13: 248.92 | I13: 123.08 | J13: 210.04 | K13: 0.32733408 | L13: 0.5706251 | M13: 0.10204082 | N13: 1671.3843 | O13: 2913.6404 | P13: 4585.0247
A14: p08 | B14: Machine | C14: 40828 | D14: 1426.3 | E14: 5165.4184 | F14: 40204 | G14: 128.46 | H14: 244.12 | I14: 124.56 | J14: 205.28 | K14: 0.33983287 | L14: 0.56234639 | M14: 0.097820744 | N14: 1755.379 | O14: 2904.7544 | P14: 4660.1333
A15: p09 | B15: Machine | C15: 40828 | D15: 1201 | E15: 4296.8694 | F15: 40205 | G15: 119.46 | H15: 226.12 | I15: 118.52 | J15: 195.4 | K15: 0.34017336 | L15: 0.56341765 | M15: 0.096408986 | N15: 1461.6805 | O15: 2420.9321 | P15: 3882.6126
A16: p10 | B16: Machine | C16: 40828 | D16: 1597.5 | E16: 5825.4077 | F16: 40204 | G16: 130.68 | H16: 248.56 | I16: 123.68 | J16: 208.8 | K16: 0.33022208 | L16: 0.56646283 | M16: 0.10331509 | N16: 1923.6782 | O16: 3299.8769 | P16: 5223.5551
A17: p11 | B17: Machine | C17: 40829 | D17: 1445.3 | E17: 5238.6649 | F17: 40200 | G17: 145.9 | H17: 279 | I17: 135 | J17: 226.16 | K17: 0.33476703 | L17: 0.56688172 | M17: 0.098351254 | N17: 1753.7323 | O17: 2969.7033 | P17: 4723.4356
A18: p12 | B18: Machine | C18: 40829 | D18: 1189.6 | E18: 4252.9215 | F18: 40200 | G18: 141.56 | H18: 270.32 | I18: 129.48 | J18: 223.2 | K18: 0.32509618 | L18: 0.57413436 | M18: 0.10076946 | N18: 1382.6086 | O18: 2441.7484 | P18: 3824.3569
... A22: p16 | B22: Machine | C22: 40830 | D22: 1047.41 | E22: 3704.7681 | F22: 40204 | G22: 142.04 | H22: 271.28 | I22: 132.96 | J22: 220.92 | K22: 0.33677381 | L22: 0.56369802 | M22: 0.099528163 | N22: 1247.6689 | O22: 2088.3704 | P22: 3336.0393

Sheet Compare
B1: Original | C1: Original
B2: Spreadsheet | C2: Spreadsheet
B4: Lint | C4: Cottonseed | N4: 0
N5: 3500
A6: Plot
A7: 1 | B7: 1398.6065 | C7: 2242.6002
A8: 2 | B8: 1563.1485 | C8: 2718.8598
A9: 3 | B9: 1368.5259 | C9: 2397.7732
A10: 4 | B10: 1692.1451 | C10: 2953.0622
A11: 5 | B11: 1708.5412 | C11: 2897.4369
A12: 6 | B12: 1598.2501 | C12: 2736.6998
A13: 7 | B13: 1671.2312 | C13: 2915.0886
A14: 8 | B14: 1757.1442 | C14: 2906.9077
A15: 9 | B15: 1461.4396 | C15: 2423.1886
A16: 10 | B16: 1923.5403 | C16: 3303.5235
A17: 11 | B17: 1753.7772 | C17: 2971.218
A18: 12 | B18: 1383.6941 | C18: 2442.4122
A19: 13 | B19: 1492.2576 | C19: 2570.5248
A20: 14 | B20: 1443.0983 | C20: 2566.8154 | N20: 0
A21: 15 | B21: 1701.0724 | C21: 2822.4013 | N21: 3500
A22: 16 | B22: 1247.3844 | C22: 2088.1322

Sheet 2011 Cotton harvest
C2: Cotton in field 33 was harvested on these dates
C3: Using a 2-row picker and bagging the samples (in 2 bags) from a 50' strip.
C4: In each of the 17 borders, 40 samples were collected.
C6: Two rows on the East and 2 rows on the West were buffer rows, and not harvested.
D7: There was also a buffer area (?? ') on the North and South ends of the borders.
C9: Problems picking?
C10: Problems processing?
B12: General Plot Map for Harvesting
C13: ↑ | D13: ↓ | E13: ↑ | F13: ↓ | H13: North ↑ | J13: KRT GIS IntraPlot Numbering
C14: Buffer | D14: Buffer | E14: Buffer | F14: Buffer
C15: 40 | D15: 21 | E15: 20 | F15: 1 | J15: 20 | K15: 10
C16: 39 | D16: 22 | E16: 19 | F16: 2 | J16: 19 | K16: 9
C17: 38 | D17: 23 | E17: 18 | F17: 3 | J17: 18 | K17: 8
C18: 37 | D18: 24 | E18: 17 | F18: 4 | J18: 17 | K18: 7
C19: 36 | D19: 25 | E19: 16 | F19: 5 | J19: 16 | K19: 6
C20: 35 | D20: 26 | E20: 15 | F20: 6 | J20: 15 | K20: 5
C21: 34 | D21: 27 | E21: 14 | F21: 7 | J21: 14 | K21: 4
C22: 33 | D22: 28 | E22: 13 | F22: 8 | J22: 13 | K22: 3
C23: 32 | D23: 29 | E23: 12 | F23: 9 | J23: 12 | K23: 2
C24: 31 | D24: 30 | E24: 11 | F24: 10 | J24: 11 | K24: 1
C25: Buffer | D25: Buffer | E25: Buffer | F25: Buffer
B26: 2 row buffer | C26: 2 rows | D26: 2 rows | E26: 2 rows | F26: 2 rows | G26: 2 row buffer
C27: ←Cell width→ | E27: ←Cell width→

Sheet Field Harvest
A1: FISE Cotton 2011 -- Large Field Experiment
A3: Cotton Harvest
A4: Harvested sample weights
B5: Two bags used to collect harvested cotton for each 50' length. Bags "A" and "B" in no particular order. "A" & "B" are not from equal lenths of rows.
B6: Weight is harvested cotton in mesh bag. Using U ofA'a scale (IQ plus 390-DC is listed on digital read-out). Same scale as last time.
B8: Plots highlighted in yellow = the picker driver didn't stop between sample cells and samples are mixed (either mixed a lot, or a little)
B10: Data entered by SMM on 14 Oct
B12: Weights recorded are the harvested cotton and the large mesh bag (not tared). Weighed 2 mesh bags later - 1.06 lb & 1.10 lb
C14: Border # | D14: 1 | E14: MAC | H14: Border # | I14: 2 | J14: NDB | M14: Border # | N14: 3 | O14: FAO | R14: Border # | S14: 4 | T14: NDA | W14: Border # | X14: 5 | Y14: MAC | AB14: Border # | AC14: 6 | AD14: FAO | AG14: Border # | AH14: 7 | AI14: NDA | AL14: Border # | AM14: 8 | AN14: NDB
C15: Harvest Date: | D15: 40827 | H15: Date: | I15: 40827 | M15: Date: | N15: 40827 | R15: Date: | S15: 40827 | W15: Date: | X15: 40827 | AB15: Date: | AC15: 40828 | AG15: Date: | AH15: 40828 | AL15: Date: | AM15: 40828
B18: Samp. # | C18: Weight Bag A (lbs) | D18: Weight Bag B (lbs) | E18: Total Weight (lbs) | G18: Samp. # | H18: Weight Bag A (lbs) | I18: Weight Bag B (lbs) | J18: Total Weight (lbs) | L18: Samp. # | M18: Weight Bag A (lbs) | N18: Weight Bag B (lbs) | O18: Total Weight (lbs) | Q18: Samp. # | R18: Weight Bag A (lbs) | S18: Weight Bag B (lbs) | T18: Total Weight (lbs) | V18: Samp. # | W18: Weight Bag A (lbs) | X18: Weight Bag B (lbs) | Y18: Total Weight (lbs) | AA18: Samp. # | AB18: Weight Bag A (lbs) | AC18: Weight Bag B (lbs) | AD18: Total Weight (lbs) | AF18: Samp. # | AG18: Weight Bag A (lbs) | AH18: Weight Bag B (lbs) | AI18: Total Weight (lbs) | AK18: Samp. # | AL18: Weight Bag A (lbs) | AM18: Weight Bag B (lbs) | AN18: Total Weight (lbs)
B19: 1 | C19: 7.8 | D19: 11.2 | E19: =C19+D19 -> 19 | G19: 1 | H19: 13.7 | I19: 13 | J19: =H19+I19 -> 26.7 | L19: 1 | M19: 7.5 | N19: 10.5 | O19: =M19+N19 -> 18 | Q19: 1 | R19: 12.9 | S19: 14.1 | T19: =R19+S19 -> 27 | V19: 1 | W19: 14.3 | X19: 15.5 | Y19: =W19+X19 -> 29.8 | AA19: 1 | AB19: 16.6 | AC19: 12.4 | AD19: =AB19+AC19 -> 29 | AF19: 1 | AG19: 11.8 | AH19: 18.6 | AI19: =AG19+AH19 -> 30.4 | AK19: 1 | AL19: 12.3 | AM19: 15.8 | AN19: =AL19+AM19 -> 28.1
B20: 2 | C20: 9 | D20: 13 | E20: =C20+D20 -> 22 | G20: 2 | H20: 15.2 | I20: 16.8 | J20: =H20+I20 -> 32 | L20: 2 | M20: 13.9 | N20: 15.7 | O20: =M20+N20 -> 29.6 | Q20: 2 | R20: 17.4 | S20: 17.6 | T20: =R20+S20 -> 35 | V20: 2 | W20: 16.4 | X20: 20.9 | Y20: =W20+X20 -> 37.3 | AA20: 2 | AB20: 15.2 | AC20: 14.6 | AD20: =AB20+AC20 -> 29.8 | AF20: 2 | AG20: 14.8 | AH20: 16.3 | AI20: =AG20+AH20 -> 31.1 | AK20: 2 | AL20: 14.6 | AM20: 17.3 | AN20: =AL20+AM20 -> 31.9
B21: 3 | C21: 10.3 | D21: 12.4 | E21: =C21+D21 -> 22.7 | G21: 3 | H21: 14.9 | I21: 13.9 | J21: =H21+I21 -> 28.8 | L21: 3 | M21: 13.2 | N21: 13.4 | O21: =M21+N21 -> 26.6 | Q21: 3 | R21: 16.5 | S21: 17.2 | T21: =R21+S21 -> 33.7 | V21: 3 | W21: 16.3 | X21: 27.3 | Y21: =W21+X21 -> 43.6 | AA21: 3 | AB21: 14.5 | AC21: 17.5 | AD21: =AB21+AC21 -> 32 | AF21: 3 | AG21: 14.7 | AH21: 18.3 | AI21: =AG21+AH21 -> 33 | AK21: 3 | AL21: 14.3 | AM21: 16.3 | AN21: =AL21+AM21 -> 30.6
B22: 4 | C22: 11.4 | D22: 15.2 | E22: =C22+D22 -> 26.6 | G22: 4 | H22: 14.2 | I22: 15.3 | J22: =H22+I22 -> 29.5 | L22: 4 | M22: 13.5 | N22: 14.1 | O22: =M22+N22 -> 27.6 | Q22: 4 | R22: 17.5 | S22: 18 | T22: =R22+S22 -> 35.5 | V22: 4 | W22: 10.9 | X22: 16.7 | Y22: =W22+X22 -> 27.6 | AA22: 4 | AB22: 13.5 | AC22: 17.6 | AD22: =AB22+AC22 -> 31.1 | AF22: 4 | AG22: 18.1 | AH22: 12.5 | AI22: =AG22+AH22 -> 30.6 | AK22: 4 | AL22: 15.3 | AM22: 17.5 | AN22: =AL22+AM22 -> 32.8
B23: 5 | C23: 12.9 | D23: 12.7 | E23: =C23+D23 -> 25.6 | G23: 5 | H23: 14.8 | I23: 14.7 | J23: =H23+I23 -> 29.5 | L23: 5 | M23: 17.2 | N23: 12.4 | O23: =M23+N23 -> 29.6 | Q23: 5 | R23: 18.6 | S23: 21.2 | T23: =R23+S23 -> 39.8 | V23: 5 | W23: 18.7 | X23: 17.7 | Y23: =W23+X23 -> 36.4 | AA23: 5 | AB23: 16.2 | AC23: 19.5 | AD23: =AB23+AC23 -> 35.7 | AF23: 5 | AG23: 14.7 | AH23: 14.5 | AI23: =AG23+AH23 -> 29.2 | AK23: 5 | AL23: 15.7 | AM23: 18.1 | AN23: =AL23+AM23 -> 33.8
B24: 6 | C24: 13.5 | D24: 13.2 | E24: =C24+D24 -> 26.7 | G24: 6 | H24: 15.3 | I24: 16.7 | J24: =H24+I24 -> 32 | L24: 6 | M24: 13.9 | N24: 13.9 | O24: =M24+N24 -> 27.8 | Q24: 6 | R24: 17.9 | S24: 19.6 | T24: =R24+S24 -> 37.5 | V24: 6 | W24: 18.1 | X24: 19 | Y24: =W24+X24 -> 37.1 | AA24: 6 | AB24: 16.6 | AC24: 20.4 | AD24: =AB24+AC24 -> 37 | AF24: 6 | AG24: 13.6 | AH24: 18.3 | AI24: =AG24+AH24 -> 31.9 | AK24: 6 | AL24: 16.6 | AM24: 23.9 | AN24: =AL24+AM24 -> 40.5
B25: 7 | C25: 13.8 | D25: 13.7 | E25: =C25+D25 -> 27.5 | G25: 7 | H25: 14.4 | I25: 11.8 | J25: =H25+I25 -> 26.2 | L25: 7 | M25: 14.3 | N25: 14.4 | O25: =M25+N25 -> 28.7 | Q25: 7 | R25: 17.9 | S25: 21.7 | T25: =R25+S25 -> 39.6 | V25: 7 | W25: 15.7 | X25: 19.3 | Y25: =W25+X25 -> 35 | AA25: 7 | AB25: 16.2 | AC25: 17.9 | AD25: =AB25+AC25 -> 34.1 | AF25: 7 | AG25: 16.2 | AH25: 19.5 | AI25: =AG25+AH25 -> 35.7 | AK25: 7 | AL25: 18.6 | AM25: 19.4 | AN25: =AL25+AM25 -> 38
B26: 8 | C26: 14.4 | D26: 11.9 | E26: =C26+D26 -> 26.3 | G26: 8 | H26: 17.5 | I26: 11.4 | J26: =H26+I26 -> 28.9 | L26: 8 | M26: 14.3 | N26: 14.5 | O26: =M26+N26 -> 28.8 | Q26: 8 | R26: 18.3 | S26: 17.4 | T26: =R26+S26 -> 35.7 | V26: 8 | W26: 16.9 | X26: 17.6 | Y26: =W26+X26 -> 34.5 | AA26: 8 | AB26: 17.3 | AC26: 17.8 | AD26: =AB26+AC26 -> 35.1 | AF26: 8 | AG26: 16.2 | AH26: 18.8 | AI26: =AG26+AH26 -> 35 | AK26: 8 | AL26: 15.4 | AM26: 19.7 | AN26: =AL26+AM26 -> 35.1
B27: 9 | C27: 10.6 | D27: 10.8 | E27: =C27+D27 -> 21.4 | G27: 9 | H27: 16.6 | I27: 18.2 | J27: =H27+I27 -> 34.8 | L27: 9 | M27: 13.3 | N27: 16.9 | O27: =M27+N27 -> 30.2 | Q27: 9 | R27: 16.7 | S27: 18.5 | T27: =R27+S27 -> 35.2 | V27: 9 | W27: 17.4 | X27: 18.7 | Y27: =W27+X27 -> 36.1 | AA27: 9 | AB27: 14.3 | AC27: 17.5 | AD27: =AB27+AC27 -> 31.8 | AF27: 9 | AG27: 15 | AH27: 17.8 | AI27: =AG27+AH27 -> 32.8 | AK27: 9 | AL27: 17 | AM27: 19.8 | AN27: =AL27+AM27 -> 36.8
B28: 10 | C28: 11.7 | D28: 11.2 | E28: =C28+D28 -> 22.9 | G28: 10 | H28: 17.1 | I28: 14.2 | J28: =H28+I28 -> 31.3 | L28: 10 | M28: 12.1 | N28: 10.3 | O28: =M28+N28 -> 22.4 | Q28: 10 | R28: 14 | S28: 15.4 | T28: =R28+S28 -> 29.4 | V28: 10 | W28: 19.4 | X28: 15.8 | Y28: =W28+X28 -> 35.2 | AA28: 10 | AB28: 13.7 | AC28: 12.3 | AD28: =AB28+AC28 -> 26 | AF28: 10 | AG28: 16.6 | AH28: 16.5 | AI28: =AG28+AH28 -> 33.1 | AK28: 10 | AL28: 16.3 | AM28: 18.3 | AN28: =AL28+AM28 -> 34.6
B29: 11 | C29: 16.1 | D29: 14.1 | E29: =C29+D29 -> 30.2 | G29: 11 | H29: 20.6 | I29: 13.2 | J29: =H29+I29 -> 33.8 | L29: 11 | M29: 11.9 | N29: 17.8 | O29: =M29+N29 -> 29.7 | Q29: 11 | R29: 15.6 | S29: 18.1 | T29: =R29+S29 -> 33.7 | V29: 11 | W29: 16.8 | X29: 19.8 | Y29: =W29+X29 -> 36.6 | AA29: 11 | AB29: 11.1 | AC29: 16.5 | AD29: =AB29+AC29 -> 27.6 | AF29: 11 | AG29: 15.5 | AH29: 20.1 | AI29: =AG29+AH29 -> 35.6 | AK29: 11 | AL29: 16 | AM29: 19.7 | AN29: =AL29+AM29 -> 35.7
B30: 12 | C30: 15.1 | D30: 11.9 | E30: =C30+D30 -> 27 | G30: 12 | H30: 17.5 | I30: 20.3 | J30: =H30+I30 -> 37.8 | L30: 12 | M30: 16.9 | N30: 19 | O30: =M30+N30 -> 35.9 | Q30: 12 | R30: 17.7 | S30: 21 | T30: =R30+S30 -> 38.7 | V30: 12 | W30: 18.9 | X30: 20.3 | Y30: =W30+X30 -> 39.2 | AA30: 12 | AB30: 17.9 | AC30: 19.7 | AD30: =AB30+AC30 -> 37.6 | AF30: 12 | AG30: 16.2 | AH30: 21.2 | AI30: =AG30+AH30 -> 37.4 | AK30: 12 | AL30: 18.9 | AM30: 20 | AN30: =AL30+AM30 -> 38.9
... B58: 40 | C58: 10.7 | D58: 11.5 | E58: =C58+D58 -> 22.2 | G58: 40 | H58: 18.3 | I58: 10.3 | J58: =H58+I58 -> 28.6 | L58: 40 | M58: 10.7 | N58: 7.8 | O58: =M58+N58 -> 18.5 | Q58: 40 | R58: 12.7 | S58: 11.5 | T58: =R58+S58 -> 24.2 | V58: 40 | W58: 15.4 | X58: 15 | Y58: =W58+X58 -> 30.4 | AA58: 40 | AB58: 12.6 | AC58: 14.5 | AD58: =AB58+AC58 -> 27.1 | AF58: 40 | AG58: 16.4 | AH58: 16.2 | AI58: =AG58+AH58 -> 32.6 | AK58: 40 | AL58: 13.7 | AM58: 13 | AN58: =AL58+AM58 -> 26.7
D59: Ave wt. per 50' : | E59: =AVERAGE(E19:E58) -> 28.26 | I59: Ave wt. per 50' : | J59: =AVERAGE(J19:J58) -> 32.755 | N59: Ave wt. per 50' : | O59: =AVERAGE(O19:O58) -> 28.9975 | S59: Ave wt. per 50' : | T59: =AVERAGE(T19:T58) -> 35.5 | X59: Ave wt. per 50' : | Y59: =AVERAGE(Y19:Y58) -> 35.4775 | AC59: Ave wt. per 50' : | AD59: =AVERAGE(AD19:AD58) -> 33.4 | AH59: Ave wt. per 50' : | AI59: =AVERAGE(AI19:AI58) -> 35.2725 | AM59: Ave wt. per 50' : | AN59: =AVERAGE(AN19:AN58) -> 35.6575
A62: GIS Plot# | E62: Wt(lbs) | F62: Wt (kg) | G62: Wt (kg/ha) | J62: Wt(lbs) | K62: Wt (kg) | L62: Wt (kg/ha) | O62: Wt(lbs) | P62: Wt (kg) | Q62: Wt (kg/ha) | T62: Wt(lbs) | U62: Wt (kg) | V62: Wt (kg/ha) | Y62: Wt(lbs) | Z62: Wt (kg) | AA62: Wt (kg/ha) | AD62: Wt(lbs) | AE62: Wt (kg) | AF62: Wt (kg/ha) | AI62: Wt(lbs) | AJ62: Wt (kg) | AK62: Wt (kg/ha) | AN62: Wt(lbs) | AO62: Wt (kg) | AP62: Wt (kg/ha)
A63: 1 | E63: =SUM('Field Harvest'!E28:E29)-2*1.06-2*1.1 -> 48.78 | F63: =E63/2.2046226218 -> 22.126236 | G63: =F63/58.8*10000 -> 3762.9653 | J63: =SUM('Field Harvest'!J28:J29)-2*1.06-2*1.1 -> 60.78 | K63: =J63/2.2046226218 -> 27.569344 | L63: =K63/58.8*10000 -> 4688.664 | O63: =SUM('Field Harvest'!O28:O29)-2*1.06-2*1.1 -> 47.78 | P63: =O63/2.2046226218 -> 21.672643 | Q63: =P63/58.8*10000 -> 3685.8237 | T63: =SUM('Field Harvest'!T28:T29)-2*1.06-2*1.1 -> 58.78 | U63: =T63/2.2046226218 -> 26.66216 | V63: =U63/58.8*10000 -> 4534.3809 | Y63: =SUM('Field Harvest'!Y28:Y29)-2*1.06-2*1.1 -> 67.48 | Z63: =Y63/2.2046226218 -> 30.608413 | AA63: =Z63/58.8*10000 -> 5205.5124 | AD63: =SUM('Field Harvest'!AD28:AD29)-2*1.06-2*1.1 -> 49.28 | AE63: =AD63/2.2046226218 -> 22.353032 | AF63: =AE63/58.8*10000 -> 3801.5361 | AI63: =SUM('Field Harvest'!AI28:AI29)-2*1.06-2*1.1 -> 64.38 | AJ63: =AI63/2.2046226218 -> 29.202277 | AK63: =AJ63/58.8*10000 -> 4966.3736 | AN63: =SUM('Field Harvest'!AN28:AN29)-2*1.06-2*1.1 -> 65.98 | AO63: =AN63/2.2046226218 -> 29.928025 | AP63: =AO63/58.8*10000 -> 5089.8001
A64: 2 | E64: =SUM('Field Harvest'!E30,'Field Harvest'!E27)-2*1.06-2*1.1 -> 44.08 | F64: =E64/2.2046226218 -> 19.994352 | G64: =F64/58.8*10000 -> 3400.3999 | J64: =SUM('Field Harvest'!J30,'Field Harvest'!J27)-2*1.06-2*1.1 -> 68.28 | K64: =J64/2.2046226218 -> 30.971287 | L64: =K64/58.8*10000 -> 5267.2257 | O64: =SUM('Field Harvest'!O30,'Field Harvest'!O27)-2*1.06-2*1.1 -> 61.78 | P64: =O64/2.2046226218 -> 28.022937 | Q64: =P64/58.8*10000 -> 4765.8055 | T64: =SUM('Field Harvest'!T30,'Field Harvest'!T27)-2*1.06-2*1.1 -> 69.58 | U64: =T64/2.2046226218 -> 31.560957 | V64: =U64/58.8*10000 -> 5367.5097 | Y64: =SUM('Field Harvest'!Y30,'Field Harvest'!Y27)-2*1.06-2*1.1 -> 70.98 | Z64: =Y64/2.2046226218 -> 32.195986 | AA64: =Z64/58.8*10000 -> 5475.5079 | AD64: =SUM('Field Harvest'!AD30,'Field Harvest'!AD27)-2*1.06-2*1.1 -> 65.08 | AE64: =AD64/2.2046226218 -> 29.519791 | AF64: =AE64/58.8*10000 -> 5020.3727 | AI64: =SUM('Field Harvest'!AI30,'Field Harvest'!AI27)-2*1.06-2*1.1 -> 65.88 | AJ64: =AI64/2.2046226218 -> 29.882665 | AK64: =AJ64/58.8*10000 -> 5082.0859 | AN64: =SUM('Field Harvest'!AN30,'Field Harvest'!AN27)-2*1.06-2*1.1 -> 71.38 | AO64: =AN64/2.2046226218 -> 32.377423 | AP64: =AO64/58.8*10000 -> 5506.3645
A65: 3 | E65: =SUM(E26,E31)-2*1.06-2*1.1 -> 51.58 | F65: =E65/2.2046226218 -> 23.396294 | G65: =F65/58.8*10000 -> 3978.9616 | J65: =SUM(J26,J31)-2*1.06-2*1.1 -> 58.78 | K65: =J65/2.2046226218 -> 26.66216 | L65: =K65/58.8*10000 -> 4534.3809 | O65: =SUM(O26,O31)-2*1.06-2*1.1 -> 58.38 | P65: =O65/2.2046226218 -> 26.480723 | Q65: =P65/58.8*10000 -> 4503.5242 | T65: =SUM(T26,T31)-2*1.06-2*1.1 -> 69.38 | U65: =T65/2.2046226218 -> 31.470239 | V65: =U65/58.8*10000 -> 5352.0814 | Y65: =SUM(Y26,Y31)-2*1.06-2*1.1 -> 66.78 | Z65: =Y65/2.2046226218 -> 30.290898 | AA65: =Z65/58.8*10000 -> 5151.5133 | AD65: =SUM(AD26,AD31)-2*1.06-2*1.1 -> 69.08 | AE65: =AD65/2.2046226218 -> 31.334161 | AF65: =AE65/58.8*10000 -> 5328.9389 | AI65: =SUM(AI26,AI31)-2*1.06-2*1.1 -> 71.58 | AJ65: =AI65/2.2046226218 -> 32.468142 | AK65: =AJ65/58.8*10000 -> 5521.7928 | AN65: =SUM(AN26,AN31)-2*1.06-2*1.1 -> 70.38 | AO65: =AN65/2.2046226218 -> 31.923831 | AP65: =AO65/58.8*10000 -> 5429.223
A66: 4 | E66: =SUM(E25,E32)-2*1.06-2*1.1 -> 56.38 | F66: =E66/2.2046226218 -> 25.573538 | G66: =F66/58.8*10000 -> 4349.2411 | J66: =SUM(J25,J32)-2*1.06-2*1.1 -> 52.18 | K66: =J66/2.2046226218 -> 23.66845 | L66: =K66/58.8*10000 -> 4025.2466 | O66: =SUM(O25,O32)-2*1.06-2*1.1 -> 58.08 | P66: =O66/2.2046226218 -> 26.344645 | Q66: =P66/58.8*10000 -> 4480.3818 | T66: =SUM(T25,T32)-2*1.06-2*1.1 -> 79.08 | U66: =T66/2.2046226218 -> 35.870085 | V66: =U66/58.8*10000 -> 6100.3545 | Y66: =SUM(Y25,Y32)-2*1.06-2*1.1 -> 65.98 | Z66: =Y66/2.2046226218 -> 29.928025 | AA66: =Z66/58.8*10000 -> 5089.8001 | AD66: =SUM(AD25,AD32)-2*1.06-2*1.1 -> 67.98 | AE66: =AD66/2.2046226218 -> 30.835209 | AF66: =AE66/58.8*10000 -> 5244.0832 | AI66: =SUM(AI25,AI32)-2*1.06-2*1.1 -> 73.88 | AJ66: =AI66/2.2046226218 -> 33.511404 | AK66: =AJ66/58.8*10000 -> 5699.2184 | AN66: =SUM(AN25,AN32)-2*1.06-2*1.1 -> 74.58 | AO66: =AN66/2.2046226218 -> 33.828919 | AP66: =AO66/58.8*10000 -> 5753.2175
A67: 5 | E67: =SUM(E24,E33)-2*1.06-2*1.1 -> 54.28 | F67: =E67/2.2046226218 -> 24.620994 | G67: =F67/58.8*10000 -> 4187.2439 | J67: =SUM(J24,J33)-2*1.06-2*1.1 -> 61.88 | K67: =J67/2.2046226218 -> 28.068296 | L67: =K67/58.8*10000 -> 4773.5197 | O67: =SUM(O24,O33)-2*1.06-2*1.1 -> 51.78 | P67: =O67/2.2046226218 -> 23.487013 | Q67: =P67/58.8*10000 -> 3994.39 | T67: =SUM(T24,T33)-2*1.06-2*1.1 -> 74.08 | U67: =T67/2.2046226218 -> 33.602123 | V67: =U67/58.8*10000 -> 5714.6467 | Y67: =SUM(Y24,Y33)-2*1.06-2*1.1 -> 71.58 | Z67: =Y67/2.2046226218 -> 32.468142 | AA67: =Z67/58.8*10000 -> 5521.7928 | AD67: =SUM(AD24,AD33)-2*1.06-2*1.1 -> 72.68 | AE67: =AD67/2.2046226218 -> 32.967093 | AF67: =AE67/58.8*10000 -> 5606.6485 | AI67: =SUM(AI24,AI33)-2*1.06-2*1.1 -> 66.88 | AJ67: =AI67/2.2046226218 -> 30.336258 | AK67: =AJ67/58.8*10000 -> 5159.2275 | AN67: =SUM(AN24,AN33)-2*1.06-2*1.1 -> 77.78 | AO67: =AN67/2.2046226218 -> 35.280415 | AP67: =AO67/58.8*10000 -> 6000.0705
A68: 6 | E68: =SUM(E23,E34)-2*1.06-2*1.1 -> 51.28 | F68: =E68/2.2046226218 -> 23.260217 | G68: =F68/58.8*10000 -> 3955.8192 | J68: =SUM(J23,J34)-2*1.06-2*1.1 -> 60.78 | K68: =J68/2.2046226218 -> 27.569344 | L68: =K68/58.8*10000 -> 4688.664 | O68: =SUM(O23,O34)-2*1.06-2*1.1 -> 56.98 | P68: =O68/2.2046226218 -> 25.845693 | Q68: =P68/58.8*10000 -> 4395.5261 | T68: =SUM(T23,T34)-2*1.06-2*1.1 -> 74.98 | U68: =T68/2.2046226218 -> 34.010356 | V68: =U68/58.8*10000 -> 5784.0741 | Y68: =SUM(Y23,Y34)-2*1.06-2*1.1 -> 73.48 | Z68: =Y68/2.2046226218 -> 33.329967 | AA68: =Z68/58.8*10000 -> 5668.3618 | AD68: =SUM(AD23,AD34)-2*1.06-2*1.1 -> 71.78 | AE68: =AD68/2.2046226218 -> 32.55886 | AF68: =AE68/58.8*10000 -> 5537.2211 | AI68: =SUM(AI23,AI34)-2*1.06-2*1.1 -> 58.98 | AJ68: =AI68/2.2046226218 -> 26.752878 | AK68: =AJ68/58.8*10000 -> 4549.8092 | AN68: =SUM(AN23,AN34)-2*1.06-2*1.1 -> 66.48 | AO68: =AN68/2.2046226218 -> 30.154821 | AP68: =AO68/58.8*10000 -> 5128.3709
A69: 7 | E69: =SUM(E22,E35)-2*1.06-2*1.1 -> 56.88 | F69: =E69/2.2046226218 -> 25.800334 | G69: =F69/58.8*10000 -> 4387.8119 | J69: =SUM(J22,J35)-2*1.06-2*1.1 -> 59.58 | K69: =J69/2.2046226218 -> 27.025033 | L69: =K69/58.8*10000 -> 4596.0941 | O69: =SUM(O22,O35)-2*1.06-2*1.1 -> 55.38 | P69: =O69/2.2046226218 -> 25.119945 | Q69: =P69/58.8*10000 -> 4272.0996 | T69: =SUM(T22,T35)-2*1.06-2*1.1 -> 69.68 | U69: =T69/2.2046226218 -> 31.606316 | V69: =U69/58.8*10000 -> 5375.2239 | Y69: =SUM(Y22,Y35)-2*1.06-2*1.1 -> 61.18 | Z69: =Y69/2.2046226218 -> 27.750781 | AA69: =Z69/58.8*10000 -> 4719.5206 | AD69: =SUM(AD22,AD35)-2*1.06-2*1.1 -> 64.48 | AE69: =AD69/2.2046226218 -> 29.247636 | AF69: =AE69/58.8*10000 -> 4974.0878 | AI69: =SUM(AI22,AI35)-2*1.06-2*1.1 -> 59.48 | AJ69: =AI69/2.2046226218 -> 26.979674 | AK69: =AJ69/58.8*10000 -> 4588.38 | AN69: =SUM(AN22,AN35)-2*1.06-2*1.1 -> 64.48 | AO69: =AN69/2.2046226218 -> 29.247636 | AP69: =AO69/58.8*10000 -> 4974.0878
A70: 8 | E70: =SUM(E21,E36)-2*1.06-2*1.1 -> 48.38 | F70: =E70/2.2046226218 -> 21.944799 | G70: =F70/58.8*10000 -> 3732.1086 | J70: =SUM(J21,J36)-2*1.06-2*1.1 -> 57.98 | K70: =J70/2.2046226218 -> 26.299286 | L70: =K70/58.8*10000 -> 4472.6676 | O70: =SUM(O21,O36)-2*1.06-2*1.1 -> 50.18 | P70: =O70/2.2046226218 -> 22.761265 | Q70: =P70/58.8*10000 -> 3870.9635 | T70: =SUM(T21,T36)-2*1.06-2*1.1 -> 66.08 | U70: =T70/2.2046226218 -> 29.973384 | V70: =U70/58.8*10000 -> 5097.5143 | Y70: =SUM(Y21,Y36)-2*1.06-2*1.1 -> 73.28 | Z70: =Y70/2.2046226218 -> 33.239249 | AA70: =Z70/58.8*10000 -> 5652.9335 | AD70: =SUM(AD21,AD36)-2*1.06-2*1.1 -> 64.08 | AE70: =AD70/2.2046226218 -> 29.066199 | AF70: =AE70/58.8*10000 -> 4943.2311 | AI70: =SUM(AI21,AI36)-2*1.06-2*1.1 -> 64.28 | AJ70: =AI70/2.2046226218 -> 29.156918 | AK70: =AJ70/58.8*10000 -> 4958.6594 | AN70: =SUM(AN21,AN36)-2*1.06-2*1.1 -> 64.48 | AO70: =AN70/2.2046226218 -> 29.247636 | AP70: =AO70/58.8*10000 -> 4974.0878
A71: 9 | E71: =SUM(E20,E37)-2*1.06-2*1.1 -> 45.28 | F71: =E71/2.2046226218 -> 20.538663 | G71: =F71/58.8*10000 -> 3492.9698 | J71: =SUM(J20,J37)-2*1.06-2*1.1 -> 62.48 | K71: =J71/2.2046226218 -> 28.340451 | L71: =K71/58.8*10000 -> 4819.8046 | O71: =SUM(O20,O37)-2*1.06-2*1.1 -> 58.18 | P71: =O71/2.2046226218 -> 26.390004 | Q71: =P71/58.8*10000 -> 4488.0959 | T71: =SUM(T20,T37)-2*1.06-2*1.1 -> 65.48 | U71: =T71/2.2046226218 -> 29.701228 | V71: =U71/58.8*10000 -> 5051.2293 | Y71: =SUM(Y20,Y37)-2*1.06-2*1.1 -> 68.48 | Z71: =Y71/2.2046226218 -> 31.062005 | AA71: =Z71/58.8*10000 -> 5282.654 | AD71: =SUM(AD20,AD37)-2*1.06-2*1.1 -> 59.08 | AE71: =AD71/2.2046226218 -> 26.798237 | AF71: =AE71/58.8*10000 -> 4557.5233 | AI71: =SUM(AI20,AI37)-2*1.06-2*1.1 -> 62.78 | AJ71: =AI71/2.2046226218 -> 28.476529 | AK71: =AJ71/58.8*10000 -> 4842.9471 | AN71: =SUM(AN20,AN37)-2*1.06-2*1.1 -> 61.78 | AO71: =AN71/2.2046226218 -> 28.022937 | AP71: =AO71/58.8*10000 -> 4765.8055
A72: 10 | E72: =SUM(E19,E38)-2*1.06-2*1.1 -> 41.58 | F72: =E72/2.2046226218 -> 18.860371 | G72: =F72/58.8*10000 -> 3207.546 | J72: =SUM(J19,J38)-2*1.06-2*1.1 -> 52.28 | K72: =J72/2.2046226218 -> 23.713809 | L72: =K72/58.8*10000 -> 4032.9607 | O72: =SUM(O19,O38)-2*1.06-2*1.1 -> 34.48 | P72: =O72/2.2046226218 -> 15.639865 | Q72: =P72/58.8*10000 -> 2659.841 | T72: =SUM(T19,T38)-2*1.06-2*1.1 -> 51.08 | U72: =T72/2.2046226218 -> 23.169498 | V72: =U72/58.8*10000 -> 3940.3909 | Y72: =SUM(Y19,Y38)-2*1.06-2*1.1 -> 57.98 | Z72: =Y72/2.2046226218 -> 26.299286 | AA72: =Z72/58.8*10000 -> 4472.6676 | AD72: =SUM(AD19,AD38)-2*1.06-2*1.1 -> 57.48 | AE72: =AD72/2.2046226218 -> 26.072489 | AF72: =AE72/58.8*10000 -> 4434.0968 | AI72: =SUM(AI19,AI38)-2*1.06-2*1.1 -> 59.98 | AJ72: =AI72/2.2046226218 -> 27.20647 | AK72: =AJ72/58.8*10000 -> 4626.9507 | AN72: =SUM(AN19,AN38)-2*1.06-2*1.1 -> 54.08 | AO72: =AN72/2.2046226218 -> 24.530275 | AP72: =AO72/58.8*10000 -> 4171.8155
A73: 11 | E73: =SUM(E48:E49)-2*1.06-2*1.1 -> 51.58 | F73: =E73/2.2046226218 -> 23.396294 | G73: =F73/58.8*10000 -> 3978.9616 | J73: =SUM(J48:J49)-2*1.06-2*1.1 -> 65.78 | K73: =J73/2.2046226218 -> 29.837306 | L73: =K73/58.8*10000 -> 5074.3718 | O73: =SUM(O48:O49)-2*1.06-2*1.1 -> 50.08 | P73: =O73/2.2046226218 -> 22.715906 | Q73: =P73/58.8*10000 -> 3863.2493 | T73: =SUM(T48:T49)-2*1.06-2*1.1 -> 58.48 | U73: =T73/2.2046226218 -> 26.526082 | V73: =U73/58.8*10000 -> 4511.2384 | Y73: =SUM(Y48:Y49)-2*1.06-2*1.1 -> 64.28 | Z73: =Y73/2.2046226218 -> 29.156918 | AA73: =Z73/58.8*10000 -> 4958.6594 | AD73: =SUM(AD48:AD49)-2*1.06-2*1.1 -> 49.08 | AE73: =AD73/2.2046226218 -> 22.262314 | AF73: =AE73/58.8*10000 -> 3786.1077 | AI73: =SUM(AI48:AI49)-2*1.06-2*1.1 -> 63.78 | AJ73: =AI73/2.2046226218 -> 28.930121 | AK73: =AJ73/58.8*10000 -> 4920.0887 | AN73: =SUM(AN48:AN49)-2*1.06-2*1.1 -> 67.28 | AO73: =AN73/2.2046226218 -> 30.517695 | AP73: =AO73/58.8*10000 -> 5190.0841
A74: 12 | E74: =SUM(E47,E50)-2*1.06-2*1.1 -> 53.78 | F74: =E74/2.2046226218 -> 24.394198 | G74: =F74/58.8*10000 -> 4148.6731 | J74: =SUM(J47,J50)-2*1.06-2*1.1 -> 67.88 | K74: =J74/2.2046226218 -> 30.78985 | L74: =K74/58.8*10000 -> 5236.3691 | O74: =SUM(O47,O50)-2*1.06-2*1.1 -> 59.98 | P74: =O74/2.2046226218 -> 27.20647 | Q74: =P74/58.8*10000 -> 4626.9507 | T74: =SUM(T47,T50)-2*1.06-2*1.1 -> 67.48 | U74: =T74/2.2046226218 -> 30.608413 | V74: =U74/58.8*10000 -> 5205.5124 | Y74: =SUM(Y47,Y50)-2*1.06-2*1.1 -> 66.98 | Z74: =Y74/2.2046226218 -> 30.381617 | AA74: =Z74/58.8*10000 -> 5166.9417 | AD74: =SUM(AD47,AD50)-2*1.06-2*1.1 -> 59.98 | AE74: =AD74/2.2046226218 -> 27.20647 | AF74: =AE74/58.8*10000 -> 4626.9507 | AI74: =SUM(AI47,AI50)-2*1.06-2*1.1 -> 68.98 | AJ74: =AI74/2.2046226218 -> 31.288802 | AK74: =AJ74/58.8*10000 -> 5321.2248 | AN74: =SUM(AN47,AN50)-2*1.06-2*1.1 -> 64.28 | AO74: =AN74/2.2046226218 -> 29.156918 | AP74: =AO74/58.8*10000 -> 4958.6594
A75: 13 | E75: =SUM(E46,E51)-2*1.06-2*1.1 -> 48.08 | F75: =E75/2.2046226218 -> 21.808721 | G75: =F75/58.8*10000 -> 3708.9662 | J75: =SUM(J46,J51)-2*1.06-2*1.1 -> 62.38 | K75: =J75/2.2046226218 -> 28.295092 | L75: =K75/58.8*10000 -> 4812.0905 | O75: =SUM(O46,O51)-2*1.06-2*1.1 -> 59.68 | P75: =O75/2.2046226218 -> 27.070393 | Q75: =P75/58.8*10000 -> 4603.8083 | T75: =SUM(T46,T51)-2*1.06-2*1.1 -> 69.88 | U75: =T75/2.2046226218 -> 31.697035 | V75: =U75/58.8*10000 -> 5390.6522 | Y75: =SUM(Y46,Y51)-2*1.06-2*1.1 -> 65.58 | Z75: =Y75/2.2046226218 -> 29.746588 | AA75: =Z75/58.8*10000 -> 5058.9435 | AD75: =SUM(AD46,AD51)-2*1.06-2*1.1 -> 68.88 | AE75: =AD75/2.2046226218 -> 31.243442 | AF75: =AE75/58.8*10000 -> 5313.5106 | AI75: =SUM(AI46,AI51)-2*1.06-2*1.1 -> 73.88 | AJ75: =AI75/2.2046226218 -> 33.511404 | AK75: =AJ75/58.8*10000 -> 5699.2184 | AN75: =SUM(AN46,AN51)-2*1.06-2*1.1 -> 64.28 | AO75: =AN75/2.2046226218 -> 29.156918 | AP75: =AO75/58.8*10000 -> 4958.6594
A76: 14 | E76: =SUM(E45,E52)-2*1.06-2*1.1 -> 62.68 | F76: =E76/2.2046226218 -> 28.43117 | G76: =F76/58.8*10000 -> 4835.233 | J76: =SUM(J45,J52)-2*1.06-2*1.1 -> 61.08 | K76: =J76/2.2046226218 -> 27.705422 | L76: =K76/58.8*10000 -> 4711.8065 | O76: =SUM(O45,O52)-2*1.06-2*1.1 -> 62.98 | P76: =O76/2.2046226218 -> 28.567247 | Q76: =P76/58.8*10000 -> 4858.3754 | T76: =SUM(T45,T52)-2*1.06-2*1.1 -> 77.38 | U76: =T76/2.2046226218 -> 35.098978 | V76: =U76/58.8*10000 -> 5969.2139 | Y76: =SUM(Y45,Y52)-2*1.06-2*1.1 -> 65.68 | Z76: =Y76/2.2046226218 -> 29.791947 | AA76: =Z76/58.8*10000 -> 5066.6576 | AD76: =SUM(AD45,AD52)-2*1.06-2*1.1 -> 63.88 | AE76: =AD76/2.2046226218 -> 28.975481 | AF76: =AE76/58.8*10000 -> 4927.8028 | AI76: =SUM(AI45,AI52)-2*1.06-2*1.1 -> 75.78 | AJ76: =AI76/2.2046226218 -> 34.37323 | AK76: =AJ76/58.8*10000 -> 5845.7874 | AN76: =SUM(AN45,AN52)-2*1.06-2*1.1 -> 76.48 | AO76: =AN76/2.2046226218 -> 34.690744 | AP76: =AO76/58.8*10000 -> 5899.7865
A77: 15 | E77: =SUM(E44,E53)-2*1.06-2*1.1 -> 62.18 | F77: =E77/2.2046226218 -> 28.204374 | G77: =F77/58.8*10000 -> 4796.6622 | J77: =SUM(J44,J53)-2*1.06-2*1.1 -> 57.88 | K77: =J77/2.2046226218 -> 26.253926 | L77: =K77/58.8*10000 -> 4464.9535 | O77: =SUM(O44,O53)-2*1.06-2*1.1 -> 53.98 | P77: =O77/2.2046226218 -> 24.484916 | Q77: =P77/58.8*10000 -> 4164.1014 | T77: =SUM(T44,T53)-2*1.06-2*1.1 -> 79.48 | U77: =T77/2.2046226218 -> 36.051522 | V77: =U77/58.8*10000 -> 6131.2112 | Y77: =SUM(Y44,Y53)-2*1.06-2*1.1 -> 71.28 | Z77: =Y77/2.2046226218 -> 32.332064 | AA77: =Z77/58.8*10000 -> 5498.6504 | AD77: =SUM(AD44,AD53)-2*1.06-2*1.1 -> 70.28 | AE77: =AD77/2.2046226218 -> 31.878472 | AF77: =AE77/58.8*10000 -> 5421.5088 | AI77: =SUM(AI44,AI53)-2*1.06-2*1.1 -> 71.48 | AJ77: =AI77/2.2046226218 -> 32.422783 | AK77: =AJ77/58.8*10000 -> 5514.0787 | AN77: =SUM(AN44,AN53)-2*1.06-2*1.1 -> 75.08 | AO77: =AN77/2.2046226218 -> 34.055715 | AP77: =AO77/58.8*10000 -> 5791.7883
A78: 16 | E78: =SUM(E43,E54)-2*1.06-2*1.1 -> 58.48 | F78: =E78/2.2046226218 -> 26.526082 | G78: =F78/58.8*10000 -> 4511.2384 | J78: =SUM(J43,J54)-2*1.06-2*1.1 -> 70.98 | K78: =J78/2.2046226218 -> 32.195986 | L78: =K78/58.8*10000 -> 5475.5079 | O78: =SUM(O43,O54)-2*1.06-2*1.1 -> 59.08 | P78: =O78/2.2046226218 -> 26.798237 | Q78: =P78/58.8*10000 -> 4557.5233 | T78: =SUM(T43,T54)-2*1.06-2*1.1 -> 65.68 | U78: =T78/2.2046226218 -> 29.791947 | V78: =U78/58.8*10000 -> 5066.6576 | Y78: =SUM(Y43,Y54)-2*1.06-2*1.1 -> 68.98 | Z78: =Y78/2.2046226218 -> 31.288802 | AA78: =Z78/58.8*10000 -> 5321.2248 | AD78: =SUM(AD43,AD54)-2*1.06-2*1.1 -> 64.08 | AE78: =AD78/2.2046226218 -> 29.066199 | AF78: =AE78/58.8*10000 -> 4943.2311 | AI78: =SUM(AI43,AI54)-2*1.06-2*1.1 -> 63.78 | AJ78: =AI78/2.2046226218 -> 28.930121 | AK78: =AJ78/58.8*10000 -> 4920.0887 | AN78: =SUM(AN43,AN54)-2*1.06-2*1.1 -> 70.68 | AO78: =AN78/2.2046226218 -> 32.059909 | AP78: =AO78/58.8*10000 -> 5452.3654
A79: 17 | E79: =SUM(E42,E55)-2*1.06-2*1.1 -> 60.68 | F79: =E79/2.2046226218 -> 27.523985 | G79: =F79/58.8*10000 -> 4680.9498 | J79: =SUM(J42,J55)-2*1.06-2*1.1 -> 64.38 | K79: =J79/2.2046226218 -> 29.202277 | L79: =K79/58.8*10000 -> 4966.3736 | O79: =SUM(O42,O55)-2*1.06-2*1.1 -> 50.98 | P79: =O79/2.2046226218 -> 23.124139 | Q79: =P79/58.8*10000 -> 3932.6767 | T79: =SUM(T42,T55)-2*1.06-2*1.1 -> 70.88 | U79: =T79/2.2046226218 -> 32.150627 | V79: =U79/58.8*10000 -> 5467.7937 | Y79: =SUM(Y42,Y55)-2*1.06-2*1.1 -> 71.18 | Z79: =Y79/2.2046226218 -> 32.286705 | AA79: =Z79/58.8*10000 -> 5490.9362 | AD79: =SUM(AD42,AD55)-2*1.06-2*1.1 -> 61.58 | AE79: =AD79/2.2046226218 -> 27.932218 | AF79: =AE79/58.8*10000 -> 4750.3772 | AI79: =SUM(AI42,AI55)-2*1.06-2*1.1 -> 59.88 | AJ79: =AI79/2.2046226218 -> 27.161111 | AK79: =AJ79/58.8*10000 -> 4619.2366 | AN79: =SUM(AN42,AN55)-2*1.06-2*1.1 -> 67.98 | AO79: =AN79/2.2046226218 -> 30.835209 | AP79: =AO79/58.8*10000 -> 5244.0832
A80: 18 | E80: =SUM(E41,E56)-2*1.06-2*1.1 -> 50.48 | F80: =E80/2.2046226218 -> 22.897343 | G80: =F80/58.8*10000 -> 3894.1059 | J80: =SUM(J41,J56)-2*1.06-2*1.1 -> 60.68 | K80: =J80/2.2046226218 -> 27.523985 | L80: =K80/58.8*10000 -> 4680.9498 | O80: =SUM(O41,O56)-2*1.06-2*1.1 -> 48.68 | P80: =O80/2.2046226218 -> 22.080877 | Q80: =P80/58.8*10000 -> 3755.2511 | T80: =SUM(T41,T56)-2*1.06-2*1.1 -> 62.28 | U80: =T80/2.2046226218 -> 28.249733 | V80: =U80/58.8*10000 -> 4804.3763 | Y80: =SUM(Y41,Y56)-2*1.06-2*1.1 -> 61.38 | Z80: =Y80/2.2046226218 -> 27.8415 | AA80: =Z80/58.8*10000 -> 4734.9489 | AD80: =SUM(AD41,AD56)-2*1.06-2*1.1 -> 59.18 | AE80: =AD80/2.2046226218 -> 26.843596 | AF80: =AE80/58.8*10000 -> 4565.2375 | AI80: =SUM(AI41,AI56)-2*1.06-2*1.1 -> 68.28 | AJ80: =AI80/2.2046226218 -> 30.971287 | AK80: =AJ80/58.8*10000 -> 5267.2257 | AN80: =SUM(AN41,AN56)-2*1.06-2*1.1 -> 68.68 | AO80: =AN80/2.2046226218 -> 31.152724 | AP80: =AO80/58.8*10000 -> 5298.0823
A81: 19 | E81: =SUM(E40,E57)-2*1.06-2*1.1 -> 53.98 | F81: =E81/2.2046226218 -> 24.484916 | G81: =F81/58.8*10000 -> 4164.1014 | J81: =SUM(J40,J57)-2*1.06-2*1.1 -> 64.78 | K81: =J81/2.2046226218 -> 29.383714 | L81: =K81/58.8*10000 -> 4997.2302 | O81: =SUM(O40,O57)-2*1.06-2*1.1 -> 60.18 | P81: =O81/2.2046226218 -> 27.297189 | Q81: =P81/58.8*10000 -> 4642.3791 | T81: =SUM(T40,T57)-2*1.06-2*1.1 -> 58.28 | U81: =T81/2.2046226218 -> 26.435363 | V81: =U81/58.8*10000 -> 4495.8101 | Y81: =SUM(Y40,Y57)-2*1.06-2*1.1 -> 63.58 | Z81: =Y81/2.2046226218 -> 28.839403 | AA81: =Z81/58.8*10000 -> 4904.6604 | AD81: =SUM(AD40,AD57)-2*1.06-2*1.1 -> 58.48 | AE81: =AD81/2.2046226218 -> 26.526082 | AF81: =AE81/58.8*10000 -> 4511.2384 | AI81: =SUM(AI40,AI57)-2*1.06-2*1.1 -> 69.58 | AJ81: =AI81/2.2046226218 -> 31.560957 | AK81: =AJ81/58.8*10000 -> 5367.5097 | AN81: =SUM(AN40,AN57)-2*1.06-2*1.1 -> 61.98 | AO81: =AN81/2.2046226218 -> 28.113655 | AP81: =AO81/58.8*10000 -> 4781.2339
A82: 20 | E82: =SUM(E39,E58)-2*1.06-2*1.1 -> 43.58 | F82: =E82/2.2046226218 -> 19.767555 | G82: =F82/58.8*10000 -> 3361.8292 | J82: =SUM(J39,J58)-2*1.06-2*1.1 -> 52.98 | K82: =J82/2.2046226218 -> 24.031324 | L82: =K82/58.8*10000 -> 4086.9598 | O82: =SUM(O39,O58)-2*1.06-2*1.1 -> 34.88 | P82: =O82/2.2046226218 -> 15.821302 | Q82: =P82/58.8*10000 -> 2690.6976 | T82: =SUM(T39,T58)-2*1.06-2*1.1 -> 45.58 | U82: =T82/2.2046226218 -> 20.67474 | V82: =U82/58.8*10000 -> 3516.1123 | Y82: =SUM(Y39,Y58)-2*1.06-2*1.1 -> 56.58 | Z82: =Y82/2.2046226218 -> 25.664256 | AA82: =Z82/58.8*10000 -> 4364.6694 | AD82: =SUM(AD39,AD58)-2*1.06-2*1.1 -> 53.18 | AE82: =AD82/2.2046226218 -> 24.122042 | AF82: =AE82/58.8*10000 -> 4102.3881 | AI82: =SUM(AI39,AI58)-2*1.06-2*1.1 -> 60.98 | AJ82: =AI82/2.2046226218 -> 27.660063 | AK82: =AJ82/58.8*10000 -> 4704.0923 | AN82: =SUM(AN39,AN58)-2*1.06-2*1.1 -> 51.78 | AO82: =AN82/2.2046226218 -> 23.487013 | AP82: =AO82/58.8*10000 -> 3994.39
C84: Border # | D84: 9 | E84: FAO | H84: Border # | I84: 10 | J84: NDB | M84: Border # | N84: 11 | O84: MAC | R84: Border # | S84: 12 | T84: NDA | W84: Border # | X84: 13 | Y84: FAO | AB84: Border # | AC84: 14 | AD84: NDA | AG84: Border # | AH84: 15 | AI84: MAC | AL84: Border # | AM84: 16 | AN84: NDB | AQ84: Border # | AR84: 17 | AS84: ???
C85: Date: | D85: 40828 | H85: Date: | I85: 12 Oct & 13 Oct | M85: Date: | N85: 40829 | R85: Date: | S85: 40829 | W85: Date: | X85: 40829 | AB85: Date: | AC85: 40829 | AG85: Date: | AH85: 40830 | AL85: Date: | AM85: 40830 | AQ85: Date: | AR85: 40830
AP86: Only 1 bag harvested per 50foot length
B87: Samp. # | C87: Weight Bag A (lbs) | D87: Weight Bag B (lbs) | E87: Total Weight (lbs) | G87: Samp. # | H87: Weight Bag A (lbs) | I87: Weight Bag B (lbs) | J87: Total Weight (lbs) | L87: Samp. # | M87: Weight Bag A (lbs) | N87: Weight Bag B (lbs) | O87: Total Weight (lbs) | Q87: Samp. # | R87: Weight Bag A (lbs) | S87: Weight Bag B (lbs) | T87: Total Weight (lbs) | V87: Samp. # | W87: Weight Bag A (lbs) | X87: Weight Bag B (lbs) | Y87: Total Weight (lbs) | AA87: Samp. # | AB87: Weight Bag A (lbs) | AC87: Weight Bag B (lbs) | AD87: Total Weight (lbs) | AF87: Samp. # | AG87: Weight Bag A (lbs) | AH87: Weight Bag B (lbs) | AI87: Total Weight (lbs) | AK87: Samp. # | AL87: Weight Bag A (lbs) | AM87: Weight Bag B (lbs) | AN87: Total Weight (lbs) | AP87: Samp. # | AQ87: Weight Bag A (lbs) | AR87: Weight Bag B (lbs) | AS87: Total Weight (lbs)
B88: 1 | C88: 7 | D88: 10.4 | E88: =C88+D88 -> 17.4 | G88: 1 | H88: 16.3 | I88: 19.7 | J88: =H88+I88 -> 36 | L88: 1 | M88: 12.6 | N88: 16.5 | O88: =M88+N88 -> 29.1 | Q88: 1 | R88: 11.3 | S88: 12.7 | T88: =R88+S88 -> 24 | V88: 1 | W88: 13.1 | X88: 16.8 | Y88: =W88+X88 -> 29.9 | AA88: 1 | AB88: 10.5 | AC88: 15.1 | AD88: =AB88+AC88 -> 25.6 | AF88: 1 | AG88: 16.4 | AH88: 21.2 | AI88: =AG88+AH88 -> 37.6 | AK88: 1 | AL88: 11.4 | AM88: 18.6 | AN88: =AL88+AM88 -> 30 | AP88: 1 | AQ88: 12 | AS88: =AQ88+AR88 -> 12
B89: 2 | C89: 11 | D89: 12 | E89: =C89+D89 -> 23 | G89: 2 | H89: 16.2 | I89: 18.5 | J89: =H89+I89 -> 34.7 | L89: 2 | M89: 15.8 | N89: 19.1 | O89: =M89+N89 -> 34.9 | Q89: 2 | R89: 13.7 | S89: 18 | T89: =R89+S89 -> 31.7 | V89: 2 | W89: 15.2 | X89: 14.5 | Y89: =W89+X89 -> 29.7 | AA89: 2 | AB89: 15.8 | AC89: 16.4 | AD89: =AB89+AC89 -> 32.2 | AF89: 2 | AG89: 18.7 | AH89: 20.2 | AI89: =AG89+AH89 -> 38.9 | AK89: 2 | AL89: 15.6 | AM89: 15.2 | AN89: =AL89+AM89 -> 30.8 | AP89: 2 | AQ89: 10.4 | AS89: =AQ89+AR89 -> 10.4
B90: 3 | C90: 13.1 | D90: 14.9 | E90: =C90+D90 -> 28 | G90: 3 | H90: 17.3 | I90: 22 | J90: =H90+I90 -> 39.3 | L90: 3 | M90: 18 | N90: 16.1 | O90: =M90+N90 -> 34.1 | Q90: 3 | R90: 13.1 | S90: 15 | T90: =R90+S90 -> 28.1 | V90: 3 | W90: 15.6 | X90: 14.6 | Y90: =W90+X90 -> 30.2 | AA90: 3 | AB90: 15.3 | AC90: 18.5 | AD90: =AB90+AC90 -> 33.8 | AF90: 3 | AG90: 16.9 | AH90: 20.6 | AI90: =AG90+AH90 -> 37.5 | AK90: 3 | AL90: 13.6 | AM90: 14.7 | AN90: =AL90+AM90 -> 28.3 | AP90: 3 | AQ90: 13.4 | AS90: =AQ90+AR90 -> 13.4
B91: 4 | C91: 12 | D91: 14.5 | E91: =C91+D91 -> 26.5 | G91: 4 | H91: 17 | I91: 19.7 | J91: =H91+I91 -> 36.7 | L91: 4 | M91: 17.5 | N91: 18.6 | O91: =M91+N91 -> 36.1 | Q91: 4 | R91: 15.7 | S91: 13.4 | T91: =R91+S91 -> 29.1 | V91: 4 | W91: 14 | X91: 15.7 | Y91: =W91+X91 -> 29.7 | AA91: 4 | AB91: 14 | AC91: 15.4 | AD91: =AB91+AC91 -> 29.4 | AF91: 4 | AG91: 17.6 | AH91: 17.1 | AI91: =AG91+AH91 -> 34.7 | AK91: 4 | AL91: 12.4 | AM91: 15.4 | AN91: =AL91+AM91 -> 27.8 | AP91: 4 | AQ91: 9.6 | AS91: =AQ91+AR91 -> 9.6
B92: 5 | C92: 13.1 | D92: 13.6 | E92: =C92+D92 -> 26.7 | G92: 5 | H92: 18.1 | I92: 19.9 | J92: =H92+I92 -> 38 | L92: 5 | M92: 16.9 | N92: 19.7 | O92: =M92+N92 -> 36.6 | Q92: 5 | R92: 15.7 | S92: 17.7 | T92: =R92+S92 -> 33.4 | V92: 5 | W92: 14.1 | X92: 16.8 | Y92: =W92+X92 -> 30.9 | AA92: 5 | AB92: 14.2 | AC92: 16.9 | AD92: =AB92+AC92 -> 31.1 | AF92: 5 | AG92: 17.5 | AH92: 18.5 | AI92: =AG92+AH92 -> 36 | AK92: 5 | AL92: 15 | AM92: 11 | AN92: =AL92+AM92 -> 26 | AP92: 5 | AQ92: 10.9 | AS92: =AQ92+AR92 -> 10.9
B93: 6 | C93: 12.4 | D93: 18.2 | E93: =C93+D93 -> 30.6 | G93: 6 | H93: 16.1 | I93: 21.3 | J93: =H93+I93 -> 37.4 | L93: 6 | M93: 19.6 | N93: 14.1 | O93: =M93+N93 -> 33.7 | Q93: 6 | R93: 14.6 | S93: 14.7 | T93: =R93+S93 -> 29.3 | V93: 6 | W93: 14.4 | X93: 14.8 | Y93: =W93+X93 -> 29.2 | AA93: 6 | AB93: 13.8 | AC93: 18 | AD93: =AB93+AC93 -> 31.8 | AF93: 6 | AG93: 15.2 | AH93: 18.1 | AI93: =AG93+AH93 -> 33.3 | AK93: 6 | AL93: 11 | AM93: 15 | AN93: =AL93+AM93 -> 26 | AP93: 6 | AQ93: 10.2 | AS93: =AQ93+AR93 -> 10.2
B94: 7 | C94: 15.8 | D94: 14.4 | E94: =C94+D94 -> 30.2 | G94: 7 | H94: 17.9 | I94: 21.6 | J94: =H94+I94 -> 39.5 | L94: 7 | M94: 16.6 | N94: 22.4 | O94: =M94+N94 -> 39 | Q94: 7 | R94: 14.1 | S94: 17.7 | T94: =R94+S94 -> 31.8 | V94: 7 | W94: 11.4 | X94: 14.9 | Y94: =W94+X94 -> 26.3 | AA94: 7 | AB94: 15.1 | AC94: 15.8 | AD94: =AB94+AC94 -> 30.9 | AF94: 7 | AG94: 15.8 | AH94: 16.6 | AI94: =AG94+AH94 -> 32.4 | AK94: 7 | AL94: 11.6 | AM94: 11.7 | AN94: =AL94+AM94 -> 23.3 | AP94: 7 | AQ94: 11.9 | AS94: =AQ94+AR94 -> 11.9
B95: 8 | C95: 15.1 | D95: 16.4 | E95: =C95+D95 -> 31.5 | G95: 8 | H95: 20.3 | I95: 22 | J95: =H95+I95 -> 42.3 | L95: 8 | M95: 16.1 | N95: 20.1 | O95: =M95+N95 -> 36.2 | Q95: 8 | R95: 15.7 | S95: 19 | T95: =R95+S95 -> 34.7 | V95: 8 | W95: 13.9 | X95: 18.4 | Y95: =W95+X95 -> 32.3 | AA95: 8 | AB95: 13.4 | AC95: 19.8 | AD95: =AB95+AC95 -> 33.2 | AF95: 8 | AG95: 14.5 | AH95: 21.5 | AI95: =AG95+AH95 -> 36 | AK95: 8 | AL95: 10.5 | AM95: 11.5 | AN95: =AL95+AM95 -> 22 | AP95: 8 | AQ95: 11.2 | AS95: =AQ95+AR95 -> 11.2
B96: 9 | C96: 17 | D96: 15.8 | E96: =C96+D96 -> 32.8 | G96: 9 | H96: 20.6 | I96: 17.6 | J96: =H96+I96 -> 38.2 | L96: 9 | M96: 16.5 | N96: 15.4 | O96: =M96+N96 -> 31.9 | Q96: 9 | R96: 15.6 | S96: 15.2 | T96: =R96+S96 -> 30.8 | V96: 9 | W96: 13.5 | X96: 15.8 | Y96: =W96+X96 -> 29.3 | AA96: 9 | AB96: 15.3 | AC96: 15.3 | AD96: =AB96+AC96 -> 30.6 | AF96: 9 | AG96: 18.3 | AH96: 15.7 | AI96: =AG96+AH96 -> 34 | AK96: 9 | AL96: 15.9 | AM96: 10.2 | AN96: =AL96+AM96 -> 26.1 | AP96: 9 | AQ96: 14.3 | AS96: =AQ96+AR96 -> 14.3
B97: 10 | C97: 16.7 | D97: 19.2 | E97: =C97+D97 -> 35.9 | G97: 10 | H97: 17.8 | I97: 23.5 | J97: =H97+I97 -> 41.3 | L97: 10 | M97: 14.3 | N97: 12.8 | O97: =M97+N97 -> 27.1 | Q97: 10 | R97: 16.5 | S97: 8.7 | T97: =R97+S97 -> 25.2 | V97: 10 | W97: 13 | X97: 12.2 | Y97: =W97+X97 -> 25.2 | AA97: 10 | AB97: 14 | AC97: 16 | AD97: =AB97+AC97 -> 30 | AF97: 10 | AG97: 12.5 | AH97: 14 | AI97: =AG97+AH97 -> 26.5 | AK97: 10 | AL97: 11.5 | AM97: 12.8 | AN97: =AL97+AM97 -> 24.3 | AP97: 10 | AQ97: 13.3 | AS97: =AQ97+AR97 -> 13.3
B98: 11 | C98: 17.6 | D98: 18.2 | E98: =C98+D98 -> 35.8 | G98: 11 | H98: 16.8 | I98: 23.9 | J98: =H98+I98 -> 40.7 | L98: 11 | M98: 14.1 | N98: 20.8 | O98: =M98+N98 -> 34.9 | Q98: 11 | R98: 12.3 | S98: 18.4 | T98: =R98+S98 -> 30.7 | V98: 11 | W98: 13.4 | X98: 18.8 | Y98: =W98+X98 -> 32.2 | AA98: 11 | AB98: 11.4 | AC98: 18.5 | AD98: =AB98+AC98 -> 29.9 | AF98: 11 | AG98: 13.9 | AH98: 15.7 | AI98: =AG98+AH98 -> 29.6 | AK98: 11 | AL98: 12.4 | AM98: 16.3 | AN98: =AL98+AM98 -> 28.7 | AP98: 11 | AQ98: 13.5 | AS98: =AQ98+AR98 -> 13.5
B99: 12 | C99: 15.1 | D99: 16.5 | E99: =C99+D99 -> 31.6 | G99: 12 | H99: 20.2 | I99: 18.2 | J99: =H99+I99 -> 38.4 | L99: 12 | M99: 18.7 | N99: 20.1 | O99: =M99+N99 -> 38.8 | Q99: 12 | R99: 15.6 | S99: 18.8 | T99: =R99+S99 -> 34.4 | V99: 12 | W99: 14.5 | X99: 17.9 | Y99: =W99+X99 -> 32.4 | AA99: 12 | AB99: 15.5 | AC99: 17.9 | AD99: =AB99+AC99 -> 33.4 | AF99: 12 | AG99: 16.2 | AH99: 17.2 | AI99: =AG99+AH99 -> 33.4 | AK99: 12 | AL99: 13.3 | AM99: 14.9 | AN99: =AL99+AM99 -> 28.2 | AP99: 12 | AQ99: 14.5 | AS99: =AQ99+AR99 -> 14.5
... B127: 40 | C127: 10.4 | D127: 10.7 | E127: =C127+D127 -> 21.1 | G127: 40 | H127: 20.1 | I127: 16.6 | J127: =H127+I127 -> 36.7 | L127: 40 | M127: 16 | N127: 12.8 | O127: =M127+N127 -> 28.8 | Q127: 40 | R127: 10.5 | S127: 9.9 | T127: =R127+S127 -> 20.4 | V127: 40 | W127: 12.2 | X127: 11.8 | Y127: =W127+X127 -> 24 | AA127: 40 | AB127: 12.6 | AC127: 13 | AD127: =AB127+AC127 -> 25.6 | AF127: 40 | AG127: 15.1 | AH127: 16.4 | AI127: =AG127+AH127 -> 31.5 | AK127: 40 | AL127: 15.1 | AM127: 13 | AN127: =AL127+AM127 -> 28.1 | AP127: 40 | AQ127: 7.2 | AS127: =AQ127+AR127 -> 7.2
D128: Ave wt. per 50' : | E128: =AVERAGE(E88:E127) -> 30.025 | I128: Ave wt. per 50' : | J128: =AVERAGE(J88:J127) -> 39.9375 | N128: Ave wt. per 50' : | O128: =AVERAGE(O88:O127) -> 36.1325 | S128: Ave wt. per 50' : | T128: =AVERAGE(T88:T127) -> 29.74 | X128: Ave wt. per 50' : | Y128: =AVERAGE(Y88:Y127) -> 30.9875 | AC128: Ave wt. per 50' : | AD128: =AVERAGE(AD88:AD127) -> 30.815 | AH128: Ave wt. per 50' : | AI128: =AVERAGE(AI88:AI127) -> 34.875 | AM128: Ave wt. per 50' : | AN128: =AVERAGE(AN88:AN127) -> 26.18525 | AR128: Ave wt. per 50' : | AS128: =AVERAGE(AS88:AS127) -> 11.3075
E133: Wt(lbs) | F133: Wt (kg) | G133: Wt (kg/ha) | J133: Wt(lbs) | K133: Wt (kg) | L133: Wt (kg/ha) | O133: Wt(lbs) | P133: Wt (kg) | Q133: Wt (kg/ha) | T133: Wt(lbs) | U133: Wt (kg) | V133: Wt (kg/ha) | Y133: Wt(lbs) | Z133: Wt (kg) | AA133: Wt (kg/ha) | AD133: Wt(lbs) | AE133: Wt (kg) | AF133: Wt (kg/ha) | AI133: Wt(lbs) | AJ133: Wt (kg) | AK133: Wt (kg/ha) | AN133: Wt(lbs) | AO133: Wt (kg) | AP133: Wt (kg/ha) | AS133: Wt(lbs) | AT133: Wt (kg) | AU133: Wt (kg/ha)
E134: =SUM('Field Harvest'!E97:E98)-2*1.06-2*1.1 -> 67.38 | F134: =E134/2.2046226218 -> 30.563054 | G134: =F134/58.8*10000 -> 5197.7983 | J134: =SUM('Field Harvest'!J97:J98)-2*1.06-2*1.1 -> 77.68 | K134: =J134/2.2046226218 -> 35.235055 | L134: =K134/58.8*10000 -> 5992.3563 | O134: =SUM('Field Harvest'!O97:O98)-2*1.06-2*1.1 -> 57.68 | P134: =O134/2.2046226218 -> 26.163208 | Q134: =P134/58.8*10000 -> 4449.5252 | T134: =SUM('Field Harvest'!T97:T98)-2*1.06-2*1.1 -> 51.58 | U134: =T134/2.2046226218 -> 23.396294 | V134: =U134/58.8*10000 -> 3978.9616 | Y134: =SUM('Field Harvest'!Y97:Y98)-2*1.06-2*1.1 -> 53.08 | Z134: =Y134/2.2046226218 -> 24.076683 | AA134: =Z134/58.8*10000 -> 4094.674 | AD134: =SUM('Field Harvest'!AD97:AD98)-2*1.06-2*1.1 -> 55.58 | AE134: =AD134/2.2046226218 -> 25.210664 | AF134: =AE134/58.8*10000 -> 4287.5279 | AI134: =SUM('Field Harvest'!AI97:AI98)-2*1.06-2*1.1 -> 51.78 | AJ134: =AI134/2.2046226218 -> 23.487013 | AK134: =AJ134/58.8*10000 -> 3994.39 | AN134: =SUM('Field Harvest'!AN97:AN98)-2*1.06-2*1.1 -> 48.68 | AO134: =AN134/2.2046226218 -> 22.080877 | AP134: =AO134/58.8*10000 -> 3755.2511 | AS134: =SUM('Field Harvest'!AS97:AS98)-2*1.06-2*1.1 -> 22.48 | AT134: =AS134/2.2046226218 -> 10.196756 | AU134: =AT134/58.8*10000 -> 1734.1423
E135: =SUM('Field Harvest'!E99,'Field Harvest'!E96)-2*1.06-2*1.1 -> 60.08 | F135: =E135/2.2046226218 -> 27.25183 | G135: =F135/58.8*10000 -> 4634.6649 | J135: =SUM('Field Harvest'!J99,'Field Harvest'!J96)-2*1.06-2*1.1 -> 72.28 | K135: =J135/2.2046226218 -> 32.785657 | L135: =K135/58.8*10000 -> 5575.7919 | O135: =SUM('Field Harvest'!O99,'Field Harvest'!O96)-2*1.06-2*1.1 -> 66.38 | P135: =O135/2.2046226218 -> 30.109462 | Q135: =P135/58.8*10000 -> 5120.6567 | T135: =SUM('Field Harvest'!T99,'Field Harvest'!T96)-2*1.06-2*1.1 -> 60.88 | U135: =T135/2.2046226218 -> 27.614703 | V135: =U135/58.8*10000 -> 4696.3781 | Y135: =SUM('Field Harvest'!Y99,'Field Harvest'!Y96)-2*1.06-2*1.1 -> 57.38 | Z135: =Y135/2.2046226218 -> 26.02713 | AA135: =Z135/58.8*10000 -> 4426.3827 | AD135: =SUM('Field Harvest'!AD99,'Field Harvest'!AD96)-2*1.06-2*1.1 -> 59.68 | AE135: =AD135/2.2046226218 -> 27.070393 | AF135: =AE135/58.8*10000 -> 4603.8083 | AI135: =SUM('Field Harvest'!AI99,'Field Harvest'!AI96)-2*1.06-2*1.1 -> 63.08 | AJ135: =AI135/2.2046226218 -> 28.612607 | AK135: =AJ135/58.8*10000 -> 4866.0896 | AN135: =SUM('Field Harvest'!AN99,'Field Harvest'!AN96)-2*1.06-2*1.1 -> 49.98 | AO135: =AN135/2.2046226218 -> 22.670547 | AP135: =AO135/58.8*10000 -> 3855.5351 | AS135: =SUM('Field Harvest'!AS99,'Field Harvest'!AS96)-2*1.06-2*1.1 -> 24.48 | AT135: =AS135/2.2046226218 -> 11.103941 | AU135: =AT135/58.8*10000 -> 1888.4254
A136: KRT GIS plots | E136: =SUM(E95,E100)-2*1.06-2*1.1 -> 61.78 | F136: =E136/2.2046226218 -> 28.022937 | G136: =F136/58.8*10000 -> 4765.8055 | J136: =SUM(J95,J100)-2*1.06-2*1.1 -> 81.58 | K136: =J136/2.2046226218 -> 37.004066 | L136: =K136/58.8*10000 -> 6293.2084 | O136: =SUM(O95,O100)-2*1.06-2*1.1 -> 74.48 | P136: =O136/2.2046226218 -> 33.78356 | Q136: =P136/58.8*10000 -> 5745.5034 | T136: =SUM(T95,T100)-2*1.06-2*1.1 -> 67.08 | U136: =T136/2.2046226218 -> 30.426976 | V136: =U136/58.8*10000 -> 5174.6558 | Y136: =SUM(Y95,Y100)-2*1.06-2*1.1 -> 66.08 | Z136: =Y136/2.2046226218 -> 29.973384 | AA136: =Z136/58.8*10000 -> 5097.5143 | AD136: =SUM(AD95,AD100)-2*1.06-2*1.1 -> 64.68 | AE136: =AD136/2.2046226218 -> 29.338354 | AF136: =AE136/58.8*10000 -> 4989.5161 | AI136: =SUM(AI95,AI100)-2*1.06-2*1.1 -> 70.08 | AJ136: =AI136/2.2046226218 -> 31.787753 | AK136: =AJ136/58.8*10000 -> 5406.0805 | AN136: =SUM(AN95,AN100)-2*1.06-2*1.1 -> 44.68 | AO136: =AN136/2.2046226218 -> 20.266507 | AP136: =AO136/58.8*10000 -> 3446.6849 | AS136: =SUM(AS95,AS100)-2*1.06-2*1.1 -> 20.78 | AT136: =AS136/2.2046226218 -> 9.4256494 | AU136: =AT136/58.8*10000 -> 1603.0016
E137: =SUM(E94,E101)-2*1.06-2*1.1 -> 59.98 | F137: =E137/2.2046226218 -> 27.20647 | G137: =F137/58.8*10000 -> 4626.9507 | J137: =SUM(J94,J101)-2*1.06-2*1.1 -> 75.18 | K137: =J137/2.2046226218 -> 34.101074 | L137: =K137/58.8*10000 -> 5799.5024 | O137: =SUM(O94,O101)-2*1.06-2*1.1 -> 78.08 | P137: =O137/2.2046226218 -> 35.416492 | Q137: =P137/58.8*10000 -> 6023.213 | T137: =SUM(T94,T101)-2*1.06-2*1.1 -> 63.08 | U137: =T137/2.2046226218 -> 28.612607 | V137: =U137/58.8*10000 -> 4866.0896 | Y137: =SUM(Y94,Y101)-2*1.06-2*1.1 -> 57.18 | Z137: =Y137/2.2046226218 -> 25.936412 | AA137: =Z137/58.8*10000 -> 4410.9544 | AD137: =SUM(AD94,AD101)-2*1.06-2*1.1 -> 59.18 | AE137: =AD137/2.2046226218 -> 26.843596 | AF137: =AE137/58.8*10000 -> 4565.2375 | AI137: =SUM(AI94,AI101)-2*1.06-2*1.1 -> 64.78 | AJ137: =AI137/2.2046226218 -> 29.383714 | AK137: =AJ137/58.8*10000 -> 4997.2302 | AN137: =SUM(AN94,AN101)-2*1.06-2*1.1 -> 46.08 | AO137: =AN137/2.2046226218 -> 20.901536 | AP137: =AO137/58.8*10000 -> 3554.6831 | AS137: =SUM(AS94,AS101)-2*1.06-2*1.1 -> 18.18 | AT137: =AS137/2.2046226218 -> 8.2463093 | AU137: =AT137/58.8*10000 -> 1402.4336
E138: =SUM(E93,E102)-2*1.06-2*1.1 -> 60.98 | F138: =E138/2.2046226218 -> 27.660063 | G138: =F138/58.8*10000 -> 4704.0923 | J138: =SUM(J93,J102)-2*1.06-2*1.1 -> 72.78 | K138: =J138/2.2046226218 -> 33.012453 | L138: =K138/58.8*10000 -> 5614.3627 | O138: =SUM(O93,O102)-2*1.06-2*1.1 -> 67.38 | P138: =O138/2.2046226218 -> 30.563054 | Q138: =P138/58.8*10000 -> 5197.7983 | T138: =SUM(T93,T102)-2*1.06-2*1.1 -> 58.08 | U138: =T138/2.2046226218 -> 26.344645 | V138: =U138/58.8*10000 -> 4480.3818 | Y138: =SUM(Y93,Y102)-2*1.06-2*1.1 -> 61.38 | Z138: =Y138/2.2046226218 -> 27.8415 | AA138: =Z138/58.8*10000 -> 4734.9489 | AD138: =SUM(AD93,AD102)-2*1.06-2*1.1 -> 62.08 | AE138: =AD138/2.2046226218 -> 28.159014 | AF138: =AE138/58.8*10000 -> 4788.948 | AI138: =SUM(AI93,AI102)-2*1.06-2*1.1 -> 65.18 | AJ138: =AI138/2.2046226218 -> 29.565151 | AK138: =AJ138/58.8*10000 -> 5028.0868 | AN138: =SUM(AN93,AN102)-2*1.06-2*1.1 -> 50.58 | AO138: =AN138/2.2046226218 -> 22.942702 | AP138: =AO138/58.8*10000 -> 3901.8201 | AS138: =SUM(AS93,AS102)-2*1.06-2*1.1 -> 17.88 | AT138: =AS138/2.2046226218 -> 8.1102316 | AU138: =AT138/58.8*10000 -> 1379.2911
E139: =SUM(E92,E103)-2*1.06-2*1.1 -> 53.68 | F139: =E139/2.2046226218 -> 24.348838 | G139: =F139/58.8*10000 -> 4140.9589 | J139: =SUM(J92,J103)-2*1.06-2*1.1 -> 73.38 | K139: =J139/2.2046226218 -> 33.284608 | L139: =K139/58.8*10000 -> 5660.6476 | O139: =SUM(O92,O103)-2*1.06-2*1.1 -> 72.78 | P139: =O139/2.2046226218 -> 33.012453 | Q139: =P139/58.8*10000 -> 5614.3627 | T139: =SUM(T92,T103)-2*1.06-2*1.1 -> 64.98 | U139: =T139/2.2046226218 -> 29.474432 | V139: =U139/58.8*10000 -> 5012.6585 | Y139: =SUM(Y92,Y103)-2*1.06-2*1.1 -> 77.88 | Z139: =Y139/2.2046226218 -> 35.325774 | AA139: =Z139/58.8*10000 -> 6007.7847 | AD139: =SUM(AD92,AD103)-2*1.06-2*1.1 -> 60.58 | AE139: =AD139/2.2046226218 -> 27.478626 | AF139: =AE139/58.8*10000 -> 4673.2357 | AI139: =SUM(AI92,AI103)-2*1.06-2*1.1 -> 67.58 | AJ139: =AI139/2.2046226218 -> 30.653772 | AK139: =AJ139/58.8*10000 -> 5213.2266 | AN139: =SUM(AN92,AN103)-2*1.06-2*1.1 -> 50.48 | AO139: =AN139/2.2046226218 -> 22.897343 | AP139: =AO139/58.8*10000 -> 3894.1059 | AS139: =SUM(AS92,AS103)-2*1.06-2*1.1 -> 20.88 | AT139: =AS139/2.2046226218 -> 9.4710087 | AU139: =AT139/58.8*10000 -> 1610.7158
E140: =SUM(E91,E104)-2*1.06-2*1.1 -> 54.78 | F140: =E140/2.2046226218 -> 24.84779 | G140: =F140/58.8*10000 -> 4225.8146 | J140: =SUM(J91,J104)-2*1.06-2*1.1 -> 71.08 | K140: =J140/2.2046226218 -> 32.241346 | L140: =K140/58.8*10000 -> 5483.2221 | O140: =SUM(O91,O104)-2*1.06-2*1.1 -> 71.58 | P140: =O140/2.2046226218 -> 32.468142 | Q140: =P140/58.8*10000 -> 5521.7928 | T140: =SUM(T91,T104)-2*1.06-2*1.1 -> 61.68 | U140: =T140/2.2046226218 -> 27.977577 | V140: =U140/58.8*10000 -> 4758.0914 | Y140: =SUM(Y91,Y104)-2*1.06-2*1.1 -> 48.68 | Z140: =Y140/2.2046226218 -> 22.080877 | AA140: =Z140/58.8*10000 -> 3755.2511 | AD140: =SUM(AD91,AD104)-2*1.06-2*1.1 -> 57.68 | AE140: =AD140/2.2046226218 -> 26.163208 | AF140: =AE140/58.8*10000 -> 4449.5252 | AI140: =SUM(AI91,AI104)-2*1.06-2*1.1 -> 66.78 | AJ140: =AI140/2.2046226218 -> 30.290898 | AK140: =AJ140/58.8*10000 -> 5151.5133 | AN140: =SUM(AN91,AN104)-2*1.06-2*1.1 -> 55.08 | AO140: =AN140/2.2046226218 -> 24.983868 | AP140: =AO140/58.8*10000 -> 4248.9571 | AS140: =SUM(AS91,AS104)-2*1.06-2*1.1 -> 15.58 | AT140: =AS140/2.2046226218 -> 7.0669691 | AU140: =AT140/58.8*10000 -> 1201.8655
E141: =SUM(E90,E105)-2*1.06-2*1.1 -> 57.28 | F141: =E141/2.2046226218 -> 25.981771 | G141: =F141/58.8*10000 -> 4418.6685 | J141: =SUM(J90,J105)-2*1.06-2*1.1 -> 76.28 | K141: =J141/2.2046226218 -> 34.600026 | L141: =K141/58.8*10000 -> 5884.3582 | O141: =SUM(O90,O105)-2*1.06-2*1.1 -> 65.48 | P141: =O141/2.2046226218 -> 29.701228 | Q141: =P141/58.8*10000 -> 5051.2293 | T141: =SUM(T90,T105)-2*1.06-2*1.1 -> 55.88 | U141: =T141/2.2046226218 -> 25.346742 | V141: =U141/58.8*10000 -> 4310.6703 | Y141: =SUM(Y90,Y105)-2*1.06-2*1.1 -> 62.48 | Z141: =Y141/2.2046226218 -> 28.340451 | AA141: =Z141/58.8*10000 -> 4819.8046 | AD141: =SUM(AD90,AD105)-2*1.06-2*1.1 -> 64.48 | AE141: =AD141/2.2046226218 -> 29.247636 | AF141: =AE141/58.8*10000 -> 4974.0878 | AI141: =SUM(AI90,AI105)-2*1.06-2*1.1 -> 71.88 | AJ141: =AI141/2.2046226218 -> 32.60422 | AK141: =AJ141/58.8*10000 -> 5544.9353 | AN141: =SUM(AN90,AN105)-2*1.06-2*1.1 -> 57.08 | AO141: =AN141/2.2046226218 -> 25.891052 | AP141: =AO141/58.8*10000 -> 4403.2402 | AS141: =SUM(AS90,AS105)-2*1.06-2*1.1 -> 25.68 | AT141: =AS141/2.2046226218 -> 11.648252 | AU141: =AT141/58.8*10000 -> 1980.9952
E142: =SUM(E89,E106)-2*1.06-2*1.1 -> 46.28 | F142: =E142/2.2046226218 -> 20.992255 | G142: =F142/58.8*10000 -> 3570.1114 | J142: =SUM(J89,J106)-2*1.06-2*1.1 -> 69.48 | K142: =J142/2.2046226218 -> 31.515598 | L142: =K142/58.8*10000 -> 5359.7956 | O142: =SUM(O89,O106)-2*1.06-2*1.1 -> 69.28 | P142: =O142/2.2046226218 -> 31.424879 | Q142: =P142/58.8*10000 -> 5344.3672 | T142: =SUM(T89,T106)-2*1.06-2*1.1 -> 61.38 | U142: =T142/2.2046226218 -> 27.8415 | V142: =U142/58.8*10000 -> 4734.9489 | Y142: =SUM(Y89,Y106)-2*1.06-2*1.1 -> 59.08 | Z142: =Y142/2.2046226218 -> 26.798237 | AA142: =Z142/58.8*10000 -> 4557.5233 | AD142: =SUM(AD89,AD106)-2*1.06-2*1.1 -> 61.38 | AE142: =AD142/2.2046226218 -> 27.8415 | AF142: =AE142/58.8*10000 -> 4734.9489 | AI142: =SUM(AI89,AI106)-2*1.06-2*1.1 -> 77.98 | AJ142: =AI142/2.2046226218 -> 35.371133 | AK142: =AJ142/58.8*10000 -> 6015.4988 | AN142: =SUM(AN89,AN106)-2*1.06-2*1.1 -> 58.58 | AO142: =AN142/2.2046226218 -> 26.571441 | AP142: =AO142/58.8*10000 -> 4518.9526 | AS142: =SUM(AS89,AS106)-2*1.06-2*1.1 -> 17.58 | AT142: =AS142/2.2046226218 -> 7.9741539 | AU142: =AT142/58.8*10000 -> 1356.1486
E143: =SUM(E88,E107)-2*1.06-2*1.1 -> 36.28 | F143: =E143/2.2046226218 -> 16.456331 | G143: =F143/58.8*10000 -> 2798.6958 | J143: =SUM(J88,J107)-2*1.06-2*1.1 -> 69.28 | K143: =J143/2.2046226218 -> 31.424879 | L143: =K143/58.8*10000 -> 5344.3672 | O143: =SUM(O88,O107)-2*1.06-2*1.1 -> 59.18 | P143: =O143/2.2046226218 -> 26.843596 | Q143: =P143/58.8*10000 -> 4565.2375 | T143: =SUM(T88,T107)-2*1.06-2*1.1 -> 43.38 | U143: =T143/2.2046226218 -> 19.676837 | V143: =U143/58.8*10000 -> 3346.4009 | Y143: =SUM(Y88,Y107)-2*1.06-2*1.1 -> 61.48 | Z143: =Y143/2.2046226218 -> 27.886859 | AA143: =Z143/58.8*10000 -> 4742.6631 | AD143: =SUM(AD88,AD107)-2*1.06-2*1.1 -> 51.98 | AE143: =AD143/2.2046226218 -> 23.577731 | AF143: =AE143/58.8*10000 -> 4009.8183 | AI143: =SUM(AI88,AI107)-2*1.06-2*1.1 -> 74.58 | AJ143: =AI143/2.2046226218 -> 33.828919 | AK143: =AJ143/58.8*10000 -> 5753.2175 | AN143: =SUM(AN88,AN107)-2*1.06-2*1.1 -> 56.88 | AO143: =AN143/2.2046226218 -> 25.800334 | AP143: =AO143/58.8*10000 -> 4387.8119 | AS143: =SUM(AS88,AS107)-2*1.06-2*1.1 -> 20.98 | AT143: =AS143/2.2046226218 -> 9.5163679 | AU143: =AT143/58.8*10000 -> 1618.4299
E144: =SUM(E117:E118)-2*1.06-2*1.1 -> 56.68 | F144: =E144/2.2046226218 -> 25.709616 | G144: =F144/58.8*10000 -> 4372.3836 | J144: =SUM(J117:J118)-2*1.06-2*1.1 -> 75.58 | K144: =J144/2.2046226218 -> 34.282511 | L144: =K144/58.8*10000 -> 5830.3591 | O144: =SUM(O117:O118)-2*1.06-2*1.1 -> 55.88 | P144: =O144/2.2046226218 -> 25.346742 | Q144: =P144/58.8*10000 -> 4310.6703 | T144: =SUM(T117:T118)-2*1.06-2*1.1 -> 48.58 | U144: =T144/2.2046226218 -> 22.035517 | V144: =U144/58.8*10000 -> 3747.537 | Y144: =SUM(Y117:Y118)-2*1.06-2*1.1 -> 51.38 | Z144: =Y144/2.2046226218 -> 23.305576 | AA144: =Z144/58.8*10000 -> 3963.5333 | AD144: =SUM(AD117:AD118)-2*1.06-2*1.1 -> 48.98 | AE144: =AD144/2.2046226218 -> 22.216954 | AF144: =AE144/58.8*10000 -> 3778.3936 | AI144: =SUM(AI117:AI118)-2*1.06-2*1.1 -> 65.08 | AJ144: =AI144/2.2046226218 -> 29.519791 | AK144: =AJ144/58.8*10000 -> 5020.3727 | AN144: =SUM(AN117:AN118)-2*1.06-2*1.1 -> 44.18 | AO144: =AN144/2.2046226218 -> 20.039711 | AP144: =AO144/58.8*10000 -> 3408.1141 | AS144: =SUM(AS117:AS118)-2*1.06-2*1.1 -> 14.88 | AT144: =AS144/2.2046226218 -> 6.7494545 | AU144: =AT144/58.8*10000 -> 1147.8664
E145: =SUM(E116,E119)-2*1.06-2*1.1 -> 57.88 | F145: =E145/2.2046226218 -> 26.253926 | G145: =F145/58.8*10000 -> 4464.9535 | J145: =SUM(J116,J119)-2*1.06-2*1.1 -> 68.28 | K145: =J145/2.2046226218 -> 30.971287 | L145: =K145/58.8*10000 -> 5267.2257 | O145: =SUM(O116,O119)-2*1.06-2*1.1 -> 64.78 | P145: =O145/2.2046226218 -> 29.383714 | Q145: =P145/58.8*10000 -> 4997.2302 | T145: =SUM(T116,T119)-2*1.06-2*1.1 -> 50.58 | U145: =T145/2.2046226218 -> 22.942702 | V145: =U145/58.8*10000 -> 3901.8201 | Y145: =SUM(Y116,Y119)-2*1.06-2*1.1 -> 48.68 | Z145: =Y145/2.2046226218 -> 22.080877 | AA145: =Z145/58.8*10000 -> 3755.2511 | AD145: =SUM(AD116,AD119)-2*1.06-2*1.1 -> 55.68 | AE145: =AD145/2.2046226218 -> 25.256023 | AF145: =AE145/58.8*10000 -> 4295.242 | AI145: =SUM(AI116,AI119)-2*1.06-2*1.1 -> 56.28 | AJ145: =AI145/2.2046226218 -> 25.528179 | AK145: =AJ145/58.8*10000 -> 4341.527 | AN145: =SUM(AN116,AN119)-2*1.06-2*1.1 -> 43.08 | AO145: =AN145/2.2046226218 -> 19.540759 | AP145: =AO145/58.8*10000 -> 3323.2584 | AS145: =SUM(AS116,AS119)-2*1.06-2*1.1 -> 18.08 | AT145: =AS145/2.2046226218 -> 8.20095 | AU145: =AT145/58.8*10000 -> 1394.7194
E146: =SUM(E115,E120)-2*1.06-2*1.1 -> 62.88 | F146: =E146/2.2046226218 -> 28.521888 | G146: =F146/58.8*10000 -> 4850.6613 | J146: =SUM(J115,J120)-2*1.06-2*1.1 -> 84.08 | K146: =J146/2.2046226218 -> 38.138046 | L146: =K146/58.8*10000 -> 6486.0623 | O146: =SUM(O115,O120)-2*1.06-2*1.1 -> 73.68 | P146: =O146/2.2046226218 -> 33.420686 | Q146: =P146/58.8*10000 -> 5683.7901 | T146: =SUM(T115,T120)-2*1.06-2*1.1 -> 56.78 | U146: =T146/2.2046226218 -> 25.754975 | V146: =U146/58.8*10000 -> 4380.0977 | Y146: =SUM(Y115,Y120)-2*1.06-2*1.1 -> 63.28 | Z146: =Y146/2.2046226218 -> 28.703325 | AA146: =Z146/58.8*10000 -> 4881.5179 | AD146: =SUM(AD115,AD120)-2*1.06-2*1.1 -> 62.28 | AE146: =AD146/2.2046226218 -> 28.249733 | AF146: =AE146/58.8*10000 -> 4804.3763 | AI146: =SUM(AI115,AI120)-2*1.06-2*1.1 -> 65.18 | AJ146: =AI146/2.2046226218 -> 29.565151 | AK146: =AJ146/58.8*10000 -> 5028.0868 | AN146: =SUM(AN115,AN120)-2*1.06-2*1.1 -> 38.38 | AO146: =AN146/2.2046226218 -> 17.408875 | AP146: =AO146/58.8*10000 -> 2960.6931 | AS146: =SUM(AS115,AS120)-2*1.06-2*1.1 -> 18.68 | AT146: =AS146/2.2046226218 -> 8.4731055 | AU146: =AT146/58.8*10000 -> 1441.0043
E147: =SUM(E114,E121)-2*1.06-2*1.1 -> 61.18 | F147: =E147/2.2046226218 -> 27.750781 | G147: =F147/58.8*10000 -> 4719.5206 | J147: =SUM(J114,J121)-2*1.06-2*1.1 -> 82.08 | K147: =J147/2.2046226218 -> 37.230862 | L147: =K147/58.8*10000 -> 6331.7792 | O147: =SUM(O114,O121)-2*1.06-2*1.1 -> 77.88 | P147: =O147/2.2046226218 -> 35.325774 | Q147: =P147/58.8*10000 -> 6007.7847 | T147: =SUM(T114,T121)-2*1.06-2*1.1 -> 57.78 | U147: =T147/2.2046226218 -> 26.208567 | V147: =U147/58.8*10000 -> 4457.2393 | Y147: =SUM(Y114,Y121)-2*1.06-2*1.1 -> 56.98 | Z147: =Y147/2.2046226218 -> 25.845693 | AA147: =Z147/58.8*10000 -> 4395.5261 | AD147: =SUM(AD114,AD121)-2*1.06-2*1.1 -> 56.88 | AE147: =AD147/2.2046226218 -> 25.800334 | AF147: =AE147/58.8*10000 -> 4387.8119 | AI147: =SUM(AI114,AI121)-2*1.06-2*1.1 -> 64.38 | AJ147: =AI147/2.2046226218 -> 29.202277 | AK147: =AJ147/58.8*10000 -> 4966.3736 | AN147: =SUM(AN114,AN121)-2*1.06-2*1.1 -> 39.38 | AO147: =AN147/2.2046226218 -> 17.862468 | AP147: =AO147/58.8*10000 -> 3037.8346 | AS147: =SUM(AS114,AS121)-2*1.06-2*1.1 -> 13.88 | AT147: =AS147/2.2046226218 -> 6.2958621 | AU147: =AT147/58.8*10000 -> 1070.7248
E148: =SUM(E113,E122)-2*1.06-2*1.1 -> 59.68 | F148: =E148/2.2046226218 -> 27.070393 | G148: =F148/58.8*10000 -> 4603.8083 | J148: =SUM(J113,J122)-2*1.06-2*1.1 -> 76.88 | K148: =J148/2.2046226218 -> 34.872181 | L148: =K148/58.8*10000 -> 5930.6431 | O148: =SUM(O113,O122)-2*1.06-2*1.1 -> 66.18 | P148: =O148/2.2046226218 -> 30.018743 | Q148: =P148/58.8*10000 -> 5105.2284 | T148: =SUM(T113,T122)-2*1.06-2*1.1 -> 47.08 | U148: =T148/2.2046226218 -> 21.355129 | V148: =U148/58.8*10000 -> 3631.8246 | Y148: =SUM(Y113,Y122)-2*1.06-2*1.1 -> 60.38 | Z148: =Y148/2.2046226218 -> 27.387907 | AA148: =Z148/58.8*10000 -> 4657.8074 | AD148: =SUM(AD113,AD122)-2*1.06-2*1.1 -> 56.58 | AE148: =AD148/2.2046226218 -> 25.664256 | AF148: =AE148/58.8*10000 -> 4364.6694 | AI148: =SUM(AI113,AI122)-2*1.06-2*1.1 -> 59.48 | AJ148: =AI148/2.2046226218 -> 26.979674 | AK148: =AJ148/58.8*10000 -> 4588.38 | AN148: =SUM(AN113,AN122)-2*1.06-2*1.1 -> 40.68 | AO148: =AN148/2.2046226218 -> 18.452138 | AP148: =AO148/58.8*10000 -> 3138.1186 | AS148: =SUM(AS113,AS122)-2*1.06-2*1.1 -> 18.08 | AT148: =AS148/2.2046226218 -> 8.20095 | AU148: =AT148/58.8*10000 -> 1394.7194
E149: =SUM(E112,E123)-2*1.06-2*1.1 -> 52.18 | F149: =E149/2.2046226218 -> 23.66845 | G149: =F149/58.8*10000 -> 4025.2466 | J149: =SUM(J112,J123)-2*1.06-2*1.1 -> 80.98 | K149: =J149/2.2046226218 -> 36.73191 | L149: =K149/58.8*10000 -> 6246.9235 | O149: =SUM(O112,O123)-2*1.06-2*1.1 -> 73.48 | P149: =O149/2.2046226218 -> 33.329967 | Q149: =P149/58.8*10000 -> 5668.3618 | T149: =SUM(T112,T123)-2*1.06-2*1.1 -> 52.38 | U149: =T149/2.2046226218 -> 23.759168 | V149: =U149/58.8*10000 -> 4040.6749 | Y149: =SUM(Y112,Y123)-2*1.06-2*1.1 -> 53.08 | Z149: =Y149/2.2046226218 -> 24.076683 | AA149: =Z149/58.8*10000 -> 4094.674 | AD149: =SUM(AD112,AD123)-2*1.06-2*1.1 -> 57.08 | AE149: =AD149/2.2046226218 -> 25.891052 | AF149: =AE149/58.8*10000 -> 4403.2402 | AI149: =SUM(AI112,AI123)-2*1.06-2*1.1 -> 62.18 | AJ149: =AI149/2.2046226218 -> 28.204374 | AK149: =AJ149/58.8*10000 -> 4796.6622 | AN149: =SUM(AN112,AN123)-2*1.06-2*1.1 -> 45.88 | AO149: =AN149/2.2046226218 -> 20.810818 | AP149: =AO149/58.8*10000 -> 3539.2548 | AS149: =SUM(AS112,AS123)-2*1.06-2*1.1 -> 17.88 | AT149: =AS149/2.2046226218 -> 8.1102316 | AU149: =AT149/58.8*10000 -> 1379.2911
E150: =SUM(E111,E124)-2*1.06-2*1.1 -> 54.58 | F150: =E150/2.2046226218 -> 24.757072 | G150: =F150/58.8*10000 -> 4210.3863 | J150: =SUM(J111,J124)-2*1.06-2*1.1 -> 74.08 | K150: =J150/2.2046226218 -> 33.602123 | L150: =K150/58.8*10000 -> 5714.6467 | O150: =SUM(O111,O124)-2*1.06-2*1.1 -> 71.08 | P150: =O150/2.2046226218 -> 32.241346 | Q150: =P150/58.8*10000 -> 5483.2221 | T150: =SUM(T111,T124)-2*1.06-2*1.1 -> 54.98 | U150: =T150/2.2046226218 -> 24.938509 | V150: =U150/58.8*10000 -> 4241.2429 | Y150: =SUM(Y111,Y124)-2*1.06-2*1.1 -> 57.88 | Z150: =Y150/2.2046226218 -> 26.253926 | AA150: =Z150/58.8*10000 -> 4464.9535 | AD150: =SUM(AD111,AD124)-2*1.06-2*1.1 -> 54.18 | AE150: =AD150/2.2046226218 -> 24.575635 | AF150: =AE150/58.8*10000 -> 4179.5297 | AI150: =SUM(AI111,AI124)-2*1.06-2*1.1 -> 67.88 | AJ150: =AI150/2.2046226218 -> 30.78985 | AK150: =AJ150/58.8*10000 -> 5236.3691 | AN150: =SUM(AN111,AN124)-2*1.06-2*1.1 -> 47.38 | AO150: =AN150/2.2046226218 -> 21.491206 | AP150: =AO150/58.8*10000 -> 3654.9671 | AS150: =SUM(AS111,AS124)-2*1.06-2*1.1 -> 13.28 | AT150: =AS150/2.2046226218 -> 6.0237067 | AU150: =AT150/58.8*10000 -> 1024.4399
E151: =SUM(E110,E125)-2*1.06-2*1.1 -> 62.38 | F151: =E151/2.2046226218 -> 28.295092 | G151: =F151/58.8*10000 -> 4812.0905 | J151: =SUM(J110,J125)-2*1.06-2*1.1 -> 83.18 | K151: =J151/2.2046226218 -> 37.729813 | L151: =K151/58.8*10000 -> 6416.6349 | O151: =SUM(O110,O125)-2*1.06-2*1.1 -> 71.28 | P151: =O151/2.2046226218 -> 32.332064 | Q151: =P151/58.8*10000 -> 5498.6504 | T151: =SUM(T110,T125)-2*1.06-2*1.1 -> 54.88 | U151: =T151/2.2046226218 -> 24.893149 | V151: =U151/58.8*10000 -> 4233.5288 | Y151: =SUM(Y110,Y125)-2*1.06-2*1.1 -> 56.38 | Z151: =Y151/2.2046226218 -> 25.573538 | AA151: =Z151/58.8*10000 -> 4349.2411 | AD151: =SUM(AD110,AD125)-2*1.06-2*1.1 -> 55.18 | AE151: =AD151/2.2046226218 -> 25.029227 | AF151: =AE151/58.8*10000 -> 4256.6713 | AI151: =SUM(AI110,AI125)-2*1.06-2*1.1 -> 62.18 | AJ151: =AI151/2.2046226218 -> 28.204374 | AK151: =AJ151/58.8*10000 -> 4796.6622 | AN151: =SUM(AN110,AN125)-2*1.06-2*1.1 -> 48.78 | AO151: =AN151/2.2046226218 -> 22.126236 | AP151: =AO151/58.8*10000 -> 3762.9653 | AS151: =SUM(AS110,AS125)-2*1.06-2*1.1 -> 21.98 | AT151: =AS151/2.2046226218 -> 9.9699603 | AU151: =AT151/58.8*10000 -> 1695.5715
E152: =SUM(E109,E126)-2*1.06-2*1.1 -> 50.08 | F152: =E152/2.2046226218 -> 22.715906 | G152: =F152/58.8*10000 -> 3863.2493 | J152: =SUM(J109,J126)-2*1.06-2*1.1 -> 77.68 | K152: =J152/2.2046226218 -> 35.235055 | L152: =K152/58.8*10000 -> 5992.3563 | O152: =SUM(O109,O126)-2*1.06-2*1.1 -> 69.58 | P152: =O152/2.2046226218 -> 31.560957 | Q152: =P152/58.8*10000 -> 5367.5097 | T152: =SUM(T109,T126)-2*1.06-2*1.1 -> 53.28 | U152: =T152/2.2046226218 -> 24.167401 | V152: =U152/58.8*10000 -> 4110.1023 | Y152: =SUM(Y109,Y126)-2*1.06-2*1.1 -> 53.58 | Z152: =Y152/2.2046226218 -> 24.303479 | AA152: =Z152/58.8*10000 -> 4133.2448 | AD152: =SUM(AD109,AD126)-2*1.06-2*1.1 -> 53.18 | AE152: =AD152/2.2046226218 -> 24.122042 | AF152: =AE152/58.8*10000 -> 4102.3881 | AI152: =SUM(AI109,AI126)-2*1.06-2*1.1 -> 69.98 | AJ152: =AI152/2.2046226218 -> 31.742394 | AK152: =AJ152/58.8*10000 -> 5398.3663 | AN152: =SUM(AN109,AN126)-2*1.06-2*1.1 -> 45.58 | AO152: =AN152/2.2046226218 -> 20.67474 | AP152: =AO152/58.8*10000 -> 3516.1123 | AS152: =SUM(AS109,AS126)-2*1.06-2*1.1 -> 11.88 | AT152: =AS152/2.2046226218 -> 5.3886774 | AU152: =AT152/58.8*10000 -> 916.44173
E153: =SUM(E108,E127)-2*1.06-2*1.1 -> 38.58 | F153: =E153/2.2046226218 -> 17.499594 | G153: =F153/58.8*10000 -> 2976.1214 | J153: =SUM(J108,J127)-2*1.06-2*1.1 -> 69.28 | K153: =J153/2.2046226218 -> 31.424879 | L153: =K153/58.8*10000 -> 5344.3672 | O153: =SUM(O108,O127)-2*1.06-2*1.1 -> 52.78 | P153: =O153/2.2046226218 -> 23.940605 | Q153: =P153/58.8*10000 -> 4071.5315 | T153: =SUM(T108,T127)-2*1.06-2*1.1 -> 38.88 | U153: =T153/2.2046226218 -> 17.635671 | V153: =U153/58.8*10000 -> 2999.2638 | Y153: =SUM(Y108,Y127)-2*1.06-2*1.1 -> 46.78 | Z153: =Y153/2.2046226218 -> 21.219051 | AA153: =Z153/58.8*10000 -> 3608.6822 | AD153: =SUM(AD108,AD127)-2*1.06-2*1.1 -> 48.88 | AE153: =AD153/2.2046226218 -> 22.171595 | AF153: =AE153/58.8*10000 -> 3770.6794 | AI153: =SUM(AI108,AI127)-2*1.06-2*1.1 -> 62.28 | AJ153: =AI153/2.2046226218 -> 28.249733 | AK153: =AJ153/58.8*10000 -> 4804.3763 | AN153: =SUM(AN108,AN127)-2*1.06-2*1.1 -> 49.59 | AO153: =AN153/2.2046226218 -> 22.493646 | AP153: =AO153/58.8*10000 -> 3825.4499 | AS153: =SUM(AS108,AS127)-2*1.06-2*1.1 -> 12.78 | AT153: =AS153/2.2046226218 -> 5.7969105 | AU153: =AT153/58.8*10000 -> 985.86913

Sheet Subsample weights
B1: FISE Cotton 2011 -- Large Field Experiment | K1: FISE Cotton 2011 -- Large Field Experiment | T1: FISE Cotton 2011 -- Large Field Experiment | AC1: FISE Cotton 2011 -- Large Field Experiment | AL1: FISE Cotton 2011 -- Large Field Experiment | AU1: FISE Cotton 2011 -- Large Field Experiment
B3: Cotton Harvest | K3: Cotton Harvest | T3: Cotton Harvest | AC3: Cotton Harvest | AL3: Cotton Harvest | AU3: Cotton Harvest
B4: Subsample weights | K4: Subsample weights | T4: Subsample weights | AC4: Subsample weights | AL4: Subsample weights | AU4: Subsample weights
B5: Weights are weights of bag and cotton. Weight of bag & 4 staples alone is 0.16 lb
B7: Border # | C7: 1 | E7: Border # | F7: 2 | H7: Border # | I7: 3 | K7: Border # | L7: 4 | N7: Border # | O7: 5 | Q7: Border # | R7: 6 | T7: Border # | U7: 7 | W7: Border # | X7: 8 | Z7: Border # | AA7: 9 | AC7: Border # | AD7: 10 | AF7: Border # | AG7: 11 | AI7: Border # | AJ7: 12 | AL7: Border # | AM7: 13 | AO7: Border # | AP7: 14 | AR7: Border # | AS7: 15 | AU7: Border # | AV7: 16 | AX7: Border # | AY7: 17
B9: Samp. # | C9: Bag & cotton (lbs) | E9: Samp. # | F9: Bag & cotton (lbs) | H9: Samp. # | I9: Bag & cotton (lbs) | K9: Samp. # | L9: Bag & cotton (lbs) | N9: Samp. # | O9: Bag & cotton (lbs) | Q9: Samp. # | R9: Bag & cotton (lbs) | T9: Samp. # | U9: Bag & cotton (lbs) | W9: Samp. # | X9: Bag & cotton (lbs) | Z9: Samp. # | AA9: Bag & cotton (lbs) | AC9: Samp. # | AD9: Bag & cotton (lbs) | AF9: Samp. # | AG9: Bag & cotton (lbs) | AI9: Samp. # | AJ9: Bag & cotton (lbs) | AL9: Samp. # | AM9: Bag & cotton (lbs) | AO9: Samp. # | AP9: Bag & cotton (lbs) | AR9: Samp. # | AS9: Bag & cotton (lbs) | AU9: Samp. # | AV9: Bag & cotton (lbs) | AX9: Samp. # | AY9: Bag & cotton (lbs)
B10: 1 | C10: 3.02 | E10: 1 | F10: 3.36 | H10: 1 | I10: 2.7 | K10: 1 | L10: 2.76 | N10: 1 | O10: 3.12 | Q10: 1 | R10: 4.32 | T10: 1 | U10: 3.36 | W10: 1 | X10: 3.04 | Z10: 1 | AA10: 3.5 | AC10: 1 | AD10: 3.04 | AF10: 1 | AG10: 3.22 | AI10: 1 | AJ10: 3.62 | AL10: 1 | AM10: 3.48 | AO10: 1 | AP10: 2.5 | AR10: 1 | AS10: 3.92 | AU10: 1 | AV10: 3.8 | AX10: 1 | AY10: 3.98
B11: 2 | C11: 3.28 | E11: 2 | F11: 3.32 | H11: 2 | I11: 3.34 | K11: 2 | L11: 3.34 | N11: 2 | O11: 2.54 | Q11: 2 | R11: 3.06 | T11: 2 | U11: 2.48 | W11: 2 | X11: 3.72 | Z11: 2 | AA11: 4.02 | AC11: 2 | AD11: 2.72 | AF11: 2 | AG11: 3.1 | AI11: 2 | AJ11: 3.46 | AL11: 2 | AM11: 3.22 | AO11: 2 | AP11: 3.26 | AR11: 2 | AS11: 1.74 | AU11: 2 | AV11: 3.52 | AX11: 2 | AY11: 4.34
B12: 3 | C12: 3.26 | E12: 3 | F12: 3.2 | H12: 3 | I12: 3.3 | K12: 3 | L12: 3.56 | N12: 3 | O12: 3.54 | Q12: 3 | R12: 2.92 | T12: 3 | U12: 3.14 | W12: 3 | X12: 3.64 | Z12: 3 | AA12: 2.98 | AC12: 3 | AD12: 2.66 | AF12: 3 | AG12: 4.16 | AI12: 3 | AJ12: 3.42 | AL12: 3 | AM12: 3.46 | AO12: 3 | AP12: 4.22 | AR12: 3 | AS12: 4.24 | AU12: 3 | AV12: 3.9 | AX12: 3 | AY12: 4.48
B13: 4 | C13: 3.02 | E13: 4 | F13: 3.42 | H13: 4 | I13: 3.46 | K13: 4 | L13: 3.82 | N13: 4 | O13: 3.16 | Q13: 4 | R13: 3.3 | T13: 4 | U13: 2.68 | W13: 4 | X13: 3.5 | Z13: 4 | AA13: 3.72 | AC13: 4 | AD13: 2.84 | AF13: 4 | AG13: 3.14 | AI13: 4 | AJ13: 3.34 | AL13: 4 | AM13: 4.02 | AO13: 4 | AP13: 4.4 | AR13: 4 | AS13: 5.08 | AU13: 4 | AV13: 3.92 | AX13: 4 | AY13: 3.24
B14: 5 | C14: 3.3 | E14: 5 | F14: 3.58 | H14: 5 | I14: 3.26 | K14: 5 | L14: 3.28 | N14: 5 | O14: 2.96 | Q14: 5 | R14: 3 | T14: 5 | U14: 2.38 | W14: 5 | X14: 3.3 | Z14: 5 | AA14: 2.66 | AC14: 5 | AD14: 3.2 | AF14: 5 | AG14: 4.34 | AI14: 5 | AJ14: 2.66 | AL14: 5 | AM14: 2.86 | AO14: 5 | AP14: 3.92 | AR14: 5 | AS14: 3.58 | AU14: 5 | AV14: 3.94 | AX14: 5 | AY14: 3.2
B15: 6 | C15: 3.38 | E15: 6 | F15: 3.28 | H15: 6 | I15: 3.56 | K15: 6 | L15: 3.08 | N15: 6 | O15: 2.88 | Q15: 6 | R15: 2.9 | T15: 6 | U15: 3.46 | W15: 6 | X15: 3.12 | Z15: 6 | AA15: 3.08 | AC15: 6 | AD15: 2.54 | AF15: 6 | AG15: 3.74 | AI15: 6 | AJ15: 3.76 | AL15: 6 | AM15: 4.32 | AO15: 6 | AP15: 3.08 | AR15: 6 | AS15: 3.58 | AU15: 6 | AV15: 3.9 | AX15: 6 | AY15: 2.98
B16: 7 | C16: 3.18 | E16: 7 | F16: 3.14 | H16: 7 | I16: 2.96 | K16: 7 | L16: 2.72 | N16: 7 | O16: 2.6 | Q16: 7 | R16: 3.22 | T16: 7 | U16: 2.52 | W16: 7 | X16: 3.52 | Z16: 7 | AA16: 3.04 | AC16: 7 | AD16: 3.4 | AF16: 7 | AG16: 3.66 | AI16: 7 | AJ16: 2.86 | AL16: 7 | AM16: 3.58 | AO16: 7 | AP16: 3.6 | AR16: 7 | AS16: 3.5 | AU16: 7 | AV16: 3.82 | AX16: 7 | AY16: 3.82
B17: 8 | C17: 2.9 | E17: 8 | F17: 3.6 | H17: 8 | I17: 2.92 | K17: 8 | L17: 2.62 | N17: 8 | O17: 2.44 | Q17: 8 | R17: 3.04 | T17: 8 | U17: 2.44 | W17: 8 | X17: 2.76 | Z17: 8 | AA17: 2.9 | AC17: 8 | AD17: 3.02 | AF17: 8 | AG17: 3.26 | AI17: 8 | AJ17: 4.02 | AL17: 8 | AM17: 3.7 | AO17: 8 | AP17: 3.36 | AR17: 8 | AS17: 4.34 | AU17: 8 | AV17: 4.08 | AX17: 8 | AY17: 3.36
B18: 9 | C18: 2.86 | E18: 9 | F18: 3.62 | H18: 9 | I18: 3.2 | K18: 9 | L18: 2.64 | N18: 9 | O18: 2.88 | Q18: 9 | R18: 4.2 | T18: 9 | U18: 3.52 | W18: 9 | X18: 3.74 | Z18: 9 | AA18: 2.76 | AC18: 9 | AD18: 3.18 | AF18: 9 | AG18: 3.52 | AI18: 9 | AJ18: 2.9 | AL18: 9 | AM18: 3.74 | AO18: 9 | AP18: 3.84 | AR18: 9 | AS18: 4.9 | AU18: 9 | AV18: 3.94 | AX18: 9 | AY18: 3.94
B19: 10 | C19: 3.68 | E19: 10 | F19: 3.94 | H19: 10 | I19: 3.56 | K19: 10 | L19: 3.46 | N19: 10 | O19: 2.68 | Q19: 10 | R19: 3.7 | T19: 10 | U19: 3.92 | W19: 10 | X19: 3.84 | Z19: 10 | AA19: 3.26 | AC19: 10 | AD19: 3.12 | AF19: 10 | AG19: 4.14 | AI19: 10 | AJ19: 3.84 | AL19: 10 | AM19: 3.58 | AO19: 10 | AP19: 2.9 | AR19: 10 | AS19: 4.5 | AU19: 10 | AV19: 3.7 | AX19: 10 | AY19: 3.98
B20: 11 | C20: 2.94 | E20: 11 | F20: 3.94 | H20: 11 | I20: 3.24 | K20: 11 | L20: 2.82 | N20: 11 | O20: 3.08 | Q20: 11 | R20: 4.16 | T20: 11 | U20: 3.74 | W20: 11 | X20: 3.8 | Z20: 11 | AA20: 3 | AC20: 11 | AD20: 3.4 | AF20: 11 | AG20: 3.18 | AI20: 11 | AJ20: 3.54 | AL20: 11 | AM20: 3.56 | AO20: 11 | AP20: 3.62 | AR20: 11 | AS20: 4.24 | AU20: 11 | AV20: 3.4 | AX20: 11 | AY20: 3.5
B21: 12 | C21: 3.12 | E21: 12 | F21: 3.66 | H21: 12 | I21: 3.22 | K21: 12 | L21: 3.06 | N21: 12 | O21: 2.7 | Q21: 12 | R21: 3.5 | T21: 12 | U21: 3.64 | W21: 12 | X21: 3.82 | Z21: 12 | AA21: 3.16 | AC21: 12 | AD21: 3.08 | AF21: 12 | AG21: 3.6 | AI21: 12 | AJ21: 2.74 | AL21: 12 | AM21: 3.58 | AO21: 12 | AP21: 4.22 | AR21: 12 | AS21: 3.82 | AU21: 12 | AV21: 3.78 | AX21: 12 | AY21: 2.8
... B30: 21 | C30: 3.66 | E30: 21 | F30: 3.66 | H30: 21 | I30: 2.72 | K30: 21 | L30: 2.9 | N30: 21 | O30: 2.48 | Q30: 21 | R30: 3.46 | T30: 21 | U30: 2.84 | W30: 21 | X30: 3.32 | Z30: 21 | AA30: 2.62 | AC30: 21 | AD30: 3.34 | AF30: 21 | AG30: 3.68 | AI30: 21 | AJ30: 3.54 | AL30: 21 | AM30: 4.24 | AO30: 21 | AP30: 4.7 | AR30: 21 | AS30: 3.76 | AU30: 21 | AV30: 3.8 | AX30: 21 | AY30: 3.3
B31: 22 | C31: 3.48 | E31: 22 | F31: 3.94 | H31: 22 | I31: 3.24 | K31: 22 | L31: 3.24 | N31: 22 | O31: 2.72 | Q31: 22 | R31: 3.68 | T31: 22 | U31: 3.52 | W31: 22 | X31: 3.26 | Z31: 22 | AA31: 2.42 | AC31: 22 | AD31: 3.54 | AF31: 22 | AG31: 3 | AI31: 22 | AJ31: 3.74 | AL31: 22 | AM31: 3.38 | AO31: 22 | AQ31: oops- no sample collected | AR31: 22 | AS31: 3.36 | AU31: 22 | AV31: 3.74 | AX31: 22 | AY31: 2.86
B32: 23 | C32: 2.88 | E32: 23 | F32: 4.48 | H32: 23 | I32: 3.18 | K32: 23 | L32: 2.52 | N32: 23 | O32: 2.6 | Q32: 23 | R32: 2.82 | T32: 23 | U32: 3.56 | W32: 23 | X32: 2.4 | Z32: 23 | AA32: 2.5 | AC32: 23 | AD32: 2.84 | AF32: 23 | AG32: 3.9 | AI32: 23 | AJ32: 4.26 | AL32: 23 | AM32: 4.02 | AO32: 23 | AP32: 3.22 | AR32: 23 | AS32: 3.42 | AU32: 23 | AV32: 3.6 | AX32: 23 | AY32: 3.48
B33: 24 | C33: 2.58 | E33: 24 | F33: 3.7 | H33: 24 | I33: 3.24 | K33: 24 | L33: 3.28 | N33: 24 | O33: 2.32 | Q33: 24 | R33: 3.34 | T33: 24 | U33: 2.8 | W33: 24 | X33: 3.38 | Z33: 24 | AA33: 3.56 | AC33: 24 | AD33: 4.06 | AF33: 24 | AG33: 3.5 | AI33: 24 | AJ33: 2.74 | AL33: 24 | AM33: 4.18 | AO33: 24 | AP33: 3.1 | AR33: 24 | AS33: 4.26 | AU33: 24 | AV33: 3.9 | AX33: 24 | AY33: 2.92
B34: 25 | C34: 3.5 | E34: 25 | F34: 3.76 | H34: 25 | I34: 3.66 | K34: 25 | L34: 3.1 | N34: 25 | O34: 2.52 | Q34: 25 | R34: 3.64 | T34: 25 | U34: 3.02 | W34: 25 | X34: 3.48 | Z34: 25 | AA34: 3.38 | AC34: 25 | AD34: 3.64 | AF34: 25 | AG34: 3.5 | AI34: 25 | AJ34: 3.8 | AL34: 25 | AM34: 3.14 | AO34: 25 | AP34: 3.46 | AR34: 25 | AS34: 3.88 | AU34: 25 | AV34: 3.9 | AX34: 25 | AY34: 3.68
B35: 26 | C35: 3.48 | E35: 26 | F35: 2.9 | H35: 26 | I35: 3.16 | K35: 26 | L35: 2.94 | N35: 26 | O35: 2.58 | Q35: 26 | R35: 2.88 | T35: 26 | U35: 3.16 | W35: 26 | X35: 2.84 | Z35: 26 | AA35: 2.42 | AC35: 26 | AD35: 4.02 | AF35: 26 | AG35: 3.18 | AI35: 26 | AJ35: 4.42 | AL35: 26 | AM35: 3.92 | AO35: 26 | AP35: 2.84 | AR35: 26 | AS35: 4.28 | AU35: 26 | AV35: 3.24 | AX35: 26 | AY35: 3.68
B36: 27 | C36: 3.36 | E36: 27 | F36: 4.1 | H36: 27 | I36: 3.18 | K36: 27 | L36: 3.14 | N36: 27 | O36: 2.44 | Q36: 27 | R36: 2.84 | T36: 27 | U36: 3.88 | W36: 27 | X36: 3.26 | Z36: 27 | AA36: 2.72 | AC36: 27 | AD36: 3.38 | AF36: 27 | AG36: 3.46 | AI36: 27 | AJ36: 3.66 | AL36: 27 | AM36: 3.5 | AO36: 27 | AP36: 3.94 | AR36: 27 | AS36: 3.72 | AU36: 27 | AV36: 2.8 | AX36: 27 | AY36: 4.12
B37: 28 | C37: 2.92 | E37: 28 | F37: 3.48 | H37: 28 | I37: 2.76 | K37: 28 | L37: 3.34 | N37: 28 | O37: 2.72 | Q37: 28 | R37: 3.34 | T37: 28 | U37: 2.92 | W37: 28 | X37: 3.44 | Z37: 28 | AA37: 1.98 | AC37: 28 | AD37: 3.48 | AF37: 28 | AG37: 4.44 | AI37: 28 | AJ37: 3.46 | AL37: 28 | AM37: 3.5 | AO37: 28 | AP37: 3.64 | AR37: 28 | AS37: 3.82 | AU37: 28 | AV37: 3.64 | AX37: 28 | AY37: 3.68
B38: 29 | C38: 3.4 | E38: 29 | F38: 3.62 | H38: 29 | I38: 3.4 | K38: 29 | L38: 3.1 | N38: 29 | O38: 2.24 | Q38: 29 | R38: 3.08 | T38: 29 | U38: 3.48 | W38: 29 | X38: 3.04 | Z38: 29 | AA38: 2.32 | AC38: 29 | AD38: 3.62 | AF38: 29 | AG38: 2.88 | AI38: 29 | AJ38: 3.8 | AL38: 29 | AM38: 2.86 | AO38: 29 | AP38: 3.7 | AR38: 29 | AS38: 3.66 | AU38: 29 | AV38: 2.6 | AX38: 29 | AY38: 3.14
B39: 30 | C39: 3.02 | E39: 30 | F39: 3.84 | H39: 30 | I39: 3.36 | K39: 30 | L39: 3 | N39: 30 | O39: 2.48 | Q39: 30 | R39: 3.6 | T39: 30 | U39: 3.56 | W39: 30 | X39: 2.64 | Z39: 30 | AA39: 3.32 | AC39: 30 | AD39: 3.56 | AF39: 30 | AG39: 3.24 | AI39: 30 | AJ39: 3.08 | AL39: 30 | AM39: 4.38 | AO39: 30 | AP39: 2.96 | AR39: 30 | AS39: 3.54 | AU39: 30 | AV39: 4.24 | AX39: 30 | AY39: 3.82
B40: 31 | C40: 3.3 | E40: 31 | F40: 3.48 | H40: 31 | I40: 3.38 | K40: 31 | L40: 3.02 | N40: 31 | O40: 3.72 | Q40: 31 | R40: 2.94 | T40: 31 | U40: 3.52 | W40: 31 | X40: 3.42 | Z40: 31 | AA40: 3.16 | AC40: 31 | AD40: 3.5 | AF40: 31 | AG40: 3.12 | AI40: 31 | AJ40: 3.02 | AL40: 31 | AM40: 3.12 | AO40: 31 | AP40: 3.84 | AR40: 31 | AS40: 4.12 | AU40: 31 | AV40: 3.44 | AX40: 31 | AY40: 3.74
B41: 32 | C41: 3.42 | E41: 32 | F41: 2.9 | H41: 32 | I41: 3.14 | K41: 32 | L41: 2.8 | N41: 32 | O41: 3.26 | Q41: 32 | R41: 3.64 | T41: 32 | U41: 3.28 | W41: 32 | X41: 2.88 | Z41: 32 | AA41: 3.66 | AC41: 32 | AD41: 4.36 | AF41: 32 | AG41: 3.14 | AI41: 32 | AJ41: 4.14 | AL41: 32 | AM41: 4 | AO41: 32 | AP41: 2.6 | AR41: 32 | AS41: 2.7 | AU41: 32 | AV41: 2.6 | AX41: 32 | AY41: 3.28
B42: 33 | C42: 3.34 | E42: 33 | F42: 3.38 | H42: 33 | I42: 3.06 | K42: 33 | L42: 2.58 | N42: 33 | O42: 3 | Q42: 33 | R42: 3.1 | T42: 33 | U42: 3.08 | W42: 33 | X42: 2.6 | Z42: 33 | AA42: 2.52 | AC42: 33 | AD42: 4.04 | AF42: 33 | AG42: 4.06 | AI42: 33 | AJ42: 3.5 | AL42: 33 | AM42: 3.86 | AO42: 33 | AP42: 2.86 | AR42: 33 | AS42: 3.06 | AU42: 33 | AV42: 3.92 | AX42: 33 | AY42: 4.04
B43: 34 | C43: 2.94 | E43: 34 | F43: 3.18 | H43: 34 | I43: 3.98 | K43: 34 | L43: 2.96 | N43: 34 | O43: 2.8 | Q43: 34 | R43: 3.38 | T43: 34 | U43: 3.06 | W43: 34 | X43: 2.36 | Z43: 34 | AA43: 2.32 | AC43: 34 | AD43: 3.04 | AF43: 34 | AG43: 3.44 | AI43: 34 | AJ43: 3.58 | AL43: 34 | AM43: 3.4 | AO43: 34 | AP43: 3.7 | AR43: 34 | AS43: 4.08 | AU43: 34 | AV43: 2.76 | AX43: 34 | AY43: 3.22
... B49: 40 | C49: 3.32 | E49: 40 | F49: 3.42 | H49: 40 | I49: 3.66 | K49: 40 | L49: 3.42 | N49: 40 | O49: 2.9 | Q49: 40 | R49: 2.88 | T49: 40 | U49: 3.6 | W49: 40 | X49: 2.86 | Z49: 40 | AA49: 2.36 | AC49: 40 | AD49: 3.5 | AF49: 40 | AG49: 4.38 | AI49: 40 | AJ49: 3.72 | AL49: 40 | AM49: 3.76 | AO49: 40 | AP49: 3.94 | AR49: 40 | AS49: 3.98 | AU49: 40 | AV49: 2.5 | AX49: 40 | AY49: 3.18
B51: Cell # | C51: Total raw cotton/cell (lb) | E51: Cell # | F51: Total raw cotton/cell (lb) | H51: Cell # | I51: Total raw cotton/cell (lb) | K51: Cell # | L51: Total raw cotton/cell (lb) | N51: Cell # | O51: Total raw cotton/cell (lb) | Q51: Cell # | R51: Total raw cotton/cell (lb) | T51: Cell # | U51: Total raw cotton/cell (lb) | W51: Cell # | X51: Total raw cotton/cell (lb) | Z51: Cell # | AA51: Total raw cotton/cell (lb) | AC51: Cell # | AD51: Total raw cotton/cell (lb) | AF51: Cell # | AG51: Total raw cotton/cell (lb) | AI51: Cell # | AJ51: Total raw cotton/cell (lb) | AL51: Cell # | AM51: Total raw cotton/cell (lb) | AO51: Cell # | AP51: Total raw cotton/cell (lb) | AR51: Cell # | AS51: Total raw cotton/cell (lb) | AU51: Cell # | AV51: Total raw cotton/cell (lb) | AX51: Cell # | AY51: Total raw cotton/cell (lb)
B52: 1 | C52: =(C10+C29)-(2*0.16) -> 5.98 | E52: 1 | F52: =(F10+F29)-(2*0.16) -> 6.52 | H52: 1 | I52: =(I10+I29)-(2*0.16) -> 5.26 | K52: 1 | L52: =(L10+L29)-(2*0.16) -> 5.5 | N52: 1 | O52: =(O10+O29)-(2*0.16) -> 5.58 | Q52: 1 | R52: =(R10+R29)-(2*0.16) -> 7.64 | T52: 1 | U52: =(U10+U29)-(2*0.16) -> 6.7 | W52: 1 | X52: =(X10+X29)-(2*0.16) -> 5.54 | Z52: 1 | AA52: =(AA10+AA29)-(2*0.16) -> 6.42 | AC52: 1 | AD52: =(AD10+AD29)-(2*0.16) -> 5.2 | AF52: 1 | AG52: =(AG10+AG29)-(2*0.16) -> 7.32 | AI52: 1 | AJ52: =(AJ10+AJ29)-(2*0.16) -> 7.94 | AL52: 1 | AM52: =(AM10+AM29)-(2*0.16) -> 6.34 | AO52: 1 | AP52: =(AP10+AP29)-(2*0.16) -> 4.94 | AR52: 1 | AS52: =(AS10+AS29)-(2*0.16) -> 7.66 | AU52: 1 | AV52: =(AV10+AV29)-(2*0.16) -> 7.48 | AX52: 1 | AY52: =(AY10+AY29)-(2*0.16) -> 6.58
B53: 2 | C53: =(C11+C28)-(2*0.16) -> 6 | E53: 2 | F53: =(F11+F28)-(2*0.16) -> 6.64 | H53: 2 | I53: =(I11+I28)-(2*0.16) -> 6.24 | K53: 2 | L53: =(L11+L28)-(2*0.16) -> 6.38 | N53: 2 | O53: =(O11+O28)-(2*0.16) -> 5.36 | Q53: 2 | R53: =(R11+R28)-(2*0.16) -> 6.36 | T53: 2 | U53: =(U11+U28)-(2*0.16) -> 5.58 | W53: 2 | X53: =(X11+X28)-(2*0.16) -> 6.84 | Z53: 2 | AA53: =(AA11+AA28)-(2*0.16) -> 7.6 | AC53: 2 | AD53: =(AD11+AD28)-(2*0.16) -> 5.98 | AF53: 2 | AG53: =(AG11+AG28)-(2*0.16) -> 7.04 | AI53: 2 | AJ53: =(AJ11+AJ28)-(2*0.16) -> 6.3 | AL53: 2 | AM53: =(AM11+AM28)-(2*0.16) -> 6.66 | AO53: 2 | AP53: =(AP11+AP28)-(2*0.16) -> 6.92 | AR53: 2 | AS53: =(AS11+AS28)-(2*0.16) -> 5.8 | AU53: 2 | AV53: =(AV11+AV28)-(2*0.16) -> 7.02 | AX53: 2 | AY53: =(AY11+AY28)-(2*0.16) -> 8.36
B54: 3 | C54: =(C12+C27)-(2*0.16) -> 6.62 | E54: 3 | F54: =(F12+F27)-(2*0.16) -> 6.82 | H54: 3 | I54: =(I12+I27)-(2*0.16) -> 6.34 | K54: 3 | L54: =(L12+L27)-(2*0.16) -> 6.54 | N54: 3 | O54: =(O12+O27)-(2*0.16) -> 5.98 | Q54: 3 | R54: =(R12+R27)-(2*0.16) -> 5.86 | T54: 3 | U54: =(U12+U27)-(2*0.16) -> 6.08 | W54: 3 | X54: =(X12+X27)-(2*0.16) -> 6.3 | Z54: 3 | AA54: =(AA12+AA27)-(2*0.16) -> 5.6 | AC54: 3 | AD54: =(AD12+AD27)-(2*0.16) -> 6 | AF54: 3 | AG54: =(AG12+AG27)-(2*0.16) -> 7.18 | AI54: 3 | AJ54: =(AJ12+AJ27)-(2*0.16) -> 6.96 | AL54: 3 | AM54: =(AM12+AM27)-(2*0.16) -> 6.32 | AO54: 3 | AP54: =(AP12+AP27)-(2*0.16) -> 7.52 | AR54: 3 | AS54: =(AS12+AS27)-(2*0.16) -> 7.66 | AU54: 3 | AV54: =(AV12+AV27)-(2*0.16) -> 7.48 | AX54: 3 | AY54: =(AY12+AY27)-(2*0.16) -> 8.3
B55: 4 | C55: =(C13+C26)-(2*0.16) -> 5.52 | E55: 4 | F55: =(F13+F26)-(2*0.16) -> 7.06 | H55: 4 | I55: =(I13+I26)-(2*0.16) -> 6.3 | K55: 4 | L55: =(L13+L26)-(2*0.16) -> 6.4 | N55: 4 | O55: =(O13+O26)-(2*0.16) -> 5.42 | Q55: 4 | R55: =(R13+R26)-(2*0.16) -> 6.18 | T55: 4 | U55: =(U13+U26)-(2*0.16) -> 5.74 | W55: 4 | X55: =(X13+X26)-(2*0.16) -> 6.32 | Z55: 4 | AA55: =(AA13+AA26)-(2*0.16) -> 6.22 | AC55: 4 | AD55: =(AD13+AD26)-(2*0.16) -> 4.96 | AF55: 4 | AG55: =(AG13+AG26)-(2*0.16) -> 6.44 | AI55: 4 | AJ55: =(AJ13+AJ26)-(2*0.16) -> 6.66 | AL55: 4 | AM55: =(AM13+AM26)-(2*0.16) -> 7.56 | AO55: 4 | AP55: =(AP13+AP26)-(2*0.16) -> 7.54 | AR55: 4 | AS55: =(AS13+AS26)-(2*0.16) -> 8.92 | AU55: 4 | AV55: =(AV13+AV26)-(2*0.16) -> 6.66 | AX55: 4 | AY55: =(AY13+AY26)-(2*0.16) -> 6.14
B56: 5 | C56: =(C14+C25)-(2*0.16) -> 5.48 | E56: 5 | F56: =(F14+F25)-(2*0.16) -> 6.26 | H56: 5 | I56: =(I14+I25)-(2*0.16) -> 5.68 | K56: 5 | L56: =(L14+L25)-(2*0.16) -> 6.44 | N56: 5 | O56: =(O14+O25)-(2*0.16) -> 5.5 | Q56: 5 | R56: =(R14+R25)-(2*0.16) -> 5.98 | T56: 5 | U56: =(U14+U25)-(2*0.16) -> 5.18 | W56: 5 | X56: =(X14+X25)-(2*0.16) -> 6.54 | Z56: 5 | AA56: =(AA14+AA25)-(2*0.16) -> 5.26 | AC56: 5 | AD56: =(AD14+AD25)-(2*0.16) -> 5.52 | AF56: 5 | AG56: =(AG14+AG25)-(2*0.16) -> 7.98 | AI56: 5 | AJ56: =(AJ14+AJ25)-(2*0.16) -> 5.82 | AL56: 5 | AM56: =(AM14+AM25)-(2*0.16) -> 6.44 | AO56: 5 | AP56: =(AP14+AP25)-(2*0.16) -> 7.36 | AR56: 5 | AS56: =(AS14+AS25)-(2*0.16) -> 7.08 | AU56: 5 | AV56: =(AV14+AV25)-(2*0.16) -> 7.5 | AX56: 5 | AY56: =(AY14+AY25)-(2*0.16) -> 6.72
B57: 6 | C57: =(C15+C24)-(2*0.16) -> 7.08 | E57: 6 | F57: =(F15+F24)-(2*0.16) -> 6.36 | H57: 6 | I57: =(I15+I24)-(2*0.16) -> 6.14 | K57: 6 | L57: =(L15+L24)-(2*0.16) -> 6.02 | N57: 6 | O57: =(O15+O24)-(2*0.16) -> 5.24 | Q57: 6 | R57: =(R15+R24)-(2*0.16) -> 5.58 | T57: 6 | U57: =(U15+U24)-(2*0.16) -> 6.24 | W57: 6 | X57: =(X15+X24)-(2*0.16) -> 6.04 | Z57: 6 | AA57: =(AA15+AA24)-(2*0.16) -> 6.58 | AC57: 6 | AD57: =(AD15+AD24)-(2*0.16) -> 4.3 | AF57: 6 | AG57: =(AG15+AG24)-(2*0.16) -> 6.72 | AI57: 6 | AJ57: =(AJ15+AJ24)-(2*0.16) -> 6.84 | AL57: 6 | AM57: =(AM15+AM24)-(2*0.16) -> 7.88 | AO57: 6 | AP57: =(AP15+AP24)-(2*0.16) -> 6.7 | AR57: 6 | AS57: =(AS15+AS24)-(2*0.16) -> 7.24 | AU57: 6 | AV57: =(AV15+AV24)-(2*0.16) -> 7.34 | AX57: 6 | AY57: =(AY15+AY24)-(2*0.16) -> 5.84
B58: 7 | C58: =(C16+C23)-(2*0.16) -> 6.64 | E58: 7 | F58: =(F16+F23)-(2*0.16) -> 6.26 | H58: 7 | I58: =(I16+I23)-(2*0.16) -> 5.9 | K58: 7 | L58: =(L16+L23)-(2*0.16) -> 5.78 | N58: 7 | O58: =(O16+O23)-(2*0.16) -> 5.24 | Q58: 7 | R58: =(R16+R23)-(2*0.16) -> 6.46 | T58: 7 | U58: =(U16+U23)-(2*0.16) -> 5.84 | W58: 7 | X58: =(X16+X23)-(2*0.16) -> 6.22 | Z58: 7 | AA58: =(AA16+AA23)-(2*0.16) -> 5.24 | AC58: 7 | AD58: =(AD16+AD23)-(2*0.16) -> 5.52 | AF58: 7 | AG58: =(AG16+AG23)-(2*0.16) -> 7.6 | AI58: 7 | AJ58: =(AJ16+AJ23)-(2*0.16) -> 6.06 | AL58: 7 | AM58: =(AM16+AM23)-(2*0.16) -> 6.62 | AO58: 7 | AP58: =(AP16+AP23)-(2*0.16) -> 6.46 | AR58: 7 | AS58: =(AS16+AS23)-(2*0.16) -> 7.94 | AU58: 7 | AV58: =(AV16+AV23)-(2*0.16) -> 6.88 | AX58: 7 | AY58: =(AY16+AY23)-(2*0.16) -> 7.34
B59: 8 | C59: =(C17+C22)-(2*0.16) -> 6.12 | E59: 8 | F59: =(F17+F22)-(2*0.16) -> 6.98 | H59: 8 | I59: =(I17+I22)-(2*0.16) -> 5.6 | K59: 8 | L59: =(L17+L22)-(2*0.16) -> 5.36 | N59: 8 | O59: =(O17+O22)-(2*0.16) -> 5.1 | Q59: 8 | R59: =(R17+R22)-(2*0.16) -> 6.12 | T59: 8 | U59: =(U17+U22)-(2*0.16) -> 5.58 | W59: 8 | X59: =(X17+X22)-(2*0.16) -> 5.96 | Z59: 8 | AA59: =(AA17+AA22)-(2*0.16) -> 6.12 | AC59: 8 | AD59: =(AD17+AD22)-(2*0.16) -> 5.48 | AF59: 8 | AG59: =(AG17+AG22)-(2*0.16) -> 6.04 | AI59: 8 | AJ59: =(AJ17+AJ22)-(2*0.16) -> 6.66 | AL59: 8 | AM59: =(AM17+AM22)-(2*0.16) -> 6.4 | AO59: 8 | AP59: =(AP17+AP22)-(2*0.16) -> 6.7 | AR59: 8 | AS59: =(AS17+AS22)-(2*0.16) -> 7.4 | AU59: 8 | AV59: =(AV17+AV22)-(2*0.16) -> 7.06 | AX59: 8 | AY59: =(AY17+AY22)-(2*0.16) -> 6.68
B60: 9 | C60: =(C18+C21)-(2*0.16) -> 5.66 | E60: 9 | F60: =(F18+F21)-(2*0.16) -> 6.96 | H60: 9 | I60: =(I18+I21)-(2*0.16) -> 6.1 | K60: 9 | L60: =(L18+L21)-(2*0.16) -> 5.38 | N60: 9 | O60: =(O18+O21)-(2*0.16) -> 5.26 | Q60: 9 | R60: =(R18+R21)-(2*0.16) -> 7.38 | T60: 9 | U60: =(U18+U21)-(2*0.16) -> 6.84 | W60: 9 | X60: =(X18+X21)-(2*0.16) -> 7.24 | Z60: 9 | AA60: =(AA18+AA21)-(2*0.16) -> 5.6 | AC60: 9 | AD60: =(AD18+AD21)-(2*0.16) -> 5.94 | AF60: 9 | AG60: =(AG18+AG21)-(2*0.16) -> 6.8 | AI60: 9 | AJ60: =(AJ18+AJ21)-(2*0.16) -> 5.32 | AL60: 9 | AM60: =(AM18+AM21)-(2*0.16) -> 7 | AO60: 9 | AP60: =(AP18+AP21)-(2*0.16) -> 7.74 | AR60: 9 | AS60: =(AS18+AS21)-(2*0.16) -> 8.4 | AU60: 9 | AV60: =(AV18+AV21)-(2*0.16) -> 7.4 | AX60: 9 | AY60: =(AY18+AY21)-(2*0.16) -> 6.42
B61: 10 | C61: =(C19+C20)-(2*0.16) -> 6.3 | E61: 10 | F61: =(F19+F20)-(2*0.16) -> 7.56 | H61: 10 | I61: =(I19+I20)-(2*0.16) -> 6.48 | K61: 10 | L61: =(L19+L20)-(2*0.16) -> 5.96 | N61: 10 | O61: =(O19+O20)-(2*0.16) -> 5.44 | Q61: 10 | R61: =(R19+R20)-(2*0.16) -> 7.54 | T61: 10 | U61: =(U19+U20)-(2*0.16) -> 7.34 | W61: 10 | X61: =(X19+X20)-(2*0.16) -> 7.32 | Z61: 10 | AA61: =(AA19+AA20)-(2*0.16) -> 5.94 | AC61: 10 | AD61: =(AD19+AD20)-(2*0.16) -> 6.2 | AF61: 10 | AG61: =(AG19+AG20)-(2*0.16) -> 7 | AI61: 10 | AJ61: =(AJ19+AJ20)-(2*0.16) -> 7.06 | AL61: 10 | AM61: =(AM19+AM20)-(2*0.16) -> 6.82 | AO61: 10 | AP61: =(AP19+AP20)-(2*0.16) -> 6.2 | AR61: 10 | AS61: =(AS19+AS20)-(2*0.16) -> 8.42 | AU61: 10 | AV61: =(AV19+AV20)-(2*0.16) -> 6.78 | AX61: 10 | AY61: =(AY19+AY20)-(2*0.16) -> 7.16
B62: 11 | C62: =(C30+C49)-(2*0.16) -> 6.66 | E62: 11 | F62: =(F30+F49)-(2*0.16) -> 6.76 | H62: 11 | I62: =(I30+I49)-(2*0.16) -> 6.06 | K62: 11 | L62: =(L30+L49)-(2*0.16) -> 6 | N62: 11 | O62: =(O30+O49)-(2*0.16) -> 5.06 | Q62: 11 | R62: =(R30+R49)-(2*0.16) -> 6.02 | T62: 11 | U62: =(U30+U49)-(2*0.16) -> 6.12 | W62: 11 | X62: =(X30+X49)-(2*0.16) -> 5.86 | Z62: 11 | AA62: =(AA30+AA49)-(2*0.16) -> 4.66 | AC62: 11 | AD62: =(AD30+AD49)-(2*0.16) -> 6.52 | AF62: 11 | AG62: =(AG30+AG49)-(2*0.16) -> 7.74 | AI62: 11 | AJ62: =(AJ30+AJ49)-(2*0.16) -> 6.94 | AL62: 11 | AM62: =(AM30+AM49)-(2*0.16) -> 7.68 | AO62: 11 | AP62: =(AP30+AP49)-(2*0.16) -> 8.32 | AR62: 11 | AS62: =(AS30+AS49)-(2*0.16) -> 7.42 | AU62: 11 | AV62: =(AV30+AV49)-(2*0.16) -> 5.98 | AX62: 11 | AY62: =(AY30+AY49)-(2*0.16) -> 6.16
B63: 12 | C63: =(C31+C48)-(2*0.16) -> 6.82 | E63: 12 | F63: =(F31+F48)-(2*0.16) -> 7.28 | H63: 12 | I63: =(I31+I48)-(2*0.16) -> 6.12 | K63: 12 | L63: =(L31+L48)-(2*0.16) -> 5.74 | N63: 12 | O63: =(O31+O48)-(2*0.16) -> 5.7 | Q63: 12 | R63: =(R31+R48)-(2*0.16) -> 6.64 | T63: 12 | U63: =(U31+U48)-(2*0.16) -> 5.72 | W63: 12 | X63: =(X31+X48)-(2*0.16) -> 6.44 | Z63: 12 | AA63: =(AA31+AA48)-(2*0.16) -> 4.3 | AC63: 12 | AD63: =(AD31+AD48)-(2*0.16) -> 6.4 | AF63: 12 | AG63: =(AG31+AG48)-(2*0.16) -> 5.96 | AI63: 12 | AJ63: =(AJ31+AJ48)-(2*0.16) -> 7.32 | AL63: 12 | AM63: =(AM31+AM48)-(2*0.16) -> 6.98 | AO63: 12 | AP63: =(AP31+AP48)-(2*0.16) -> 3.12 | AR63: 12 | AS63: =(AS31+AS48)-(2*0.16) -> 7.66 | AU63: 12 | AV63: =(AV31+AV48)-(2*0.16) -> 5.82 | AX63: 12 | AY63: =(AY31+AY48)-(2*0.16) -> 6.06
B64: 13 | C64: =(C32+C47)-(2*0.16) -> 6.38 | E64: 13 | F64: =(F32+F47)-(2*0.16) -> 7.4 | H64: 13 | I64: =(I32+I47)-(2*0.16) -> 6.06 | K64: 13 | L64: =(L32+L47)-(2*0.16) -> 5.4 | N64: 13 | O64: =(O32+O47)-(2*0.16) -> 5.06 | Q64: 13 | R64: =(R32+R47)-(2*0.16) -> 5.76 | T64: 13 | U64: =(U32+U47)-(2*0.16) -> 6.68 | W64: 13 | X64: =(X32+X47)-(2*0.16) -> 4.64 | Z64: 13 | AA64: =(AA32+AA47)-(2*0.16) -> 5.78 | AC64: 13 | AD64: =(AD32+AD47)-(2*0.16) -> 6.84 | AF64: 13 | AG64: =(AG32+AG47)-(2*0.16) -> 7.54 | AI64: 13 | AJ64: =(AJ32+AJ47)-(2*0.16) -> 7.94 | AL64: 13 | AM64: =(AM32+AM47)-(2*0.16) -> 7.02 | AO64: 13 | AP64: =(AP32+AP47)-(2*0.16) -> 6.3 | AR64: 13 | AS64: =(AS32+AS47)-(2*0.16) -> 7.32 | AU64: 13 | AV64: =(AV32+AV47)-(2*0.16) -> 7.16 | AX64: 13 | AY64: =(AY32+AY47)-(2*0.16) -> 7.28
B65: 14 | C65: =(C33+C46)-(2*0.16) -> 5.18 | E65: 14 | F65: =(F33+F46)-(2*0.16) -> 6.68 | H65: 14 | I65: =(I33+I46)-(2*0.16) -> 6.18 | K65: 14 | L65: =(L33+L46)-(2*0.16) -> 6.3 | N65: 14 | O65: =(O33+O46)-(2*0.16) -> 5.18 | Q65: 14 | R65: =(R33+R46)-(2*0.16) -> 5.86 | T65: 14 | U65: =(U33+U46)-(2*0.16) -> 6.14 | W65: 14 | X65: =(X33+X46)-(2*0.16) -> 6.4 | Z65: 14 | AA65: =(AA33+AA46)-(2*0.16) -> 6.02 | AC65: 14 | AD65: =(AD33+AD46)-(2*0.16) -> 6.8 | AF65: 14 | AG65: =(AG33+AG46)-(2*0.16) -> 7.48 | AI65: 14 | AJ65: =(AJ33+AJ46)-(2*0.16) -> 5.78 | AL65: 14 | AM65: =(AM33+AM46)-(2*0.16) -> 7.22 | AO65: 14 | AP65: =(AP33+AP46)-(2*0.16) -> 5.84 | AR65: 14 | AS65: =(AS33+AS46)-(2*0.16) -> 8.4 | AU65: 14 | AV65: =(AV33+AV46)-(2*0.16) -> 7.4 | AX65: 14 | AY65: =(AY33+AY46)-(2*0.16) -> 6.92
B66: 15 | C66: =(C34+C45)-(2*0.16) -> 6.3 | E66: 15 | F66: =(F34+F45)-(2*0.16) -> 7.58 | H66: 15 | I66: =(I34+I45)-(2*0.16) -> 6.3 | K66: 15 | L66: =(L34+L45)-(2*0.16) -> 5.92 | N66: 15 | O66: =(O34+O45)-(2*0.16) -> 5.78 | Q66: 15 | R66: =(R34+R45)-(2*0.16) -> 6.66 | T66: 15 | U66: =(U34+U45)-(2*0.16) -> 6.36 | W66: 15 | X66: =(X34+X45)-(2*0.16) -> 6.94 | Z66: 15 | AA66: =(AA34+AA45)-(2*0.16) -> 5.74 | AC66: 15 | AD66: =(AD34+AD45)-(2*0.16) -> 7.52 | AF66: 15 | AG66: =(AG34+AG45)-(2*0.16) -> 7.66 | AI66: 15 | AJ66: =(AJ34+AJ45)-(2*0.16) -> 6.86 | AL66: 15 | AM66: =(AM34+AM45)-(2*0.16) -> 6.44 | AO66: 15 | AP66: =(AP34+AP45)-(2*0.16) -> 5.66 | AR66: 15 | AS66: =(AS34+AS45)-(2*0.16) -> 6.42 | AU66: 15 | AV66: =(AV34+AV45)-(2*0.16) -> 6.48 | AX66: 15 | AY66: =(AY34+AY45)-(2*0.16) -> 7.1
B67: 16 | C67: =(C35+C44)-(2*0.16) -> 6.76 | E67: 16 | F67: =(F35+F44)-(2*0.16) -> 6.08 | H67: 16 | I67: =(I35+I44)-(2*0.16) -> 6.58 | K67: 16 | L67: =(L35+L44)-(2*0.16) -> 5.72 | N67: 16 | O67: =(O35+O44)-(2*0.16) -> 5.08 | Q67: 16 | R67: =(R35+R44)-(2*0.16) -> 5.46 | T67: 16 | U67: =(U35+U44)-(2*0.16) -> 6.82 | W67: 16 | X67: =(X35+X44)-(2*0.16) -> 5.1 | Z67: 16 | AA67: =(AA35+AA44)-(2*0.16) -> 5.26 | AC67: 16 | AD67: =(AD35+AD44)-(2*0.16) -> 7.4 | AF67: 16 | AG67: =(AG35+AG44)-(2*0.16) -> 6.5 | AI67: 16 | AJ67: =(AJ35+AJ44)-(2*0.16) -> 7.74 | AL67: 16 | AM67: =(AM35+AM44)-(2*0.16) -> 7.32 | AO67: 16 | AP67: =(AP35+AP44)-(2*0.16) -> 5.94 | AR67: 16 | AS67: =(AS35+AS44)-(2*0.16) -> 7.84 | AU67: 16 | AV67: =(AV35+AV44)-(2*0.16) -> 6.48 | AX67: 16 | AY67: =(AY35+AY44)-(2*0.16) -> 7.3
B68: 17 | C68: =(C36+C43)-(2*0.16) -> 5.98 | E68: 17 | F68: =(F36+F43)-(2*0.16) -> 6.96 | H68: 17 | I68: =(I36+I43)-(2*0.16) -> 6.84 | K68: 17 | L68: =(L36+L43)-(2*0.16) -> 5.78 | N68: 17 | O68: =(O36+O43)-(2*0.16) -> 4.92 | Q68: 17 | R68: =(R36+R43)-(2*0.16) -> 5.9 | T68: 17 | U68: =(U36+U43)-(2*0.16) -> 6.62 | W68: 17 | X68: =(X36+X43)-(2*0.16) -> 5.3 | Z68: 17 | AA68: =(AA36+AA43)-(2*0.16) -> 4.72 | AC68: 17 | AD68: =(AD36+AD43)-(2*0.16) -> 6.1 | AF68: 17 | AG68: =(AG36+AG43)-(2*0.16) -> 6.58 | AI68: 17 | AJ68: =(AJ36+AJ43)-(2*0.16) -> 6.92 | AL68: 17 | AM68: =(AM36+AM43)-(2*0.16) -> 6.58 | AO68: 17 | AP68: =(AP36+AP43)-(2*0.16) -> 7.32 | AR68: 17 | AS68: =(AS36+AS43)-(2*0.16) -> 7.48 | AU68: 17 | AV68: =(AV36+AV43)-(2*0.16) -> 5.24 | AX68: 17 | AY68: =(AY36+AY43)-(2*0.16) -> 7.02
B69: 18 | C69: =(C37+C42)-(2*0.16) -> 5.94 | E69: 18 | F69: =(F37+F42)-(2*0.16) -> 6.54 | H69: 18 | I69: =(I37+I42)-(2*0.16) -> 5.5 | K69: 18 | L69: =(L37+L42)-(2*0.16) -> 5.6 | N69: 18 | O69: =(O37+O42)-(2*0.16) -> 5.4 | Q69: 18 | R69: =(R37+R42)-(2*0.16) -> 6.12 | T69: 18 | U69: =(U37+U42)-(2*0.16) -> 5.68 | W69: 18 | X69: =(X37+X42)-(2*0.16) -> 5.72 | Z69: 18 | AA69: =(AA37+AA42)-(2*0.16) -> 4.18 | AC69: 18 | AD69: =(AD37+AD42)-(2*0.16) -> 7.2 | AF69: 18 | AG69: =(AG37+AG42)-(2*0.16) -> 8.18 | AI69: 18 | AJ69: =(AJ37+AJ42)-(2*0.16) -> 6.64 | AL69: 18 | AM69: =(AM37+AM42)-(2*0.16) -> 7.04 | AO69: 18 | AP69: =(AP37+AP42)-(2*0.16) -> 6.18 | AR69: 18 | AS69: =(AS37+AS42)-(2*0.16) -> 6.56 | AU69: 18 | AV69: =(AV37+AV42)-(2*0.16) -> 7.24 | AX69: 18 | AY69: =(AY37+AY42)-(2*0.16) -> 7.4
B70: 19 | C70: =(C38+C41)-(2*0.16) -> 6.5 | E70: 19 | F70: =(F38+F41)-(2*0.16) -> 6.2 | H70: 19 | I70: =(I38+I41)-(2*0.16) -> 6.22 | K70: 19 | L70: =(L38+L41)-(2*0.16) -> 5.58 | N70: 19 | O70: =(O38+O41)-(2*0.16) -> 5.18 | Q70: 19 | R70: =(R38+R41)-(2*0.16) -> 6.4 | T70: 19 | U70: =(U38+U41)-(2*0.16) -> 6.44 | W70: 19 | X70: =(X38+X41)-(2*0.16) -> 5.6 | Z70: 19 | AA70: =(AA38+AA41)-(2*0.16) -> 5.66 | AC70: 19 | AD70: =(AD38+AD41)-(2*0.16) -> 7.66 | AF70: 19 | AG70: =(AG38+AG41)-(2*0.16) -> 5.7 | AI70: 19 | AJ70: =(AJ38+AJ41)-(2*0.16) -> 7.62 | AL70: 19 | AM70: =(AM38+AM41)-(2*0.16) -> 6.54 | AO70: 19 | AP70: =(AP38+AP41)-(2*0.16) -> 5.98 | AR70: 19 | AS70: =(AS38+AS41)-(2*0.16) -> 6.04 | AU70: 19 | AV70: =(AV38+AV41)-(2*0.16) -> 4.88 | AX70: 19 | AY70: =(AY38+AY41)-(2*0.16) -> 6.1
B71: 20 | C71: =(C39+C40)-(2*0.16) -> 6 | E71: 20 | F71: =(F39+F40)-(2*0.16) -> 7 | H71: 20 | I71: =(I39+I40)-(2*0.16) -> 6.42 | K71: 20 | L71: =(L39+L40)-(2*0.16) -> 5.7 | N71: 20 | O71: =(O39+O40)-(2*0.16) -> 5.88 | Q71: 20 | R71: =(R39+R40)-(2*0.16) -> 6.22 | T71: 20 | U71: =(U39+U40)-(2*0.16) -> 6.76 | W71: 20 | X71: =(X39+X40)-(2*0.16) -> 5.74 | Z71: 20 | AA71: =(AA39+AA40)-(2*0.16) -> 6.16 | AC71: 20 | AD71: =(AD39+AD40)-(2*0.16) -> 6.74 | AF71: 20 | AG71: =(AG39+AG40)-(2*0.16) -> 6.04 | AI71: 20 | AJ71: =(AJ39+AJ40)-(2*0.16) -> 5.78 | AL71: 20 | AM71: =(AM39+AM40)-(2*0.16) -> 7.18 | AO71: 20 | AP71: =(AP39+AP40)-(2*0.16) -> 6.48 | AR71: 20 | AS71: =(AS39+AS40)-(2*0.16) -> 7.34 | AU71: 20 | AV71: =(AV39+AV40)-(2*0.16) -> 7.36 | AX71: 20 | AY71: =(AY39+AY40)-(2*0.16) -> 7.24

Sheet Ginning
A1: FISE Cotton 2011
A3: Cotton ginning -- each border of cotton had 20 cells (each cell 4 rows wide). The cotton picker made 2 passes through each cell.
B4: Each ginned sample (cell) consists of 2 subsamples of the cottong picked from that cell.
B6: Some trash in with seed
B7: Bag holding lint - 1.04 lb; container holding seed - 1.70 lb | H7: Except for seed container used for plot 17, sample 1 (0.76 lbs)
B8: Used scale
E9: → Unhide columns here ←
C11: Border # | D11: 1 | E11: MAC | L11: Border # | M11: 2 | N11: NDB | U11: Border # | V11: 3 | W11: FAO | AD11: Border # | AE11: 4 | AF11: NDA | AM11: Border # | AN11: 5 | AO11: MAC | AV11: Border # | AW11: 6 | AX11: FAO | BE11: Border # | BF11: 7 | BG11: NDA | BN11: Border # | BO11: 8 | BP11: NDB
C12: Date: | D12: 40844 | L12: Date: | M12: 40842 | U12: Date: | V12: 40842 | AD12: Date: | AE12: 40842 | AM12: Date: | AN12: 40841 | AV12: Date: | AW12: 40843 | BE12: Date: | BF12: 40841 | BN12: Date: | BO12: 40844
B15: Samp. # (Cell #) | C15: Subsample #s | D15: Lint in bag (lb) | E15: Seed in container (lb) | F15: Lint Fraction | G15: Seed Fraction | H15: Trash & lost Fraction | I15: Notes | K15: Samp. # (Cell #) | L15: Subsample #s | M15: Lint in bag (lb) | N15: Seed in container (lb) | O15: Lint Fraction | P15: Seed Fraction | Q15: Trash & lost Fraction | R15: Notes | T15: Samp. # (Cell #) | U15: Subsample #s | V15: Lint in bag (lb) | W15: Seed in container (lb) | X15: Lint Fraction | Y15: Seed Fraction | Z15: Trash & lost Fraction | AA15: Notes | AC15: Samp. # (Cell #) | AD15: Subsample #s | AE15: Lint in bag (lb) | AF15: Seed in container (lb) | AG15: Lint Fraction | AH15: Seed Fraction | AI15: Trash & lost Fraction | AJ15: Notes | AL15: Samp. # (Cell #) | AM15: Subsample #s | AN15: Lint in bag (lb) | AO15: Seed in container (lb) | AP15: Lint Fraction | AQ15: Seed Fraction | AR15: Trash & lost Fraction | AS15: Notes | AU15: Samp. # (Cell #) | AV15: Subsample #s | AW15: Lint in bag (lb) | AX15: Seed in container (lb) | AY15: Lint Fraction | AZ15: Seed Fraction | BA15: Trash & lost Fraction | BB15: Notes | BD15: Samp. # (Cell #) | BE15: Subsample #s | BF15: Lint in bag (lb) | BG15: Seed in container (lb) | BH15: Lint Fraction | BI15: Seed Fraction | BJ15: Trash & lost Fraction | BK15: Notes | BM15: Samp. # (Cell #) | BN15: Subsample #s | BO15: Lint in bag (lb) | BP15: Seed in container (lb) | BQ15: Lint Fraction | BR15: Seed Fraction | BS15: Trash & lost Fraction | BT15: Notes
B16: 1 | C16: 1 & 20 | D16: 3.16 | E16: 5.04 | F16: =(D16-1.04)/'Subsample weights'!C52 -> 0.35451505 | G16: =(E16-1.7)/'Subsample weights'!C52 -> 0.55852843 | H16: =('Subsample weights'!C52-((Ginning!D16-1.04)+(Ginning!E16-1.7)))/'Subsample weights'!C52 -> 0.086956522 | K16: 1 | L16: 1 & 20 | M16: 3.22 | N16: 5.38 | O16: =(M16-1.04)/'Subsample weights'!F52 -> 0.33435583 | P16: =(N16-1.7)/'Subsample weights'!F52 -> 0.56441718 | Q16: =('Subsample weights'!F52-((Ginning!M16-1.04)+(Ginning!N16-1.7)))/'Subsample weights'!F52 -> 0.10122699 | T16: 1 | U16: 1 & 20 | V16: 2.78 | W16: 4.68 | X16: =(V16-1.04)/'Subsample weights'!I52 -> 0.33079848 | Y16: =(W16-1.7)/'Subsample weights'!I52 -> 0.56653992 | Z16: =('Subsample weights'!I52-((Ginning!V16-1.04)+(Ginning!W16-1.7)))/'Subsample weights'!I52 -> 0.1026616 | AC16: 1 | AD16: 1 & 20 | AE16: 2.86 | AF16: 4.9 | AG16: =(AE16-1.04)/'Subsample weights'!L52 -> 0.33090909 | AH16: =(AF16-1.7)/'Subsample weights'!L52 -> 0.58181818 | AI16: =('Subsample weights'!L52-((Ginning!AE16-1.04)+(Ginning!AF16-1.7)))/'Subsample weights'!L52 -> 0.087272727 | AL16: 1 | AM16: 1 & 20 | AN16: 2.88 | AO16: 4.9 | AP16: =(AN16-1.04)/'Subsample weights'!O52 -> 0.3297491 | AQ16: =(AO16-1.7)/'Subsample weights'!O52 -> 0.5734767 | AR16: =('Subsample weights'!O52-((Ginning!AN16-1.04)+(Ginning!AO16-1.7)))/'Subsample weights'!O52 -> 0.096774194 | AU16: 1 | AV16: 1 & 20 | AW16: 3.58 | AX16: 5.94 | AY16: =(AW16-1.04)/'Subsample weights'!R52 -> 0.33246073 | AZ16: =(AX16-1.7)/'Subsample weights'!R52 -> 0.55497382 | BA16: =('Subsample weights'!R52-((Ginning!AW16-1.04)+(Ginning!AX16-1.7)))/'Subsample weights'!R52 -> 0.11256545 | BD16: 1 | BE16: 1 & 20 | BF16: 3.3 | BG16: 5.48 | BH16: =(BF16-1.04)/'Subsample weights'!U52 -> 0.33731343 | BI16: =(BG16-1.7)/'Subsample weights'!U52 -> 0.5641791 | BJ16: =('Subsample weights'!U52-((Ginning!BF16-1.04)+(Ginning!BG16-1.7)))/'Subsample weights'!U52 -> 0.098507463 | BM16: 1 | BN16: 1 & 20 | BO16: 2.96 | BP16: 4.86 | BQ16: =(BO16-1.04)/'Subsample weights'!X52 -> 0.3465704 | BR16: =(BP16-1.7)/'Subsample weights'!X52 -> 0.57039711 | BS16: =('Subsample weights'!X52-((Ginning!BO16-1.04)+(Ginning!BP16-1.7)))/'Subsample weights'!X52 -> 0.083032491
B17: 2 | C17: 2 & 19 | D17: 3.14 | E17: 4.98 | F17: =(D17-1.04)/'Subsample weights'!C53 -> 0.35 | G17: =(E17-1.7)/'Subsample weights'!C53 -> 0.54666667 | H17: =('Subsample weights'!C53-((Ginning!D17-1.04)+(Ginning!E17-1.7)))/'Subsample weights'!C53 -> 0.10333333 | K17: 2 | L17: 2 & 19 | M17: 3.26 | N17: 5.54 | O17: =(M17-1.04)/'Subsample weights'!F53 -> 0.33433735 | P17: =(N17-1.7)/'Subsample weights'!F53 -> 0.57831325 | Q17: =('Subsample weights'!F53-((Ginning!M17-1.04)+(Ginning!N17-1.7)))/'Subsample weights'!F53 -> 0.087349398 | T17: 2 | U17: 2 & 19 | V17: 3.06 | W17: 5.32 | X17: =(V17-1.04)/'Subsample weights'!I53 -> 0.32371795 | Y17: =(W17-1.7)/'Subsample weights'!I53 -> 0.58012821 | Z17: =('Subsample weights'!I53-((Ginning!V17-1.04)+(Ginning!W17-1.7)))/'Subsample weights'!I53 -> 0.096153846 | AC17: 2 | AD17: 2 & 19 | AE17: 3.16 | AF17: 5.32 | AG17: =(AE17-1.04)/'Subsample weights'!L53 -> 0.3322884 | AH17: =(AF17-1.7)/'Subsample weights'!L53 -> 0.56739812 | AI17: =('Subsample weights'!L53-((Ginning!AE17-1.04)+(Ginning!AF17-1.7)))/'Subsample weights'!L53 -> 0.10031348 | AL17: 2 | AM17: 2 & 19 | AN17: 2.82 | AO17: 4.78 | AP17: =(AN17-1.04)/'Subsample weights'!O53 -> 0.33208955 | AQ17: =(AO17-1.7)/'Subsample weights'!O53 -> 0.57462687 | AR17: =('Subsample weights'!O53-((Ginning!AN17-1.04)+(Ginning!AO17-1.7)))/'Subsample weights'!O53 -> 0.093283582 | AU17: 2 | AV17: 2 & 19 | AW17: 3.16 | AX17: 5.32 | AY17: =(AW17-1.04)/'Subsample weights'!R53 -> 0.33333333 | AZ17: =(AX17-1.7)/'Subsample weights'!R53 -> 0.56918239 | BA17: =('Subsample weights'!R53-((Ginning!AW17-1.04)+(Ginning!AX17-1.7)))/'Subsample weights'!R53 -> 0.097484277 | BD17: 2 | BE17: 2 & 19 | BF17: 2.9 | BG17: 4.92 | BH17: =(BF17-1.04)/'Subsample weights'!U53 -> 0.33333333 | BI17: =(BG17-1.7)/'Subsample weights'!U53 -> 0.57706093 | BJ17: =('Subsample weights'!U53-((Ginning!BF17-1.04)+(Ginning!BG17-1.7)))/'Subsample weights'!U53 -> 0.089605735 | BM17: 2 | BN17: 2 & 19 | BO17: 3.36 | BP17: 5.52 | BQ17: =(BO17-1.04)/'Subsample weights'!X53 -> 0.33918129 | BR17: =(BP17-1.7)/'Subsample weights'!X53 -> 0.55847953 | BS17: =('Subsample weights'!X53-((Ginning!BO17-1.04)+(Ginning!BP17-1.7)))/'Subsample weights'!X53 -> 0.10233918
B18: 3 | C18: 3 & 18 | D18: 3.38 | E18: 5.36 | F18: =(D18-1.04)/'Subsample weights'!C54 -> 0.35347432 | G18: =(E18-1.7)/'Subsample weights'!C54 -> 0.55287009 | H18: =('Subsample weights'!C54-((Ginning!D18-1.04)+(Ginning!E18-1.7)))/'Subsample weights'!C54 -> 0.093655589 | K18: 3 | L18: 3 & 18 | M18: 3.26 | N18: 5.56 | O18: =(M18-1.04)/'Subsample weights'!F54 -> 0.3255132 | P18: =(N18-1.7)/'Subsample weights'!F54 -> 0.5659824 | Q18: =('Subsample weights'!F54-((Ginning!M18-1.04)+(Ginning!N18-1.7)))/'Subsample weights'!F54 -> 0.1085044 | T18: 3 | U18: 3 & 18 | V18: 3.14 | W18: 5.36 | X18: =(V18-1.04)/'Subsample weights'!I54 -> 0.33123028 | Y18: =(W18-1.7)/'Subsample weights'!I54 -> 0.57728707 | Z18: =('Subsample weights'!I54-((Ginning!V18-1.04)+(Ginning!W18-1.7)))/'Subsample weights'!I54 -> 0.09148265 | AC18: 3 | AD18: 3 & 18 | AE18: 3.24 | AF18: 5.44 | AG18: =(AE18-1.04)/'Subsample weights'!L54 -> 0.33639144 | AH18: =(AF18-1.7)/'Subsample weights'!L54 -> 0.57186544 | AI18: =('Subsample weights'!L54-((Ginning!AE18-1.04)+(Ginning!AF18-1.7)))/'Subsample weights'!L54 -> 0.091743119 | AL18: 3 | AM18: 3 & 18 | AN18: 2.96 | AO18: 5.02 | AP18: =(AN18-1.04)/'Subsample weights'!O54 -> 0.32107023 | AQ18: =(AO18-1.7)/'Subsample weights'!O54 -> 0.55518395 | AR18: =('Subsample weights'!O54-((Ginning!AN18-1.04)+(Ginning!AO18-1.7)))/'Subsample weights'!O54 -> 0.12374582 | AU18: 3 | AV18: 3 & 18 | AW18: 3.02 | AX18: 4.98 | AY18: =(AW18-1.04)/'Subsample weights'!R54 -> 0.33788396 | AZ18: =(AX18-1.7)/'Subsample weights'!R54 -> 0.55972696 | BA18: =('Subsample weights'!R54-((Ginning!AW18-1.04)+(Ginning!AX18-1.7)))/'Subsample weights'!R54 -> 0.10238908 | BD18: 3 | BE18: 3 & 18 | BF18: 3.04 | BG18: 5.22 | BH18: =(BF18-1.04)/'Subsample weights'!U54 -> 0.32894737 | BI18: =(BG18-1.7)/'Subsample weights'!U54 -> 0.57894737 | BJ18: =('Subsample weights'!U54-((Ginning!BF18-1.04)+(Ginning!BG18-1.7)))/'Subsample weights'!U54 -> 0.092105263 | BM18: 3 | BN18: 3 & 18 | BO18: 3.24 | BP18: 5.22 | BQ18: =(BO18-1.04)/'Subsample weights'!X54 -> 0.34920635 | BR18: =(BP18-1.7)/'Subsample weights'!X54 -> 0.55873016 | BS18: =('Subsample weights'!X54-((Ginning!BO18-1.04)+(Ginning!BP18-1.7)))/'Subsample weights'!X54 -> 0.092063492
B19: 4 | C19: 4 & 17 | D19: 2.94 | E19: 4.8 | F19: =(D19-1.04)/'Subsample weights'!C55 -> 0.3442029 | G19: =(E19-1.7)/'Subsample weights'!C55 -> 0.5615942 | H19: =('Subsample weights'!C55-((Ginning!D19-1.04)+(Ginning!E19-1.7)))/'Subsample weights'!C55 -> 0.094202899 | K19: 4 | L19: 4 & 17 | M19: 3.38 | N19: 5.76 | O19: =(M19-1.04)/'Subsample weights'!F55 -> 0.33144476 | P19: =(N19-1.7)/'Subsample weights'!F55 -> 0.57507082 | Q19: =('Subsample weights'!F55-((Ginning!M19-1.04)+(Ginning!N19-1.7)))/'Subsample weights'!F55 -> 0.093484419 | T19: 4 | U19: 4 & 17 | V19: 3.12 | W19: 5.38 | X19: =(V19-1.04)/'Subsample weights'!I55 -> 0.33015873 | Y19: =(W19-1.7)/'Subsample weights'!I55 -> 0.58412698 | Z19: =('Subsample weights'!I55-((Ginning!V19-1.04)+(Ginning!W19-1.7)))/'Subsample weights'!I55 -> 0.085714286 | AC19: 4 | AD19: 4 & 17 | AE19: 3.16 | AF19: 5.4 | AG19: =(AE19-1.04)/'Subsample weights'!L55 -> 0.33125 | AH19: =(AF19-1.7)/'Subsample weights'!L55 -> 0.578125 | AI19: =('Subsample weights'!L55-((Ginning!AE19-1.04)+(Ginning!AF19-1.7)))/'Subsample weights'!L55 -> 0.090625 | AL19: 4 | AM19: 4 & 17 | AN19: 2.8 | AO19: 4.74 | AP19: =(AN19-1.04)/'Subsample weights'!O55 -> 0.32472325 | AQ19: =(AO19-1.7)/'Subsample weights'!O55 -> 0.56088561 | AR19: =('Subsample weights'!O55-((Ginning!AN19-1.04)+(Ginning!AO19-1.7)))/'Subsample weights'!O55 -> 0.11439114 | AU19: 4 | AV19: 4 & 17 | AW19: 3.08 | AX19: 5.16 | AY19: =(AW19-1.04)/'Subsample weights'!R55 -> 0.33009709 | AZ19: =(AX19-1.7)/'Subsample weights'!R55 -> 0.55987055 | BA19: =('Subsample weights'!R55-((Ginning!AW19-1.04)+(Ginning!AX19-1.7)))/'Subsample weights'!R55 -> 0.11003236 | BD19: 4 | BE19: 4 & 17 | BF19: 2.9 | BG19: 4.94 | BH19: =(BF19-1.04)/'Subsample weights'!U55 -> 0.32404181 | BI19: =(BG19-1.7)/'Subsample weights'!U55 -> 0.56445993 | BJ19: =('Subsample weights'!U55-((Ginning!BF19-1.04)+(Ginning!BG19-1.7)))/'Subsample weights'!U55 -> 0.11149826 | BM19: 4 | BN19: 4 & 17 | BO19: 3.22 | BP19: 5.28 | BQ19: =(BO19-1.04)/'Subsample weights'!X55 -> 0.34493671 | BR19: =(BP19-1.7)/'Subsample weights'!X55 -> 0.5664557 | BS19: =('Subsample weights'!X55-((Ginning!BO19-1.04)+(Ginning!BP19-1.7)))/'Subsample weights'!X55 -> 0.088607595
B20: 5 | C20: 5 & 16 | D20: 2.98 | E20: 4.78 | F20: =(D20-1.04)/'Subsample weights'!C56 -> 0.3540146 | G20: =(E20-1.7)/'Subsample weights'!C56 -> 0.5620438 | H20: =('Subsample weights'!C56-((Ginning!D20-1.04)+(Ginning!E20-1.7)))/'Subsample weights'!C56 -> 0.083941606 | K20: 5 | L20: 5 & 16 | M20: 3.04 | N20: 5.28 | O20: =(M20-1.04)/'Subsample weights'!F56 -> 0.31948882 | P20: =(N20-1.7)/'Subsample weights'!F56 -> 0.57188498 | Q20: =('Subsample weights'!F56-((Ginning!M20-1.04)+(Ginning!N20-1.7)))/'Subsample weights'!F56 -> 0.1086262 | T20: 5 | U20: 5 & 16 | V20: 2.9 | W20: 5.04 | X20: =(V20-1.04)/'Subsample weights'!I56 -> 0.32746479 | Y20: =(W20-1.7)/'Subsample weights'!I56 -> 0.58802817 | Z20: =('Subsample weights'!I56-((Ginning!V20-1.04)+(Ginning!W20-1.7)))/'Subsample weights'!I56 -> 0.084507042 | AC20: 5 | AD20: 5 & 16 | AE20: 3.18 | AF20: 5.32 | AG20: =(AE20-1.04)/'Subsample weights'!L56 -> 0.33229814 | AH20: =(AF20-1.7)/'Subsample weights'!L56 -> 0.5621118 | AI20: =('Subsample weights'!L56-((Ginning!AE20-1.04)+(Ginning!AF20-1.7)))/'Subsample weights'!L56 -> 0.10559006 | AL20: 5 | AM20: 5 & 16 | AN20: 2.86 | AO20: 4.82 | AP20: =(AN20-1.04)/'Subsample weights'!O56 -> 0.33090909 | AQ20: =(AO20-1.7)/'Subsample weights'!O56 -> 0.56727273 | AR20: =('Subsample weights'!O56-((Ginning!AN20-1.04)+(Ginning!AO20-1.7)))/'Subsample weights'!O56 -> 0.10181818 | AU20: 5 | AV20: 5 & 16 | AW20: 3.02 | AX20: 5.12 | AY20: =(AW20-1.04)/'Subsample weights'!R56 -> 0.33110368 | AZ20: =(AX20-1.7)/'Subsample weights'!R56 -> 0.57190635 | BA20: =('Subsample weights'!R56-((Ginning!AW20-1.04)+(Ginning!AX20-1.7)))/'Subsample weights'!R56 -> 0.096989967 | BD20: 5 | BE20: 5 & 16 | BF20: 2.7 | BG20: 4.74 | BH20: =(BF20-1.04)/'Subsample weights'!U56 -> 0.32046332 | BI20: =(BG20-1.7)/'Subsample weights'!U56 -> 0.58687259 | BJ20: =('Subsample weights'!U56-((Ginning!BF20-1.04)+(Ginning!BG20-1.7)))/'Subsample weights'!U56 -> 0.092664093 | BM20: 5 | BN20: 5 & 16 | BO20: 3.32 | BP20: 5.34 | BQ20: =(BO20-1.04)/'Subsample weights'!X56 -> 0.34862385 | BR20: =(BP20-1.7)/'Subsample weights'!X56 -> 0.55657492 | BS20: =('Subsample weights'!X56-((Ginning!BO20-1.04)+(Ginning!BP20-1.7)))/'Subsample weights'!X56 -> 0.094801223
B21: 6 | C21: 6 & 15 | D21: 3.54 | E21: 5.64 | F21: =(D21-1.04)/'Subsample weights'!C57 -> 0.35310734 | G21: =(E21-1.7)/'Subsample weights'!C57 -> 0.55649718 | H21: =('Subsample weights'!C57-((Ginning!D21-1.04)+(Ginning!E21-1.7)))/'Subsample weights'!C57 -> 0.09039548 | K21: 6 | L21: 6 & 15 | M21: 3.16 | N21: 5.4 | O21: =(M21-1.04)/'Subsample weights'!F57 -> 0.33333333 | P21: =(N21-1.7)/'Subsample weights'!F57 -> 0.58176101 | Q21: =('Subsample weights'!F57-((Ginning!M21-1.04)+(Ginning!N21-1.7)))/'Subsample weights'!F57 -> 0.08490566 | T21: 6 | U21: 6 & 15 | V21: 3.02 | W21: 5.26 | X21: =(V21-1.04)/'Subsample weights'!I57 -> 0.32247557 | Y21: =(W21-1.7)/'Subsample weights'!I57 -> 0.57980456 | Z21: =('Subsample weights'!I57-((Ginning!V21-1.04)+(Ginning!W21-1.7)))/'Subsample weights'!I57 -> 0.09771987 | AC21: 6 | AD21: 6 & 15 | AE21: 3.04 | AF21: 5.16 | AG21: =(AE21-1.04)/'Subsample weights'!L57 -> 0.33222591 | AH21: =(AF21-1.7)/'Subsample weights'!L57 -> 0.57475083 | AI21: =('Subsample weights'!L57-((Ginning!AE21-1.04)+(Ginning!AF21-1.7)))/'Subsample weights'!L57 -> 0.093023256 | AL21: 6 | AM21: 6 & 15 | AN21: 2.8 | AO21: 4.6 | AP21: =(AN21-1.04)/'Subsample weights'!O57 -> 0.33587786 | AQ21: =(AO21-1.7)/'Subsample weights'!O57 -> 0.55343511 | AR21: =('Subsample weights'!O57-((Ginning!AN21-1.04)+(Ginning!AO21-1.7)))/'Subsample weights'!O57 -> 0.11068702 | AU21: 6 | AV21: 6 & 15 | AW21: 2.86 | AX21: 4.84 | AY21: =(AW21-1.04)/'Subsample weights'!R57 -> 0.32616487 | AZ21: =(AX21-1.7)/'Subsample weights'!R57 -> 0.56272401 | BA21: =('Subsample weights'!R57-((Ginning!AW21-1.04)+(Ginning!AX21-1.7)))/'Subsample weights'!R57 -> 0.11111111 | BD21: 6 | BE21: 6 & 15 | BF21: 3.08 | BG21: 5.32 | BH21: =(BF21-1.04)/'Subsample weights'!U57 -> 0.32692308 | BI21: =(BG21-1.7)/'Subsample weights'!U57 -> 0.58012821 | BJ21: =('Subsample weights'!U57-((Ginning!BF21-1.04)+(Ginning!BG21-1.7)))/'Subsample weights'!U57 -> 0.092948718 | BM21: 6 | BN21: 6 & 15 | BO21: 3.1 | BP21: 5.1 | BQ21: =(BO21-1.04)/'Subsample weights'!X57 -> 0.3410596 | BR21: =(BP21-1.7)/'Subsample weights'!X57 -> 0.56291391 | BS21: =('Subsample weights'!X57-((Ginning!BO21-1.04)+(Ginning!BP21-1.7)))/'Subsample weights'!X57 -> 0.09602649
B22: 7 | C22: 7 & 14 | D22: 3.32 | E22: 5.36 | F22: =(D22-1.04)/'Subsample weights'!C58 -> 0.34337349 | G22: =(E22-1.7)/'Subsample weights'!C58 -> 0.55120482 | H22: =('Subsample weights'!C58-((Ginning!D22-1.04)+(Ginning!E22-1.7)))/'Subsample weights'!C58 -> 0.10542169 | K22: 7 | L22: 7 & 14 | M22: 3.12 | N22: 5.32 | O22: =(M22-1.04)/'Subsample weights'!F58 -> 0.33226837 | P22: =(N22-1.7)/'Subsample weights'!F58 -> 0.57827476 | Q22: =('Subsample weights'!F58-((Ginning!M22-1.04)+(Ginning!N22-1.7)))/'Subsample weights'!F58 -> 0.089456869 | T22: 7 | U22: 7 & 14 | V22: 2.96 | W22: 5.12 | X22: =(V22-1.04)/'Subsample weights'!I58 -> 0.32542373 | Y22: =(W22-1.7)/'Subsample weights'!I58 -> 0.57966102 | Z22: =('Subsample weights'!I58-((Ginning!V22-1.04)+(Ginning!W22-1.7)))/'Subsample weights'!I58 -> 0.094915254 | AC22: 7 | AD22: 7 & 14 | AE22: 2.96 | AF22: 5.02 | AG22: =(AE22-1.04)/'Subsample weights'!L58 -> 0.33217993 | AH22: =(AF22-1.7)/'Subsample weights'!L58 -> 0.57439446 | AI22: =('Subsample weights'!L58-((Ginning!AE22-1.04)+(Ginning!AF22-1.7)))/'Subsample weights'!L58 -> 0.093425606 | AL22: 7 | AM22: 7 & 14 | AN22: 2.82 | AO22: 4.68 | AP22: =(AN22-1.04)/'Subsample weights'!O58 -> 0.33969466 | AQ22: =(AO22-1.7)/'Subsample weights'!O58 -> 0.56870229 | AR22: =('Subsample weights'!O58-((Ginning!AN22-1.04)+(Ginning!AO22-1.7)))/'Subsample weights'!O58 -> 0.091603053 | AU22: 7 | AV22: 7 & 14 | AW22: 3.2 | AX22: 5.42 | AY22: =(AW22-1.04)/'Subsample weights'!R58 -> 0.33436533 | AZ22: =(AX22-1.7)/'Subsample weights'!R58 -> 0.57585139 | BA22: =('Subsample weights'!R58-((Ginning!AW22-1.04)+(Ginning!AX22-1.7)))/'Subsample weights'!R58 -> 0.089783282 | BD22: 7 | BE22: 7 & 14 | BF22: 2.96 | BG22: 4.98 | BH22: =(BF22-1.04)/'Subsample weights'!U58 -> 0.32876712 | BI22: =(BG22-1.7)/'Subsample weights'!U58 -> 0.56164384 | BJ22: =('Subsample weights'!U58-((Ginning!BF22-1.04)+(Ginning!BG22-1.7)))/'Subsample weights'!U58 -> 0.10958904 | BM22: 7 | BN22: 7 & 14 | BO22: 3.14 | BP22: 5.2 | BQ22: =(BO22-1.04)/'Subsample weights'!X58 -> 0.33762058 | BR22: =(BP22-1.7)/'Subsample weights'!X58 -> 0.56270096 | BS22: =('Subsample weights'!X58-((Ginning!BO22-1.04)+(Ginning!BP22-1.7)))/'Subsample weights'!X58 -> 0.099678457
B23: 8 | C23: 8 & 13 | D23: 3.26 | E23: 5.12 | F23: =(D23-1.04)/'Subsample weights'!C59 -> 0.3627451 | G23: =(E23-1.7)/'Subsample weights'!C59 -> 0.55882353 | H23: =('Subsample weights'!C59-((Ginning!D23-1.04)+(Ginning!E23-1.7)))/'Subsample weights'!C59 -> 0.078431373 | K23: 8 | L23: 8 & 13 | M23: 3.36 | N23: 5.74 | O23: =(M23-1.04)/'Subsample weights'!F59 -> 0.33237822 | P23: =(N23-1.7)/'Subsample weights'!F59 -> 0.57879656 | Q23: =('Subsample weights'!F59-((Ginning!M23-1.04)+(Ginning!N23-1.7)))/'Subsample weights'!F59 -> 0.088825215 | T23: 8 | U23: 8 & 13 | V23: 2.94 | W23: 4.98 | X23: =(V23-1.04)/'Subsample weights'!I59 -> 0.33928571 | Y23: =(W23-1.7)/'Subsample weights'!I59 -> 0.58571429 | Z23: =('Subsample weights'!I59-((Ginning!V23-1.04)+(Ginning!W23-1.7)))/'Subsample weights'!I59 -> 0.075 | AC23: 8 | AD23: 8 & 13 | AE23: 2.76 | AF23: 4.74 | AG23: =(AE23-1.04)/'Subsample weights'!L59 -> 0.32089552 | AH23: =(AF23-1.7)/'Subsample weights'!L59 -> 0.56716418 | AI23: =('Subsample weights'!L59-((Ginning!AE23-1.04)+(Ginning!AF23-1.7)))/'Subsample weights'!L59 -> 0.1119403 | AL23: 8 | AM23: 8 & 13 | AN23: 2.76 | AO23: 4.54 | AP23: =(AN23-1.04)/'Subsample weights'!O59 -> 0.3372549 | AQ23: =(AO23-1.7)/'Subsample weights'!O59 -> 0.55686275 | AR23: =('Subsample weights'!O59-((Ginning!AN23-1.04)+(Ginning!AO23-1.7)))/'Subsample weights'!O59 -> 0.10588235 | AU23: 8 | AV23: 8 & 13 | AW23: 3.08 | AX23: 5.2 | AY23: =(AW23-1.04)/'Subsample weights'!R59 -> 0.33333333 | AZ23: =(AX23-1.7)/'Subsample weights'!R59 -> 0.57189542 | BA23: =('Subsample weights'!R59-((Ginning!AW23-1.04)+(Ginning!AX23-1.7)))/'Subsample weights'!R59 -> 0.094771242 | BD23: 8 | BE23: 8 & 13 | BF23: 2.86 | BG23: 4.86 | BH23: =(BF23-1.04)/'Subsample weights'!U59 -> 0.32616487 | BI23: =(BG23-1.7)/'Subsample weights'!U59 -> 0.56630824 | BJ23: =('Subsample weights'!U59-((Ginning!BF23-1.04)+(Ginning!BG23-1.7)))/'Subsample weights'!U59 -> 0.10752688 | BM23: 8 | BN23: 8 & 13 | BO23: 3.06 | BP23: 5.06 | BQ23: =(BO23-1.04)/'Subsample weights'!X59 -> 0.33892617 | BR23: =(BP23-1.7)/'Subsample weights'!X59 -> 0.56375839 | BS23: =('Subsample weights'!X59-((Ginning!BO23-1.04)+(Ginning!BP23-1.7)))/'Subsample weights'!X59 -> 0.097315436
B24: 9 | C24: 9 & 12 | D24: 2.96 | E24: 4.86 | F24: =(D24-1.04)/'Subsample weights'!C60 -> 0.33922261 | G24: =(E24-1.7)/'Subsample weights'!C60 -> 0.55830389 | H24: =('Subsample weights'!C60-((Ginning!D24-1.04)+(Ginning!E24-1.7)))/'Subsample weights'!C60 -> 0.1024735 | K24: 9 | L24: 9 & 12 | M24: 3.42 | N24: 5.8 | O24: =(M24-1.04)/'Subsample weights'!F60 -> 0.34195402 | P24: =(N24-1.7)/'Subsample weights'!F60 -> 0.58908046 | Q24: =('Subsample weights'!F60-((Ginning!M24-1.04)+(Ginning!N24-1.7)))/'Subsample weights'!F60 -> 0.068965517 | T24: 9 | U24: 9 & 12 | V24: 3.1 | W24: 5.16 | X24: =(V24-1.04)/'Subsample weights'!I60 -> 0.33770492 | Y24: =(W24-1.7)/'Subsample weights'!I60 -> 0.56721311 | Z24: =('Subsample weights'!I60-((Ginning!V24-1.04)+(Ginning!W24-1.7)))/'Subsample weights'!I60 -> 0.095081967 | AC24: 9 | AD24: 9 & 12 | AE24: 2.86 | AF24: 4.86 | AG24: =(AE24-1.04)/'Subsample weights'!L60 -> 0.33828996 | AH24: =(AF24-1.7)/'Subsample weights'!L60 -> 0.58736059 | AI24: =('Subsample weights'!L60-((Ginning!AE24-1.04)+(Ginning!AF24-1.7)))/'Subsample weights'!L60 -> 0.074349442 | AL24: 9 | AM24: 9 & 12 | AN24: 2.78 | AO24: 4.66 | AP24: =(AN24-1.04)/'Subsample weights'!O60 -> 0.33079848 | AQ24: =(AO24-1.7)/'Subsample weights'!O60 -> 0.56273764 | AR24: =('Subsample weights'!O60-((Ginning!AN24-1.04)+(Ginning!AO24-1.7)))/'Subsample weights'!O60 -> 0.10646388 | AU24: 9 | AV24: 9 & 12 | AW24: 3.52 | AX24: 5.9 | AY24: =(AW24-1.04)/'Subsample weights'!R60 -> 0.33604336 | AZ24: =(AX24-1.7)/'Subsample weights'!R60 -> 0.56910569 | BA24: =('Subsample weights'!R60-((Ginning!AW24-1.04)+(Ginning!AX24-1.7)))/'Subsample weights'!R60 -> 0.094850949 | BD24: 9 | BE24: 9 & 12 | BF24: 3.28 | BG24: 5.6 | BH24: =(BF24-1.04)/'Subsample weights'!U60 -> 0.32748538 | BI24: =(BG24-1.7)/'Subsample weights'!U60 -> 0.57017544 | BJ24: =('Subsample weights'!U60-((Ginning!BF24-1.04)+(Ginning!BG24-1.7)))/'Subsample weights'!U60 -> 0.10233918 | BM24: 9 | BN24: 9 & 12 | BO24: 3.44 | BP24: 5.8 | BQ24: =(BO24-1.04)/'Subsample weights'!X60 -> 0.33149171 | BR24: =(BP24-1.7)/'Subsample weights'!X60 -> 0.56629834 | BS24: =('Subsample weights'!X60-((Ginning!BO24-1.04)+(Ginning!BP24-1.7)))/'Subsample weights'!X60 -> 0.10220994
B25: 10 | C25: 10 & 11 | D25: 3.24 | E25: 5.22 | F25: =(D25-1.04)/'Subsample weights'!C61 -> 0.34920635 | G25: =(E25-1.7)/'Subsample weights'!C61 -> 0.55873016 | H25: =('Subsample weights'!C61-((Ginning!D25-1.04)+(Ginning!E25-1.7)))/'Subsample weights'!C61 -> 0.092063492 | K25: 10 | L25: 10 & 11 | M25: 3.56 | N25: 6.06 | O25: =(M25-1.04)/'Subsample weights'!F61 -> 0.33333333 | P25: =(N25-1.7)/'Subsample weights'!F61 -> 0.57671958 | Q25: =('Subsample weights'!F61-((Ginning!M25-1.04)+(Ginning!N25-1.7)))/'Subsample weights'!F61 -> 0.08994709 | T25: 10 | U25: 10 & 11 | V25: 3.16 | W25: 5.4 | X25: =(V25-1.04)/'Subsample weights'!I61 -> 0.32716049 | Y25: =(W25-1.7)/'Subsample weights'!I61 -> 0.57098765 | Z25: =('Subsample weights'!I61-((Ginning!V25-1.04)+(Ginning!W25-1.7)))/'Subsample weights'!I61 -> 0.10185185 | AC25: 10 | AD25: 10 & 11 | AE25: 2.9 | AF25: 5.14 | AG25: =(AE25-1.04)/'Subsample weights'!L61 -> 0.31208054 | AH25: =(AF25-1.7)/'Subsample weights'!L61 -> 0.57718121 | AI25: =('Subsample weights'!L61-((Ginning!AE25-1.04)+(Ginning!AF25-1.7)))/'Subsample weights'!L61 -> 0.11073826 | AL25: 10 | AM25: 10 & 11 | AN25: 2.86 | AO25: 4.74 | AP25: =(AN25-1.04)/'Subsample weights'!O61 -> 0.33455882 | AQ25: =(AO25-1.7)/'Subsample weights'!O61 -> 0.55882353 | AR25: =('Subsample weights'!O61-((Ginning!AN25-1.04)+(Ginning!AO25-1.7)))/'Subsample weights'!O61 -> 0.10661765 | AU25: 10 | AV25: 10 & 11 | AW25: 3.48 | AX25: 5.86 | AY25: =(AW25-1.04)/'Subsample weights'!R61 -> 0.32360743 | AZ25: =(AX25-1.7)/'Subsample weights'!R61 -> 0.55172414 | BA25: =('Subsample weights'!R61-((Ginning!AW25-1.04)+(Ginning!AX25-1.7)))/'Subsample weights'!R61 -> 0.12466844 | BD25: 10 | BE25: 10 & 11 | BF25: 3.5 | BG25: 5.92 | BH25: =(BF25-1.04)/'Subsample weights'!U61 -> 0.33514986 | BI25: =(BG25-1.7)/'Subsample weights'!U61 -> 0.57493188 | BJ25: =('Subsample weights'!U61-((Ginning!BF25-1.04)+(Ginning!BG25-1.7)))/'Subsample weights'!U61 -> 0.089918256 | BM25: 10 | BN25: 10 & 11 | BO25: 3.48 | BP25: 5.82 | BQ25: =(BO25-1.04)/'Subsample weights'!X61 -> 0.33333333 | BR25: =(BP25-1.7)/'Subsample weights'!X61 -> 0.56284153 | BS25: =('Subsample weights'!X61-((Ginning!BO25-1.04)+(Ginning!BP25-1.7)))/'Subsample weights'!X61 -> 0.10382514
B26: 11 | C26: 21 & 40 | D26: 3.34 | E26: 5.42 | F26: =(D26-1.04)/'Subsample weights'!C62 -> 0.34534535 | G26: =(E26-1.7)/'Subsample weights'!C62 -> 0.55855856 | H26: =('Subsample weights'!C62-((Ginning!D26-1.04)+(Ginning!E26-1.7)))/'Subsample weights'!C62 -> 0.096096096 | K26: 11 | L26: 21 & 40 | M26: 3.3 | N26: 5.6 | O26: =(M26-1.04)/'Subsample weights'!F62 -> 0.33431953 | P26: =(N26-1.7)/'Subsample weights'!F62 -> 0.57692308 | Q26: =('Subsample weights'!F62-((Ginning!M26-1.04)+(Ginning!N26-1.7)))/'Subsample weights'!F62 -> 0.088757396 | T26: 11 | U26: 21 & 40 | V26: 3.12 | W26: 5.26 | X26: =(V26-1.04)/'Subsample weights'!I62 -> 0.34323432 | Y26: =(W26-1.7)/'Subsample weights'!I62 -> 0.58745875 | Z26: =('Subsample weights'!I62-((Ginning!V26-1.04)+(Ginning!W26-1.7)))/'Subsample weights'!I62 -> 0.069306931 | AC26: 11 | AD26: 21 & 40 | AE26: 2.96 | AF26: 5.24 | AG26: =(AE26-1.04)/'Subsample weights'!L62 -> 0.32 | AH26: =(AF26-1.7)/'Subsample weights'!L62 -> 0.59 | AI26: =('Subsample weights'!L62-((Ginning!AE26-1.04)+(Ginning!AF26-1.7)))/'Subsample weights'!L62 -> 0.09 | AL26: 11 | AM26: 21 & 40 | AN26: 2.76 | AO26: 4.56 | AP26: =(AN26-1.04)/'Subsample weights'!O62 -> 0.33992095 | AQ26: =(AO26-1.7)/'Subsample weights'!O62 -> 0.56521739 | AR26: =('Subsample weights'!O62-((Ginning!AN26-1.04)+(Ginning!AO26-1.7)))/'Subsample weights'!O62 -> 0.09486166 | AU26: 11 | AV26: 21 & 40 | AW26: 3.04 | AX26: 5.14 | AY26: =(AW26-1.04)/'Subsample weights'!R62 -> 0.33222591 | AZ26: =(AX26-1.7)/'Subsample weights'!R62 -> 0.57142857 | BA26: =('Subsample weights'!R62-((Ginning!AW26-1.04)+(Ginning!AX26-1.7)))/'Subsample weights'!R62 -> 0.096345515 | BD26: 11 | BE26: 21 & 40 | BF26: 3.06 | BG26: 5.18 | BH26: =(BF26-1.04)/'Subsample weights'!U62 -> 0.33006536 | BI26: =(BG26-1.7)/'Subsample weights'!U62 -> 0.56862745 | BJ26: =('Subsample weights'!U62-((Ginning!BF26-1.04)+(Ginning!BG26-1.7)))/'Subsample weights'!U62 -> 0.10130719 | BM26: 11 | BN26: 21 & 40 | BO26: 3.02 | BP26: 5.02 | BQ26: =(BO26-1.04)/'Subsample weights'!X62 -> 0.33788396 | BR26: =(BP26-1.7)/'Subsample weights'!X62 -> 0.5665529 | BS26: =('Subsample weights'!X62-((Ginning!BO26-1.04)+(Ginning!BP26-1.7)))/'Subsample weights'!X62 -> 0.09556314
B27: 12 | C27: 22 & 39 | D27: 3.4 | E27: 5.48 | F27: =(D27-1.04)/'Subsample weights'!C63 -> 0.34604106 | G27: =(E27-1.7)/'Subsample weights'!C63 -> 0.5542522 | H27: =('Subsample weights'!C63-((Ginning!D27-1.04)+(Ginning!E27-1.7)))/'Subsample weights'!C63 -> 0.099706745 | K27: 12 | L27: 22 & 39 | M27: 3.38 | N27: 5.9 | O27: =(M27-1.04)/'Subsample weights'!F63 -> 0.32142857 | P27: =(N27-1.7)/'Subsample weights'!F63 -> 0.57692308 | Q27: =('Subsample weights'!F63-((Ginning!M27-1.04)+(Ginning!N27-1.7)))/'Subsample weights'!F63 -> 0.10164835 | T27: 12 | U27: 22 & 39 | V27: 3.08 | W27: 5.24 | X27: =(V27-1.04)/'Subsample weights'!I63 -> 0.33333333 | Y27: =(W27-1.7)/'Subsample weights'!I63 -> 0.57843137 | Z27: =('Subsample weights'!I63-((Ginning!V27-1.04)+(Ginning!W27-1.7)))/'Subsample weights'!I63 -> 0.088235294 | AC27: 12 | AD27: 22 & 39 | AE27: 2.92 | AF27: 5.02 | AG27: =(AE27-1.04)/'Subsample weights'!L63 -> 0.32752613 | AH27: =(AF27-1.7)/'Subsample weights'!L63 -> 0.57839721 | AI27: =('Subsample weights'!L63-((Ginning!AE27-1.04)+(Ginning!AF27-1.7)))/'Subsample weights'!L63 -> 0.094076655 | AL27: 12 | AM27: 22 & 39 | AN27: 2.92 | AO27: 4.88 | AP27: =(AN27-1.04)/'Subsample weights'!O63 -> 0.32982456 | AQ27: =(AO27-1.7)/'Subsample weights'!O63 -> 0.55789474 | AR27: =('Subsample weights'!O63-((Ginning!AN27-1.04)+(Ginning!AO27-1.7)))/'Subsample weights'!O63 -> 0.1122807 | AU27: 12 | AV27: 22 & 39 | AW27: 3.26 | AX27: 5.42 | AY27: =(AW27-1.04)/'Subsample weights'!R63 -> 0.33433735 | AZ27: =(AX27-1.7)/'Subsample weights'!R63 -> 0.56024096 | BA27: =('Subsample weights'!R63-((Ginning!AW27-1.04)+(Ginning!AX27-1.7)))/'Subsample weights'!R63 -> 0.10542169 | BD27: 12 | BE27: 22 & 39 | BF27: 2.92 | BG27: 5.04 | BH27: =(BF27-1.04)/'Subsample weights'!U63 -> 0.32867133 | BI27: =(BG27-1.7)/'Subsample weights'!U63 -> 0.58391608 | BJ27: =('Subsample weights'!U63-((Ginning!BF27-1.04)+(Ginning!BG27-1.7)))/'Subsample weights'!U63 -> 0.087412587 | BM27: 12 | BN27: 22 & 39 | BO27: 3.24 | BP27: 5.34 | BQ27: =(BO27-1.04)/'Subsample weights'!X63 -> 0.34161491 | BR27: =(BP27-1.7)/'Subsample weights'!X63 -> 0.56521739 | BS27: =('Subsample weights'!X63-((Ginning!BO27-1.04)+(Ginning!BP27-1.7)))/'Subsample weights'!X63 -> 0.093167702
... B35: 20 | C35: 30 & 31 | D35: 3.1 | E35: 5.12 | F35: =(D35-1.04)/'Subsample weights'!C71 -> 0.34333333 | G35: =(E35-1.7)/'Subsample weights'!C71 -> 0.57 | H35: =('Subsample weights'!C71-((Ginning!D35-1.04)+(Ginning!E35-1.7)))/'Subsample weights'!C71 -> 0.086666667 | K35: 20 | L35: 30 & 31 | M35: 3.42 | N35: 5.76 | O35: =(M35-1.04)/'Subsample weights'!F71 -> 0.34 | P35: =(N35-1.7)/'Subsample weights'!F71 -> 0.58 | Q35: =('Subsample weights'!F71-((Ginning!M35-1.04)+(Ginning!N35-1.7)))/'Subsample weights'!F71 -> 0.08 | T35: 20 | U35: 30 & 31 | V35: 3.2 | W35: 5.44 | X35: =(V35-1.04)/'Subsample weights'!I71 -> 0.3364486 | Y35: =(W35-1.7)/'Subsample weights'!I71 -> 0.58255452 | Z35: =('Subsample weights'!I71-((Ginning!V35-1.04)+(Ginning!W35-1.7)))/'Subsample weights'!I71 -> 0.080996885 | AC35: 20 | AD35: 30 & 31 | AE35: 2.86 | AF35: 4.96 | AG35: =(AE35-1.04)/'Subsample weights'!L71 -> 0.31929825 | AH35: =(AF35-1.7)/'Subsample weights'!L71 -> 0.57192982 | AI35: =('Subsample weights'!L71-((Ginning!AE35-1.04)+(Ginning!AF35-1.7)))/'Subsample weights'!L71 -> 0.10877193 | AL35: 20 | AM35: 30 & 31 | AN35: 2.96 | AO35: 5 | AP35: =(AN35-1.04)/'Subsample weights'!O71 -> 0.32653061 | AQ35: =(AO35-1.7)/'Subsample weights'!O71 -> 0.56122449 | AR35: =('Subsample weights'!O71-((Ginning!AN35-1.04)+(Ginning!AO35-1.7)))/'Subsample weights'!O71 -> 0.1122449 | AU35: 20 | AV35: 30 & 31 | AW35: 3.08 | AX35: 5.3 | AY35: =(AW35-1.04)/'Subsample weights'!R71 -> 0.32797428 | AZ35: =(AX35-1.7)/'Subsample weights'!R71 -> 0.57877814 | BA35: =('Subsample weights'!R71-((Ginning!AW35-1.04)+(Ginning!AX35-1.7)))/'Subsample weights'!R71 -> 0.093247588 | BD35: 20 | BE35: 30 & 31 | BF35: 3.16 | BG35: 5.56 | BH35: =(BF35-1.04)/'Subsample weights'!U71 -> 0.31360947 | BI35: =(BG35-1.7)/'Subsample weights'!U71 -> 0.57100592 | BJ35: =('Subsample weights'!U71-((Ginning!BF35-1.04)+(Ginning!BG35-1.7)))/'Subsample weights'!U71 -> 0.11538462 | BM35: 20 | BN35: 30 & 31 | BO35: 2.92 | BP35: 4.88 | BQ35: =(BO35-1.04)/'Subsample weights'!X71 -> 0.32752613 | BR35: =(BP35-1.7)/'Subsample weights'!X71 -> 0.55400697 | BS35: =('Subsample weights'!X71-((Ginning!BO35-1.04)+(Ginning!BP35-1.7)))/'Subsample weights'!X71 -> 0.1184669
C38: Border # | D38: 9 | E38: FAO | L38: Border # | M38: 10 | N38: NDB | U38: Border # | V38: 11 | W38: MAC | AD38: Border # | AE38: 12 | AF38: NDA | AM38: Border # | AN38: 13 | AO38: FAO | AV38: Border # | AW38: 14 | AX38: NDA | BE38: Border # | BF38: 15 | BG38: MAC | BN38: Border # | BO38: 16 | BP38: NDB | BW38: Border # | BX38: 17 | BY38: ???
C39: Date: | D39: 40843 | L39: Date: | M39: 40843 | U39: Date: | V39: 40843 | AD39: Date: | AE39: 27 & 28 Oct 11 | AM39: Date: | AN39: 40842 | AV39: Date: | AW39: 40842 | BE39: Date: | BF39: 40844 | BN39: Date: | BO39: 40841 | BW39: Date: | BX39: 40841
B42: Samp. # (Cell #) | C42: Subsample #s | D42: Lint in bag (lb) | E42: Seed in container (lb) | F42: Lint Fraction | G42: Seed Fraction | H42: Trash & lost Fraction | I42: Notes | K42: Samp. # (Cell #) | L42: Subsample #s | M42: Lint in bag (lb) | N42: Seed in container (lb) | O42: Lint Fraction | P42: Seed Fraction | Q42: Trash & lost Fraction | R42: Notes | T42: Samp. # (Cell #) | U42: Subsample #s | V42: Lint in bag (lb) | W42: Seed in container (lb) | X42: Lint Fraction | Y42: Seed Fraction | Z42: Trash & lost Fraction | AA42: Notes | AC42: Samp. # (Cell #) | AD42: Subsample #s | AE42: Lint in bag (lb) | AF42: Seed in container (lb) | AG42: Lint Fraction | AH42: Seed Fraction | AI42: Trash & lost Fraction | AJ42: Notes | AL42: Samp. # (Cell #) | AM42: Subsample #s | AN42: Lint in bag (lb) | AO42: Seed in container (lb) | AP42: Lint Fraction | AQ42: Seed Fraction | AR42: Trash & lost Fraction | AS42: Notes | AU42: Samp. # (Cell #) | AV42: Subsample #s | AW42: Lint in bag (lb) | AX42: Seed in container (lb) | AY42: Lint Fraction | AZ42: Seed Fraction | BA42: Trash & lost Fraction | BB42: Notes | BD42: Samp. # (Cell #) | BE42: Subsample #s | BF42: Lint in bag (lb) | BG42: Seed in container (lb) | BH42: Lint Fraction | BI42: Seed Fraction | BJ42: Trash & lost Fraction | BK42: Notes | BM42: Samp. # (Cell #) | BN42: Subsample #s | BO42: Lint in bag (lb) | BP42: Seed in container (lb) | BQ42: Lint Fraction | BR42: Seed Fraction | BS42: Trash & lost Fraction | BT42: Notes | BV42: Samp. # (Cell #) | BW42: Subsample #s | BX42: Lint in bag (lb) | BY42: Seed in container (lb) | BZ42: Lint Fraction | CA42: Seed Fraction | CB42: Trash & lost Fraction | CC42: Notes
B43: 1 | C43: 1 & 20 | D43: 3.22 | E43: 5.32 | F43: =(D43-1.04)/'Subsample weights'!AA52 -> 0.33956386 | G43: =(E43-1.7)/'Subsample weights'!AA52 -> 0.56386293 | H43: =('Subsample weights'!AA52-((Ginning!D43-1.04)+(Ginning!E43-1.7)))/'Subsample weights'!AA52 -> 0.096573209 | K43: 1 | L43: 1 & 20 | M43: 2.76 | N43: 4.64 | O43: =(M43-1.04)/'Subsample weights'!AD52 -> 0.33076923 | P43: =(N43-1.7)/'Subsample weights'!AD52 -> 0.56538462 | Q43: =('Subsample weights'!AD52-((Ginning!M43-1.04)+(Ginning!N43-1.7)))/'Subsample weights'!AD52 -> 0.10384615 | T43: 1 | U43: 1 & 20 | V43: 3.5 | W43: 5.94 | X43: =(V43-1.04)/'Subsample weights'!AG52 -> 0.33606557 | Y43: =(W43-1.7)/'Subsample weights'!AG52 -> 0.57923497 | Z43: =('Subsample weights'!AG52-((Ginning!V43-1.04)+(Ginning!W43-1.7)))/'Subsample weights'!AG52 -> 0.084699454 | AC43: 1 | AD43: 1 & 20 | AE43: 3.62 | AF43: 6.18 | AG43: =(AE43-1.04)/'Subsample weights'!AJ52 -> 0.32493703 | AH43: =(AF43-1.7)/'Subsample weights'!AJ52 -> 0.56423174 | AI43: =('Subsample weights'!AJ52-((Ginning!AE43-1.04)+(Ginning!AF43-1.7)))/'Subsample weights'!AJ52 -> 0.11083123 | AL43: 1 | AM43: 1 & 20 | AN43: 3.16 | AO43: 5.4 | AP43: =(AN43-1.04)/'Subsample weights'!AM52 -> 0.33438486 | AQ43: =(AO43-1.7)/'Subsample weights'!AM52 -> 0.58359621 | AR43: =('Subsample weights'!AM52-((Ginning!AN43-1.04)+(Ginning!AO43-1.7)))/'Subsample weights'!AM52 -> 0.082018927 | AU43: 1 | AV43: 1 & 20 | AW43: 2.6 | AX43: 4.5 | AY43: =(AW43-1.04)/'Subsample weights'!AP52 -> 0.31578947 | AZ43: =(AX43-1.7)/'Subsample weights'!AP52 -> 0.56680162 | BA43: =('Subsample weights'!AP52-((Ginning!AW43-1.04)+(Ginning!AX43-1.7)))/'Subsample weights'!AP52 -> 0.11740891 | BD43: 1 | BE43: 1 & 20 | BF43: 3.66 | BG43: 6.02 | BH43: =(BF43-1.04)/'Subsample weights'!AS52 -> 0.34203655 | BI43: =(BG43-1.7)/'Subsample weights'!AS52 -> 0.56396867 | BJ43: =('Subsample weights'!AS52-((Ginning!BF43-1.04)+(Ginning!BG43-1.7)))/'Subsample weights'!AS52 -> 0.093994778 | BM43: 1 | BN43: 1 & 20 | BO43: 3.58 | BP43: 5.98 | BQ43: =(BO43-1.04)/'Subsample weights'!AV52 -> 0.33957219 | BR43: =(BP43-1.7)/'Subsample weights'!AV52 -> 0.57219251 | BS43: =('Subsample weights'!AV52-((Ginning!BO43-1.04)+(Ginning!BP43-1.7)))/'Subsample weights'!AV52 -> 0.088235294 | BV43: 1 | BW43: 1 & 20 | BX43: 3.1 | BY43: 4.46 | BZ43: =(BX43-1.04)/'Subsample weights'!AY52 -> 0.31306991 | CA43: =(BY43-0.76)/'Subsample weights'!AY52 -> 0.56231003 | CB43: =('Subsample weights'!AY52-((Ginning!BX43-1.04)+(Ginning!BY43-0.76)))/'Subsample weights'!AY52 -> 0.12462006
B44: 2 | C44: 2 & 19 | D44: 3.62 | E44: 5.92 | F44: =(D44-1.04)/'Subsample weights'!AA53 -> 0.33947368 | G44: =(E44-1.7)/'Subsample weights'!AA53 -> 0.55526316 | H44: =('Subsample weights'!AA53-((Ginning!D44-1.04)+(Ginning!E44-1.7)))/'Subsample weights'!AA53 -> 0.10526316 | K44: 2 | L44: 2 & 19 | M44: 2.96 | N44: 5.06 | O44: =(M44-1.04)/'Subsample weights'!AD53 -> 0.32107023 | P44: =(N44-1.7)/'Subsample weights'!AD53 -> 0.56187291 | Q44: =('Subsample weights'!AD53-((Ginning!M44-1.04)+(Ginning!N44-1.7)))/'Subsample weights'!AD53 -> 0.11705686 | T44: 2 | U44: 2 & 19 | V44: 3.42 | W44: 5.76 | X44: =(V44-1.04)/'Subsample weights'!AG53 -> 0.33806818 | Y44: =(W44-1.7)/'Subsample weights'!AG53 -> 0.57670455 | Z44: =('Subsample weights'!AG53-((Ginning!V44-1.04)+(Ginning!W44-1.7)))/'Subsample weights'!AG53 -> 0.085227273 | AC44: 2 | AD44: 2 & 19 | AE44: 3.12 | AF44: 5.24 | AG44: =(AE44-1.04)/'Subsample weights'!AJ53 -> 0.33015873 | AH44: =(AF44-1.7)/'Subsample weights'!AJ53 -> 0.56190476 | AI44: =('Subsample weights'!AJ53-((Ginning!AE44-1.04)+(Ginning!AF44-1.7)))/'Subsample weights'!AJ53 -> 0.10793651 | AL44: 2 | AM44: 2 & 19 | AN44: 3.26 | AO44: 5.66 | AP44: =(AN44-1.04)/'Subsample weights'!AM53 -> 0.33333333 | AQ44: =(AO44-1.7)/'Subsample weights'!AM53 -> 0.59459459 | AR44: =('Subsample weights'!AM53-((Ginning!AN44-1.04)+(Ginning!AO44-1.7)))/'Subsample weights'!AM53 -> 0.072072072 | AU44: 2 | AV44: 2 & 19 | AW44: 3.32 | AX44: 5.68 | AY44: =(AW44-1.04)/'Subsample weights'!AP53 -> 0.32947977 | AZ44: =(AX44-1.7)/'Subsample weights'!AP53 -> 0.57514451 | BA44: =('Subsample weights'!AP53-((Ginning!AW44-1.04)+(Ginning!AX44-1.7)))/'Subsample weights'!AP53 -> 0.095375723 | BD44: 2 | BE44: 2 & 19 | BF44: 2.94 | BG44: 4.92 | BH44: =(BF44-1.04)/'Subsample weights'!AS53 -> 0.32758621 | BI44: =(BG44-1.7)/'Subsample weights'!AS53 -> 0.55517241 | BJ44: =('Subsample weights'!AS53-((Ginning!BF44-1.04)+(Ginning!BG44-1.7)))/'Subsample weights'!AS53 -> 0.11724138 | BM44: 2 | BN44: 2 & 19 | BO44: 3.44 | BP44: 5.62 | BQ44: =(BO44-1.04)/'Subsample weights'!AV53 -> 0.34188034 | BR44: =(BP44-1.7)/'Subsample weights'!AV53 -> 0.55840456 | BS44: =('Subsample weights'!AV53-((Ginning!BO44-1.04)+(Ginning!BP44-1.7)))/'Subsample weights'!AV53 -> 0.0997151 | BV44: 2 | BW44: 2 & 19 | BX44: 3.66 | BY44: 6.46 | BZ44: =(BX44-1.04)/'Subsample weights'!AY53 -> 0.31339713 | CA44: =(BY44-1.7)/'Subsample weights'!AY53 -> 0.56937799 | CB44: =('Subsample weights'!AY53-((Ginning!BX44-1.04)+(Ginning!BY44-1.7)))/'Subsample weights'!AY53 -> 0.11722488
B45: 3 | C45: 3 & 18 | D45: 2.98 | E45: 4.9 | F45: =(D45-1.04)/'Subsample weights'!AA54 -> 0.34642857 | G45: =(E45-1.7)/'Subsample weights'!AA54 -> 0.57142857 | H45: =('Subsample weights'!AA54-((Ginning!D45-1.04)+(Ginning!E45-1.7)))/'Subsample weights'!AA54 -> 0.082142857 | K45: 3 | L45: 3 & 18 | M45: 3.02 | N45: 5.08 | O45: =(M45-1.04)/'Subsample weights'!AD54 -> 0.33 | P45: =(N45-1.7)/'Subsample weights'!AD54 -> 0.56333333 | Q45: =('Subsample weights'!AD54-((Ginning!M45-1.04)+(Ginning!N45-1.7)))/'Subsample weights'!AD54 -> 0.10666667 | T45: 3 | U45: 3 & 18 | V45: 3.34 | W45: 5.76 | X45: =(V45-1.04)/'Subsample weights'!AG54 -> 0.32033426 | Y45: =(W45-1.7)/'Subsample weights'!AG54 -> 0.56545961 | Z45: =('Subsample weights'!AG54-((Ginning!V45-1.04)+(Ginning!W45-1.7)))/'Subsample weights'!AG54 -> 0.11420613 | AC45: 3 | AD45: 3 & 18 | AE45: 3.32 | AF45: 5.68 | AG45: =(AE45-1.04)/'Subsample weights'!AJ54 -> 0.32758621 | AH45: =(AF45-1.7)/'Subsample weights'!AJ54 -> 0.57183908 | AI45: =('Subsample weights'!AJ54-((Ginning!AE45-1.04)+(Ginning!AF45-1.7)))/'Subsample weights'!AJ54 -> 0.10057471 | AL45: 3 | AM45: 3 & 18 | AN45: 3.16 | AO45: 5.36 | AP45: =(AN45-1.04)/'Subsample weights'!AM54 -> 0.33544304 | AQ45: =(AO45-1.7)/'Subsample weights'!AM54 -> 0.57911392 | AR45: =('Subsample weights'!AM54-((Ginning!AN45-1.04)+(Ginning!AO45-1.7)))/'Subsample weights'!AM54 -> 0.085443038 | AU45: 3 | AV45: 3 & 18 | AW45: 3.52 | AX45: 6.02 | AY45: =(AW45-1.04)/'Subsample weights'!AP54 -> 0.32978723 | AZ45: =(AX45-1.7)/'Subsample weights'!AP54 -> 0.57446809 | BA45: =('Subsample weights'!AP54-((Ginning!AW45-1.04)+(Ginning!AX45-1.7)))/'Subsample weights'!AP54 -> 0.095744681 | BD45: 3 | BE45: 3 & 18 | BF45: 3.66 | BG45: 6.02 | BH45: =(BF45-1.04)/'Subsample weights'!AS54 -> 0.34203655 | BI45: =(BG45-1.7)/'Subsample weights'!AS54 -> 0.56396867 | BJ45: =('Subsample weights'!AS54-((Ginning!BF45-1.04)+(Ginning!BG45-1.7)))/'Subsample weights'!AS54 -> 0.093994778 | BM45: 3 | BN45: 3 & 18 | BO45: 3.6 | BP45: 5.54 | BQ45: =(BO45-1.04)/'Subsample weights'!AV54 -> 0.34224599 | BR45: =(BP45-1.7)/'Subsample weights'!AV54 -> 0.51336898 | BS45: =('Subsample weights'!AV54-((Ginning!BO45-1.04)+(Ginning!BP45-1.7)))/'Subsample weights'!AV54 -> 0.14438503 | BV45: 3 | BW45: 3 & 18 | BX45: 3.56 | BY45: 6.4 | BZ45: =(BX45-1.04)/'Subsample weights'!AY54 -> 0.30361446 | CA45: =(BY45-1.7)/'Subsample weights'!AY54 -> 0.56626506 | CB45: =('Subsample weights'!AY54-((Ginning!BX45-1.04)+(Ginning!BY45-1.7)))/'Subsample weights'!AY54 -> 0.13012048
B46: 4 | C46: 4 & 17 | D46: 3.2 | E46: 5.24 | F46: =(D46-1.04)/'Subsample weights'!AA55 -> 0.34726688 | G46: =(E46-1.7)/'Subsample weights'!AA55 -> 0.56913183 | H46: =('Subsample weights'!AA55-((Ginning!D46-1.04)+(Ginning!E46-1.7)))/'Subsample weights'!AA55 -> 0.083601286 | K46: 4 | L46: 4 & 17 | M46: 2.64 | N46: 4.46 | O46: =(M46-1.04)/'Subsample weights'!AD55 -> 0.32258065 | P46: =(N46-1.7)/'Subsample weights'!AD55 -> 0.55645161 | Q46: =('Subsample weights'!AD55-((Ginning!M46-1.04)+(Ginning!N46-1.7)))/'Subsample weights'!AD55 -> 0.12096774 | T46: 4 | U46: 4 & 17 | V46: 3.18 | W46: 5.42 | X46: =(V46-1.04)/'Subsample weights'!AG55 -> 0.33229814 | Y46: =(W46-1.7)/'Subsample weights'!AG55 -> 0.57763975 | Z46: =('Subsample weights'!AG55-((Ginning!V46-1.04)+(Ginning!W46-1.7)))/'Subsample weights'!AG55 -> 0.090062112 | AC46: 4 | AD46: 4 & 17 | AE46: 3.26 | AF46: 5.56 | AG46: =(AE46-1.04)/'Subsample weights'!AJ55 -> 0.33333333 | AH46: =(AF46-1.7)/'Subsample weights'!AJ55 -> 0.57957958 | AI46: =('Subsample weights'!AJ55-((Ginning!AE46-1.04)+(Ginning!AF46-1.7)))/'Subsample weights'!AJ55 -> 0.087087087 | AL46: 4 | AM46: 4 & 17 | AN46: 3.62 | AO46: 6.06 | AP46: =(AN46-1.04)/'Subsample weights'!AM55 -> 0.34126984 | AQ46: =(AO46-1.7)/'Subsample weights'!AM55 -> 0.57671958 | AR46: =('Subsample weights'!AM55-((Ginning!AN46-1.04)+(Ginning!AO46-1.7)))/'Subsample weights'!AM55 -> 0.082010582 | AU46: 4 | AV46: 4 & 17 | AW46: 3.54 | AX46: 6.06 | AY46: =(AW46-1.04)/'Subsample weights'!AP55 -> 0.33156499 | AZ46: =(AX46-1.7)/'Subsample weights'!AP55 -> 0.57824934 | BA46: =('Subsample weights'!AP55-((Ginning!AW46-1.04)+(Ginning!AX46-1.7)))/'Subsample weights'!AP55 -> 0.090185676 | BD46: 4 | BE46: 4 & 17 | BF46: 4.06 | BG46: 6.62 | BH46: =(BF46-1.04)/'Subsample weights'!AS55 -> 0.33856502 | BI46: =(BG46-1.7)/'Subsample weights'!AS55 -> 0.55156951 | BJ46: =('Subsample weights'!AS55-((Ginning!BF46-1.04)+(Ginning!BG46-1.7)))/'Subsample weights'!AS55 -> 0.10986547 | BM46: 4 | BN46: 4 & 17 | BO46: 3.24 | BP46: 5.5 | BQ46: =(BO46-1.04)/'Subsample weights'!AV55 -> 0.33033033 | BR46: =(BP46-1.7)/'Subsample weights'!AV55 -> 0.57057057 | BS46: =('Subsample weights'!AV55-((Ginning!BO46-1.04)+(Ginning!BP46-1.7)))/'Subsample weights'!AV55 -> 0.099099099 | BV46: 4 | BW46: 4 & 17 | BX46: 2.98 | BY46: 5.32 | BZ46: =(BX46-1.04)/'Subsample weights'!AY55 -> 0.31596091 | CA46: =(BY46-1.7)/'Subsample weights'!AY55 -> 0.58957655 | CB46: =('Subsample weights'!AY55-((Ginning!BX46-1.04)+(Ginning!BY46-1.7)))/'Subsample weights'!AY55 -> 0.094462541
B47: 5 | C47: 5 & 16 | D47: 2.82 | E47: 4.7 | F47: =(D47-1.04)/'Subsample weights'!AA56 -> 0.33840304 | G47: =(E47-1.7)/'Subsample weights'!AA56 -> 0.57034221 | H47: =('Subsample weights'!AA56-((Ginning!D47-1.04)+(Ginning!E47-1.7)))/'Subsample weights'!AA56 -> 0.091254753 | K47: 5 | L47: 5 & 16 | M47: 2.84 | N47: 4.8 | O47: =(M47-1.04)/'Subsample weights'!AD56 -> 0.32608696 | P47: =(N47-1.7)/'Subsample weights'!AD56 -> 0.5615942 | Q47: =('Subsample weights'!AD56-((Ginning!M47-1.04)+(Ginning!N47-1.7)))/'Subsample weights'!AD56 -> 0.11231884 | T47: 5 | U47: 5 & 16 | V47: 3.74 | W47: 6.16 | X47: =(V47-1.04)/'Subsample weights'!AG56 -> 0.33834586 | Y47: =(W47-1.7)/'Subsample weights'!AG56 -> 0.55889724 | Z47: =('Subsample weights'!AG56-((Ginning!V47-1.04)+(Ginning!W47-1.7)))/'Subsample weights'!AG56 -> 0.10275689 | AC47: 5 | AD47: 5 & 16 | AE47: 2.94 | AF47: 5.08 | AG47: =(AE47-1.04)/'Subsample weights'!AJ56 -> 0.32646048 | AH47: =(AF47-1.7)/'Subsample weights'!AJ56 -> 0.58075601 | AI47: =('Subsample weights'!AJ56-((Ginning!AE47-1.04)+(Ginning!AF47-1.7)))/'Subsample weights'!AJ56 -> 0.092783505 | AL47: 5 | AM47: 5 & 16 | AN47: 3.24 | AO47: 5.4 | AP47: =(AN47-1.04)/'Subsample weights'!AM56 -> 0.34161491 | AQ47: =(AO47-1.7)/'Subsample weights'!AM56 -> 0.57453416 | AR47: =('Subsample weights'!AM56-((Ginning!AN47-1.04)+(Ginning!AO47-1.7)))/'Subsample weights'!AM56 -> 0.083850932 | AU47: 5 | AV47: 5 & 16 | AW47: 3.42 | AX47: 5.88 | AY47: =(AW47-1.04)/'Subsample weights'!AP56 -> 0.32336957 | AZ47: =(AX47-1.7)/'Subsample weights'!AP56 -> 0.56793478 | BA47: =('Subsample weights'!AP56-((Ginning!AW47-1.04)+(Ginning!AX47-1.7)))/'Subsample weights'!AP56 -> 0.10869565 | BD47: 5 | BE47: 5 & 16 | BF47: 3.44 | BG47: 5.6 | BH47: =(BF47-1.04)/'Subsample weights'!AS56 -> 0.33898305 | BI47: =(BG47-1.7)/'Subsample weights'!AS56 -> 0.55084746 | BJ47: =('Subsample weights'!AS56-((Ginning!BF47-1.04)+(Ginning!BG47-1.7)))/'Subsample weights'!AS56 -> 0.11016949 | BM47: 5 | BN47: 5 & 16 | BO47: 3.52 | BP47: 5.98 | BQ47: =(BO47-1.04)/'Subsample weights'!AV56 -> 0.33066667 | BR47: =(BP47-1.7)/'Subsample weights'!AV56 -> 0.57066667 | BS47: =('Subsample weights'!AV56-((Ginning!BO47-1.04)+(Ginning!BP47-1.7)))/'Subsample weights'!AV56 -> 0.098666667 | BV47: 5 | BW47: 5 & 16 | BX47: 3.12 | BY47: 5.66 | BZ47: =(BX47-1.04)/'Subsample weights'!AY56 -> 0.30952381 | CA47: =(BY47-1.7)/'Subsample weights'!AY56 -> 0.58928571 | CB47: =('Subsample weights'!AY56-((Ginning!BX47-1.04)+(Ginning!BY47-1.7)))/'Subsample weights'!AY56 -> 0.10119048
