Workbook

Sheet EXNDVI
A1: Plot | B1: DOY152 | C1: DOY157 | D1: DOY163 | E1: DOY166 | F1: DOY169 | G1: DOY172 | H1: DOY176 | I1: DOY178 | J1: DOY180 | K1: DOY183 | L1: DOY187 | M1: DOY190 | N1: DOY192 | O1: DOY194 | P1: DOY200 | Q1: DOY204 | R1: DOY206 | S1: DOY208 | T1: DOY211 | U1: DOY213 | V1: DOY214 | W1: DOY219 | X1: DOY222 | Y1: DOY225 | Z1: DOY227 | AA1: DOY232 | AB1: DOY234 | AC1: DOY236 | AD1: DOY242 | AE1: DOY247 | AF1: DOY253 | AG1: DOY260 | AH1: DOY263 | AI1: DOY267 | AJ1: DOY269 | AK1: DOY276
A2: Panel 100.1 | B2: =(('Band 4'!B3-'Band 3'!B3)/('Band 3'!B3+'Band 4'!B3)) -> -0.0001 | C2: =(('Band 4'!C3-'Band 3'!C3)/('Band 3'!C3+'Band 4'!C3)) -> -9.9700897e-05 | D2: =(('Band 4'!D3-'Band 3'!D3)/('Band 3'!D3+'Band 4'!D3)) -> -9.9700897e-05 | E2: =(('Band 4'!E3-'Band 3'!E3)/('Band 3'!E3+'Band 4'!E3)) -> -0.00010009008 | F2: =(('Band 4'!F3-'Band 3'!F3)/('Band 3'!F3+'Band 4'!F3)) -> -0.00015074619 | G2: =(('Band 4'!G3-'Band 3'!G3)/('Band 3'!G3+'Band 4'!G3)) -> -9.9850225e-05 | H2: =(('Band 4'!H3-'Band 3'!H3)/('Band 3'!H3+'Band 4'!H3)) -> -0.0001005935 | I2: =(('Band 4'!I3-'Band 3'!I3)/('Band 3'!I3+'Band 4'!I3)) -> -0.00010033109 | ... AK2: =(('Band 4'!AK3-'Band 3'!AK3)/('Band 3'!AK3+'Band 4'!AK3)) -> -0.00015181418
A3: Panel 70.1 | B3: =(('Band 4'!B4-'Band 3'!B4)/('Band 3'!B4+'Band 4'!B4)) -> 0.73281135 | C3: =(('Band 4'!C4-'Band 3'!C4)/('Band 3'!C4+'Band 4'!C4)) -> 0.65139371 | D3: =(('Band 4'!D4-'Band 3'!D4)/('Band 3'!D4+'Band 4'!D4)) -> 0.65158028 | E3: =(('Band 4'!E4-'Band 3'!E4)/('Band 3'!E4+'Band 4'!E4)) -> 0.6520184 | F3: =(('Band 4'!F4-'Band 3'!F4)/('Band 3'!F4+'Band 4'!F4)) -> 0.65236271 | G3: =(('Band 4'!G4-'Band 3'!G4)/('Band 3'!G4+'Band 4'!G4)) -> 0.65158831 | H3: =(('Band 4'!H4-'Band 3'!H4)/('Band 3'!H4+'Band 4'!H4)) -> 0.6518509 | I3: =(('Band 4'!I4-'Band 3'!I4)/('Band 3'!I4+'Band 4'!I4)) -> 0.65257376 | ... AK3: =(('Band 4'!AK4-'Band 3'!AK4)/('Band 3'!AK4+'Band 4'!AK4)) -> 0.65320911
A4: p41 | B4: =(('Band 4'!B5-'Band 3'!B5)/('Band 3'!B5+'Band 4'!B5)) -> 0.14820497 | C4: =(('Band 4'!C5-'Band 3'!C5)/('Band 3'!C5+'Band 4'!C5)) -> 0.18913707 | D4: =(('Band 4'!D5-'Band 3'!D5)/('Band 3'!D5+'Band 4'!D5)) -> 0.21889401 | E4: =(('Band 4'!E5-'Band 3'!E5)/('Band 3'!E5+'Band 4'!E5)) -> 0.26540173 | F4: =(('Band 4'!F5-'Band 3'!F5)/('Band 3'!F5+'Band 4'!F5)) -> 0.28585961 | G4: =(('Band 4'!G5-'Band 3'!G5)/('Band 3'!G5+'Band 4'!G5)) -> 0.29610984 | H4: =(('Band 4'!H5-'Band 3'!H5)/('Band 3'!H5+'Band 4'!H5)) -> 0.35919283 | I4: =(('Band 4'!I5-'Band 3'!I5)/('Band 3'!I5+'Band 4'!I5)) -> 0.41515082 | ... AK4: =(('Band 4'!AK5-'Band 3'!AK5)/('Band 3'!AK5+'Band 4'!AK5)) -> 0.67364991
A5: p42 | B5: =(('Band 4'!B6-'Band 3'!B6)/('Band 3'!B6+'Band 4'!B6)) -> 0.13571211 | C5: =(('Band 4'!C6-'Band 3'!C6)/('Band 3'!C6+'Band 4'!C6)) -> 0.16143565 | D5: =(('Band 4'!D6-'Band 3'!D6)/('Band 3'!D6+'Band 4'!D6)) -> 0.16804889 | E5: =(('Band 4'!E6-'Band 3'!E6)/('Band 3'!E6+'Band 4'!E6)) -> 0.20883251 | F5: =(('Band 4'!F6-'Band 3'!F6)/('Band 3'!F6+'Band 4'!F6)) -> 0.23560976 | G5: =(('Band 4'!G6-'Band 3'!G6)/('Band 3'!G6+'Band 4'!G6)) -> 0.27305936 | H5: =(('Band 4'!H6-'Band 3'!H6)/('Band 3'!H6+'Band 4'!H6)) -> 0.3257719 | I5: =(('Band 4'!I6-'Band 3'!I6)/('Band 3'!I6+'Band 4'!I6)) -> 0.39855381 | ... AK5: =(('Band 4'!AK6-'Band 3'!AK6)/('Band 3'!AK6+'Band 4'!AK6)) -> 0.75305006
A6: p43 | B6: =(('Band 4'!B7-'Band 3'!B7)/('Band 3'!B7+'Band 4'!B7)) -> 0.13840457 | C6: =(('Band 4'!C7-'Band 3'!C7)/('Band 3'!C7+'Band 4'!C7)) -> 0.15839809 | D6: =(('Band 4'!D7-'Band 3'!D7)/('Band 3'!D7+'Band 4'!D7)) -> 0.17348019 | E6: =(('Band 4'!E7-'Band 3'!E7)/('Band 3'!E7+'Band 4'!E7)) -> 0.19663315 | F6: =(('Band 4'!F7-'Band 3'!F7)/('Band 3'!F7+'Band 4'!F7)) -> 0.22257053 | G6: =(('Band 4'!G7-'Band 3'!G7)/('Band 3'!G7+'Band 4'!G7)) -> 0.27294285 | H6: =(('Band 4'!H7-'Band 3'!H7)/('Band 3'!H7+'Band 4'!H7)) -> 0.29201331 | I6: =(('Band 4'!I7-'Band 3'!I7)/('Band 3'!I7+'Band 4'!I7)) -> 0.33462616 | ... AK6: =(('Band 4'!AK7-'Band 3'!AK7)/('Band 3'!AK7+'Band 4'!AK7)) -> 0.59413854
A7: p44 | B7: =(('Band 4'!B8-'Band 3'!B8)/('Band 3'!B8+'Band 4'!B8)) -> 0.14441502 | C7: =(('Band 4'!C8-'Band 3'!C8)/('Band 3'!C8+'Band 4'!C8)) -> 0.1635876 | D7: =(('Band 4'!D8-'Band 3'!D8)/('Band 3'!D8+'Band 4'!D8)) -> 0.17040261 | E7: =(('Band 4'!E8-'Band 3'!E8)/('Band 3'!E8+'Band 4'!E8)) -> 0.17870722 | F7: =(('Band 4'!F8-'Band 3'!F8)/('Band 3'!F8+'Band 4'!F8)) -> 0.18765192 | G7: =(('Band 4'!G8-'Band 3'!G8)/('Band 3'!G8+'Band 4'!G8)) -> 0.22884013 | H7: =(('Band 4'!H8-'Band 3'!H8)/('Band 3'!H8+'Band 4'!H8)) -> 0.25345069 | I7: =(('Band 4'!I8-'Band 3'!I8)/('Band 3'!I8+'Band 4'!I8)) -> 0.27295703 | ... AK7: =(('Band 4'!AK8-'Band 3'!AK8)/('Band 3'!AK8+'Band 4'!AK8)) -> 0.68960935
A8: p45 | B8: =(('Band 4'!B9-'Band 3'!B9)/('Band 3'!B9+'Band 4'!B9)) -> 0.16169943 | C8: =(('Band 4'!C9-'Band 3'!C9)/('Band 3'!C9+'Band 4'!C9)) -> 0.18031746 | D8: =(('Band 4'!D9-'Band 3'!D9)/('Band 3'!D9+'Band 4'!D9)) -> 0.19148936 | E8: =(('Band 4'!E9-'Band 3'!E9)/('Band 3'!E9+'Band 4'!E9)) -> 0.23589395 | F8: =(('Band 4'!F9-'Band 3'!F9)/('Band 3'!F9+'Band 4'!F9)) -> 0.26699463 | G8: =(('Band 4'!G9-'Band 3'!G9)/('Band 3'!G9+'Band 4'!G9)) -> 0.25657895 | H8: =(('Band 4'!H9-'Band 3'!H9)/('Band 3'!H9+'Band 4'!H9)) -> 0.32302937 | I8: =(('Band 4'!I9-'Band 3'!I9)/('Band 3'!I9+'Band 4'!I9)) -> 0.36726967 | ... AK8: =(('Band 4'!AK9-'Band 3'!AK9)/('Band 3'!AK9+'Band 4'!AK9)) -> 0.71684817
A9: p46 | B9: =(('Band 4'!B10-'Band 3'!B10)/('Band 3'!B10+'Band 4'!B10)) -> 0.14517363 | C9: =(('Band 4'!C10-'Band 3'!C10)/('Band 3'!C10+'Band 4'!C10)) -> 0.19691703 | D9: =(('Band 4'!D10-'Band 3'!D10)/('Band 3'!D10+'Band 4'!D10)) -> 0.22038981 | E9: =(('Band 4'!E10-'Band 3'!E10)/('Band 3'!E10+'Band 4'!E10)) -> 0.29021559 | F9: =(('Band 4'!F10-'Band 3'!F10)/('Band 3'!F10+'Band 4'!F10)) -> 0.31823657 | G9: =(('Band 4'!G10-'Band 3'!G10)/('Band 3'!G10+'Band 4'!G10)) -> 0.36670459 | H9: =(('Band 4'!H10-'Band 3'!H10)/('Band 3'!H10+'Band 4'!H10)) -> 0.47990868 | I9: =(('Band 4'!I10-'Band 3'!I10)/('Band 3'!I10+'Band 4'!I10)) -> 0.51185138 | ... AK9: =(('Band 4'!AK10-'Band 3'!AK10)/('Band 3'!AK10+'Band 4'!AK10)) -> 0.73905579
A10: p47 | B10: =(('Band 4'!B11-'Band 3'!B11)/('Band 3'!B11+'Band 4'!B11)) -> 0.14890354 | C10: =(('Band 4'!C11-'Band 3'!C11)/('Band 3'!C11+'Band 4'!C11)) -> 0.17430065 | D10: =(('Band 4'!D11-'Band 3'!D11)/('Band 3'!D11+'Band 4'!D11)) -> 0.2049948 | E10: =(('Band 4'!E11-'Band 3'!E11)/('Band 3'!E11+'Band 4'!E11)) -> 0.25332721 | F10: =(('Band 4'!F11-'Band 3'!F11)/('Band 3'!F11+'Band 4'!F11)) -> 0.27355989 | G10: =(('Band 4'!G11-'Band 3'!G11)/('Band 3'!G11+'Band 4'!G11)) -> 0.33140826 | H10: =(('Band 4'!H11-'Band 3'!H11)/('Band 3'!H11+'Band 4'!H11)) -> 0.41443486 | I10: =(('Band 4'!I11-'Band 3'!I11)/('Band 3'!I11+'Band 4'!I11)) -> 0.4097178 | ... AK10: =(('Band 4'!AK11-'Band 3'!AK11)/('Band 3'!AK11+'Band 4'!AK11)) -> 0.66617367
A11: p48 | B11: =(('Band 4'!B12-'Band 3'!B12)/('Band 3'!B12+'Band 4'!B12)) -> 0.13716545 | C11: =(('Band 4'!C12-'Band 3'!C12)/('Band 3'!C12+'Band 4'!C12)) -> 0.14808986 | D11: =(('Band 4'!D12-'Band 3'!D12)/('Band 3'!D12+'Band 4'!D12)) -> 0.18451121 | E11: =(('Band 4'!E12-'Band 3'!E12)/('Band 3'!E12+'Band 4'!E12)) -> 0.22143865 | F11: =(('Band 4'!F12-'Band 3'!F12)/('Band 3'!F12+'Band 4'!F12)) -> 0.23715415 | G11: =(('Band 4'!G12-'Band 3'!G12)/('Band 3'!G12+'Band 4'!G12)) -> 0.25515174 | H11: =(('Band 4'!H12-'Band 3'!H12)/('Band 3'!H12+'Band 4'!H12)) -> 0.34008176 | I11: =(('Band 4'!I12-'Band 3'!I12)/('Band 3'!I12+'Band 4'!I12)) -> 0.4043573 | ... AK11: =(('Band 4'!AK12-'Band 3'!AK12)/('Band 3'!AK12+'Band 4'!AK12)) -> 0.68268839
A12: p38 | B12: =(('Band 4'!B13-'Band 3'!B13)/('Band 3'!B13+'Band 4'!B13)) -> 0.14204787 | C12: =(('Band 4'!C13-'Band 3'!C13)/('Band 3'!C13+'Band 4'!C13)) -> 0.18513458 | D12: =(('Band 4'!D13-'Band 3'!D13)/('Band 3'!D13+'Band 4'!D13)) -> 0.20244399 | E12: =(('Band 4'!E13-'Band 3'!E13)/('Band 3'!E13+'Band 4'!E13)) -> 0.25468717 | F12: =(('Band 4'!F13-'Band 3'!F13)/('Band 3'!F13+'Band 4'!F13)) -> 0.27285068 | G12: =(('Band 4'!G13-'Band 3'!G13)/('Band 3'!G13+'Band 4'!G13)) -> 0.30042194 | H12: =(('Band 4'!H13-'Band 3'!H13)/('Band 3'!H13+'Band 4'!H13)) -> 0.35591944 | I12: =(('Band 4'!I13-'Band 3'!I13)/('Band 3'!I13+'Band 4'!I13)) -> 0.41445428 | ... AK12: =(('Band 4'!AK13-'Band 3'!AK13)/('Band 3'!AK13+'Band 4'!AK13)) -> 0.62450962
A13: p37 | B13: =(('Band 4'!B14-'Band 3'!B14)/('Band 3'!B14+'Band 4'!B14)) -> 0.13073005 | C13: =(('Band 4'!C14-'Band 3'!C14)/('Band 3'!C14+'Band 4'!C14)) -> 0.15256496 | D13: =(('Band 4'!D14-'Band 3'!D14)/('Band 3'!D14+'Band 4'!D14)) -> 0.18365019 | E13: =(('Band 4'!E14-'Band 3'!E14)/('Band 3'!E14+'Band 4'!E14)) -> 0.19686888 | F13: =(('Band 4'!F14-'Band 3'!F14)/('Band 3'!F14+'Band 4'!F14)) -> 0.22259136 | G13: =(('Band 4'!G14-'Band 3'!G14)/('Band 3'!G14+'Band 4'!G14)) -> 0.22733964 | H13: =(('Band 4'!H14-'Band 3'!H14)/('Band 3'!H14+'Band 4'!H14)) -> 0.26681957 | I13: =(('Band 4'!I14-'Band 3'!I14)/('Band 3'!I14+'Band 4'!I14)) -> 0.31434109 | ... AK13: =(('Band 4'!AK14-'Band 3'!AK14)/('Band 3'!AK14+'Band 4'!AK14)) -> 0.74825432
... A46: Panel 100.3 | B46: =(('Band 4'!B47-'Band 3'!B47)/('Band 3'!B47+'Band 4'!B47)) -> 0 | C46: =(('Band 4'!C47-'Band 3'!C47)/('Band 3'!C47+'Band 4'!C47)) -> 0 | D46: =(('Band 4'!D47-'Band 3'!D47)/('Band 3'!D47+'Band 4'!D47)) -> 4.872582e-05 | E46: =(('Band 4'!E47-'Band 3'!E47)/('Band 3'!E47+'Band 4'!E47)) -> -4.9360778e-05 | F46: =(('Band 4'!F47-'Band 3'!F47)/('Band 3'!F47+'Band 4'!F47)) -> -9.9098206e-05 | G46: =(('Band 4'!G47-'Band 3'!G47)/('Band 3'!G47+'Band 4'!G47)) -> 0 | H46: =(('Band 4'!H47-'Band 3'!H47)/('Band 3'!H47+'Band 4'!H47)) -> -9.9088387e-05 | I46: =(('Band 4'!I47-'Band 3'!I47)/('Band 3'!I47+'Band 4'!I47)) -> -4.9433981e-05 | ... AK46: =(('Band 4'!AK47-'Band 3'!AK47)/('Band 3'!AK47+'Band 4'!AK47)) -> -0.00014985764
A47: Quality | B47: 2 | C47: 3 | D47: 3 | E47: 2 | F47: 2 | G47: 0 | H47: 1 | I47: 2 | J47: 3 | K47: 2 | L47: 2 | M47: 2 | N47: 3 | O47: 3 | P47: 2 | Q47: 5 | R47: 4 | S47: 4 | T47: 4 | U47: 3 | V47: 2 | W47: 3 | X47: 2 | Y47: 3 | Z47: 3 | AA47: 2 | AB47: 2 | AC47: 2 | AD47: 2 | AE47: 3 | AF47: 2 | AG47: 2 | AH47: 2 | AI47: 2 | AJ47: 1 | AK47: 2

Sheet NDVI
B1: DOY
A2: Plot | B2: 152 | C2: 157 | D2: 163 | E2: 166 | F2: 169 | G2: 172 | H2: 176 | I2: 178 | J2: 180 | K2: 183 | L2: 187 | M2: 190 | N2: 192 | O2: 194 | P2: 200 | Q2: 204 | R2: 206 | S2: 208 | T2: 211 | U2: 213 | V2: 214 | W2: 219 | X2: 222 | Y2: 225 | Z2: 227 | AA2: 232 | AB2: 234 | AC2: 236 | AD2: 242 | AE2: 247 | AF2: 253 | AG2: 260 | AH2: 263 | AI2: 267 | AJ2: 269 | AK2: 276
A3: Panel 100.1 | B3: =(('Band 4'!B3-'Band 3'!B3)/('Band 3'!B3+'Band 4'!B3)) -> -0.0001 | C3: =(('Band 4'!C3-'Band 3'!C3)/('Band 3'!C3+'Band 4'!C3)) -> -9.9700897e-05 | D3: =(('Band 4'!D3-'Band 3'!D3)/('Band 3'!D3+'Band 4'!D3)) -> -9.9700897e-05 | E3: =(('Band 4'!E3-'Band 3'!E3)/('Band 3'!E3+'Band 4'!E3)) -> -0.00010009008 | F3: =(('Band 4'!F3-'Band 3'!F3)/('Band 3'!F3+'Band 4'!F3)) -> -0.00015074619 | G3: =(('Band 4'!G3-'Band 3'!G3)/('Band 3'!G3+'Band 4'!G3)) -> -9.9850225e-05 | H3: =(('Band 4'!H3-'Band 3'!H3)/('Band 3'!H3+'Band 4'!H3)) -> -0.0001005935 | I3: =(('Band 4'!I3-'Band 3'!I3)/('Band 3'!I3+'Band 4'!I3)) -> -0.00010033109 | ... AK3: =(('Band 4'!AK3-'Band 3'!AK3)/('Band 3'!AK3+'Band 4'!AK3)) -> -0.00015181418
A4: Panel 70.1 | B4: =(('Band 4'!B4-'Band 3'!B4)/('Band 3'!B4+'Band 4'!B4)) -> 0.73281135 | C4: =(('Band 4'!C4-'Band 3'!C4)/('Band 3'!C4+'Band 4'!C4)) -> 0.65139371 | D4: =(('Band 4'!D4-'Band 3'!D4)/('Band 3'!D4+'Band 4'!D4)) -> 0.65158028 | E4: =(('Band 4'!E4-'Band 3'!E4)/('Band 3'!E4+'Band 4'!E4)) -> 0.6520184 | F4: =(('Band 4'!F4-'Band 3'!F4)/('Band 3'!F4+'Band 4'!F4)) -> 0.65236271 | G4: =(('Band 4'!G4-'Band 3'!G4)/('Band 3'!G4+'Band 4'!G4)) -> 0.65158831 | H4: =(('Band 4'!H4-'Band 3'!H4)/('Band 3'!H4+'Band 4'!H4)) -> 0.6518509 | I4: =(('Band 4'!I4-'Band 3'!I4)/('Band 3'!I4+'Band 4'!I4)) -> 0.65257376 | ... AK4: =(('Band 4'!AK4-'Band 3'!AK4)/('Band 3'!AK4+'Band 4'!AK4)) -> 0.65320911
A5: 41 | B5: =(('Band 4'!B5-'Band 3'!B5)/('Band 3'!B5+'Band 4'!B5)) -> 0.14820497 | C5: =(('Band 4'!C5-'Band 3'!C5)/('Band 3'!C5+'Band 4'!C5)) -> 0.18913707 | D5: =(('Band 4'!D5-'Band 3'!D5)/('Band 3'!D5+'Band 4'!D5)) -> 0.21889401 | E5: =(('Band 4'!E5-'Band 3'!E5)/('Band 3'!E5+'Band 4'!E5)) -> 0.26540173 | F5: =(('Band 4'!F5-'Band 3'!F5)/('Band 3'!F5+'Band 4'!F5)) -> 0.28585961 | G5: =(('Band 4'!G5-'Band 3'!G5)/('Band 3'!G5+'Band 4'!G5)) -> 0.29610984 | H5: =(('Band 4'!H5-'Band 3'!H5)/('Band 3'!H5+'Band 4'!H5)) -> 0.35919283 | I5: =(('Band 4'!I5-'Band 3'!I5)/('Band 3'!I5+'Band 4'!I5)) -> 0.41515082 | ... AK5: =(('Band 4'!AK5-'Band 3'!AK5)/('Band 3'!AK5+'Band 4'!AK5)) -> 0.67364991
A6: 42 | B6: =(('Band 4'!B6-'Band 3'!B6)/('Band 3'!B6+'Band 4'!B6)) -> 0.13571211 | C6: =(('Band 4'!C6-'Band 3'!C6)/('Band 3'!C6+'Band 4'!C6)) -> 0.16143565 | D6: =(('Band 4'!D6-'Band 3'!D6)/('Band 3'!D6+'Band 4'!D6)) -> 0.16804889 | E6: =(('Band 4'!E6-'Band 3'!E6)/('Band 3'!E6+'Band 4'!E6)) -> 0.20883251 | F6: =(('Band 4'!F6-'Band 3'!F6)/('Band 3'!F6+'Band 4'!F6)) -> 0.23560976 | G6: =(('Band 4'!G6-'Band 3'!G6)/('Band 3'!G6+'Band 4'!G6)) -> 0.27305936 | H6: =(('Band 4'!H6-'Band 3'!H6)/('Band 3'!H6+'Band 4'!H6)) -> 0.3257719 | I6: =(('Band 4'!I6-'Band 3'!I6)/('Band 3'!I6+'Band 4'!I6)) -> 0.39855381 | ... AK6: =(('Band 4'!AK6-'Band 3'!AK6)/('Band 3'!AK6+'Band 4'!AK6)) -> 0.75305006
A7: 43 | B7: =(('Band 4'!B7-'Band 3'!B7)/('Band 3'!B7+'Band 4'!B7)) -> 0.13840457 | C7: =(('Band 4'!C7-'Band 3'!C7)/('Band 3'!C7+'Band 4'!C7)) -> 0.15839809 | D7: =(('Band 4'!D7-'Band 3'!D7)/('Band 3'!D7+'Band 4'!D7)) -> 0.17348019 | E7: =(('Band 4'!E7-'Band 3'!E7)/('Band 3'!E7+'Band 4'!E7)) -> 0.19663315 | F7: =(('Band 4'!F7-'Band 3'!F7)/('Band 3'!F7+'Band 4'!F7)) -> 0.22257053 | G7: =(('Band 4'!G7-'Band 3'!G7)/('Band 3'!G7+'Band 4'!G7)) -> 0.27294285 | H7: =(('Band 4'!H7-'Band 3'!H7)/('Band 3'!H7+'Band 4'!H7)) -> 0.29201331 | I7: =(('Band 4'!I7-'Band 3'!I7)/('Band 3'!I7+'Band 4'!I7)) -> 0.33462616 | ... AK7: =(('Band 4'!AK7-'Band 3'!AK7)/('Band 3'!AK7+'Band 4'!AK7)) -> 0.59413854
A8: 44 | B8: =(('Band 4'!B8-'Band 3'!B8)/('Band 3'!B8+'Band 4'!B8)) -> 0.14441502 | C8: =(('Band 4'!C8-'Band 3'!C8)/('Band 3'!C8+'Band 4'!C8)) -> 0.1635876 | D8: =(('Band 4'!D8-'Band 3'!D8)/('Band 3'!D8+'Band 4'!D8)) -> 0.17040261 | E8: =(('Band 4'!E8-'Band 3'!E8)/('Band 3'!E8+'Band 4'!E8)) -> 0.17870722 | F8: =(('Band 4'!F8-'Band 3'!F8)/('Band 3'!F8+'Band 4'!F8)) -> 0.18765192 | G8: =(('Band 4'!G8-'Band 3'!G8)/('Band 3'!G8+'Band 4'!G8)) -> 0.22884013 | H8: =(('Band 4'!H8-'Band 3'!H8)/('Band 3'!H8+'Band 4'!H8)) -> 0.25345069 | I8: =(('Band 4'!I8-'Band 3'!I8)/('Band 3'!I8+'Band 4'!I8)) -> 0.27295703 | ... AK8: =(('Band 4'!AK8-'Band 3'!AK8)/('Band 3'!AK8+'Band 4'!AK8)) -> 0.68960935
A9: 45 | B9: =(('Band 4'!B9-'Band 3'!B9)/('Band 3'!B9+'Band 4'!B9)) -> 0.16169943 | C9: =(('Band 4'!C9-'Band 3'!C9)/('Band 3'!C9+'Band 4'!C9)) -> 0.18031746 | D9: =(('Band 4'!D9-'Band 3'!D9)/('Band 3'!D9+'Band 4'!D9)) -> 0.19148936 | E9: =(('Band 4'!E9-'Band 3'!E9)/('Band 3'!E9+'Band 4'!E9)) -> 0.23589395 | F9: =(('Band 4'!F9-'Band 3'!F9)/('Band 3'!F9+'Band 4'!F9)) -> 0.26699463 | G9: =(('Band 4'!G9-'Band 3'!G9)/('Band 3'!G9+'Band 4'!G9)) -> 0.25657895 | H9: =(('Band 4'!H9-'Band 3'!H9)/('Band 3'!H9+'Band 4'!H9)) -> 0.32302937 | I9: =(('Band 4'!I9-'Band 3'!I9)/('Band 3'!I9+'Band 4'!I9)) -> 0.36726967 | ... AK9: =(('Band 4'!AK9-'Band 3'!AK9)/('Band 3'!AK9+'Band 4'!AK9)) -> 0.71684817
A10: 46 | B10: =(('Band 4'!B10-'Band 3'!B10)/('Band 3'!B10+'Band 4'!B10)) -> 0.14517363 | C10: =(('Band 4'!C10-'Band 3'!C10)/('Band 3'!C10+'Band 4'!C10)) -> 0.19691703 | D10: =(('Band 4'!D10-'Band 3'!D10)/('Band 3'!D10+'Band 4'!D10)) -> 0.22038981 | E10: =(('Band 4'!E10-'Band 3'!E10)/('Band 3'!E10+'Band 4'!E10)) -> 0.29021559 | F10: =(('Band 4'!F10-'Band 3'!F10)/('Band 3'!F10+'Band 4'!F10)) -> 0.31823657 | G10: =(('Band 4'!G10-'Band 3'!G10)/('Band 3'!G10+'Band 4'!G10)) -> 0.36670459 | H10: =(('Band 4'!H10-'Band 3'!H10)/('Band 3'!H10+'Band 4'!H10)) -> 0.47990868 | I10: =(('Band 4'!I10-'Band 3'!I10)/('Band 3'!I10+'Band 4'!I10)) -> 0.51185138 | ... AK10: =(('Band 4'!AK10-'Band 3'!AK10)/('Band 3'!AK10+'Band 4'!AK10)) -> 0.73905579
A11: 47 | B11: =(('Band 4'!B11-'Band 3'!B11)/('Band 3'!B11+'Band 4'!B11)) -> 0.14890354 | C11: =(('Band 4'!C11-'Band 3'!C11)/('Band 3'!C11+'Band 4'!C11)) -> 0.17430065 | D11: =(('Band 4'!D11-'Band 3'!D11)/('Band 3'!D11+'Band 4'!D11)) -> 0.2049948 | E11: =(('Band 4'!E11-'Band 3'!E11)/('Band 3'!E11+'Band 4'!E11)) -> 0.25332721 | F11: =(('Band 4'!F11-'Band 3'!F11)/('Band 3'!F11+'Band 4'!F11)) -> 0.27355989 | G11: =(('Band 4'!G11-'Band 3'!G11)/('Band 3'!G11+'Band 4'!G11)) -> 0.33140826 | H11: =(('Band 4'!H11-'Band 3'!H11)/('Band 3'!H11+'Band 4'!H11)) -> 0.41443486 | I11: =(('Band 4'!I11-'Band 3'!I11)/('Band 3'!I11+'Band 4'!I11)) -> 0.4097178 | ... AK11: =(('Band 4'!AK11-'Band 3'!AK11)/('Band 3'!AK11+'Band 4'!AK11)) -> 0.66617367
A12: 48 | B12: =(('Band 4'!B12-'Band 3'!B12)/('Band 3'!B12+'Band 4'!B12)) -> 0.13716545 | C12: =(('Band 4'!C12-'Band 3'!C12)/('Band 3'!C12+'Band 4'!C12)) -> 0.14808986 | D12: =(('Band 4'!D12-'Band 3'!D12)/('Band 3'!D12+'Band 4'!D12)) -> 0.18451121 | E12: =(('Band 4'!E12-'Band 3'!E12)/('Band 3'!E12+'Band 4'!E12)) -> 0.22143865 | F12: =(('Band 4'!F12-'Band 3'!F12)/('Band 3'!F12+'Band 4'!F12)) -> 0.23715415 | G12: =(('Band 4'!G12-'Band 3'!G12)/('Band 3'!G12+'Band 4'!G12)) -> 0.25515174 | H12: =(('Band 4'!H12-'Band 3'!H12)/('Band 3'!H12+'Band 4'!H12)) -> 0.34008176 | I12: =(('Band 4'!I12-'Band 3'!I12)/('Band 3'!I12+'Band 4'!I12)) -> 0.4043573 | ... AK12: =(('Band 4'!AK12-'Band 3'!AK12)/('Band 3'!AK12+'Band 4'!AK12)) -> 0.68268839
A13: 38 | B13: =(('Band 4'!B13-'Band 3'!B13)/('Band 3'!B13+'Band 4'!B13)) -> 0.14204787 | C13: =(('Band 4'!C13-'Band 3'!C13)/('Band 3'!C13+'Band 4'!C13)) -> 0.18513458 | D13: =(('Band 4'!D13-'Band 3'!D13)/('Band 3'!D13+'Band 4'!D13)) -> 0.20244399 | E13: =(('Band 4'!E13-'Band 3'!E13)/('Band 3'!E13+'Band 4'!E13)) -> 0.25468717 | F13: =(('Band 4'!F13-'Band 3'!F13)/('Band 3'!F13+'Band 4'!F13)) -> 0.27285068 | G13: =(('Band 4'!G13-'Band 3'!G13)/('Band 3'!G13+'Band 4'!G13)) -> 0.30042194 | H13: =(('Band 4'!H13-'Band 3'!H13)/('Band 3'!H13+'Band 4'!H13)) -> 0.35591944 | I13: =(('Band 4'!I13-'Band 3'!I13)/('Band 3'!I13+'Band 4'!I13)) -> 0.41445428 | ... AK13: =(('Band 4'!AK13-'Band 3'!AK13)/('Band 3'!AK13+'Band 4'!AK13)) -> 0.62450962
A14: 37 | B14: =(('Band 4'!B14-'Band 3'!B14)/('Band 3'!B14+'Band 4'!B14)) -> 0.13073005 | C14: =(('Band 4'!C14-'Band 3'!C14)/('Band 3'!C14+'Band 4'!C14)) -> 0.15256496 | D14: =(('Band 4'!D14-'Band 3'!D14)/('Band 3'!D14+'Band 4'!D14)) -> 0.18365019 | E14: =(('Band 4'!E14-'Band 3'!E14)/('Band 3'!E14+'Band 4'!E14)) -> 0.19686888 | F14: =(('Band 4'!F14-'Band 3'!F14)/('Band 3'!F14+'Band 4'!F14)) -> 0.22259136 | G14: =(('Band 4'!G14-'Band 3'!G14)/('Band 3'!G14+'Band 4'!G14)) -> 0.22733964 | H14: =(('Band 4'!H14-'Band 3'!H14)/('Band 3'!H14+'Band 4'!H14)) -> 0.26681957 | I14: =(('Band 4'!I14-'Band 3'!I14)/('Band 3'!I14+'Band 4'!I14)) -> 0.31434109 | ... AK14: =(('Band 4'!AK14-'Band 3'!AK14)/('Band 3'!AK14+'Band 4'!AK14)) -> 0.74825432
A15: 36 | B15: =(('Band 4'!B15-'Band 3'!B15)/('Band 3'!B15+'Band 4'!B15)) -> 0.13532079 | C15: =(('Band 4'!C15-'Band 3'!C15)/('Band 3'!C15+'Band 4'!C15)) -> 0.16183476 | D15: =(('Band 4'!D15-'Band 3'!D15)/('Band 3'!D15+'Band 4'!D15)) -> 0.18331754 | E15: =(('Band 4'!E15-'Band 3'!E15)/('Band 3'!E15+'Band 4'!E15)) -> 0.20208117 | F15: =(('Band 4'!F15-'Band 3'!F15)/('Band 3'!F15+'Band 4'!F15)) -> 0.23311093 | G15: =(('Band 4'!G15-'Band 3'!G15)/('Band 3'!G15+'Band 4'!G15)) -> 0.26010326 | H15: =(('Band 4'!H15-'Band 3'!H15)/('Band 3'!H15+'Band 4'!H15)) -> 0.28787615 | I15: =(('Band 4'!I15-'Band 3'!I15)/('Band 3'!I15+'Band 4'!I15)) -> 0.3288803 | ... AK15: =(('Band 4'!AK15-'Band 3'!AK15)/('Band 3'!AK15+'Band 4'!AK15)) -> 0.80473588
A16: 35 | B16: =(('Band 4'!B16-'Band 3'!B16)/('Band 3'!B16+'Band 4'!B16)) -> 0.12183522 | C16: =(('Band 4'!C16-'Band 3'!C16)/('Band 3'!C16+'Band 4'!C16)) -> 0.13646416 | D16: =(('Band 4'!D16-'Band 3'!D16)/('Band 3'!D16+'Band 4'!D16)) -> 0.14636486 | E16: =(('Band 4'!E16-'Band 3'!E16)/('Band 3'!E16+'Band 4'!E16)) -> 0.16454674 | F16: =(('Band 4'!F16-'Band 3'!F16)/('Band 3'!F16+'Band 4'!F16)) -> 0.18724158 | G16: =(('Band 4'!G16-'Band 3'!G16)/('Band 3'!G16+'Band 4'!G16)) -> 0.19814062 | H16: =(('Band 4'!H16-'Band 3'!H16)/('Band 3'!H16+'Band 4'!H16)) -> 0.21231131 | I16: =(('Band 4'!I16-'Band 3'!I16)/('Band 3'!I16+'Band 4'!I16)) -> 0.23677858 | ... AK16: =(('Band 4'!AK16-'Band 3'!AK16)/('Band 3'!AK16+'Band 4'!AK16)) -> 0.75267841
... A20: 31 | B20: =(('Band 4'!B20-'Band 3'!B20)/('Band 3'!B20+'Band 4'!B20)) -> 0.13806564 | C20: =(('Band 4'!C20-'Band 3'!C20)/('Band 3'!C20+'Band 4'!C20)) -> 0.17963895 | D20: =(('Band 4'!D20-'Band 3'!D20)/('Band 3'!D20+'Band 4'!D20)) -> 0.23852093 | E20: =(('Band 4'!E20-'Band 3'!E20)/('Band 3'!E20+'Band 4'!E20)) -> 0.25566882 | F20: =(('Band 4'!F20-'Band 3'!F20)/('Band 3'!F20+'Band 4'!F20)) -> 0.30637838 | G20: =(('Band 4'!G20-'Band 3'!G20)/('Band 3'!G20+'Band 4'!G20)) -> 0.3113069 | H20: =(('Band 4'!H20-'Band 3'!H20)/('Band 3'!H20+'Band 4'!H20)) -> 0.38986317 | I20: =(('Band 4'!I20-'Band 3'!I20)/('Band 3'!I20+'Band 4'!I20)) -> 0.45526983 | ... AK20: =(('Band 4'!AK20-'Band 3'!AK20)/('Band 3'!AK20+'Band 4'!AK20)) -> 0.82808717
A21: Panel 100.2 | B21: =(('Band 4'!B21-'Band 3'!B21)/('Band 3'!B21+'Band 4'!B21)) -> -9.9186669e-05 | C21: =(('Band 4'!C21-'Band 3'!C21)/('Band 3'!C21+'Band 4'!C21)) -> -4.9487801e-05 | D21: =(('Band 4'!D21-'Band 3'!D21)/('Band 3'!D21+'Band 4'!D21)) -> 0 | E21: =(('Band 4'!E21-'Band 3'!E21)/('Band 3'!E21+'Band 4'!E21)) -> -4.9753719e-05 | F21: =(('Band 4'!F21-'Band 3'!F21)/('Band 3'!F21+'Band 4'!F21)) -> -0.00014984267 | G21: =(('Band 4'!G21-'Band 3'!G21)/('Band 3'!G21+'Band 4'!G21)) -> -4.9625329e-05 | H21: =(('Band 4'!H21-'Band 3'!H21)/('Band 3'!H21+'Band 4'!H21)) -> -9.9910081e-05 | I21: =(('Band 4'!I21-'Band 3'!I21)/('Band 3'!I21+'Band 4'!I21)) -> -9.9681021e-05 | ... AK21: =(('Band 4'!AK21-'Band 3'!AK21)/('Band 3'!AK21+'Band 4'!AK21)) -> -0.00015086749
A22: Soil Tray | B22: =(('Band 4'!B22-'Band 3'!B22)/('Band 3'!B22+'Band 4'!B22)) -> 0.12696682 | C22: =(('Band 4'!C22-'Band 3'!C22)/('Band 3'!C22+'Band 4'!C22)) -> 0.11779969 | D22: =(('Band 4'!D22-'Band 3'!D22)/('Band 3'!D22+'Band 4'!D22)) -> 0.12252702 | E22: =(('Band 4'!E22-'Band 3'!E22)/('Band 3'!E22+'Band 4'!E22)) -> 0.11828315 | F22: =(('Band 4'!F22-'Band 3'!F22)/('Band 3'!F22+'Band 4'!F22)) -> 0.12008073 | G22: =(('Band 4'!G22-'Band 3'!G22)/('Band 3'!G22+'Band 4'!G22)) -> 0.11690918 | H22: =(('Band 4'!H22-'Band 3'!H22)/('Band 3'!H22+'Band 4'!H22)) -> 0.12977357 | I22: =(('Band 4'!I22-'Band 3'!I22)/('Band 3'!I22+'Band 4'!I22)) -> 0.12136579 | ... AK22: =(('Band 4'!AK22-'Band 3'!AK22)/('Band 3'!AK22+'Band 4'!AK22)) -> 0.12010706
A23: 1 | B23: =(('Band 4'!B23-'Band 3'!B23)/('Band 3'!B23+'Band 4'!B23)) -> 0.13117149 | C23: =(('Band 4'!C23-'Band 3'!C23)/('Band 3'!C23+'Band 4'!C23)) -> 0.12573735 | D23: =(('Band 4'!D23-'Band 3'!D23)/('Band 3'!D23+'Band 4'!D23)) -> 0.12284656 | E23: =(('Band 4'!E23-'Band 3'!E23)/('Band 3'!E23+'Band 4'!E23)) -> 0.12257222 | F23: =(('Band 4'!F23-'Band 3'!F23)/('Band 3'!F23+'Band 4'!F23)) -> 0.12251274 | G23: =(('Band 4'!G23-'Band 3'!G23)/('Band 3'!G23+'Band 4'!G23)) -> 0.12026251 | H23: =(('Band 4'!H23-'Band 3'!H23)/('Band 3'!H23+'Band 4'!H23)) -> 0.12235725 | I23: =(('Band 4'!I23-'Band 3'!I23)/('Band 3'!I23+'Band 4'!I23)) -> 0.12160371 | ... AK23: =(('Band 4'!AK23-'Band 3'!AK23)/('Band 3'!AK23+'Band 4'!AK23)) -> 0.093243998
A24: 2 | B24: =(('Band 4'!B24-'Band 3'!B24)/('Band 3'!B24+'Band 4'!B24)) -> 0.15251223 | C24: =(('Band 4'!C24-'Band 3'!C24)/('Band 3'!C24+'Band 4'!C24)) -> 0.17612874 | D24: =(('Band 4'!D24-'Band 3'!D24)/('Band 3'!D24+'Band 4'!D24)) -> 0.21354034 | E24: =(('Band 4'!E24-'Band 3'!E24)/('Band 3'!E24+'Band 4'!E24)) -> 0.29659965 | F24: =(('Band 4'!F24-'Band 3'!F24)/('Band 3'!F24+'Band 4'!F24)) -> 0.32333244 | G24: =(('Band 4'!G24-'Band 3'!G24)/('Band 3'!G24+'Band 4'!G24)) -> 0.41999491 | H24: =(('Band 4'!H24-'Band 3'!H24)/('Band 3'!H24+'Band 4'!H24)) -> 0.47458017 | I24: =(('Band 4'!I24-'Band 3'!I24)/('Band 3'!I24+'Band 4'!I24)) -> 0.53449782 | ... AK24: =(('Band 4'!AK24-'Band 3'!AK24)/('Band 3'!AK24+'Band 4'!AK24)) -> 0.77370285
A25: 3 | B25: =(('Band 4'!B25-'Band 3'!B25)/('Band 3'!B25+'Band 4'!B25)) -> 0.13987392 | C25: =(('Band 4'!C25-'Band 3'!C25)/('Band 3'!C25+'Band 4'!C25)) -> 0.15312765 | D25: =(('Band 4'!D25-'Band 3'!D25)/('Band 3'!D25+'Band 4'!D25)) -> 0.11376657 | E25: =(('Band 4'!E25-'Band 3'!E25)/('Band 3'!E25+'Band 4'!E25)) -> 0.13768485 | F25: =(('Band 4'!F25-'Band 3'!F25)/('Band 3'!F25+'Band 4'!F25)) -> 0.13716814 | G25: =(('Band 4'!G25-'Band 3'!G25)/('Band 3'!G25+'Band 4'!G25)) -> 0.13075237 | H25: =(('Band 4'!H25-'Band 3'!H25)/('Band 3'!H25+'Band 4'!H25)) -> 0.10352941 | I25: =(('Band 4'!I25-'Band 3'!I25)/('Band 3'!I25+'Band 4'!I25)) -> 0.11260504 | ... AK25: =(('Band 4'!AK25-'Band 3'!AK25)/('Band 3'!AK25+'Band 4'!AK25)) -> 0.11235294
A26: 4 | B26: =(('Band 4'!B26-'Band 3'!B26)/('Band 3'!B26+'Band 4'!B26)) -> 0.14399067 | C26: =(('Band 4'!C26-'Band 3'!C26)/('Band 3'!C26+'Band 4'!C26)) -> 0.15796641 | D26: =(('Band 4'!D26-'Band 3'!D26)/('Band 3'!D26+'Band 4'!D26)) -> 0.17972129 | E26: =(('Band 4'!E26-'Band 3'!E26)/('Band 3'!E26+'Band 4'!E26)) -> 0.20955042 | F26: =(('Band 4'!F26-'Band 3'!F26)/('Band 3'!F26+'Band 4'!F26)) -> 0.23069307 | G26: =(('Band 4'!G26-'Band 3'!G26)/('Band 3'!G26+'Band 4'!G26)) -> 0.29109415 | H26: =(('Band 4'!H26-'Band 3'!H26)/('Band 3'!H26+'Band 4'!H26)) -> 0.29186847 | I26: =(('Band 4'!I26-'Band 3'!I26)/('Band 3'!I26+'Band 4'!I26)) -> 0.29025424 | ... AK26: =(('Band 4'!AK26-'Band 3'!AK26)/('Band 3'!AK26+'Band 4'!AK26)) -> 0.77005025
A27: 5 | B27: =(('Band 4'!B27-'Band 3'!B27)/('Band 3'!B27+'Band 4'!B27)) -> 0.14615562 | C27: =(('Band 4'!C27-'Band 3'!C27)/('Band 3'!C27+'Band 4'!C27)) -> 0.15410274 | D27: =(('Band 4'!D27-'Band 3'!D27)/('Band 3'!D27+'Band 4'!D27)) -> 0.18745406 | E27: =(('Band 4'!E27-'Band 3'!E27)/('Band 3'!E27+'Band 4'!E27)) -> 0.21296758 | F27: =(('Band 4'!F27-'Band 3'!F27)/('Band 3'!F27+'Band 4'!F27)) -> 0.25282113 | G27: =(('Band 4'!G27-'Band 3'!G27)/('Band 3'!G27+'Band 4'!G27)) -> 0.27145709 | H27: =(('Band 4'!H27-'Band 3'!H27)/('Band 3'!H27+'Band 4'!H27)) -> 0.30966685 | I27: =(('Band 4'!I27-'Band 3'!I27)/('Band 3'!I27+'Band 4'!I27)) -> 0.34290753 | ... AK27: =(('Band 4'!AK27-'Band 3'!AK27)/('Band 3'!AK27+'Band 4'!AK27)) -> 0.73361034
A28: 6 | B28: =(('Band 4'!B28-'Band 3'!B28)/('Band 3'!B28+'Band 4'!B28)) -> 0.14825046 | C28: =(('Band 4'!C28-'Band 3'!C28)/('Band 3'!C28+'Band 4'!C28)) -> 0.16183137 | D28: =(('Band 4'!D28-'Band 3'!D28)/('Band 3'!D28+'Band 4'!D28)) -> 0.19690939 | E28: =(('Band 4'!E28-'Band 3'!E28)/('Band 3'!E28+'Band 4'!E28)) -> 0.23405311 | F28: =(('Band 4'!F28-'Band 3'!F28)/('Band 3'!F28+'Band 4'!F28)) -> 0.26708362 | G28: =(('Band 4'!G28-'Band 3'!G28)/('Band 3'!G28+'Band 4'!G28)) -> 0.36980948 | H28: =(('Band 4'!H28-'Band 3'!H28)/('Band 3'!H28+'Band 4'!H28)) -> 0.34775304 | I28: =(('Band 4'!I28-'Band 3'!I28)/('Band 3'!I28+'Band 4'!I28)) -> 0.41274123 | ... AK28: =(('Band 4'!AK28-'Band 3'!AK28)/('Band 3'!AK28+'Band 4'!AK28)) -> 0.77273665
A29: 7 | B29: =(('Band 4'!B29-'Band 3'!B29)/('Band 3'!B29+'Band 4'!B29)) -> 0.15056285 | C29: =(('Band 4'!C29-'Band 3'!C29)/('Band 3'!C29+'Band 4'!C29)) -> 0.16167665 | D29: =(('Band 4'!D29-'Band 3'!D29)/('Band 3'!D29+'Band 4'!D29)) -> 0.19400049 | E29: =(('Band 4'!E29-'Band 3'!E29)/('Band 3'!E29+'Band 4'!E29)) -> 0.25367922 | F29: =(('Band 4'!F29-'Band 3'!F29)/('Band 3'!F29+'Band 4'!F29)) -> 0.27984052 | G29: =(('Band 4'!G29-'Band 3'!G29)/('Band 3'!G29+'Band 4'!G29)) -> 0.37835052 | H29: =(('Band 4'!H29-'Band 3'!H29)/('Band 3'!H29+'Band 4'!H29)) -> 0.38923829 | I29: =(('Band 4'!I29-'Band 3'!I29)/('Band 3'!I29+'Band 4'!I29)) -> 0.47267997 | ... AK29: =(('Band 4'!AK29-'Band 3'!AK29)/('Band 3'!AK29+'Band 4'!AK29)) -> 0.73804659
A30: 8 | B30: =(('Band 4'!B30-'Band 3'!B30)/('Band 3'!B30+'Band 4'!B30)) -> 0.1535478 | C30: =(('Band 4'!C30-'Band 3'!C30)/('Band 3'!C30+'Band 4'!C30)) -> 0.18220874 | D30: =(('Band 4'!D30-'Band 3'!D30)/('Band 3'!D30+'Band 4'!D30)) -> 0.21559074 | E30: =(('Band 4'!E30-'Band 3'!E30)/('Band 3'!E30+'Band 4'!E30)) -> 0.28355995 | F30: =(('Band 4'!F30-'Band 3'!F30)/('Band 3'!F30+'Band 4'!F30)) -> 0.29038855 | G30: =(('Band 4'!G30-'Band 3'!G30)/('Band 3'!G30+'Band 4'!G30)) -> 0.34506693 | H30: =(('Band 4'!H30-'Band 3'!H30)/('Band 3'!H30+'Band 4'!H30)) -> 0.33385013 | I30: =(('Band 4'!I30-'Band 3'!I30)/('Band 3'!I30+'Band 4'!I30)) -> 0.36585366 | ... AK30: =(('Band 4'!AK30-'Band 3'!AK30)/('Band 3'!AK30+'Band 4'!AK30)) -> 0.71120593
A31: 18 | B31: =(('Band 4'!B31-'Band 3'!B31)/('Band 3'!B31+'Band 4'!B31)) -> 0.1297774 | C31: =(('Band 4'!C31-'Band 3'!C31)/('Band 3'!C31+'Band 4'!C31)) -> 0.15193798 | D31: =(('Band 4'!D31-'Band 3'!D31)/('Band 3'!D31+'Band 4'!D31)) -> 0.18872196 | E31: =(('Band 4'!E31-'Band 3'!E31)/('Band 3'!E31+'Band 4'!E31)) -> 0.21431476 | F31: =(('Band 4'!F31-'Band 3'!F31)/('Band 3'!F31+'Band 4'!F31)) -> 0.25976725 | G31: =(('Band 4'!G31-'Band 3'!G31)/('Band 3'!G31+'Band 4'!G31)) -> 0.25960561 | H31: =(('Band 4'!H31-'Band 3'!H31)/('Band 3'!H31+'Band 4'!H31)) -> 0.33751088 | I31: =(('Band 4'!I31-'Band 3'!I31)/('Band 3'!I31+'Band 4'!I31)) -> 0.3343442 | ... AK31: =(('Band 4'!AK31-'Band 3'!AK31)/('Band 3'!AK31+'Band 4'!AK31)) -> 0.71645065
A32: 17 | B32: =(('Band 4'!B32-'Band 3'!B32)/('Band 3'!B32+'Band 4'!B32)) -> 0.1230982 | C32: =(('Band 4'!C32-'Band 3'!C32)/('Band 3'!C32+'Band 4'!C32)) -> 0.14369321 | D32: =(('Band 4'!D32-'Band 3'!D32)/('Band 3'!D32+'Band 4'!D32)) -> 0.17734784 | E32: =(('Band 4'!E32-'Band 3'!E32)/('Band 3'!E32+'Band 4'!E32)) -> 0.19415073 | F32: =(('Band 4'!F32-'Band 3'!F32)/('Band 3'!F32+'Band 4'!F32)) -> 0.21515735 | G32: =(('Band 4'!G32-'Band 3'!G32)/('Band 3'!G32+'Band 4'!G32)) -> 0.22127216 | H32: =(('Band 4'!H32-'Band 3'!H32)/('Band 3'!H32+'Band 4'!H32)) -> 0.29567673 | I32: =(('Band 4'!I32-'Band 3'!I32)/('Band 3'!I32+'Band 4'!I32)) -> 0.31699422 | ... AK32: =(('Band 4'!AK32-'Band 3'!AK32)/('Band 3'!AK32+'Band 4'!AK32)) -> 0.70233091
A33: 16 | B33: =(('Band 4'!B33-'Band 3'!B33)/('Band 3'!B33+'Band 4'!B33)) -> 0.13163512 | C33: =(('Band 4'!C33-'Band 3'!C33)/('Band 3'!C33+'Band 4'!C33)) -> 0.15595758 | D33: =(('Band 4'!D33-'Band 3'!D33)/('Band 3'!D33+'Band 4'!D33)) -> 0.18869459 | E33: =(('Band 4'!E33-'Band 3'!E33)/('Band 3'!E33+'Band 4'!E33)) -> 0.22328042 | F33: =(('Band 4'!F33-'Band 3'!F33)/('Band 3'!F33+'Band 4'!F33)) -> 0.25907173 | G33: =(('Band 4'!G33-'Band 3'!G33)/('Band 3'!G33+'Band 4'!G33)) -> 0.28652274 | H33: =(('Band 4'!H33-'Band 3'!H33)/('Band 3'!H33+'Band 4'!H33)) -> 0.27575703 | I33: =(('Band 4'!I33-'Band 3'!I33)/('Band 3'!I33+'Band 4'!I33)) -> 0.33961915 | ... AK33: =(('Band 4'!AK33-'Band 3'!AK33)/('Band 3'!AK33+'Band 4'!AK33)) -> 0.77974684
A34: 15 | B34: =(('Band 4'!B34-'Band 3'!B34)/('Band 3'!B34+'Band 4'!B34)) -> 0.12357994 | C34: =(('Band 4'!C34-'Band 3'!C34)/('Band 3'!C34+'Band 4'!C34)) -> 0.14135315 | D34: =(('Band 4'!D34-'Band 3'!D34)/('Band 3'!D34+'Band 4'!D34)) -> 0.166632 | E34: =(('Band 4'!E34-'Band 3'!E34)/('Band 3'!E34+'Band 4'!E34)) -> 0.1824229 | F34: =(('Band 4'!F34-'Band 3'!F34)/('Band 3'!F34+'Band 4'!F34)) -> 0.2060343 | G34: =(('Band 4'!G34-'Band 3'!G34)/('Band 3'!G34+'Band 4'!G34)) -> 0.23589655 | H34: =(('Band 4'!H34-'Band 3'!H34)/('Band 3'!H34+'Band 4'!H34)) -> 0.26390533 | I34: =(('Band 4'!I34-'Band 3'!I34)/('Band 3'!I34+'Band 4'!I34)) -> 0.28975717 | ... AK34: =(('Band 4'!AK34-'Band 3'!AK34)/('Band 3'!AK34+'Band 4'!AK34)) -> 0.76701967
... A46: 28 | B46: =(('Band 4'!B46-'Band 3'!B46)/('Band 3'!B46+'Band 4'!B46)) -> 0.14247151 | C46: =(('Band 4'!C46-'Band 3'!C46)/('Band 3'!C46+'Band 4'!C46)) -> 0.1667493 | D46: =(('Band 4'!D46-'Band 3'!D46)/('Band 3'!D46+'Band 4'!D46)) -> 0.22192893 | E46: =(('Band 4'!E46-'Band 3'!E46)/('Band 3'!E46+'Band 4'!E46)) -> 0.24960254 | F46: =(('Band 4'!F46-'Band 3'!F46)/('Band 3'!F46+'Band 4'!F46)) -> 0.31451434 | G46: =(('Band 4'!G46-'Band 3'!G46)/('Band 3'!G46+'Band 4'!G46)) -> 0.3286484 | H46: =(('Band 4'!H46-'Band 3'!H46)/('Band 3'!H46+'Band 4'!H46)) -> 0.37004119 | I46: =(('Band 4'!I46-'Band 3'!I46)/('Band 3'!I46+'Band 4'!I46)) -> 0.43518133 | ... AK46: =(('Band 4'!AK46-'Band 3'!AK46)/('Band 3'!AK46+'Band 4'!AK46)) -> 0.68733274
A47: Panel 100.3 | B47: =(('Band 4'!B47-'Band 3'!B47)/('Band 3'!B47+'Band 4'!B47)) -> 0 | C47: =(('Band 4'!C47-'Band 3'!C47)/('Band 3'!C47+'Band 4'!C47)) -> 0 | D47: =(('Band 4'!D47-'Band 3'!D47)/('Band 3'!D47+'Band 4'!D47)) -> 4.872582e-05 | E47: =(('Band 4'!E47-'Band 3'!E47)/('Band 3'!E47+'Band 4'!E47)) -> -4.9360778e-05 | F47: =(('Band 4'!F47-'Band 3'!F47)/('Band 3'!F47+'Band 4'!F47)) -> -9.9098206e-05 | G47: =(('Band 4'!G47-'Band 3'!G47)/('Band 3'!G47+'Band 4'!G47)) -> 0 | H47: =(('Band 4'!H47-'Band 3'!H47)/('Band 3'!H47+'Band 4'!H47)) -> -9.9088387e-05 | I47: =(('Band 4'!I47-'Band 3'!I47)/('Band 3'!I47+'Band 4'!I47)) -> -4.9433981e-05 | ... AK47: =(('Band 4'!AK47-'Band 3'!AK47)/('Band 3'!AK47+'Band 4'!AK47)) -> -0.00014985764
A48: Quality | B48: 2 | C48: 3 | D48: 3 | E48: 2 | F48: 2 | G48: 0 | H48: 1 | I48: 2 | J48: 3 | K48: 2 | L48: 2 | M48: 2 | N48: 3 | O48: 3 | P48: 2 | Q48: 5 | R48: 4 | S48: 4 | T48: 4 | U48: 3 | V48: 2 | W48: 3 | X48: 2 | Y48: 3 | Z48: 3 | AA48: 2 | AB48: 2 | AC48: 2 | AD48: 2 | AE48: 3 | AF48: 2 | AG48: 2 | AH48: 2 | AI48: 2 | AJ48: 1 | AK48: 2

Sheet Band 1
B1: DOY
A2: Plot | B2: 152 | C2: 157 | D2: 163 | E2: 166 | F2: 169 | G2: 172 | H2: 176 | I2: 178 | J2: 180 | K2: 183 | L2: 187 | M2: 190 | N2: 192 | O2: 194 | P2: 200 | Q2: 204 | R2: 206 | S2: 208 | T2: 211 | U2: 213 | V2: 214 | W2: 219 | X2: 222 | Y2: 225 | Z2: 227 | AA2: 232 | AB2: 234 | AC2: 236 | AD2: 242 | AE2: 247 | AF2: 253 | AG2: 260 | AH2: 263 | AI2: 267 | AJ2: 269 | AK2: 276
A3: Panel 100.1 | B3: ='DOY152'!AB2 -> 1.0001 | C3: ='DOY157'!AB2 -> 1.0031 | D3: ='DOY163'!AB2 -> 1.0031 | E3: ='DOY166'!AB2 -> 0.9992 | F3: ='DOY169'!AB2 -> 0.9952 | G3: ='DOY172'!AB2 -> 1.0016 | H3: ='DOY176'!AB2 -> 0.9942 | I3: ='DOY178'!AB2 -> 0.9968 | J3: ='DOY180'!AB2 -> 0.9932 | K3: ='DOY183'!AB2 -> 0.9927 | L3: ='DOY187'!AB2 -> 0.9982 | M3: ='DOY190'!AB2 -> 0.9932 | N3: ='DOY192'!AB2 -> 0.9919 | O3: ='DOY194'!AB2 -> 0.9878 | P3: ='DOY200'!AB2 -> 0.9946 | Q3: ='DOY204'!AB2 -> 0.9928 | R3: ='DOY206'!AB2 -> 0.9922 | S3: ='DOY208'!AB2 -> 0.9928 | T3: ='DOY211'!AB2 -> 1.0002 | U3: ='DOY213'!AB2 -> 0.9946 | V3: ='DOY214'!AB2 -> 0.9931 | W3: ='DOY219'!AB2 -> 0.9952 | X3: ='DOY222'!AB2 -> 0.9984 | Y3: ='DOY225'!AB2 -> 0.9913 | Z3: ='DOY227'!AB2 -> 0.993 | AA3: ='DOY232'!AB2 -> 0.9921 | AB3: ='DOY234'!AB2 -> 0.9951 | AC3: ='DOY236'!AB2 -> 0.9906 | AD3: ='DOY242'!AB2 -> 0.9948 | AE3: ='DOY247'!AB2 -> 0.9839 | AF3: ='DOY253'!AB2 -> 0.9859 | AG3: ='DOY260'!AB2 -> 0.9861 | AH3: ='DOY263'!AB2 -> 0.9949 | AI3: ='DOY267'!AB2 -> 0.989 | AJ3: ='DOY269'!AB2 -> 0.9933 | AK3: ='DOY276'!AB2 -> 0.9882
A4: Panel 70.1 | B4: ='DOY152'!AB3 -> 0.0555 | C4: ='DOY157'!AB3 -> 0.1458 | D4: ='DOY163'!AB3 -> 0.1376 | E4: ='DOY166'!AB3 -> 0.136 | F4: ='DOY169'!AB3 -> 0.1362 | G4: ='DOY172'!AB3 -> 0.1371 | H4: ='DOY176'!AB3 -> 0.1358 | I4: ='DOY178'!AB3 -> 0.1362 | J4: ='DOY180'!AB3 -> 0.1352 | K4: ='DOY183'!AB3 -> 0.1345 | L4: ='DOY187'!AB3 -> 0.1351 | M4: ='DOY190'!AB3 -> 0.1351 | N4: ='DOY192'!AB3 -> 0.1345 | O4: ='DOY194'!AB3 -> 0.1721 | P4: ='DOY200'!AB3 -> 0.1372 | Q4: ='DOY204'!AB3 -> 0.1295 | R4: ='DOY206'!AB3 -> 0.1363 | S4: ='DOY208'!AB3 -> 0.1977 | T4: ='DOY211'!AB3 -> 0.1343 | U4: ='DOY213'!AB3 -> 0.1446 | V4: ='DOY214'!AB3 -> 0.0697 | W4: ='DOY219'!AB3 -> 0.1508 | X4: ='DOY222'!AB3 -> 0.1348 | Y4: ='DOY225'!AB3 -> 0.117 | Z4: ='DOY227'!AB3 -> 0.1341 | AA4: ='DOY232'!AB3 -> 0.1352 | AB4: ='DOY234'!AB3 -> 0.1346 | AC4: ='DOY236'!AB3 -> 0.1341 | AD4: ='DOY242'!AB3 -> 0.1344 | AE4: ='DOY247'!AB3 -> 0.1339 | AF4: ='DOY253'!AB3 -> 0.1332 | AG4: ='DOY260'!AB3 -> 0.1349 | AH4: ='DOY263'!AB3 -> 0.1352 | AI4: ='DOY267'!AB3 -> 0.1351 | AJ4: ='DOY269'!AB3 -> 0.1337 | AK4: ='DOY276'!AB3 -> 0.1338
A5: 41 | B5: ='DOY152'!AB4 -> 0.2828 | C5: ='DOY157'!AB4 -> 0.2556 | D5: ='DOY163'!AB4 -> 0.1724 | E5: ='DOY166'!AB4 -> 0.1596 | F5: ='DOY169'!AB4 -> 0.1441 | G5: ='DOY172'!AB4 -> 0.1583 | H5: ='DOY176'!AB4 -> 0.1439 | I5: ='DOY178'!AB4 -> 0.1286 | J5: ='DOY180'!AB4 -> 0.1283 | K5: ='DOY183'!AB4 -> 0.1198 | L5: ='DOY187'!AB4 -> 0.0862 | M5: ='DOY190'!AB4 -> 0.0773 | N5: ='DOY192'!AB4 -> 0.0633 | O5: ='DOY194'!AB4 -> 0.0673 | P5: ='DOY200'!AB4 -> 0.0548 | Q5: ='DOY204'!AB4 -> 0.0709 | R5: ='DOY206'!AB4 -> 0.0919 | S5: ='DOY208'!AB4 -> 0.0359 | T5: ='DOY211'!AB4 -> 0.0296 | U5: ='DOY213'!AB4 -> 0.0478 | V5: ='DOY214'!AB4 -> 0.0244 | W5: ='DOY219'!AB4 -> 0.0297 | X5: ='DOY222'!AB4 -> 0.0267 | Y5: ='DOY225'!AB4 -> 0.0221 | Z5: ='DOY227'!AB4 -> 0.0273 | AA5: ='DOY232'!AB4 -> 0.0362 | AB5: ='DOY234'!AB4 -> 0.0274 | AC5: ='DOY236'!AB4 -> 0.0264 | AD5: ='DOY242'!AB4 -> 0.0276 | AE5: ='DOY247'!AB4 -> 0.0392 | AF5: ='DOY253'!AB4 -> 0.0284 | AG5: ='DOY260'!AB4 -> 0.0314 | AH5: ='DOY263'!AB4 -> 0.0388 | AI5: ='DOY267'!AB4 -> 0.0443 | AJ5: ='DOY269'!AB4 -> 0.0513 | AK5: ='DOY276'!AB4 -> 0.0701
A6: 42 | B6: ='DOY152'!AB5 -> 0.2922 | C6: ='DOY157'!AB5 -> 0.2835 | D6: ='DOY163'!AB5 -> 0.1925 | E6: ='DOY166'!AB5 -> 0.1725 | F6: ='DOY169'!AB5 -> 0.1587 | G6: ='DOY172'!AB5 -> 0.1625 | H6: ='DOY176'!AB5 -> 0.16 | I6: ='DOY178'!AB5 -> 0.144 | J6: ='DOY180'!AB5 -> 0.1254 | K6: ='DOY183'!AB5 -> 0.1189 | L6: ='DOY187'!AB5 -> 0.0907 | M6: ='DOY190'!AB5 -> 0.0771 | N6: ='DOY192'!AB5 -> 0.0661 | O6: ='DOY194'!AB5 -> 0.0665 | P6: ='DOY200'!AB5 -> 0.0427 | Q6: ='DOY204'!AB5 -> 0.0564 | R6: ='DOY206'!AB5 -> 0.0785 | S6: ='DOY208'!AB5 -> 0.0315 | T6: ='DOY211'!AB5 -> 0.0228 | U6: ='DOY213'!AB5 -> 0.0372 | V6: ='DOY214'!AB5 -> 0.0248 | W6: ='DOY219'!AB5 -> 0.0283 | X6: ='DOY222'!AB5 -> 0.0251 | Y6: ='DOY225'!AB5 -> 0.0225 | Z6: ='DOY227'!AB5 -> 0.0273 | AA6: ='DOY232'!AB5 -> 0.0344 | AB6: ='DOY234'!AB5 -> 0.0274 | AC6: ='DOY236'!AB5 -> 0.0291 | AD6: ='DOY242'!AB5 -> 0.0306 | AE6: ='DOY247'!AB5 -> 0.041 | AF6: ='DOY253'!AB5 -> 0.0347 | AG6: ='DOY260'!AB5 -> 0.0344 | AH6: ='DOY263'!AB5 -> 0.0426 | AI6: ='DOY267'!AB5 -> 0.0475 | AJ6: ='DOY269'!AB5 -> 0.0522 | AK6: ='DOY276'!AB5 -> 0.0576
A7: 43 | B7: ='DOY152'!AB6 -> 0.2864 | C7: ='DOY157'!AB6 -> 0.2874 | D7: ='DOY163'!AB6 -> 0.1962 | E7: ='DOY166'!AB6 -> 0.176 | F7: ='DOY169'!AB6 -> 0.1651 | G7: ='DOY172'!AB6 -> 0.1576 | H7: ='DOY176'!AB6 -> 0.1739 | I7: ='DOY178'!AB6 -> 0.1583 | J7: ='DOY180'!AB6 -> 0.1554 | K7: ='DOY183'!AB6 -> 0.1378 | L7: ='DOY187'!AB6 -> 0.124 | M7: ='DOY190'!AB6 -> 0.0869 | N7: ='DOY192'!AB6 -> 0.0747 | O7: ='DOY194'!AB6 -> 0.0615 | P7: ='DOY200'!AB6 -> 0.0486 | Q7: ='DOY204'!AB6 -> 0.0531 | R7: ='DOY206'!AB6 -> 0.0567 | S7: ='DOY208'!AB6 -> 0.0269 | T7: ='DOY211'!AB6 -> 0.0209 | U7: ='DOY213'!AB6 -> 0.0287 | V7: ='DOY214'!AB6 -> 0.0246 | W7: ='DOY219'!AB6 -> 0.0267 | X7: ='DOY222'!AB6 -> 0.0264 | Y7: ='DOY225'!AB6 -> 0.0355 | Z7: ='DOY227'!AB6 -> 0.0266 | AA7: ='DOY232'!AB6 -> 0.0311 | AB7: ='DOY234'!AB6 -> 0.029 | AC7: ='DOY236'!AB6 -> 0.0288 | AD7: ='DOY242'!AB6 -> 0.0275 | AE7: ='DOY247'!AB6 -> 0.0252 | AF7: ='DOY253'!AB6 -> 0.0298 | AG7: ='DOY260'!AB6 -> 0.038 | AH7: ='DOY263'!AB6 -> 0.0428 | AI7: ='DOY267'!AB6 -> 0.0521 | AJ7: ='DOY269'!AB6 -> 0.0597 | AK7: ='DOY276'!AB6 -> 0.0917
A8: 44 | B8: ='DOY152'!AB7 -> 0.2809 | C8: ='DOY157'!AB7 -> 0.2853 | D8: ='DOY163'!AB7 -> 0.194 | E8: ='DOY166'!AB7 -> 0.1885 | F8: ='DOY169'!AB7 -> 0.1702 | G8: ='DOY172'!AB7 -> 0.1641 | H8: ='DOY176'!AB7 -> 0.1902 | I8: ='DOY178'!AB7 -> 0.1753 | J8: ='DOY180'!AB7 -> 0.172 | K8: ='DOY183'!AB7 -> 0.1594 | L8: ='DOY187'!AB7 -> 0.1547 | M8: ='DOY190'!AB7 -> 0.1255 | N8: ='DOY192'!AB7 -> 0.115 | O8: ='DOY194'!AB7 -> 0.1017 | P8: ='DOY200'!AB7 -> 0.0964 | Q8: ='DOY204'!AB7 -> 0.0745 | R8: ='DOY206'!AB7 -> 0.0662 | S8: ='DOY208'!AB7 -> 0.0358 | T8: ='DOY211'!AB7 -> 0.0273 | U8: ='DOY213'!AB7 -> 0.0345 | V8: ='DOY214'!AB7 -> 0.0318 | W8: ='DOY219'!AB7 -> 0.0284 | X8: ='DOY222'!AB7 -> 0.0334 | Y8: ='DOY225'!AB7 -> 0.0362 | Z8: ='DOY227'!AB7 -> 0.0246 | AA8: ='DOY232'!AB7 -> 0.0262 | AB8: ='DOY234'!AB7 -> 0.0254 | AC8: ='DOY236'!AB7 -> 0.0253 | AD8: ='DOY242'!AB7 -> 0.0235 | AE8: ='DOY247'!AB7 -> 0.0244 | AF8: ='DOY253'!AB7 -> 0.0246 | AG8: ='DOY260'!AB7 -> 0.0287 | AH8: ='DOY263'!AB7 -> 0.0342 | AI8: ='DOY267'!AB7 -> 0.0359 | AJ8: ='DOY269'!AB7 -> 0.0375 | AK8: ='DOY276'!AB7 -> 0.0581
A9: 45 | B9: ='DOY152'!AB8 -> 0.2689 | C9: ='DOY157'!AB8 -> 0.2618 | D9: ='DOY163'!AB8 -> 0.1901 | E9: ='DOY166'!AB8 -> 0.1717 | F9: ='DOY169'!AB8 -> 0.1691 | G9: ='DOY172'!AB8 -> 0.1595 | H9: ='DOY176'!AB8 -> 0.1547 | I9: ='DOY178'!AB8 -> 0.1504 | J9: ='DOY180'!AB8 -> 0.1476 | K9: ='DOY183'!AB8 -> 0.1202 | L9: ='DOY187'!AB8 -> 0.0955 | M9: ='DOY190'!AB8 -> 0.0578 | N9: ='DOY192'!AB8 -> 0.0465 | O9: ='DOY194'!AB8 -> 0.0459 | P9: ='DOY200'!AB8 -> 0.0301 | Q9: ='DOY204'!AB8 -> 0.0374 | R9: ='DOY206'!AB8 -> 0.0351 | S9: ='DOY208'!AB8 -> 0.0244 | T9: ='DOY211'!AB8 -> 0.0142 | U9: ='DOY213'!AB8 -> 0.0235 | V9: ='DOY214'!AB8 -> 0.023 | W9: ='DOY219'!AB8 -> 0.0206 | X9: ='DOY222'!AB8 -> 0.0246 | Y9: ='DOY225'!AB8 -> 0.0287 | Z9: ='DOY227'!AB8 -> 0.0281 | AA9: ='DOY232'!AB8 -> 0.0302 | AB9: ='DOY234'!AB8 -> 0.0279 | AC9: ='DOY236'!AB8 -> 0.0289 | AD9: ='DOY242'!AB8 -> 0.0254 | AE9: ='DOY247'!AB8 -> 0.0299 | AF9: ='DOY253'!AB8 -> 0.028 | AG9: ='DOY260'!AB8 -> 0.0379 | AH9: ='DOY263'!AB8 -> 0.0396 | AI9: ='DOY267'!AB8 -> 0.04 | AJ9: ='DOY269'!AB8 -> 0.0452 | AK9: ='DOY276'!AB8 -> 0.0651
A10: 46 | B10: ='DOY152'!AB9 -> 0.2847 | C10: ='DOY157'!AB9 -> 0.2672 | D10: ='DOY163'!AB9 -> 0.1856 | E10: ='DOY166'!AB9 -> 0.1532 | F10: ='DOY169'!AB9 -> 0.1447 | G10: ='DOY172'!AB9 -> 0.1731 | H10: ='DOY176'!AB9 -> 0.1118 | I10: ='DOY178'!AB9 -> 0.1161 | J10: ='DOY180'!AB9 -> 0.1069 | K10: ='DOY183'!AB9 -> 0.0669 | L10: ='DOY187'!AB9 -> 0.0644 | M10: ='DOY190'!AB9 -> 0.0525 | N10: ='DOY192'!AB9 -> 0.0301 | O10: ='DOY194'!AB9 -> 0.0464 | P10: ='DOY200'!AB9 -> 0.0301 | Q10: ='DOY204'!AB9 -> 0.0486 | R10: ='DOY206'!AB9 -> 0.0363 | S10: ='DOY208'!AB9 -> 0.0258 | T10: ='DOY211'!AB9 -> 0.0163 | U10: ='DOY213'!AB9 -> 0.0307 | V10: ='DOY214'!AB9 -> 0.0255 | W10: ='DOY219'!AB9 -> 0.0244 | X10: ='DOY222'!AB9 -> 0.0271 | Y10: ='DOY225'!AB9 -> 0.0307 | Z10: ='DOY227'!AB9 -> 0.0279 | AA10: ='DOY232'!AB9 -> 0.0311 | AB10: ='DOY234'!AB9 -> 0.029 | AC10: ='DOY236'!AB9 -> 0.029 | AD10: ='DOY242'!AB9 -> 0.0256 | AE10: ='DOY247'!AB9 -> 0.0319 | AF10: ='DOY253'!AB9 -> 0.03 | AG10: ='DOY260'!AB9 -> 0.0369 | AH10: ='DOY263'!AB9 -> 0.0425 | AI10: ='DOY267'!AB9 -> 0.0434 | AJ10: ='DOY269'!AB9 -> 0.0446 | AK10: ='DOY276'!AB9 -> 0.0598
A11: 47 | B11: ='DOY152'!AB10 -> 0.2834 | C11: ='DOY157'!AB10 -> 0.2752 | D11: ='DOY163'!AB10 -> 0.1945 | E11: ='DOY166'!AB10 -> 0.1664 | F11: ='DOY169'!AB10 -> 0.1524 | G11: ='DOY172'!AB10 -> 0.1545 | H11: ='DOY176'!AB10 -> 0.1299 | I11: ='DOY178'!AB10 -> 0.1395 | J11: ='DOY180'!AB10 -> 0.122 | K11: ='DOY183'!AB10 -> 0.12 | L11: ='DOY187'!AB10 -> 0.1164 | M11: ='DOY190'!AB10 -> 0.0812 | N11: ='DOY192'!AB10 -> 0.0773 | O11: ='DOY194'!AB10 -> 0.0628 | P11: ='DOY200'!AB10 -> 0.0452 | Q11: ='DOY204'!AB10 -> 0.0885 | R11: ='DOY206'!AB10 -> 0.0804 | S11: ='DOY208'!AB10 -> 0.0371 | T11: ='DOY211'!AB10 -> 0.0235 | U11: ='DOY213'!AB10 -> 0.0506 | V11: ='DOY214'!AB10 -> 0.03 | W11: ='DOY219'!AB10 -> 0.0304 | X11: ='DOY222'!AB10 -> 0.0342 | Y11: ='DOY225'!AB10 -> 0.0337 | Z11: ='DOY227'!AB10 -> 0.0323 | AA11: ='DOY232'!AB10 -> 0.0383 | AB11: ='DOY234'!AB10 -> 0.0295 | AC11: ='DOY236'!AB10 -> 0.0304 | AD11: ='DOY242'!AB10 -> 0.0316 | AE11: ='DOY247'!AB10 -> 0.0356 | AF11: ='DOY253'!AB10 -> 0.034 | AG11: ='DOY260'!AB10 -> 0.0384 | AH11: ='DOY263'!AB10 -> 0.0446 | AI11: ='DOY267'!AB10 -> 0.0513 | AJ11: ='DOY269'!AB10 -> 0.0565 | AK11: ='DOY276'!AB10 -> 0.0788
A12: 48 | B12: ='DOY152'!AB11 -> 0.2895 | C12: ='DOY157'!AB11 -> 0.3011 | D12: ='DOY163'!AB11 -> 0.1935 | E12: ='DOY166'!AB11 -> 0.1686 | F12: ='DOY169'!AB11 -> 0.1561 | G12: ='DOY172'!AB11 -> 0.2037 | H12: ='DOY176'!AB11 -> 0.1716 | I12: ='DOY178'!AB11 -> 0.1369 | J12: ='DOY180'!AB11 -> 0.1369 | K12: ='DOY183'!AB11 -> 0.1125 | L12: ='DOY187'!AB11 -> 0.0891 | M12: ='DOY190'!AB11 -> 0.0876 | N12: ='DOY192'!AB11 -> 0.0481 | O12: ='DOY194'!AB11 -> 0.0589 | P12: ='DOY200'!AB11 -> 0.0464 | Q12: ='DOY204'!AB11 -> 0.0714 | R12: ='DOY206'!AB11 -> 0.0425 | S12: ='DOY208'!AB11 -> 0.027 | T12: ='DOY211'!AB11 -> 0.0168 | U12: ='DOY213'!AB11 -> 0.04 | V12: ='DOY214'!AB11 -> 0.0245 | W12: ='DOY219'!AB11 -> 0.0216 | X12: ='DOY222'!AB11 -> 0.0275 | Y12: ='DOY225'!AB11 -> 0.0281 | Z12: ='DOY227'!AB11 -> 0.0273 | AA12: ='DOY232'!AB11 -> 0.03 | AB12: ='DOY234'!AB11 -> 0.0281 | AC12: ='DOY236'!AB11 -> 0.028 | AD12: ='DOY242'!AB11 -> 0.0277 | AE12: ='DOY247'!AB11 -> 0.0246 | AF12: ='DOY253'!AB11 -> 0.0303 | AG12: ='DOY260'!AB11 -> 0.0388 | AH12: ='DOY263'!AB11 -> 0.0441 | AI12: ='DOY267'!AB11 -> 0.0496 | AJ12: ='DOY269'!AB11 -> 0.0523 | AK12: ='DOY276'!AB11 -> 0.0786
A13: 38 | B13: ='DOY152'!AB12 -> 0.3105 | C13: ='DOY157'!AB12 -> 0.3 | D13: ='DOY163'!AB12 -> 0.1994 | E13: ='DOY166'!AB12 -> 0.1783 | F13: ='DOY169'!AB12 -> 0.1617 | G13: ='DOY172'!AB12 -> 0.1668 | H13: ='DOY176'!AB12 -> 0.1759 | I13: ='DOY178'!AB12 -> 0.1591 | J13: ='DOY180'!AB12 -> 0.164 | K13: ='DOY183'!AB12 -> 0.1377 | L13: ='DOY187'!AB12 -> 0.1118 | M13: ='DOY190'!AB12 -> 0.0786 | N13: ='DOY192'!AB12 -> 0.0648 | O13: ='DOY194'!AB12 -> 0.0485 | P13: ='DOY200'!AB12 -> 0.0324 | Q13: ='DOY204'!AB12 -> 0.0501 | R13: ='DOY206'!AB12 -> 0.0455 | S13: ='DOY208'!AB12 -> 0.0284 | T13: ='DOY211'!AB12 -> 0.0203 | U13: ='DOY213'!AB12 -> 0.0406 | V13: ='DOY214'!AB12 -> 0.0245 | W13: ='DOY219'!AB12 -> 0.0269 | X13: ='DOY222'!AB12 -> 0.0287 | Y13: ='DOY225'!AB12 -> 0.0353 | Z13: ='DOY227'!AB12 -> 0.0313 | AA13: ='DOY232'!AB12 -> 0.0328 | AB13: ='DOY234'!AB12 -> 0.0305 | AC13: ='DOY236'!AB12 -> 0.0328 | AD13: ='DOY242'!AB12 -> 0.0316 | AE13: ='DOY247'!AB12 -> 0.0285 | AF13: ='DOY253'!AB12 -> 0.0375 | AG13: ='DOY260'!AB12 -> 0.0445 | AH13: ='DOY263'!AB12 -> 0.0517 | AI13: ='DOY267'!AB12 -> 0.058 | AJ13: ='DOY269'!AB12 -> 0.0671 | AK13: ='DOY276'!AB12 -> 0.0997
A14: 37 | B14: ='DOY152'!AB13 -> 0.3126 | C14: ='DOY157'!AB13 -> 0.3195 | D14: ='DOY163'!AB13 -> 0.2198 | E14: ='DOY166'!AB13 -> 0.2093 | F14: ='DOY169'!AB13 -> 0.1903 | G14: ='DOY172'!AB13 -> 0.1885 | H14: ='DOY176'!AB13 -> 0.1974 | I14: ='DOY178'!AB13 -> 0.1817 | J14: ='DOY180'!AB13 -> 0.1839 | K14: ='DOY183'!AB13 -> 0.1677 | L14: ='DOY187'!AB13 -> 0.1439 | M14: ='DOY190'!AB13 -> 0.1309 | N14: ='DOY192'!AB13 -> 0.1181 | O14: ='DOY194'!AB13 -> 0.0768 | P14: ='DOY200'!AB13 -> 0.0725 | Q14: ='DOY204'!AB13 -> 0.0805 | R14: ='DOY206'!AB13 -> 0.0731 | S14: ='DOY208'!AB13 -> 0.0483 | T14: ='DOY211'!AB13 -> 0.032 | U14: ='DOY213'!AB13 -> 0.0703 | V14: ='DOY214'!AB13 -> 0.031 | W14: ='DOY219'!AB13 -> 0.0371 | X14: ='DOY222'!AB13 -> 0.0346 | Y14: ='DOY225'!AB13 -> 0.0313 | Z14: ='DOY227'!AB13 -> 0.0312 | AA14: ='DOY232'!AB13 -> 0.0315 | AB14: ='DOY234'!AB13 -> 0.0286 | AC14: ='DOY236'!AB13 -> 0.0286 | AD14: ='DOY242'!AB13 -> 0.0305 | AE14: ='DOY247'!AB13 -> 0.0346 | AF14: ='DOY253'!AB13 -> 0.0338 | AG14: ='DOY260'!AB13 -> 0.0374 | AH14: ='DOY263'!AB13 -> 0.0447 | AI14: ='DOY267'!AB13 -> 0.0466 | AJ14: ='DOY269'!AB13 -> 0.0516 | AK14: ='DOY276'!AB13 -> 0.0666
A15: 36 | B15: ='DOY152'!AB14 -> 0.3196 | C15: ='DOY157'!AB14 -> 0.3143 | D15: ='DOY163'!AB14 -> 0.2199 | E15: ='DOY166'!AB14 -> 0.1946 | F15: ='DOY169'!AB14 -> 0.1873 | G15: ='DOY172'!AB14 -> 0.2115 | H15: ='DOY176'!AB14 -> 0.2056 | I15: ='DOY178'!AB14 -> 0.1952 | J15: ='DOY180'!AB14 -> 0.192 | K15: ='DOY183'!AB14 -> 0.1549 | L15: ='DOY187'!AB14 -> 0.1453 | M15: ='DOY190'!AB14 -> 0.0869 | N15: ='DOY192'!AB14 -> 0.0647 | O15: ='DOY194'!AB14 -> 0.0732 | P15: ='DOY200'!AB14 -> 0.051 | Q15: ='DOY204'!AB14 -> 0.0579 | R15: ='DOY206'!AB14 -> 0.0488 | S15: ='DOY208'!AB14 -> 0.0268 | T15: ='DOY211'!AB14 -> 0.0188 | U15: ='DOY213'!AB14 -> 0.0412 | V15: ='DOY214'!AB14 -> 0.0253 | W15: ='DOY219'!AB14 -> 0.0278 | X15: ='DOY222'!AB14 -> 0.0281 | Y15: ='DOY225'!AB14 -> 0.0286 | Z15: ='DOY227'!AB14 -> 0.0288 | AA15: ='DOY232'!AB14 -> 0.0318 | AB15: ='DOY234'!AB14 -> 0.0292 | AC15: ='DOY236'!AB14 -> 0.0303 | AD15: ='DOY242'!AB14 -> 0.0279 | AE15: ='DOY247'!AB14 -> 0.0307 | AF15: ='DOY253'!AB14 -> 0.0298 | AG15: ='DOY260'!AB14 -> 0.034 | AH15: ='DOY263'!AB14 -> 0.0414 | AI15: ='DOY267'!AB14 -> 0.0435 | AJ15: ='DOY269'!AB14 -> 0.0444 | AK15: ='DOY276'!AB14 -> 0.0534
A16: 35 | B16: ='DOY152'!AB15 -> 0.3219 | C16: ='DOY157'!AB15 -> 0.336 | D16: ='DOY163'!AB15 -> 0.225 | E16: ='DOY166'!AB15 -> 0.2113 | F16: ='DOY169'!AB15 -> 0.2111 | G16: ='DOY172'!AB15 -> 0.2141 | H16: ='DOY176'!AB15 -> 0.2051 | I16: ='DOY178'!AB15 -> 0.1732 | J16: ='DOY180'!AB15 -> 0.2134 | K16: ='DOY183'!AB15 -> 0.2102 | L16: ='DOY187'!AB15 -> 0.1182 | M16: ='DOY190'!AB15 -> 0.1792 | N16: ='DOY192'!AB15 -> 0.1553 | O16: ='DOY194'!AB15 -> 0.1653 | P16: ='DOY200'!AB15 -> 0.143 | Q16: ='DOY204'!AB15 -> 0.0683 | R16: ='DOY206'!AB15 -> 0.0706 | S16: ='DOY208'!AB15 -> 0.0791 | T16: ='DOY211'!AB15 -> 0.0376 | U16: ='DOY213'!AB15 -> 0.0801 | V16: ='DOY214'!AB15 -> 0.0447 | W16: ='DOY219'!AB15 -> 0.0393 | X16: ='DOY222'!AB15 -> 0.036 | Y16: ='DOY225'!AB15 -> 0.0337 | Z16: ='DOY227'!AB15 -> 0.032 | AA16: ='DOY232'!AB15 -> 0.0348 | AB16: ='DOY234'!AB15 -> 0.0353 | AC16: ='DOY236'!AB15 -> 0.0314 | AD16: ='DOY242'!AB15 -> 0.0284 | AE16: ='DOY247'!AB15 -> 0.0283 | AF16: ='DOY253'!AB15 -> 0.0301 | AG16: ='DOY260'!AB15 -> 0.0367 | AH16: ='DOY263'!AB15 -> 0.0436 | AI16: ='DOY267'!AB15 -> 0.0475 | AJ16: ='DOY269'!AB15 -> 0.0514 | AK16: ='DOY276'!AB15 -> 0.0657
... A20: 31 | B20: ='DOY152'!AB19 -> 0.3022 | C20: ='DOY157'!AB19 -> 0.2824 | D20: ='DOY163'!AB19 -> 0.1925 | E20: ='DOY166'!AB19 -> 0.1817 | F20: ='DOY169'!AB19 -> 0.1653 | G20: ='DOY172'!AB19 -> 0.1878 | H20: ='DOY176'!AB19 -> 0.1579 | I20: ='DOY178'!AB19 -> 0.1553 | J20: ='DOY180'!AB19 -> 0.087 | K20: ='DOY183'!AB19 -> 0.108 | L20: ='DOY187'!AB19 -> 0.0876 | M20: ='DOY190'!AB19 -> 0.0688 | N20: ='DOY192'!AB19 -> 0.0407 | O20: ='DOY194'!AB19 -> 0.038 | P20: ='DOY200'!AB19 -> 0.0327 | Q20: ='DOY204'!AB19 -> 0.045 | R20: ='DOY206'!AB19 -> 0.043 | S20: ='DOY208'!AB19 -> 0.0259 | T20: ='DOY211'!AB19 -> 0.0215 | U20: ='DOY213'!AB19 -> 0.0286 | V20: ='DOY214'!AB19 -> 0.0247 | W20: ='DOY219'!AB19 -> 0.0254 | X20: ='DOY222'!AB19 -> 0.0272 | Y20: ='DOY225'!AB19 -> 0.0283 | Z20: ='DOY227'!AB19 -> 0.029 | AA20: ='DOY232'!AB19 -> 0.0318 | AB20: ='DOY234'!AB19 -> 0.0296 | AC20: ='DOY236'!AB19 -> 0.0294 | AD20: ='DOY242'!AB19 -> 0.03 | AE20: ='DOY247'!AB19 -> 0.0319 | AF20: ='DOY253'!AB19 -> 0.032 | AG20: ='DOY260'!AB19 -> 0.0346 | AH20: ='DOY263'!AB19 -> 0.0407 | AI20: ='DOY267'!AB19 -> 0.0439 | AJ20: ='DOY269'!AB19 -> 0.0459 | AK20: ='DOY276'!AB19 -> 0.0466
A21: Panel 100.2 | B21: ='DOY152'!AB20 -> 1.0083 | C21: ='DOY157'!AB20 -> 1.0104 | D21: ='DOY163'!AB20 -> 1.0167 | E21: ='DOY166'!AB20 -> 1.005 | F21: ='DOY169'!AB20 -> 1.0012 | G21: ='DOY172'!AB20 -> 1.0076 | H21: ='DOY176'!AB20 -> 1.001 | I21: ='DOY178'!AB20 -> 1.0033 | J21: ='DOY180'!AB20 -> 1 | K21: ='DOY183'!AB20 -> 1 | L21: ='DOY187'!AB20 -> 1.0056 | M21: ='DOY190'!AB20 -> 1.0002 | N21: ='DOY192'!AB20 -> 0.9988 | O21: ='DOY194'!AB20 -> 0.9949 | P21: ='DOY200'!AB20 -> 1.0023 | Q21: ='DOY204'!AB20 -> 0.9999 | R21: ='DOY206'!AB20 -> 0.9997 | S21: ='DOY208'!AB20 -> 1 | T21: ='DOY211'!AB20 -> 1.0075 | U21: ='DOY213'!AB20 -> 1.0012 | V21: ='DOY214'!AB20 -> 1.0006 | W21: ='DOY219'!AB20 -> 1.0024 | X21: ='DOY222'!AB20 -> 1.0067 | Y21: ='DOY225'!AB20 -> 1.0005 | Z21: ='DOY227'!AB20 -> 1.0007 | AA21: ='DOY232'!AB20 -> 0.999 | AB21: ='DOY234'!AB20 -> 1.0022 | AC21: ='DOY236'!AB20 -> 0.9986 | AD21: ='DOY242'!AB20 -> 1.0013 | AE21: ='DOY247'!AB20 -> 0.9915 | AF21: ='DOY253'!AB20 -> 0.9939 | AG21: ='DOY260'!AB20 -> 0.9929 | AH21: ='DOY263'!AB20 -> 1.0014 | AI21: ='DOY267'!AB20 -> 0.9953 | AJ21: ='DOY269'!AB20 -> 0.999 | AK21: ='DOY276'!AB20 -> 0.9944
A22: Soil Tray | B22: ='DOY152'!AB21 -> 0.2842 | C22: ='DOY157'!AB21 -> 0.2581 | D22: ='DOY163'!AB21 -> 0.2672 | E22: ='DOY166'!AB21 -> 0.2688 | F22: ='DOY169'!AB21 -> 0.2662 | G22: ='DOY172'!AB21 -> 0.2671 | H22: ='DOY176'!AB21 -> 0.2652 | I22: ='DOY178'!AB21 -> 0.2666 | J22: ='DOY180'!AB21 -> 0.2639 | K22: ='DOY183'!AB21 -> 0.2665 | L22: ='DOY187'!AB21 -> 0.2694 | M22: ='DOY190'!AB21 -> 0.2654 | N22: ='DOY192'!AB21 -> 0.2652 | O22: ='DOY194'!AB21 -> 0.2672 | P22: ='DOY200'!AB21 -> 0.2662 | Q22: ='DOY204'!AB21 -> 0.2532 | R22: ='DOY206'!AB21 -> 0.2632 | S22: ='DOY208'!AB21 -> 0.2595 | T22: ='DOY211'!AB21 -> 0.2844 | U22: ='DOY213'!AB21 -> 0.2643 | V22: ='DOY214'!AB21 -> 0.2602 | W22: ='DOY219'!AB21 -> 0.2392 | X22: ='DOY222'!AB21 -> 0.2708 | Y22: ='DOY225'!AB21 -> 0.2667 | Z22: ='DOY227'!AB21 -> 0.2629 | AA22: ='DOY232'!AB21 -> 0.2707 | AB22: ='DOY234'!AB21 -> 0.2667 | AC22: ='DOY236'!AB21 -> 0.2666 | AD22: ='DOY242'!AB21 -> 0.2661 | AE22: ='DOY247'!AB21 -> 0.2638 | AF22: ='DOY253'!AB21 -> 0.266 | AG22: ='DOY260'!AB21 -> 0.2634 | AH22: ='DOY263'!AB21 -> 0.2705 | AI22: ='DOY267'!AB21 -> 0.2655 | AJ22: ='DOY269'!AB21 -> 0.2663 | AK22: ='DOY276'!AB21 -> 0.2671
A23: 1 | B23: ='DOY152'!AB22 -> 0.3052 | C23: ='DOY157'!AB22 -> 0.289 | D23: ='DOY163'!AB22 -> 0.2794 | E23: ='DOY166'!AB22 -> 0.2754 | F23: ='DOY169'!AB22 -> 0.2735 | G23: ='DOY172'!AB22 -> 0.2744 | H23: ='DOY176'!AB22 -> 0.27 | I23: ='DOY178'!AB22 -> 0.2719 | J23: ='DOY180'!AB22 -> 0.2707 | K23: ='DOY183'!AB22 -> 0.2739 | L23: ='DOY187'!AB22 -> 0.2753 | M23: ='DOY190'!AB22 -> 0.2694 | N23: ='DOY192'!AB22 -> 0.2304 | O23: ='DOY194'!AB22 -> 0.2355 | P23: ='DOY200'!AB22 -> 0.3199 | Q23: ='DOY204'!AB22 -> 0.2953 | R23: ='DOY206'!AB22 -> 0.3179 | S23: ='DOY208'!AB22 -> 0.3114 | T23: ='DOY211'!AB22 -> 0.2781 | U23: ='DOY213'!AB22 -> 0.3445 | V23: ='DOY214'!AB22 -> 0.2547 | W23: ='DOY219'!AB22 -> 0.3553 | X23: ='DOY222'!AB22 -> 0.3226 | Y23: ='DOY225'!AB22 -> 0.3204 | Z23: ='DOY227'!AB22 -> 0.3221 | AA23: ='DOY232'!AB22 -> 0.3279 | AB23: ='DOY234'!AB22 -> 0.3282 | AC23: ='DOY236'!AB22 -> 0.3301 | AD23: ='DOY242'!AB22 -> 0.3178 | AE23: ='DOY247'!AB22 -> 0.3181 | AF23: ='DOY253'!AB22 -> 0.3224 | AG23: ='DOY260'!AB22 -> 0.3173 | AH23: ='DOY263'!AB22 -> 0.3286 | AI23: ='DOY267'!AB22 -> 0.333 | AJ23: ='DOY269'!AB22 -> 0.3343 | AK23: ='DOY276'!AB22 -> 0.33
A24: 2 | B24: ='DOY152'!AB23 -> 0.1967 | C24: ='DOY157'!AB23 -> 0.1898 | D24: ='DOY163'!AB23 -> 0.1579 | E24: ='DOY166'!AB23 -> 0.1471 | F24: ='DOY169'!AB23 -> 0.1288 | G24: ='DOY172'!AB23 -> 0.1164 | H24: ='DOY176'!AB23 -> 0.1144 | I24: ='DOY178'!AB23 -> 0.1076 | J24: ='DOY180'!AB23 -> 0.062 | K24: ='DOY183'!AB23 -> 0.0623 | L24: ='DOY187'!AB23 -> 0.0585 | M24: ='DOY190'!AB23 -> 0.0492 | N24: ='DOY192'!AB23 -> 0.032 | O24: ='DOY194'!AB23 -> 0.0297 | P24: ='DOY200'!AB23 -> 0.0266 | Q24: ='DOY204'!AB23 -> 0.0381 | R24: ='DOY206'!AB23 -> 0.0414 | S24: ='DOY208'!AB23 -> 0.0272 | T24: ='DOY211'!AB23 -> 0.0254 | U24: ='DOY213'!AB23 -> 0.0357 | V24: ='DOY214'!AB23 -> 0.0258 | W24: ='DOY219'!AB23 -> 0.0291 | X24: ='DOY222'!AB23 -> 0.0234 | Y24: ='DOY225'!AB23 -> 0.0253 | Z24: ='DOY227'!AB23 -> 0.0271 | AA24: ='DOY232'!AB23 -> 0.0347 | AB24: ='DOY234'!AB23 -> 0.0299 | AC24: ='DOY236'!AB23 -> 0.028 | AD24: ='DOY242'!AB23 -> 0.0276 | AE24: ='DOY247'!AB23 -> 0.0278 | AF24: ='DOY253'!AB23 -> 0.0292 | AG24: ='DOY260'!AB23 -> 0.0346 | AH24: ='DOY263'!AB23 -> 0.0398 | AI24: ='DOY267'!AB23 -> 0.0428 | AJ24: ='DOY269'!AB23 -> 0.0463 | AK24: ='DOY276'!AB23 -> 0.0525
A25: 3 | B25: ='DOY152'!AB24 -> 0.2245 | C25: ='DOY157'!AB24 -> 0.1541 | D25: ='DOY163'!AB24 -> 0.277 | E25: ='DOY166'!AB24 -> 0.1736 | F25: ='DOY169'!AB24 -> 0.1803 | G25: ='DOY172'!AB24 -> 0.1826 | H25: ='DOY176'!AB24 -> 0.3105 | I25: ='DOY178'!AB24 -> 0.1622 | J25: ='DOY180'!AB24 -> 0.3001 | K25: ='DOY183'!AB24 -> 0.1871 | L25: ='DOY187'!AB24 -> 0.1834 | M25: ='DOY190'!AB24 -> 0.1839 | N25: ='DOY192'!AB24 -> 0.2816 | O25: ='DOY194'!AB24 -> 0.1799 | P25: ='DOY200'!AB24 -> 0.1654 | Q25: ='DOY204'!AB24 -> 0.1611 | R25: ='DOY206'!AB24 -> 0.1796 | S25: ='DOY208'!AB24 -> 0.1991 | T25: ='DOY211'!AB24 -> 0.1049 | U25: ='DOY213'!AB24 -> 0.1815 | V25: ='DOY214'!AB24 -> 0.1941 | W25: ='DOY219'!AB24 -> 0.1936 | X25: ='DOY222'!AB24 -> 0.1777 | Y25: ='DOY225'!AB24 -> 0.1746 | Z25: ='DOY227'!AB24 -> 0.3131 | AA25: ='DOY232'!AB24 -> 0.1525 | AB25: ='DOY234'!AB24 -> 0.1715 | AC25: ='DOY236'!AB24 -> 0.3062 | AD25: ='DOY242'!AB24 -> 0.3137 | AE25: ='DOY247'!AB24 -> 0.1487 | AF25: ='DOY253'!AB24 -> 0.1659 | AG25: ='DOY260'!AB24 -> 0.2823 | AH25: ='DOY263'!AB24 -> 0.1714 | AI25: ='DOY267'!AB24 -> 0.2984 | AJ25: ='DOY269'!AB24 -> 0.3033 | AK25: ='DOY276'!AB24 -> 0.305
A26: 4 | B26: ='DOY152'!AB25 -> 0.1887 | C26: ='DOY157'!AB25 -> 0.1896 | D26: ='DOY163'!AB25 -> 0.1742 | E26: ='DOY166'!AB25 -> 0.1597 | F26: ='DOY169'!AB25 -> 0.1585 | G26: ='DOY172'!AB25 -> 0.1438 | H26: ='DOY176'!AB25 -> 0.1436 | I26: ='DOY178'!AB25 -> 0.1378 | J26: ='DOY180'!AB25 -> 0.1138 | K26: ='DOY183'!AB25 -> 0.1574 | L26: ='DOY187'!AB25 -> 0.1382 | M26: ='DOY190'!AB25 -> 0.1278 | N26: ='DOY192'!AB25 -> 0.1025 | O26: ='DOY194'!AB25 -> 0.1017 | P26: ='DOY200'!AB25 -> 0.1116 | Q26: ='DOY204'!AB25 -> 0.0559 | R26: ='DOY206'!AB25 -> 0.0597 | S26: ='DOY208'!AB25 -> 0.031 | T26: ='DOY211'!AB25 -> 0.023 | U26: ='DOY213'!AB25 -> 0.0326 | V26: ='DOY214'!AB25 -> 0.0246 | W26: ='DOY219'!AB25 -> 0.0322 | X26: ='DOY222'!AB25 -> 0.0252 | Y26: ='DOY225'!AB25 -> 0.0254 | Z26: ='DOY227'!AB25 -> 0.0261 | AA26: ='DOY232'!AB25 -> 0.0283 | AB26: ='DOY234'!AB25 -> 0.0258 | AC26: ='DOY236'!AB25 -> 0.027 | AD26: ='DOY242'!AB25 -> 0.0248 | AE26: ='DOY247'!AB25 -> 0.0212 | AF26: ='DOY253'!AB25 -> 0.0316 | AG26: ='DOY260'!AB25 -> 0.0375 | AH26: ='DOY263'!AB25 -> 0.0389 | AI26: ='DOY267'!AB25 -> 0.0397 | AJ26: ='DOY269'!AB25 -> 0.0415 | AK26: ='DOY276'!AB25 -> 0.0551
A27: 5 | B27: ='DOY152'!AB26 -> 0.191 | C27: ='DOY157'!AB26 -> 0.1956 | D27: ='DOY163'!AB26 -> 0.1683 | E27: ='DOY166'!AB26 -> 0.1621 | F27: ='DOY169'!AB26 -> 0.1586 | G27: ='DOY172'!AB26 -> 0.1476 | H27: ='DOY176'!AB26 -> 0.1278 | I27: ='DOY178'!AB26 -> 0.1332 | J27: ='DOY180'!AB26 -> 0.1 | K27: ='DOY183'!AB26 -> 0.128 | L27: ='DOY187'!AB26 -> 0.1075 | M27: ='DOY190'!AB26 -> 0.0915 | N27: ='DOY192'!AB26 -> 0.0821 | O27: ='DOY194'!AB26 -> 0.0797 | P27: ='DOY200'!AB26 -> 0.0903 | Q27: ='DOY204'!AB26 -> 0.0538 | R27: ='DOY206'!AB26 -> 0.0598 | S27: ='DOY208'!AB26 -> 0.0375 | T27: ='DOY211'!AB26 -> 0.018 | U27: ='DOY213'!AB26 -> 0.0352 | V27: ='DOY214'!AB26 -> 0.0249 | W27: ='DOY219'!AB26 -> 0.0301 | X27: ='DOY222'!AB26 -> 0.0246 | Y27: ='DOY225'!AB26 -> 0.0236 | Z27: ='DOY227'!AB26 -> 0.0258 | AA27: ='DOY232'!AB26 -> 0.0304 | AB27: ='DOY234'!AB26 -> 0.0259 | AC27: ='DOY236'!AB26 -> 0.0276 | AD27: ='DOY242'!AB26 -> 0.0291 | AE27: ='DOY247'!AB26 -> 0.0224 | AF27: ='DOY253'!AB26 -> 0.0309 | AG27: ='DOY260'!AB26 -> 0.0346 | AH27: ='DOY263'!AB26 -> 0.0379 | AI27: ='DOY267'!AB26 -> 0.0372 | AJ27: ='DOY269'!AB26 -> 0.0404 | AK27: ='DOY276'!AB26 -> 0.0582
A28: 6 | B28: ='DOY152'!AB27 -> 0.1921 | C28: ='DOY157'!AB27 -> 0.1903 | D28: ='DOY163'!AB27 -> 0.177 | E28: ='DOY166'!AB27 -> 0.1566 | F28: ='DOY169'!AB27 -> 0.1634 | G28: ='DOY172'!AB27 -> 0.1303 | H28: ='DOY176'!AB27 -> 0.1554 | I28: ='DOY178'!AB27 -> 0.1476 | J28: ='DOY180'!AB27 -> 0.0867 | K28: ='DOY183'!AB27 -> 0.103 | L28: ='DOY187'!AB27 -> 0.071 | M28: ='DOY190'!AB27 -> 0.0706 | N28: ='DOY192'!AB27 -> 0.0417 | O28: ='DOY194'!AB27 -> 0.0474 | P28: ='DOY200'!AB27 -> 0.0386 | Q28: ='DOY204'!AB27 -> 0.0511 | R28: ='DOY206'!AB27 -> 0.0556 | S28: ='DOY208'!AB27 -> 0.0342 | T28: ='DOY211'!AB27 -> 0.0175 | U28: ='DOY213'!AB27 -> 0.0384 | V28: ='DOY214'!AB27 -> 0.0276 | W28: ='DOY219'!AB27 -> 0.0279 | X28: ='DOY222'!AB27 -> 0.026 | Y28: ='DOY225'!AB27 -> 0.0274 | Z28: ='DOY227'!AB27 -> 0.0288 | AA28: ='DOY232'!AB27 -> 0.0387 | AB28: ='DOY234'!AB27 -> 0.0312 | AC28: ='DOY236'!AB27 -> 0.0299 | AD28: ='DOY242'!AB27 -> 0.0261 | AE28: ='DOY247'!AB27 -> 0.021 | AF28: ='DOY253'!AB27 -> 0.0288 | AG28: ='DOY260'!AB27 -> 0.0366 | AH28: ='DOY263'!AB27 -> 0.0411 | AI28: ='DOY267'!AB27 -> 0.0458 | AJ28: ='DOY269'!AB27 -> 0.0467 | AK28: ='DOY276'!AB27 -> 0.0547
A29: 7 | B29: ='DOY152'!AB28 -> 0.1871 | C29: ='DOY157'!AB28 -> 0.1862 | D29: ='DOY163'!AB28 -> 0.1672 | E29: ='DOY166'!AB28 -> 0.1516 | F29: ='DOY169'!AB28 -> 0.1476 | G29: ='DOY172'!AB28 -> 0.1237 | H29: ='DOY176'!AB28 -> 0.1276 | I29: ='DOY178'!AB28 -> 0.1219 | J29: ='DOY180'!AB28 -> 0.0671 | K29: ='DOY183'!AB28 -> 0.073 | L29: ='DOY187'!AB28 -> 0.0685 | M29: ='DOY190'!AB28 -> 0.0663 | N29: ='DOY192'!AB28 -> 0.0374 | O29: ='DOY194'!AB28 -> 0.0377 | P29: ='DOY200'!AB28 -> 0.0298 | Q29: ='DOY204'!AB28 -> 0.0449 | R29: ='DOY206'!AB28 -> 0.0495 | S29: ='DOY208'!AB28 -> 0.0308 | T29: ='DOY211'!AB28 -> 0.0143 | U29: ='DOY213'!AB28 -> 0.0358 | V29: ='DOY214'!AB28 -> 0.0282 | W29: ='DOY219'!AB28 -> 0.0278 | X29: ='DOY222'!AB28 -> 0.0252 | Y29: ='DOY225'!AB28 -> 0.0281 | Z29: ='DOY227'!AB28 -> 0.0275 | AA29: ='DOY232'!AB28 -> 0.0369 | AB29: ='DOY234'!AB28 -> 0.0297 | AC29: ='DOY236'!AB28 -> 0.0278 | AD29: ='DOY242'!AB28 -> 0.0264 | AE29: ='DOY247'!AB28 -> 0.0259 | AF29: ='DOY253'!AB28 -> 0.0282 | AG29: ='DOY260'!AB28 -> 0.0348 | AH29: ='DOY263'!AB28 -> 0.0432 | AI29: ='DOY267'!AB28 -> 0.0419 | AJ29: ='DOY269'!AB28 -> 0.0491 | AK29: ='DOY276'!AB28 -> 0.0634
A30: 8 | B30: ='DOY152'!AB29 -> 0.1908 | C30: ='DOY157'!AB29 -> 0.1665 | D30: ='DOY163'!AB29 -> 0.1656 | E30: ='DOY166'!AB29 -> 0.1473 | F30: ='DOY169'!AB29 -> 0.1416 | G30: ='DOY172'!AB29 -> 0.1337 | H30: ='DOY176'!AB29 -> 0.1324 | I30: ='DOY178'!AB29 -> 0.1245 | J30: ='DOY180'!AB29 -> 0.0971 | K30: ='DOY183'!AB29 -> 0.146 | L30: ='DOY187'!AB29 -> 0.1274 | M30: ='DOY190'!AB29 -> 0.0997 | N30: ='DOY192'!AB29 -> 0.0819 | O30: ='DOY194'!AB29 -> 0.0859 | P30: ='DOY200'!AB29 -> 0.1191 | Q30: ='DOY204'!AB29 -> 0.0644 | R30: ='DOY206'!AB29 -> 0.0727 | S30: ='DOY208'!AB29 -> 0.042 | T30: ='DOY211'!AB29 -> 0.0184 | U30: ='DOY213'!AB29 -> 0.0375 | V30: ='DOY214'!AB29 -> 0.0273 | W30: ='DOY219'!AB29 -> 0.0325 | X30: ='DOY222'!AB29 -> 0.0261 | Y30: ='DOY225'!AB29 -> 0.0253 | Z30: ='DOY227'!AB29 -> 0.026 | AA30: ='DOY232'!AB29 -> 0.0293 | AB30: ='DOY234'!AB29 -> 0.0273 | AC30: ='DOY236'!AB29 -> 0.0272 | AD30: ='DOY242'!AB29 -> 0.0266 | AE30: ='DOY247'!AB29 -> 0.0224 | AF30: ='DOY253'!AB29 -> 0.0294 | AG30: ='DOY260'!AB29 -> 0.0364 | AH30: ='DOY263'!AB29 -> 0.0382 | AI30: ='DOY267'!AB29 -> 0.0409 | AJ30: ='DOY269'!AB29 -> 0.0466 | AK30: ='DOY276'!AB29 -> 0.0635
A31: 18 | B31: ='DOY152'!AB30 -> 0.314 | C31: ='DOY157'!AB30 -> 0.2781 | D31: ='DOY163'!AB30 -> 0.2022 | E31: ='DOY166'!AB30 -> 0.1967 | F31: ='DOY169'!AB30 -> 0.1841 | G31: ='DOY172'!AB30 -> 0.1866 | H31: ='DOY176'!AB30 -> 0.1958 | I31: ='DOY178'!AB30 -> 0.1754 | J31: ='DOY180'!AB30 -> 0.1625 | K31: ='DOY183'!AB30 -> 0.1459 | L31: ='DOY187'!AB30 -> 0.1152 | M31: ='DOY190'!AB30 -> 0.0788 | N31: ='DOY192'!AB30 -> 0.0756 | O31: ='DOY194'!AB30 -> 0.0464 | P31: ='DOY200'!AB30 -> 0.0426 | Q31: ='DOY204'!AB30 -> 0.0498 | R31: ='DOY206'!AB30 -> 0.0624 | S31: ='DOY208'!AB30 -> 0.0307 | T31: ='DOY211'!AB30 -> 0.0176 | U31: ='DOY213'!AB30 -> 0.0323 | V31: ='DOY214'!AB30 -> 0.0269 | W31: ='DOY219'!AB30 -> 0.0325 | X31: ='DOY222'!AB30 -> 0.0295 | Y31: ='DOY225'!AB30 -> 0.0266 | Z31: ='DOY227'!AB30 -> 0.0276 | AA31: ='DOY232'!AB30 -> 0.0325 | AB31: ='DOY234'!AB30 -> 0.0295 | AC31: ='DOY236'!AB30 -> 0.0306 | AD31: ='DOY242'!AB30 -> 0.0315 | AE31: ='DOY247'!AB30 -> 0.032 | AF31: ='DOY253'!AB30 -> 0.035 | AG31: ='DOY260'!AB30 -> 0.0391 | AH31: ='DOY263'!AB30 -> 0.0458 | AI31: ='DOY267'!AB30 -> 0.0476 | AJ31: ='DOY269'!AB30 -> 0.0529 | AK31: ='DOY276'!AB30 -> 0.0716
A32: 17 | B32: ='DOY152'!AB31 -> 0.3217 | C32: ='DOY157'!AB31 -> 0.2845 | D32: ='DOY163'!AB31 -> 0.2104 | E32: ='DOY166'!AB31 -> 0.183 | F32: ='DOY169'!AB31 -> 0.1854 | G32: ='DOY172'!AB31 -> 0.1887 | H32: ='DOY176'!AB31 -> 0.1666 | I32: ='DOY178'!AB31 -> 0.1475 | J32: ='DOY180'!AB31 -> 0.1787 | K32: ='DOY183'!AB31 -> 0.1601 | L32: ='DOY187'!AB31 -> 0.088 | M32: ='DOY190'!AB31 -> 0.0983 | N32: ='DOY192'!AB31 -> 0.0886 | O32: ='DOY194'!AB31 -> 0.073 | P32: ='DOY200'!AB31 -> 0.0503 | Q32: ='DOY204'!AB31 -> 0.0383 | R32: ='DOY206'!AB31 -> 0.0478 | S32: ='DOY208'!AB31 -> 0.0268 | T32: ='DOY211'!AB31 -> 0.0149 | U32: ='DOY213'!AB31 -> 0.0302 | V32: ='DOY214'!AB31 -> 0.0249 | W32: ='DOY219'!AB31 -> 0.0327 | X32: ='DOY222'!AB31 -> 0.0287 | Y32: ='DOY225'!AB31 -> 0.0257 | Z32: ='DOY227'!AB31 -> 0.0279 | AA32: ='DOY232'!AB31 -> 0.0311 | AB32: ='DOY234'!AB31 -> 0.0308 | AC32: ='DOY236'!AB31 -> 0.0328 | AD32: ='DOY242'!AB31 -> 0.0287 | AE32: ='DOY247'!AB31 -> 0.0246 | AF32: ='DOY253'!AB31 -> 0.0298 | AG32: ='DOY260'!AB31 -> 0.0376 | AH32: ='DOY263'!AB31 -> 0.0412 | AI32: ='DOY267'!AB31 -> 0.0499 | AJ32: ='DOY269'!AB31 -> 0.0514 | AK32: ='DOY276'!AB31 -> 0.0774
A33: 16 | B33: ='DOY152'!AB32 -> 0.3132 | C33: ='DOY157'!AB32 -> 0.275 | D33: ='DOY163'!AB32 -> 0.2049 | E33: ='DOY166'!AB32 -> 0.1856 | F33: ='DOY169'!AB32 -> 0.1778 | G33: ='DOY172'!AB32 -> 0.1732 | H33: ='DOY176'!AB32 -> 0.2078 | I33: ='DOY178'!AB32 -> 0.1775 | J33: ='DOY180'!AB32 -> 0.1668 | K33: ='DOY183'!AB32 -> 0.1612 | L33: ='DOY187'!AB32 -> 0.1309 | M33: ='DOY190'!AB32 -> 0.1065 | N33: ='DOY192'!AB32 -> 0.0902 | O33: ='DOY194'!AB32 -> 0.0549 | P33: ='DOY200'!AB32 -> 0.0566 | Q33: ='DOY204'!AB32 -> 0.0578 | R33: ='DOY206'!AB32 -> 0.0707 | S33: ='DOY208'!AB32 -> 0.0343 | T33: ='DOY211'!AB32 -> 0.0157 | U33: ='DOY213'!AB32 -> 0.0317 | V33: ='DOY214'!AB32 -> 0.026 | W33: ='DOY219'!AB32 -> 0.0332 | X33: ='DOY222'!AB32 -> 0.0287 | Y33: ='DOY225'!AB32 -> 0.0274 | Z33: ='DOY227'!AB32 -> 0.0274 | AA33: ='DOY232'!AB32 -> 0.0314 | AB33: ='DOY234'!AB32 -> 0.0291 | AC33: ='DOY236'!AB32 -> 0.0312 | AD33: ='DOY242'!AB32 -> 0.0295 | AE33: ='DOY247'!AB32 -> 0.0179 | AF33: ='DOY253'!AB32 -> 0.0326 | AG33: ='DOY260'!AB32 -> 0.0329 | AH33: ='DOY263'!AB32 -> 0.0396 | AI33: ='DOY267'!AB32 -> 0.0464 | AJ33: ='DOY269'!AB32 -> 0.0497 | AK33: ='DOY276'!AB32 -> 0.0587
A34: 15 | B34: ='DOY152'!AB33 -> 0.3232 | C34: ='DOY157'!AB33 -> 0.2811 | D34: ='DOY163'!AB33 -> 0.2071 | E34: ='DOY166'!AB33 -> 0.2085 | F34: ='DOY169'!AB33 -> 0.1967 | G34: ='DOY172'!AB33 -> 0.225 | H34: ='DOY176'!AB33 -> 0.2248 | I34: ='DOY178'!AB33 -> 0.1982 | J34: ='DOY180'!AB33 -> 0.1949 | K34: ='DOY183'!AB33 -> 0.1691 | L34: ='DOY187'!AB33 -> 0.1547 | M34: ='DOY190'!AB33 -> 0.142 | N34: ='DOY192'!AB33 -> 0.0755 | O34: ='DOY194'!AB33 -> 0.093 | P34: ='DOY200'!AB33 -> 0.0779 | Q34: ='DOY204'!AB33 -> 0.0409 | R34: ='DOY206'!AB33 -> 0.0487 | S34: ='DOY208'!AB33 -> 0.0396 | T34: ='DOY211'!AB33 -> 0.0144 | U34: ='DOY213'!AB33 -> 0.0392 | V34: ='DOY214'!AB33 -> 0.0313 | W34: ='DOY219'!AB33 -> 0.0355 | X34: ='DOY222'!AB33 -> 0.0284 | Y34: ='DOY225'!AB33 -> 0.0265 | Z34: ='DOY227'!AB33 -> 0.0271 | AA34: ='DOY232'!AB33 -> 0.0302 | AB34: ='DOY234'!AB33 -> 0.0289 | AC34: ='DOY236'!AB33 -> 0.0286 | AD34: ='DOY242'!AB33 -> 0.0265 | AE34: ='DOY247'!AB33 -> 0.0142 | AF34: ='DOY253'!AB33 -> 0.0307 | AG34: ='DOY260'!AB33 -> 0.0346 | AH34: ='DOY263'!AB33 -> 0.0407 | AI34: ='DOY267'!AB33 -> 0.0409 | AJ34: ='DOY269'!AB33 -> 0.0466 | AK34: ='DOY276'!AB33 -> 0.0615
... A46: 28 | B46: ='DOY152'!AB45 -> 0.2916 | C46: ='DOY157'!AB45 -> 0.2573 | D46: ='DOY163'!AB45 -> 0.1967 | E46: ='DOY166'!AB45 -> 0.1658 | F46: ='DOY169'!AB45 -> 0.1574 | G46: ='DOY172'!AB45 -> 0.1459 | H46: ='DOY176'!AB45 -> 0.1462 | I46: ='DOY178'!AB45 -> 0.1402 | J46: ='DOY180'!AB45 -> 0.1275 | K46: ='DOY183'!AB45 -> 0.1073 | L46: ='DOY187'!AB45 -> 0.0745 | M46: ='DOY190'!AB45 -> 0.0553 | N46: ='DOY192'!AB45 -> 0.0469 | O46: ='DOY194'!AB45 -> 0.0303 | P46: ='DOY200'!AB45 -> 0.0273 | Q46: ='DOY204'!AB45 -> 0.036 | R46: ='DOY206'!AB45 -> 0.0408 | S46: ='DOY208'!AB45 -> 0.0242 | T46: ='DOY211'!AB45 -> 0.0107 | U46: ='DOY213'!AB45 -> 0.0208 | V46: ='DOY214'!AB45 -> 0.0237 | W46: ='DOY219'!AB45 -> 0.0271 | X46: ='DOY222'!AB45 -> 0.0004 | Y46: ='DOY225'!AB45 -> 0.035 | Z46: ='DOY227'!AB45 -> 0.0294 | AA46: ='DOY232'!AB45 -> 0.033 | AB46: ='DOY234'!AB45 -> 0.0325 | AC46: ='DOY236'!AB45 -> 0.0325 | AD46: ='DOY242'!AB45 -> 0.0277 | AE46: ='DOY247'!AB45 -> 0.0321 | AF46: ='DOY253'!AB45 -> 0.0314 | AG46: ='DOY260'!AB45 -> 0.0371 | AH46: ='DOY263'!AB45 -> 0.0407 | AI46: ='DOY267'!AB45 -> 0.0477 | AJ46: ='DOY269'!AB45 -> 0.0512 | AK46: ='DOY276'!AB45 -> 0.0716
A47: Panel 100.3 | B47: ='DOY152'!AB46 -> 1.017 | C47: ='DOY157'!AB46 -> 1.0186 | D47: ='DOY163'!AB46 -> 1.0261 | E47: ='DOY166'!AB46 -> 1.013 | F47: ='DOY169'!AB46 -> 1.0092 | G47: ='DOY172'!AB46 -> 1.0144 | H47: ='DOY176'!AB46 -> 1.0093 | I47: ='DOY178'!AB46 -> 1.0115 | J47: ='DOY180'!AB46 -> 1.0082 | K47: ='DOY183'!AB46 -> 1.0083 | L47: ='DOY187'!AB46 -> 1.0143 | M47: ='DOY190'!AB46 -> 1.0085 | N47: ='DOY192'!AB46 -> 1.0071 | O47: ='DOY194'!AB46 -> 1.004 | P47: ='DOY200'!AB46 -> 1.0109 | Q47: ='DOY204'!AB46 -> 1.0083 | R47: ='DOY206'!AB46 -> 1.0091 | S47: ='DOY208'!AB46 -> 1.0098 | T47: ='DOY211'!AB46 -> 1.0163 | U47: ='DOY213'!AB46 -> 1.0098 | V47: ='DOY214'!AB46 -> 1.0096 | W47: ='DOY219'!AB46 -> 1.0111 | X47: ='DOY222'!AB46 -> 1.0151 | Y47: ='DOY225'!AB46 -> 1.0088 | Z47: ='DOY227'!AB46 -> 1.0098 | AA47: ='DOY232'!AB46 -> 1.0087 | AB47: ='DOY234'!AB46 -> 1.0108 | AC47: ='DOY236'!AB46 -> 1.0076 | AD47: ='DOY242'!AB46 -> 1.0092 | AE47: ='DOY247'!AB46 -> 1.0002 | AF47: ='DOY253'!AB46 -> 1.0033 | AG47: ='DOY260'!AB46 -> 1.0025 | AH47: ='DOY263'!AB46 -> 1.0084 | AI47: ='DOY267'!AB46 -> 1.0034 | AJ47: ='DOY269'!AB46 -> 1.0053 | AK47: ='DOY276'!AB46 -> 1.0011
A48: Quality | B48: 2 | C48: 3 | D48: 3 | E48: 2 | F48: 2 | G48: 0 | H48: 1 | I48: 2 | J48: 3 | K48: 2 | L48: 2 | M48: 2 | N48: 3 | O48: 3 | P48: 2 | Q48: 5 | R48: 4 | S48: 4 | T48: 4 | U48: 3 | V48: 2 | W48: 3 | X48: 2 | Y48: 3 | Z48: 3 | AA48: 2 | AB48: 2 | AC48: 2 | AD48: 2 | AE48: 3 | AF48: 2 | AG48: 2 | AH48: 2 | AI48: 2 | AJ48: 1 | AK48: 2

Sheet Band 2
B1: DOY
A2: Plot | B2: 152 | C2: 157 | D2: 163 | E2: 166 | F2: 169 | G2: 172 | H2: 176 | I2: 178 | J2: 180 | K2: 183 | L2: 187 | M2: 190 | N2: 192 | O2: 194 | P2: 200 | Q2: 204 | R2: 206 | S2: 208 | T2: 211 | U2: 213 | V2: 214 | W2: 219 | X2: 222 | Y2: 225 | Z2: 227 | AA2: 232 | AB2: 234 | AC2: 236 | AD2: 242 | AE2: 247 | AF2: 253 | AG2: 260 | AH2: 263 | AI2: 267 | AJ2: 269 | AK2: 276
A3: Panel 100.1 | B3: ='DOY152'!AF2 -> 0.9999 | C3: ='DOY157'!AF2 -> 1.0029 | D3: ='DOY163'!AF2 -> 1.0029 | E3: ='DOY166'!AF2 -> 0.999 | F3: ='DOY169'!AF2 -> 0.9949 | G3: ='DOY172'!AF2 -> 1.0014 | H3: ='DOY176'!AF2 -> 0.994 | I3: ='DOY178'!AF2 -> 0.9966 | J3: ='DOY180'!AF2 -> 0.9929 | K3: ='DOY183'!AF2 -> 0.9924 | L3: ='DOY187'!AF2 -> 0.998 | M3: ='DOY190'!AF2 -> 0.9929 | N3: ='DOY192'!AF2 -> 0.9916 | O3: ='DOY194'!AF2 -> 0.9875 | P3: ='DOY200'!AF2 -> 0.9943 | Q3: ='DOY204'!AF2 -> 0.9925 | R3: ='DOY206'!AF2 -> 0.9919 | S3: ='DOY208'!AF2 -> 0.9925 | T3: ='DOY211'!AF2 -> 1 | U3: ='DOY213'!AF2 -> 0.9943 | V3: ='DOY214'!AF2 -> 0.9928 | W3: ='DOY219'!AF2 -> 0.9949 | X3: ='DOY222'!AF2 -> 0.9981 | Y3: ='DOY225'!AF2 -> 0.991 | Z3: ='DOY227'!AF2 -> 0.9927 | AA3: ='DOY232'!AF2 -> 0.9918 | AB3: ='DOY152'!AF2 -> 0.9999 | AC3: ='DOY236'!AF2 -> 0.9903 | AD3: ='DOY242'!AF2 -> 0.9946 | AE3: ='DOY247'!AF2 -> 0.9836 | AF3: 0.9856 | AG3: ='DOY260'!AF2 -> 0.9858 | AH3: ='DOY263'!AF2 -> 0.9947 | AI3: ='DOY267'!AF2 -> 0.9887 | AJ3: ='DOY269'!AF2 -> 0.993 | AK3: ='DOY276'!AF2 -> 0.9879
A4: Panel 70.1 | B4: ='DOY152'!AF3 -> 0.0616 | C4: ='DOY157'!AF3 -> 0.143 | D4: ='DOY163'!AF3 -> 0.1351 | E4: ='DOY166'!AF3 -> 0.1336 | F4: ='DOY169'!AF3 -> 0.134 | G4: ='DOY172'!AF3 -> 0.1347 | H4: ='DOY176'!AF3 -> 0.1333 | I4: ='DOY178'!AF3 -> 0.1338 | J4: ='DOY180'!AF3 -> 0.1329 | K4: ='DOY183'!AF3 -> 0.1322 | L4: ='DOY187'!AF3 -> 0.1328 | M4: ='DOY190'!AF3 -> 0.1326 | N4: ='DOY192'!AF3 -> 0.1319 | O4: ='DOY194'!AF3 -> 0.1704 | P4: ='DOY200'!AF3 -> 0.135 | Q4: ='DOY204'!AF3 -> 0.127 | R4: ='DOY206'!AF3 -> 0.1343 | S4: ='DOY208'!AF3 -> 0.1976 | T4: ='DOY211'!AF3 -> 0.1318 | U4: ='DOY213'!AF3 -> 0.1425 | V4: ='DOY214'!AF3 -> 0.0748 | W4: ='DOY219'!AF3 -> 0.1486 | X4: ='DOY222'!AF3 -> 0.1327 | Y4: ='DOY225'!AF3 -> 0.1147 | Z4: ='DOY227'!AF3 -> 0.1317 | AA4: ='DOY232'!AF3 -> 0.133 | AB4: ='DOY152'!AF3 -> 0.0616 | AC4: ='DOY236'!AF3 -> 0.1321 | AD4: ='DOY242'!AF3 -> 0.1323 | AE4: ='DOY247'!AF3 -> 0.1316 | AF4: 0.131 | AG4: ='DOY260'!AF3 -> 0.1324 | AH4: ='DOY263'!AF3 -> 0.1331 | AI4: ='DOY267'!AF3 -> 0.133 | AJ4: ='DOY269'!AF3 -> 0.1314 | AK4: ='DOY276'!AF3 -> 0.1317
A5: 41 | B5: ='DOY152'!AF4 -> 0.3231 | C5: ='DOY157'!AF4 -> 0.3102 | D5: ='DOY163'!AF4 -> 0.2151 | E5: ='DOY166'!AF4 -> 0.2108 | F5: ='DOY169'!AF4 -> 0.1922 | G5: ='DOY172'!AF4 -> 0.2115 | H5: ='DOY176'!AF4 -> 0.2138 | I5: ='DOY178'!AF4 -> 0.2056 | J5: ='DOY180'!AF4 -> 0.2083 | K5: ='DOY183'!AF4 -> 0.2 | L5: ='DOY187'!AF4 -> 0.1868 | M5: ='DOY190'!AF4 -> 0.1715 | N5: ='DOY192'!AF4 -> 0.148 | O5: ='DOY194'!AF4 -> 0.1981 | P5: ='DOY200'!AF4 -> 0.1613 | Q5: ='DOY204'!AF4 -> 0.1687 | R5: ='DOY206'!AF4 -> 0.2054 | S5: ='DOY208'!AF4 -> 0.1299 | T5: ='DOY211'!AF4 -> 0.1147 | U5: ='DOY213'!AF4 -> 0.1835 | V5: ='DOY214'!AF4 -> 0.1468 | W5: ='DOY219'!AF4 -> 0.1542 | X5: ='DOY222'!AF4 -> 0.1351 | Y5: ='DOY225'!AF4 -> 0.1253 | Z5: ='DOY227'!AF4 -> 0.1589 | AA5: ='DOY232'!AF4 -> 0.166 | AB5: ='DOY152'!AF4 -> 0.3231 | AC5: ='DOY236'!AF4 -> 0.1551 | AD5: ='DOY242'!AF4 -> 0.1472 | AE5: ='DOY247'!AF4 -> 0.1791 | AF5: 0.1696 | AG5: ='DOY260'!AF4 -> 0.1665 | AH5: ='DOY263'!AF4 -> 0.1672 | AI5: ='DOY267'!AF4 -> 0.1752 | AJ5: ='DOY269'!AF4 -> 0.1809 | AK5: ='DOY276'!AF4 -> 0.1906
A6: 42 | B6: ='DOY152'!AF5 -> 0.3264 | C6: ='DOY157'!AF5 -> 0.3304 | D6: ='DOY163'!AF5 -> 0.2255 | E6: ='DOY166'!AF5 -> 0.2122 | F6: ='DOY169'!AF5 -> 0.2028 | G6: ='DOY172'!AF5 -> 0.2175 | H6: ='DOY176'!AF5 -> 0.2341 | I6: ='DOY178'!AF5 -> 0.2354 | J6: ='DOY180'!AF5 -> 0.2202 | K6: ='DOY183'!AF5 -> 0.2071 | L6: ='DOY187'!AF5 -> 0.196 | M6: ='DOY190'!AF5 -> 0.1857 | N6: ='DOY192'!AF5 -> 0.1608 | O6: ='DOY194'!AF5 -> 0.2246 | P6: ='DOY200'!AF5 -> 0.1699 | Q6: ='DOY204'!AF5 -> 0.1607 | R6: ='DOY206'!AF5 -> 0.2013 | S6: ='DOY208'!AF5 -> 0.1444 | T6: ='DOY211'!AF5 -> 0.1246 | U6: ='DOY213'!AF5 -> 0.187 | V6: ='DOY214'!AF5 -> 0.1602 | W6: ='DOY219'!AF5 -> 0.1822 | X6: ='DOY222'!AF5 -> 0.1486 | Y6: ='DOY225'!AF5 -> 0.1454 | Z6: ='DOY227'!AF5 -> 0.1831 | AA6: ='DOY232'!AF5 -> 0.1904 | AB6: ='DOY152'!AF5 -> 0.3264 | AC6: ='DOY236'!AF5 -> 0.1728 | AD6: ='DOY242'!AF5 -> 0.1677 | AE6: ='DOY247'!AF5 -> 0.1991 | AF6: 0.2036 | AG6: ='DOY260'!AF5 -> 0.2041 | AH6: ='DOY263'!AF5 -> 0.2257 | AI6: ='DOY267'!AF5 -> 0.2311 | AJ6: ='DOY269'!AF5 -> 0.2341 | AK6: ='DOY276'!AF5 -> 0.2085
A7: 43 | B7: ='DOY152'!AF6 -> 0.3202 | C7: ='DOY157'!AF6 -> 0.3331 | D7: ='DOY163'!AF6 -> 0.2291 | E7: ='DOY166'!AF6 -> 0.2127 | F7: ='DOY169'!AF6 -> 0.2054 | G7: ='DOY172'!AF6 -> 0.2104 | H7: ='DOY176'!AF6 -> 0.2391 | I7: ='DOY178'!AF6 -> 0.2261 | J7: ='DOY180'!AF6 -> 0.2267 | K7: ='DOY183'!AF6 -> 0.2141 | L7: ='DOY187'!AF6 -> 0.218 | M7: ='DOY190'!AF6 -> 0.1828 | N7: ='DOY192'!AF6 -> 0.1739 | O7: ='DOY194'!AF6 -> 0.2136 | P7: ='DOY200'!AF6 -> 0.1953 | Q7: ='DOY204'!AF6 -> 0.1887 | R7: ='DOY206'!AF6 -> 0.1934 | S7: ='DOY208'!AF6 -> 0.1487 | T7: ='DOY211'!AF6 -> 0.1482 | U7: ='DOY213'!AF6 -> 0.1926 | V7: ='DOY214'!AF6 -> 0.1925 | W7: ='DOY219'!AF6 -> 0.2013 | X7: ='DOY222'!AF6 -> 0.1906 | Y7: ='DOY225'!AF6 -> 0.2102 | Z7: ='DOY227'!AF6 -> 0.1966 | AA7: ='DOY232'!AF6 -> 0.2034 | AB7: ='DOY152'!AF6 -> 0.3202 | AC7: ='DOY236'!AF6 -> 0.1862 | AD7: ='DOY242'!AF6 -> 0.1757 | AE7: ='DOY247'!AF6 -> 0.1491 | AF7: 0.183 | AG7: ='DOY260'!AF6 -> 0.2046 | AH7: ='DOY263'!AF6 -> 0.1752 | AI7: ='DOY267'!AF6 -> 0.1998 | AJ7: ='DOY269'!AF6 -> 0.1944 | AK7: ='DOY276'!AF6 -> 0.2111
A8: 44 | B8: ='DOY152'!AF7 -> 0.3169 | C8: ='DOY157'!AF7 -> 0.332 | D8: ='DOY163'!AF7 -> 0.2253 | E8: ='DOY166'!AF7 -> 0.222 | F8: ='DOY169'!AF7 -> 0.2037 | G8: ='DOY172'!AF7 -> 0.2086 | H8: ='DOY176'!AF7 -> 0.2481 | I8: ='DOY178'!AF7 -> 0.2339 | J8: ='DOY180'!AF7 -> 0.2405 | K8: ='DOY183'!AF7 -> 0.2247 | L8: ='DOY187'!AF7 -> 0.2438 | M8: ='DOY190'!AF7 -> 0.2214 | N8: ='DOY192'!AF7 -> 0.1881 | O8: ='DOY194'!AF7 -> 0.1886 | P8: ='DOY200'!AF7 -> 0.2173 | Q8: ='DOY204'!AF7 -> 0.1888 | R8: ='DOY206'!AF7 -> 0.1806 | S8: ='DOY208'!AF7 -> 0.1344 | T8: ='DOY211'!AF7 -> 0.1202 | U8: ='DOY213'!AF7 -> 0.1394 | V8: ='DOY214'!AF7 -> 0.1789 | W8: ='DOY219'!AF7 -> 0.1723 | X8: ='DOY222'!AF7 -> 0.1723 | Y8: ='DOY225'!AF7 -> 0.1875 | Z8: ='DOY227'!AF7 -> 0.1801 | AA8: ='DOY232'!AF7 -> 0.1741 | AB8: ='DOY152'!AF7 -> 0.3169 | AC8: ='DOY236'!AF7 -> 0.1726 | AD8: ='DOY242'!AF7 -> 0.1659 | AE8: ='DOY247'!AF7 -> 0.1613 | AF8: 0.1626 | AG8: ='DOY260'!AF7 -> 0.1754 | AH8: ='DOY263'!AF7 -> 0.181 | AI8: ='DOY267'!AF7 -> 0.1705 | AJ8: ='DOY269'!AF7 -> 0.1497 | AK8: ='DOY276'!AF7 -> 0.1703
A9: 45 | B9: ='DOY152'!AF8 -> 0.3099 | C9: ='DOY157'!AF8 -> 0.3125 | D9: ='DOY163'!AF8 -> 0.2271 | E9: ='DOY166'!AF8 -> 0.2194 | F9: ='DOY169'!AF8 -> 0.2212 | G9: ='DOY172'!AF8 -> 0.2076 | H9: ='DOY176'!AF8 -> 0.2266 | I9: ='DOY178'!AF8 -> 0.2313 | J9: ='DOY180'!AF8 -> 0.2167 | K9: ='DOY183'!AF8 -> 0.1981 | L9: ='DOY187'!AF8 -> 0.2145 | M9: ='DOY190'!AF8 -> 0.1726 | N9: ='DOY192'!AF8 -> 0.1579 | O9: ='DOY194'!AF8 -> 0.2 | P9: ='DOY200'!AF8 -> 0.1942 | Q9: ='DOY204'!AF8 -> 0.2013 | R9: ='DOY206'!AF8 -> 0.175 | S9: ='DOY208'!AF8 -> 0.1559 | T9: ='DOY211'!AF8 -> 0.1086 | U9: ='DOY213'!AF8 -> 0.1715 | V9: ='DOY214'!AF8 -> 0.1911 | W9: ='DOY219'!AF8 -> 0.1616 | X9: ='DOY222'!AF8 -> 0.1859 | Y9: ='DOY225'!AF8 -> 0.1821 | Z9: ='DOY227'!AF8 -> 0.2136 | AA9: ='DOY232'!AF8 -> 0.2059 | AB9: ='DOY152'!AF8 -> 0.3099 | AC9: ='DOY236'!AF8 -> 0.1962 | AD9: ='DOY242'!AF8 -> 0.1719 | AE9: ='DOY247'!AF8 -> 0.1943 | AF9: 0.1777 | AG9: ='DOY260'!AF8 -> 0.214 | AH9: ='DOY263'!AF8 -> 0.2014 | AI9: ='DOY267'!AF8 -> 0.1962 | AJ9: ='DOY269'!AF8 -> 0.1981 | AK9: ='DOY276'!AF8 -> 0.2135
A10: 46 | B10: ='DOY152'!AF9 -> 0.3214 | C10: ='DOY157'!AF9 -> 0.328 | D10: ='DOY163'!AF9 -> 0.2298 | E10: ='DOY166'!AF9 -> 0.2126 | F10: ='DOY169'!AF9 -> 0.2042 | G10: ='DOY172'!AF9 -> 0.2653 | H10: ='DOY176'!AF9 -> 0.211 | I10: ='DOY178'!AF9 -> 0.2188 | J10: ='DOY180'!AF9 -> 0.1993 | K10: ='DOY183'!AF9 -> 0.1831 | L10: ='DOY187'!AF9 -> 0.2024 | M10: ='DOY190'!AF9 -> 0.1765 | N10: ='DOY192'!AF9 -> 0.1503 | O10: ='DOY194'!AF9 -> 0.2548 | P10: ='DOY200'!AF9 -> 0.1782 | Q10: ='DOY204'!AF9 -> 0.2361 | R10: ='DOY206'!AF9 -> 0.193 | S10: ='DOY208'!AF9 -> 0.1844 | T10: ='DOY211'!AF9 -> 0.128 | U10: ='DOY213'!AF9 -> 0.2343 | V10: ='DOY214'!AF9 -> 0.2069 | W10: ='DOY219'!AF9 -> 0.1873 | X10: ='DOY222'!AF9 -> 0.216 | Y10: ='DOY225'!AF9 -> 0.2379 | Z10: ='DOY227'!AF9 -> 0.2249 | AA10: ='DOY232'!AF9 -> 0.2141 | AB10: ='DOY152'!AF9 -> 0.3214 | AC10: ='DOY236'!AF9 -> 0.1915 | AD10: ='DOY242'!AF9 -> 0.1695 | AE10: ='DOY247'!AF9 -> 0.1885 | AF10: 0.1985 | AG10: ='DOY260'!AF9 -> 0.2057 | AH10: ='DOY263'!AF9 -> 0.2234 | AI10: ='DOY267'!AF9 -> 0.2045 | AJ10: ='DOY269'!AF9 -> 0.19 | AK10: ='DOY276'!AF9 -> 0.205
A11: 47 | B11: ='DOY152'!AF10 -> 0.3227 | C11: ='DOY157'!AF10 -> 0.3261 | D11: ='DOY163'!AF10 -> 0.2382 | E11: ='DOY166'!AF10 -> 0.2174 | F11: ='DOY169'!AF10 -> 0.2 | G11: ='DOY172'!AF10 -> 0.2211 | H11: ='DOY176'!AF10 -> 0.216 | I11: ='DOY178'!AF10 -> 0.2227 | J11: ='DOY180'!AF10 -> 0.2099 | K11: ='DOY183'!AF10 -> 0.198 | L11: ='DOY187'!AF10 -> 0.2215 | M11: ='DOY190'!AF10 -> 0.179 | N11: ='DOY192'!AF10 -> 0.1717 | O11: ='DOY194'!AF10 -> 0.1795 | P11: ='DOY200'!AF10 -> 0.168 | Q11: ='DOY204'!AF10 -> 0.2408 | R11: ='DOY206'!AF10 -> 0.1921 | S11: ='DOY208'!AF10 -> 0.1365 | T11: ='DOY211'!AF10 -> 0.102 | U11: ='DOY213'!AF10 -> 0.2194 | V11: ='DOY214'!AF10 -> 0.1609 | W11: ='DOY219'!AF10 -> 0.1573 | X11: ='DOY222'!AF10 -> 0.1596 | Y11: ='DOY225'!AF10 -> 0.1947 | Z11: ='DOY227'!AF10 -> 0.1912 | AA11: ='DOY232'!AF10 -> 0.1863 | AB11: ='DOY152'!AF10 -> 0.3227 | AC11: ='DOY236'!AF10 -> 0.1814 | AD11: ='DOY242'!AF10 -> 0.1719 | AE11: ='DOY247'!AF10 -> 0.1607 | AF11: 0.1991 | AG11: ='DOY260'!AF10 -> 0.2117 | AH11: ='DOY263'!AF10 -> 0.2108 | AI11: ='DOY267'!AF10 -> 0.2109 | AJ11: ='DOY269'!AF10 -> 0.206 | AK11: ='DOY276'!AF10 -> 0.2123
A12: 48 | B12: ='DOY152'!AF11 -> 0.3251 | C12: ='DOY157'!AF11 -> 0.344 | D12: ='DOY163'!AF11 -> 0.2304 | E12: ='DOY166'!AF11 -> 0.2113 | F12: ='DOY169'!AF11 -> 0.2016 | G12: ='DOY172'!AF11 -> 0.2678 | H12: ='DOY176'!AF11 -> 0.2553 | I12: ='DOY178'!AF11 -> 0.2242 | J12: ='DOY180'!AF11 -> 0.2223 | K12: ='DOY183'!AF11 -> 0.2287 | L12: ='DOY187'!AF11 -> 0.2138 | M12: ='DOY190'!AF11 -> 0.2008 | N12: ='DOY192'!AF11 -> 0.1623 | O12: ='DOY194'!AF11 -> 0.2279 | P12: ='DOY200'!AF11 -> 0.1867 | Q12: ='DOY204'!AF11 -> 0.2532 | R12: ='DOY206'!AF11 -> 0.178 | S12: ='DOY208'!AF11 -> 0.1639 | T12: ='DOY211'!AF11 -> 0.1159 | U12: ='DOY213'!AF11 -> 0.2642 | V12: ='DOY214'!AF11 -> 0.1889 | W12: ='DOY219'!AF11 -> 0.1583 | X12: ='DOY222'!AF11 -> 0.2028 | Y12: ='DOY225'!AF11 -> 0.2131 | Z12: ='DOY227'!AF11 -> 0.2208 | AA12: ='DOY232'!AF11 -> 0.1953 | AB12: ='DOY152'!AF11 -> 0.3251 | AC12: ='DOY236'!AF11 -> 0.1888 | AD12: ='DOY242'!AF11 -> 0.1749 | AE12: ='DOY247'!AF11 -> 0.1421 | AF12: 0.1862 | AG12: ='DOY260'!AF11 -> 0.2146 | AH12: ='DOY263'!AF11 -> 0.2144 | AI12: ='DOY267'!AF11 -> 0.2223 | AJ12: ='DOY269'!AF11 -> 0.1987 | AK12: ='DOY276'!AF11 -> 0.2298
A13: 38 | B13: ='DOY152'!AF12 -> 0.3535 | C13: ='DOY157'!AF12 -> 0.3621 | D13: ='DOY163'!AF12 -> 0.2455 | E13: ='DOY166'!AF12 -> 0.2336 | F13: ='DOY169'!AF12 -> 0.2135 | G13: ='DOY172'!AF12 -> 0.2319 | H13: ='DOY176'!AF12 -> 0.263 | I13: ='DOY178'!AF12 -> 0.2631 | J13: ='DOY180'!AF12 -> 0.2649 | K13: ='DOY183'!AF12 -> 0.2236 | L13: ='DOY187'!AF12 -> 0.2519 | M13: ='DOY190'!AF12 -> 0.2237 | N13: ='DOY192'!AF12 -> 0.1999 | O13: ='DOY194'!AF12 -> 0.2119 | P13: ='DOY200'!AF12 -> 0.1883 | Q13: ='DOY204'!AF12 -> 0.2363 | R13: ='DOY206'!AF12 -> 0.1757 | S13: ='DOY208'!AF12 -> 0.1724 | T13: ='DOY211'!AF12 -> 0.1393 | U13: ='DOY213'!AF12 -> 0.2661 | V13: ='DOY214'!AF12 -> 0.1868 | W13: ='DOY219'!AF12 -> 0.2023 | X13: ='DOY222'!AF12 -> 0.2044 | Y13: ='DOY225'!AF12 -> 0.2224 | Z13: ='DOY227'!AF12 -> 0.2297 | AA13: ='DOY232'!AF12 -> 0.2174 | AB13: ='DOY152'!AF12 -> 0.3535 | AC13: ='DOY236'!AF12 -> 0.2124 | AD13: ='DOY242'!AF12 -> 0.2083 | AE13: ='DOY247'!AF12 -> 0.1749 | AF13: 0.2352 | AG13: ='DOY260'!AF12 -> 0.2499 | AH13: ='DOY263'!AF12 -> 0.2391 | AI13: ='DOY267'!AF12 -> 0.2383 | AJ13: ='DOY269'!AF12 -> 0.2411 | AK13: ='DOY276'!AF12 -> 0.2499
A14: 37 | B14: ='DOY152'!AF13 -> 0.3504 | C14: ='DOY157'!AF13 -> 0.371 | D14: ='DOY163'!AF13 -> 0.2601 | E14: ='DOY166'!AF13 -> 0.253 | F14: ='DOY169'!AF13 -> 0.2371 | G14: ='DOY172'!AF13 -> 0.2397 | H14: ='DOY176'!AF13 -> 0.2624 | I14: ='DOY178'!AF13 -> 0.259 | J14: ='DOY180'!AF13 -> 0.2606 | K14: ='DOY183'!AF13 -> 0.2455 | L14: ='DOY187'!AF13 -> 0.2338 | M14: ='DOY190'!AF13 -> 0.2337 | N14: ='DOY192'!AF13 -> 0.2315 | O14: ='DOY194'!AF13 -> 0.1923 | P14: ='DOY200'!AF13 -> 0.2013 | Q14: ='DOY204'!AF13 -> 0.1994 | R14: ='DOY206'!AF13 -> 0.1958 | S14: ='DOY208'!AF13 -> 0.1643 | T14: ='DOY211'!AF13 -> 0.1299 | U14: ='DOY213'!AF13 -> 0.2693 | V14: ='DOY214'!AF13 -> 0.1707 | W14: ='DOY219'!AF13 -> 0.193 | X14: ='DOY222'!AF13 -> 0.1761 | Y14: ='DOY225'!AF13 -> 0.1832 | Z14: ='DOY227'!AF13 -> 0.1922 | AA14: ='DOY232'!AF13 -> 0.1726 | AB14: ='DOY152'!AF13 -> 0.3504 | AC14: ='DOY236'!AF13 -> 0.1716 | AD14: ='DOY242'!AF13 -> 0.1691 | AE14: ='DOY247'!AF13 -> 0.1844 | AF14: 0.2046 | AG14: ='DOY260'!AF13 -> 0.2208 | AH14: ='DOY263'!AF13 -> 0.232 | AI14: ='DOY267'!AF13 -> 0.2301 | AJ14: ='DOY269'!AF13 -> 0.2333 | AK14: ='DOY276'!AF13 -> 0.2442
A15: 36 | B15: ='DOY152'!AF14 -> 0.3592 | C15: ='DOY157'!AF14 -> 0.3672 | D15: ='DOY163'!AF14 -> 0.2613 | E15: ='DOY166'!AF14 -> 0.2365 | F15: ='DOY169'!AF14 -> 0.2366 | G15: ='DOY172'!AF14 -> 0.2793 | H15: ='DOY176'!AF14 -> 0.2809 | I15: ='DOY178'!AF14 -> 0.2743 | J15: ='DOY180'!AF14 -> 0.2837 | K15: ='DOY183'!AF14 -> 0.2423 | L15: ='DOY187'!AF14 -> 0.2629 | M15: ='DOY190'!AF14 -> 0.1983 | N15: ='DOY192'!AF14 -> 0.1808 | O15: ='DOY194'!AF14 -> 0.2313 | P15: ='DOY200'!AF14 -> 0.1937 | Q15: ='DOY204'!AF14 -> 0.1755 | R15: ='DOY206'!AF14 -> 0.1838 | S15: ='DOY208'!AF14 -> 0.1763 | T15: ='DOY211'!AF14 -> 0.1265 | U15: ='DOY213'!AF14 -> 0.2675 | V15: ='DOY214'!AF14 -> 0.1979 | W15: ='DOY219'!AF14 -> 0.2147 | X15: ='DOY222'!AF14 -> 0.2214 | Y15: ='DOY225'!AF14 -> 0.2124 | Z15: ='DOY227'!AF14 -> 0.2273 | AA15: ='DOY232'!AF14 -> 0.2077 | AB15: ='DOY152'!AF14 -> 0.3592 | AC15: ='DOY236'!AF14 -> 0.1906 | AD15: ='DOY242'!AF14 -> 0.1861 | AE15: ='DOY247'!AF14 -> 0.186 | AF15: 0.1872 | AG15: ='DOY260'!AF14 -> 0.1935 | AH15: ='DOY263'!AF14 -> 0.2281 | AI15: ='DOY267'!AF14 -> 0.2224 | AJ15: ='DOY269'!AF14 -> 0.2171 | AK15: ='DOY276'!AF14 -> 0.236
A16: 35 | B16: ='DOY152'!AF15 -> 0.3549 | C16: ='DOY157'!AF15 -> 0.38 | D16: ='DOY163'!AF15 -> 0.256 | E16: ='DOY166'!AF15 -> 0.2439 | F16: ='DOY169'!AF15 -> 0.2499 | G16: ='DOY172'!AF15 -> 0.2568 | H16: ='DOY176'!AF15 -> 0.2505 | I16: ='DOY178'!AF15 -> 0.2215 | J16: ='DOY180'!AF15 -> 0.2742 | K16: ='DOY183'!AF15 -> 0.2739 | L16: ='DOY187'!AF15 -> 0.1747 | M16: ='DOY190'!AF15 -> 0.2657 | N16: ='DOY192'!AF15 -> 0.2561 | O16: ='DOY194'!AF15 -> 0.2771 | P16: ='DOY200'!AF15 -> 0.251 | Q16: ='DOY204'!AF15 -> 0.1584 | R16: ='DOY206'!AF15 -> 0.1997 | S16: ='DOY208'!AF15 -> 0.2061 | T16: ='DOY211'!AF15 -> 0.139 | U16: ='DOY213'!AF15 -> 0.2775 | V16: ='DOY214'!AF15 -> 0.197 | W16: ='DOY219'!AF15 -> 0.1871 | X16: ='DOY222'!AF15 -> 0.1942 | Y16: ='DOY225'!AF15 -> 0.194 | Z16: ='DOY227'!AF15 -> 0.1975 | AA16: ='DOY232'!AF15 -> 0.1881 | AB16: ='DOY152'!AF15 -> 0.3549 | AC16: ='DOY236'!AF15 -> 0.1871 | AD16: ='DOY242'!AF15 -> 0.1773 | AE16: ='DOY247'!AF15 -> 0.1634 | AF16: 0.1785 | AG16: ='DOY260'!AF15 -> 0.1979 | AH16: ='DOY263'!AF15 -> 0.2162 | AI16: ='DOY267'!AF15 -> 0.2262 | AJ16: ='DOY269'!AF15 -> 0.2222 | AK16: ='DOY276'!AF15 -> 0.2379
... A20: 31 | B20: ='DOY152'!AF19 -> 0.3415 | C20: ='DOY157'!AF19 -> 0.3365 | D20: ='DOY163'!AF19 -> 0.249 | E20: ='DOY166'!AF19 -> 0.2351 | F20: ='DOY169'!AF19 -> 0.231 | G20: ='DOY172'!AF19 -> 0.2722 | H20: ='DOY176'!AF19 -> 0.2458 | I20: ='DOY178'!AF19 -> 0.2647 | J20: ='DOY180'!AF19 -> 0.1838 | K20: ='DOY183'!AF19 -> 0.238 | L20: ='DOY187'!AF19 -> 0.2306 | M20: ='DOY190'!AF19 -> 0.1947 | N20: ='DOY192'!AF19 -> 0.1869 | O20: ='DOY194'!AF19 -> 0.1977 | P20: ='DOY200'!AF19 -> 0.1842 | Q20: ='DOY204'!AF19 -> 0.1933 | R20: ='DOY206'!AF19 -> 0.2082 | S20: ='DOY208'!AF19 -> 0.188 | T20: ='DOY211'!AF19 -> 0.1626 | U20: ='DOY213'!AF19 -> 0.1875 | V20: ='DOY214'!AF19 -> 0.1962 | W20: ='DOY219'!AF19 -> 0.1978 | X20: ='DOY222'!AF19 -> 0.2117 | Y20: ='DOY225'!AF19 -> 0.219 | Z20: ='DOY227'!AF19 -> 0.2346 | AA20: ='DOY232'!AF19 -> 0.2168 | AB20: ='DOY152'!AF19 -> 0.3415 | AC20: ='DOY236'!AF19 -> 0.1977 | AD20: ='DOY242'!AF19 -> 0.2071 | AE20: ='DOY247'!AF19 -> 0.2129 | AF20: 0.2033 | AG20: ='DOY260'!AF19 -> 0.2147 | AH20: ='DOY263'!AF19 -> 0.2223 | AI20: ='DOY267'!AF19 -> 0.2288 | AJ20: ='DOY269'!AF19 -> 0.245 | AK20: ='DOY276'!AF19 -> 0.2367
A21: Panel 100.2 | B21: ='DOY152'!AF20 -> 1.0081 | C21: ='DOY157'!AF20 -> 1.0103 | D21: ='DOY163'!AF20 -> 1.0167 | E21: ='DOY166'!AF20 -> 1.0049 | F21: ='DOY169'!AF20 -> 1.0009 | G21: ='DOY172'!AF20 -> 1.0075 | H21: ='DOY176'!AF20 -> 1.0008 | I21: ='DOY178'!AF20 -> 1.0031 | J21: ='DOY180'!AF20 -> 0.9998 | K21: ='DOY183'!AF20 -> 0.9997 | L21: ='DOY187'!AF20 -> 1.0055 | M21: ='DOY190'!AF20 -> 0.9999 | N21: ='DOY192'!AF20 -> 0.9986 | O21: ='DOY194'!AF20 -> 0.9947 | P21: ='DOY200'!AF20 -> 1.0021 | Q21: ='DOY204'!AF20 -> 0.9996 | R21: ='DOY206'!AF20 -> 0.9994 | S21: ='DOY208'!AF20 -> 0.9997 | T21: ='DOY211'!AF20 -> 1.0073 | U21: ='DOY213'!AF20 -> 1.001 | V21: ='DOY214'!AF20 -> 1.0003 | W21: ='DOY219'!AF20 -> 1.0021 | X21: ='DOY222'!AF20 -> 1.0065 | Y21: ='DOY225'!AF20 -> 1.0003 | Z21: ='DOY227'!AF20 -> 1.0005 | AA21: ='DOY232'!AF20 -> 0.9987 | AB21: ='DOY152'!AF20 -> 1.0081 | AC21: ='DOY236'!AF20 -> 0.9984 | AD21: ='DOY242'!AF20 -> 1.0011 | AE21: ='DOY247'!AF20 -> 0.9913 | AF21: 0.9937 | AG21: ='DOY260'!AF20 -> 0.9926 | AH21: ='DOY263'!AF20 -> 1.0011 | AI21: ='DOY267'!AF20 -> 0.995 | AJ21: ='DOY269'!AF20 -> 0.9987 | AK21: ='DOY276'!AF20 -> 0.9941
A22: Soil Tray | B22: ='DOY152'!AF21 -> 0.3134 | C22: ='DOY157'!AF21 -> 0.2819 | D22: ='DOY163'!AF21 -> 0.2923 | E22: ='DOY166'!AF21 -> 0.2932 | F22: ='DOY169'!AF21 -> 0.2923 | G22: ='DOY172'!AF21 -> 0.2917 | H22: ='DOY176'!AF21 -> 0.2955 | I22: ='DOY178'!AF21 -> 0.2931 | J22: ='DOY180'!AF21 -> 0.2903 | K22: ='DOY183'!AF21 -> 0.2936 | L22: ='DOY187'!AF21 -> 0.2933 | M22: ='DOY190'!AF21 -> 0.2913 | N22: ='DOY192'!AF21 -> 0.291 | O22: ='DOY194'!AF21 -> 0.294 | P22: ='DOY200'!AF21 -> 0.2935 | Q22: ='DOY204'!AF21 -> 0.2764 | R22: ='DOY206'!AF21 -> 0.2886 | S22: ='DOY208'!AF21 -> 0.2866 | T22: ='DOY211'!AF21 -> 0.3107 | U22: ='DOY213'!AF21 -> 0.2886 | V22: ='DOY214'!AF21 -> 0.2881 | W22: ='DOY219'!AF21 -> 0.262 | X22: ='DOY222'!AF21 -> 0.3026 | Y22: ='DOY225'!AF21 -> 0.2943 | Z22: ='DOY227'!AF21 -> 0.2955 | AA22: ='DOY232'!AF21 -> 0.2933 | AB22: ='DOY152'!AF21 -> 0.3134 | AC22: ='DOY236'!AF21 -> 0.2933 | AD22: ='DOY242'!AF21 -> 0.2931 | AE22: ='DOY247'!AF21 -> 0.2907 | AF22: 0.2911 | AG22: ='DOY260'!AF21 -> 0.2877 | AH22: ='DOY263'!AF21 -> 0.295 | AI22: ='DOY267'!AF21 -> 0.2916 | AJ22: ='DOY269'!AF21 -> 0.2919 | AK22: ='DOY276'!AF21 -> 0.2951
A23: 1 | B23: ='DOY152'!AF22 -> 0.3364 | C23: ='DOY157'!AF22 -> 0.3183 | D23: ='DOY163'!AF22 -> 0.3074 | E23: ='DOY166'!AF22 -> 0.3022 | F23: ='DOY169'!AF22 -> 0.2993 | G23: ='DOY172'!AF22 -> 0.3011 | H23: ='DOY176'!AF22 -> 0.2959 | I23: ='DOY178'!AF22 -> 0.2981 | J23: ='DOY180'!AF22 -> 0.2971 | K23: ='DOY183'!AF22 -> 0.2996 | L23: ='DOY187'!AF22 -> 0.3012 | M23: ='DOY190'!AF22 -> 0.2946 | N23: ='DOY192'!AF22 -> 0.2538 | O23: ='DOY194'!AF22 -> 0.2586 | P23: ='DOY200'!AF22 -> 0.3466 | Q23: ='DOY204'!AF22 -> 0.3172 | R23: ='DOY206'!AF22 -> 0.3441 | S23: ='DOY208'!AF22 -> 0.3352 | T23: ='DOY211'!AF22 -> 0.2963 | U23: ='DOY213'!AF22 -> 0.3729 | V23: ='DOY214'!AF22 -> 0.2759 | W23: ='DOY219'!AF22 -> 0.3857 | X23: ='DOY222'!AF22 -> 0.3491 | Y23: ='DOY225'!AF22 -> 0.344 | Z23: ='DOY227'!AF22 -> 0.3459 | AA23: ='DOY232'!AF22 -> 0.352 | AB23: ='DOY152'!AF22 -> 0.3364 | AC23: ='DOY236'!AF22 -> 0.3532 | AD23: ='DOY242'!AF22 -> 0.3408 | AE23: ='DOY247'!AF22 -> 0.3424 | AF23: 0.3468 | AG23: ='DOY260'!AF22 -> 0.3404 | AH23: ='DOY263'!AF22 -> 0.3517 | AI23: ='DOY267'!AF22 -> 0.358 | AJ23: ='DOY269'!AF22 -> 0.3596 | AK23: ='DOY276'!AF22 -> 0.3547
A24: 2 | B24: ='DOY152'!AF23 -> 0.2244 | C24: ='DOY157'!AF23 -> 0.2228 | D24: ='DOY163'!AF23 -> 0.1936 | E24: ='DOY166'!AF23 -> 0.2029 | F24: ='DOY169'!AF23 -> 0.1829 | G24: ='DOY172'!AF23 -> 0.1945 | H24: ='DOY176'!AF23 -> 0.2139 | I24: ='DOY178'!AF23 -> 0.2179 | J24: ='DOY180'!AF23 -> 0.1705 | K24: ='DOY183'!AF23 -> 0.1967 | L24: ='DOY187'!AF23 -> 0.1816 | M24: ='DOY190'!AF23 -> 0.1619 | N24: ='DOY192'!AF23 -> 0.1564 | O24: ='DOY194'!AF23 -> 0.1557 | P24: ='DOY200'!AF23 -> 0.1618 | Q24: ='DOY204'!AF23 -> 0.1641 | R24: ='DOY206'!AF23 -> 0.1876 | S24: ='DOY208'!AF23 -> 0.1555 | T24: ='DOY211'!AF23 -> 0.1523 | U24: ='DOY213'!AF23 -> 0.1847 | V24: ='DOY214'!AF23 -> 0.1591 | W24: ='DOY219'!AF23 -> 0.204 | X24: ='DOY222'!AF23 -> 0.1642 | Y24: ='DOY225'!AF23 -> 0.1573 | Z24: ='DOY227'!AF23 -> 0.1687 | AA24: ='DOY232'!AF23 -> 0.1898 | AB24: ='DOY152'!AF23 -> 0.2244 | AC24: ='DOY236'!AF23 -> 0.1841 | AD24: ='DOY242'!AF23 -> 0.1801 | AE24: ='DOY247'!AF23 -> 0.1725 | AF24: 0.1786 | AG24: ='DOY260'!AF23 -> 0.1987 | AH24: ='DOY263'!AF23 -> 0.2062 | AI24: ='DOY267'!AF23 -> 0.2112 | AJ24: ='DOY269'!AF23 -> 0.2149 | AK24: ='DOY276'!AF23 -> 0.2081
A25: 3 | B25: ='DOY152'!AF24 -> 0.2499 | C25: ='DOY157'!AF24 -> 0.174 | D25: ='DOY163'!AF24 -> 0.3028 | E25: ='DOY166'!AF24 -> 0.1935 | F25: ='DOY169'!AF24 -> 0.2007 | G25: ='DOY172'!AF24 -> 0.2032 | H25: ='DOY176'!AF24 -> 0.3369 | I25: ='DOY178'!AF24 -> 0.1817 | J25: ='DOY180'!AF24 -> 0.327 | K25: ='DOY183'!AF24 -> 0.2091 | L25: ='DOY187'!AF24 -> 0.2072 | M25: ='DOY190'!AF24 -> 0.2079 | N25: ='DOY192'!AF24 -> 0.309 | O25: ='DOY194'!AF24 -> 0.2056 | P25: ='DOY200'!AF24 -> 0.1917 | Q25: ='DOY204'!AF24 -> 0.1879 | R25: ='DOY206'!AF24 -> 0.2122 | S25: ='DOY208'!AF24 -> 0.2285 | T25: ='DOY211'!AF24 -> 0.1184 | U25: ='DOY213'!AF24 -> 0.2112 | V25: ='DOY214'!AF24 -> 0.2254 | W25: ='DOY219'!AF24 -> 0.2318 | X25: ='DOY222'!AF24 -> 0.2105 | Y25: ='DOY225'!AF24 -> 0.2026 | Z25: ='DOY227'!AF24 -> 0.3525 | AA25: ='DOY232'!AF24 -> 0.1862 | AB25: ='DOY152'!AF24 -> 0.2499 | AC25: ='DOY236'!AF24 -> 0.3442 | AD25: ='DOY242'!AF24 -> 0.348 | AE25: ='DOY247'!AF24 -> 0.1852 | AF25: 0.202 | AG25: ='DOY260'!AF24 -> 0.3242 | AH25: ='DOY263'!AF24 -> 0.2046 | AI25: ='DOY267'!AF24 -> 0.3341 | AJ25: ='DOY269'!AF24 -> 0.3378 | AK25: ='DOY276'!AF24 -> 0.3373
A26: 4 | B26: ='DOY152'!AF25 -> 0.2112 | C26: ='DOY157'!AF25 -> 0.2173 | D26: ='DOY163'!AF25 -> 0.2058 | E26: ='DOY166'!AF25 -> 0.1957 | F26: ='DOY169'!AF25 -> 0.1978 | G26: ='DOY172'!AF25 -> 0.1967 | H26: ='DOY176'!AF25 -> 0.1919 | I26: ='DOY178'!AF25 -> 0.1842 | J26: ='DOY180'!AF25 -> 0.1622 | K26: ='DOY183'!AF25 -> 0.2314 | L26: ='DOY187'!AF25 -> 0.2243 | M26: ='DOY190'!AF25 -> 0.2269 | N26: ='DOY192'!AF25 -> 0.1937 | O26: ='DOY194'!AF25 -> 0.1874 | P26: ='DOY200'!AF25 -> 0.2059 | Q26: ='DOY204'!AF25 -> 0.1452 | R26: ='DOY206'!AF25 -> 0.1795 | S26: ='DOY208'!AF25 -> 0.1591 | T26: ='DOY211'!AF25 -> 0.1565 | U26: ='DOY213'!AF25 -> 0.2144 | V26: ='DOY214'!AF25 -> 0.1907 | W26: ='DOY219'!AF25 -> 0.2428 | X26: ='DOY222'!AF25 -> 0.2001 | Y26: ='DOY225'!AF25 -> 0.2006 | Z26: ='DOY227'!AF25 -> 0.2111 | AA26: ='DOY232'!AF25 -> 0.1961 | AB26: ='DOY152'!AF25 -> 0.2112 | AC26: ='DOY236'!AF25 -> 0.1846 | AD26: ='DOY242'!AF25 -> 0.166 | AE26: ='DOY247'!AF25 -> 0.1296 | AF26: 0.1994 | AG26: ='DOY260'!AF25 -> 0.2135 | AH26: ='DOY263'!AF25 -> 0.2107 | AI26: ='DOY267'!AF25 -> 0.2097 | AJ26: ='DOY269'!AF25 -> 0.197 | AK26: ='DOY276'!AF25 -> 0.2212
A27: 5 | B27: ='DOY152'!AF26 -> 0.2151 | C27: ='DOY157'!AF26 -> 0.2228 | D27: ='DOY163'!AF26 -> 0.2009 | E27: ='DOY166'!AF26 -> 0.1994 | F27: ='DOY169'!AF26 -> 0.2035 | G27: ='DOY172'!AF26 -> 0.1953 | H27: ='DOY176'!AF26 -> 0.1749 | I27: ='DOY178'!AF26 -> 0.1894 | J27: ='DOY180'!AF26 -> 0.1544 | K27: ='DOY183'!AF26 -> 0.2124 | L27: ='DOY187'!AF26 -> 0.207 | M27: ='DOY190'!AF26 -> 0.1947 | N27: ='DOY192'!AF26 -> 0.1798 | O27: ='DOY194'!AF26 -> 0.1676 | P27: ='DOY200'!AF26 -> 0.185 | Q27: ='DOY204'!AF26 -> 0.156 | R27: ='DOY206'!AF26 -> 0.1836 | S27: ='DOY208'!AF26 -> 0.1551 | T27: ='DOY211'!AF26 -> 0.1007 | U27: ='DOY213'!AF26 -> 0.2156 | V27: ='DOY214'!AF26 -> 0.189 | W27: ='DOY219'!AF26 -> 0.2249 | X27: ='DOY222'!AF26 -> 0.1923 | Y27: ='DOY225'!AF26 -> 0.1811 | Z27: ='DOY227'!AF26 -> 0.2035 | AA27: ='DOY232'!AF26 -> 0.2015 | AB27: ='DOY152'!AF26 -> 0.2151 | AC27: ='DOY236'!AF26 -> 0.1785 | AD27: ='DOY242'!AF26 -> 0.1808 | AE27: ='DOY247'!AF26 -> 0.1278 | AF27: 0.1921 | AG27: ='DOY260'!AF26 -> 0.1873 | AH27: ='DOY263'!AF26 -> 0.1879 | AI27: ='DOY267'!AF26 -> 0.1906 | AJ27: ='DOY269'!AF26 -> 0.1806 | AK27: ='DOY276'!AF26 -> 0.1967
A28: 6 | B28: ='DOY152'!AF27 -> 0.2165 | C28: ='DOY157'!AF27 -> 0.2192 | D28: ='DOY163'!AF27 -> 0.2127 | E28: ='DOY166'!AF27 -> 0.1976 | F28: ='DOY169'!AF27 -> 0.2128 | G28: ='DOY172'!AF27 -> 0.2038 | H28: ='DOY176'!AF27 -> 0.2316 | I28: ='DOY178'!AF27 -> 0.2347 | J28: ='DOY180'!AF27 -> 0.1656 | K28: ='DOY183'!AF27 -> 0.2123 | L28: ='DOY187'!AF27 -> 0.1881 | M28: ='DOY190'!AF27 -> 0.1667 | N28: ='DOY192'!AF27 -> 0.1394 | O28: ='DOY194'!AF27 -> 0.1637 | P28: ='DOY200'!AF27 -> 0.169 | Q28: ='DOY204'!AF27 -> 0.1748 | R28: ='DOY206'!AF27 -> 0.1946 | S28: ='DOY208'!AF27 -> 0.1612 | T28: ='DOY211'!AF27 -> 0.0751 | U28: ='DOY213'!AF27 -> 0.1628 | V28: ='DOY214'!AF27 -> 0.1556 | W28: ='DOY219'!AF27 -> 0.1794 | X28: ='DOY222'!AF27 -> 0.168 | Y28: ='DOY225'!AF27 -> 0.1728 | Z28: ='DOY227'!AF27 -> 0.1699 | AA28: ='DOY232'!AF27 -> 0.1947 | AB28: ='DOY152'!AF27 -> 0.2165 | AC28: ='DOY236'!AF27 -> 0.1891 | AD28: ='DOY242'!AF27 -> 0.1626 | AE28: ='DOY247'!AF27 -> 0.1274 | AF28: 0.1793 | AG28: ='DOY260'!AF27 -> 0.2019 | AH28: ='DOY263'!AF27 -> 0.2016 | AI28: ='DOY267'!AF27 -> 0.2168 | AJ28: ='DOY269'!AF27 -> 0.2087 | AK28: ='DOY276'!AF27 -> 0.2095
A29: 7 | B29: ='DOY152'!AF28 -> 0.2119 | C29: ='DOY157'!AF28 -> 0.2139 | D29: ='DOY163'!AF28 -> 0.2017 | E29: ='DOY166'!AF28 -> 0.1982 | F29: ='DOY169'!AF28 -> 0.1965 | G29: ='DOY172'!AF28 -> 0.1978 | H29: ='DOY176'!AF28 -> 0.2089 | I29: ='DOY178'!AF28 -> 0.2206 | J29: ='DOY180'!AF28 -> 0.1631 | K29: ='DOY183'!AF28 -> 0.202 | L29: ='DOY187'!AF28 -> 0.1944 | M29: ='DOY190'!AF28 -> 0.1757 | N29: ='DOY192'!AF28 -> 0.1594 | O29: ='DOY194'!AF28 -> 0.1746 | P29: ='DOY200'!AF28 -> 0.1655 | Q29: ='DOY204'!AF28 -> 0.1832 | R29: ='DOY206'!AF28 -> 0.2084 | S29: ='DOY208'!AF28 -> 0.1725 | T29: ='DOY211'!AF28 -> 0.0668 | U29: ='DOY213'!AF28 -> 0.1696 | V29: ='DOY214'!AF28 -> 0.1705 | W29: ='DOY219'!AF28 -> 0.1888 | X29: ='DOY222'!AF28 -> 0.1704 | Y29: ='DOY225'!AF28 -> 0.1725 | Z29: ='DOY227'!AF28 -> 0.1674 | AA29: ='DOY232'!AF28 -> 0.1795 | AB29: ='DOY152'!AF28 -> 0.2119 | AC29: ='DOY236'!AF28 -> 0.175 | AD29: ='DOY242'!AF28 -> 0.1696 | AE29: ='DOY247'!AF28 -> 0.1501 | AF29: 0.1707 | AG29: ='DOY260'!AF28 -> 0.1878 | AH29: ='DOY263'!AF28 -> 0.2013 | AI29: ='DOY267'!AF28 -> 0.1951 | AJ29: ='DOY269'!AF28 -> 0.2086 | AK29: ='DOY276'!AF28 -> 0.2144
A30: 8 | B30: ='DOY152'!AF29 -> 0.217 | C30: ='DOY157'!AF29 -> 0.1978 | D30: ='DOY163'!AF29 -> 0.2027 | E30: ='DOY166'!AF29 -> 0.1988 | F30: ='DOY169'!AF29 -> 0.1915 | G30: ='DOY172'!AF29 -> 0.1969 | H30: ='DOY176'!AF29 -> 0.1857 | I30: ='DOY178'!AF29 -> 0.1819 | J30: ='DOY180'!AF29 -> 0.1561 | K30: ='DOY183'!AF29 -> 0.2285 | L30: ='DOY187'!AF29 -> 0.2155 | M30: ='DOY190'!AF29 -> 0.1916 | N30: ='DOY192'!AF29 -> 0.17 | O30: ='DOY194'!AF29 -> 0.1751 | P30: ='DOY200'!AF29 -> 0.2049 | Q30: ='DOY204'!AF29 -> 0.1522 | R30: ='DOY206'!AF29 -> 0.191 | S30: ='DOY208'!AF29 -> 0.1612 | T30: ='DOY211'!AF29 -> 0.0877 | U30: ='DOY213'!AF29 -> 0.2002 | V30: ='DOY214'!AF29 -> 0.1933 | W30: ='DOY219'!AF29 -> 0.2214 | X30: ='DOY222'!AF29 -> 0.184 | Y30: ='DOY225'!AF29 -> 0.1825 | Z30: ='DOY227'!AF29 -> 0.1973 | AA30: ='DOY232'!AF29 -> 0.1815 | AB30: ='DOY152'!AF29 -> 0.217 | AC30: ='DOY236'!AF29 -> 0.1731 | AD30: ='DOY242'!AF29 -> 0.1652 | AE30: ='DOY247'!AF29 -> 0.1264 | AF30: 0.1843 | AG30: ='DOY260'!AF29 -> 0.2064 | AH30: ='DOY263'!AF29 -> 0.1908 | AI30: ='DOY267'!AF29 -> 0.1904 | AJ30: ='DOY269'!AF29 -> 0.1926 | AK30: ='DOY276'!AF29 -> 0.202
A31: 18 | B31: ='DOY152'!AF30 -> 0.351 | C31: ='DOY157'!AF30 -> 0.3194 | D31: ='DOY163'!AF30 -> 0.2425 | E31: ='DOY166'!AF30 -> 0.2421 | F31: ='DOY169'!AF30 -> 0.2395 | G31: ='DOY172'!AF30 -> 0.2449 | H31: ='DOY176'!AF30 -> 0.2898 | I31: ='DOY178'!AF30 -> 0.2605 | J31: ='DOY180'!AF30 -> 0.2583 | K31: ='DOY183'!AF30 -> 0.2495 | L31: ='DOY187'!AF30 -> 0.2458 | M31: ='DOY190'!AF30 -> 0.2167 | N31: ='DOY192'!AF30 -> 0.2233 | O31: ='DOY194'!AF30 -> 0.1743 | P31: ='DOY200'!AF30 -> 0.2014 | Q31: ='DOY204'!AF30 -> 0.1805 | R31: ='DOY206'!AF30 -> 0.2266 | S31: ='DOY208'!AF30 -> 0.1701 | T31: ='DOY211'!AF30 -> 0.1015 | U31: ='DOY213'!AF30 -> 0.197 | V31: ='DOY214'!AF30 -> 0.2014 | W31: ='DOY219'!AF30 -> 0.2274 | X31: ='DOY222'!AF30 -> 0.194 | Y31: ='DOY225'!AF30 -> 0.1876 | Z31: ='DOY227'!AF30 -> 0.1965 | AA31: ='DOY232'!AF30 -> 0.1957 | AB31: ='DOY152'!AF30 -> 0.351 | AC31: ='DOY236'!AF30 -> 0.1869 | AD31: ='DOY242'!AF30 -> 0.1847 | AE31: ='DOY247'!AF30 -> 0.1678 | AF31: 0.22 | AG31: ='DOY260'!AF30 -> 0.2342 | AH31: ='DOY263'!AF30 -> 0.2298 | AI31: ='DOY267'!AF30 -> 0.2264 | AJ31: ='DOY269'!AF30 -> 0.2266 | AK31: ='DOY276'!AF30 -> 0.2316
A32: 17 | B32: ='DOY152'!AF31 -> 0.3575 | C32: ='DOY157'!AF31 -> 0.3245 | D32: ='DOY163'!AF31 -> 0.2472 | E32: ='DOY166'!AF31 -> 0.2215 | F32: ='DOY169'!AF31 -> 0.2278 | G32: ='DOY172'!AF31 -> 0.2367 | H32: ='DOY176'!AF31 -> 0.227 | I32: ='DOY178'!AF31 -> 0.2119 | J32: ='DOY180'!AF31 -> 0.2677 | K32: ='DOY183'!AF31 -> 0.2468 | L32: ='DOY187'!AF31 -> 0.1818 | M32: ='DOY190'!AF31 -> 0.2305 | N32: ='DOY192'!AF31 -> 0.2229 | O32: ='DOY194'!AF31 -> 0.22 | P32: ='DOY200'!AF31 -> 0.1919 | Q32: ='DOY204'!AF31 -> 0.1695 | R32: ='DOY206'!AF31 -> 0.2227 | S32: ='DOY208'!AF31 -> 0.1992 | T32: ='DOY211'!AF31 -> 0.1058 | U32: ='DOY213'!AF31 -> 0.2253 | V32: ='DOY214'!AF31 -> 0.2057 | W32: ='DOY219'!AF31 -> 0.2645 | X32: ='DOY222'!AF31 -> 0.2159 | Y32: ='DOY225'!AF31 -> 0.1997 | Z32: ='DOY227'!AF31 -> 0.2148 | AA32: ='DOY232'!AF31 -> 0.2051 | AB32: ='DOY152'!AF31 -> 0.3575 | AC32: ='DOY236'!AF31 -> 0.2149 | AD32: ='DOY242'!AF31 -> 0.1838 | AE32: ='DOY247'!AF31 -> 0.1621 | AF32: 0.1911 | AG32: ='DOY260'!AF31 -> 0.2196 | AH32: ='DOY263'!AF31 -> 0.2066 | AI32: ='DOY267'!AF31 -> 0.235 | AJ32: ='DOY269'!AF31 -> 0.2161 | AK32: ='DOY276'!AF31 -> 0.2406
A33: 16 | B33: ='DOY152'!AF32 -> 0.3501 | C33: ='DOY157'!AF32 -> 0.3177 | D33: ='DOY163'!AF32 -> 0.2457 | E33: ='DOY166'!AF32 -> 0.2309 | F33: ='DOY169'!AF32 -> 0.2307 | G33: ='DOY172'!AF32 -> 0.2373 | H33: ='DOY176'!AF32 -> 0.2755 | I33: ='DOY178'!AF32 -> 0.263 | J33: ='DOY180'!AF32 -> 0.2578 | K33: ='DOY183'!AF32 -> 0.2321 | L33: ='DOY187'!AF32 -> 0.244 | M33: ='DOY190'!AF32 -> 0.2117 | N33: ='DOY192'!AF32 -> 0.1886 | O33: ='DOY194'!AF32 -> 0.1564 | P33: ='DOY200'!AF32 -> 0.1868 | Q33: ='DOY204'!AF32 -> 0.1679 | R33: ='DOY206'!AF32 -> 0.1962 | S33: ='DOY208'!AF32 -> 0.1613 | T33: ='DOY211'!AF32 -> 0.0742 | U33: ='DOY213'!AF32 -> 0.1798 | V33: ='DOY214'!AF32 -> 0.1731 | W33: ='DOY219'!AF32 -> 0.225 | X33: ='DOY222'!AF32 -> 0.1967 | Y33: ='DOY225'!AF32 -> 0.1883 | Z33: ='DOY227'!AF32 -> 0.2003 | AA33: ='DOY232'!AF32 -> 0.2005 | AB33: ='DOY152'!AF32 -> 0.3501 | AC33: ='DOY236'!AF32 -> 0.1984 | AD33: ='DOY242'!AF32 -> 0.1865 | AE33: ='DOY247'!AF32 -> 0.1063 | AF33: 0.1983 | AG33: ='DOY260'!AF32 -> 0.1952 | AH33: ='DOY263'!AF32 -> 0.21 | AI33: ='DOY267'!AF32 -> 0.2346 | AJ33: ='DOY269'!AF32 -> 0.2297 | AK33: ='DOY276'!AF32 -> 0.2291
A34: 15 | B34: ='DOY152'!AF33 -> 0.3579 | C34: ='DOY157'!AF33 -> 0.319 | D34: ='DOY163'!AF33 -> 0.2412 | E34: ='DOY166'!AF33 -> 0.2455 | F34: ='DOY169'!AF33 -> 0.2394 | G34: ='DOY172'!AF33 -> 0.289 | H34: ='DOY176'!AF33 -> 0.2959 | I34: ='DOY178'!AF33 -> 0.2716 | J34: ='DOY180'!AF33 -> 0.2656 | K34: ='DOY183'!AF33 -> 0.2697 | L34: ='DOY187'!AF33 -> 0.2649 | M34: ='DOY190'!AF33 -> 0.2518 | N34: ='DOY192'!AF33 -> 0.1877 | O34: ='DOY194'!AF33 -> 0.2367 | P34: ='DOY200'!AF33 -> 0.2169 | Q34: ='DOY204'!AF33 -> 0.1652 | R34: ='DOY206'!AF33 -> 0.2105 | S34: ='DOY208'!AF33 -> 0.193 | T34: ='DOY211'!AF33 -> 0.08 | U34: ='DOY213'!AF33 -> 0.2188 | V34: ='DOY214'!AF33 -> 0.2155 | W34: ='DOY219'!AF33 -> 0.2525 | X34: ='DOY222'!AF33 -> 0.2321 | Y34: ='DOY225'!AF33 -> 0.2117 | Z34: ='DOY227'!AF33 -> 0.2205 | AA34: ='DOY232'!AF33 -> 0.2192 | AB34: ='DOY152'!AF33 -> 0.3579 | AC34: ='DOY236'!AF33 -> 0.1981 | AD34: ='DOY242'!AF33 -> 0.185 | AE34: ='DOY247'!AF33 -> 0.0882 | AF34: 0.1877 | AG34: ='DOY260'!AF33 -> 0.1971 | AH34: ='DOY263'!AF33 -> 0.2201 | AI34: ='DOY267'!AF33 -> 0.2145 | AJ34: ='DOY269'!AF33 -> 0.2209 | AK34: ='DOY276'!AF33 -> 0.2335
... A46: 28 | B46: ='DOY152'!AF45 -> 0.3313 | C46: ='DOY157'!AF45 -> 0.3014 | D46: ='DOY163'!AF45 -> 0.2454 | E46: ='DOY166'!AF45 -> 0.2156 | F46: ='DOY169'!AF45 -> 0.2247 | G46: ='DOY172'!AF45 -> 0.2078 | H46: ='DOY176'!AF45 -> 0.2231 | I46: ='DOY178'!AF45 -> 0.2404 | J46: ='DOY180'!AF45 -> 0.2183 | K46: ='DOY183'!AF45 -> 0.1936 | L46: ='DOY187'!AF45 -> 0.1941 | M46: ='DOY190'!AF45 -> 0.1812 | N46: ='DOY192'!AF45 -> 0.1628 | O46: ='DOY194'!AF45 -> 0.1523 | P46: ='DOY200'!AF45 -> 0.1718 | Q46: ='DOY204'!AF45 -> 0.1698 | R46: ='DOY206'!AF45 -> 0.1775 | S46: ='DOY208'!AF45 -> 0.1469 | T46: ='DOY211'!AF45 -> 0.0671 | U46: ='DOY213'!AF45 -> 0.1416 | V46: ='DOY214'!AF45 -> 0.1768 | W46: ='DOY219'!AF45 -> 0.1934 | X46: ='DOY222'!AF45 -> 0 | Y46: ='DOY225'!AF45 -> 0.1909 | Z46: ='DOY227'!AF45 -> 0.2066 | AA46: ='DOY232'!AF45 -> 0.2099 | AB46: ='DOY152'!AF45 -> 0.3313 | AC46: ='DOY236'!AF45 -> 0.2103 | AD46: ='DOY242'!AF45 -> 0.178 | AE46: ='DOY247'!AF45 -> 0.192 | AF46: 0.1934 | AG46: ='DOY260'!AF45 -> 0.2061 | AH46: ='DOY263'!AF45 -> 0.1964 | AI46: ='DOY267'!AF45 -> 0.2023 | AJ46: ='DOY269'!AF45 -> 0.1996 | AK46: ='DOY276'!AF45 -> 0.2041
A47: Panel 100.3 | B47: ='DOY152'!AF46 -> 1.017 | C47: ='DOY157'!AF46 -> 1.0186 | D47: ='DOY163'!AF46 -> 1.0262 | E47: ='DOY166'!AF46 -> 1.0129 | F47: ='DOY169'!AF46 -> 1.009 | G47: ='DOY172'!AF46 -> 1.0144 | H47: ='DOY176'!AF46 -> 1.0091 | I47: ='DOY178'!AF46 -> 1.0114 | J47: ='DOY180'!AF46 -> 1.0081 | K47: ='DOY183'!AF46 -> 1.0081 | L47: ='DOY187'!AF46 -> 1.0142 | M47: ='DOY190'!AF46 -> 1.0084 | N47: ='DOY192'!AF46 -> 1.007 | O47: ='DOY194'!AF46 -> 1.0038 | P47: ='DOY200'!AF46 -> 1.0108 | Q47: ='DOY204'!AF46 -> 1.0082 | R47: ='DOY206'!AF46 -> 1.009 | S47: ='DOY208'!AF46 -> 1.0096 | T47: ='DOY211'!AF46 -> 1.0163 | U47: ='DOY213'!AF46 -> 1.0097 | V47: ='DOY214'!AF46 -> 1.0094 | W47: ='DOY219'!AF46 -> 1.011 | X47: ='DOY222'!AF46 -> 1.0151 | Y47: ='DOY225'!AF46 -> 1.0087 | Z47: ='DOY227'!AF46 -> 1.0097 | AA47: ='DOY232'!AF46 -> 1.0085 | AB47: ='DOY152'!AF46 -> 1.017 | AC47: ='DOY236'!AF46 -> 1.0074 | AD47: ='DOY242'!AF46 -> 1.009 | AE47: ='DOY247'!AF46 -> 1 | AF47: 1.0031 | AG47: ='DOY260'!AF46 -> 1.0023 | AH47: ='DOY263'!AF46 -> 1.0082 | AI47: ='DOY267'!AF46 -> 1.0032 | AJ47: ='DOY269'!AF46 -> 1.0051 | AK47: ='DOY276'!AF46 -> 1.0008
A48: Quality | B48: 2 | C48: 3 | D48: 3 | E48: 2 | F48: 2 | G48: 0 | H48: 1 | I48: 2 | J48: 3 | K48: 2 | L48: 2 | M48: 2 | N48: 3 | O48: 3 | P48: 2 | Q48: 5 | R48: 4 | S48: 4 | T48: 4 | U48: 3 | V48: 2 | W48: 3 | X48: 2 | Y48: 3 | Z48: 3 | AA48: 2 | AB48: 2 | AC48: 2 | AD48: 2 | AE48: 3 | AF48: 2 | AG48: 2 | AH48: 2 | AI48: 2 | AJ48: 1 | AK48: 2

Sheet Band 3
B1: DOY
A2: Plot | B2: 152 | C2: 157 | D2: 163 | E2: 166 | F2: 169 | G2: 172 | H2: 176 | I2: 178 | J2: 180 | K2: 183 | L2: 187 | M2: 190 | N2: 192 | O2: 194 | P2: 200 | Q2: 204 | R2: 206 | S2: 208 | T2: 211 | U2: 213 | V2: 214 | W2: 219 | X2: 222 | Y2: 225 | Z2: 227 | AA2: 232 | AB2: 234 | AC2: 236 | AD2: 242 | AE2: 247 | AF2: 253 | AG2: 260 | AH2: 263 | AI2: 267 | AJ2: 269 | AK2: 276
A3: Panel 100.1 | B3: ='DOY152'!AJ2 -> 1.0001 | C3: ='DOY157'!AJ2 -> 1.0031 | D3: ='DOY163'!AJ2 -> 1.0031 | E3: ='DOY166'!AJ2 -> 0.9992 | F3: ='DOY169'!AJ2 -> 0.9952 | G3: ='DOY172'!AJ2 -> 1.0016 | H3: ='DOY176'!AJ2 -> 0.9942 | I3: ='DOY178'!AJ2 -> 0.9968 | J3: ='DOY180'!AJ2 -> 0.9932 | K3: ='DOY183'!AJ2 -> 0.9927 | L3: ='DOY187'!AJ2 -> 0.9982 | M3: ='DOY190'!AJ2 -> 0.9932 | N3: ='DOY192'!AJ2 -> 0.9919 | O3: ='DOY194'!AJ2 -> 0.9878 | P3: ='DOY200'!AJ2 -> 0.9946 | Q3: ='DOY204'!AJ2 -> 0.9928 | R3: ='DOY206'!AJ2 -> 0.9922 | S3: ='DOY208'!AJ2 -> 0.9928 | T3: ='DOY211'!AJ2 -> 1.0002 | U3: ='DOY213'!AJ2 -> 0.9946 | V3: ='DOY214'!AJ2 -> 0.9931 | W3: ='DOY219'!AJ2 -> 0.9952 | X3: ='DOY222'!AJ2 -> 0.9984 | Y3: ='DOY225'!AJ2 -> 0.9913 | Z3: ='DOY227'!AJ2 -> 0.993 | AA3: ='DOY232'!AJ2 -> 0.9921 | AB3: ='DOY234'!AJ2 -> 0.9951 | AC3: ='DOY236'!AJ2 -> 0.9906 | AD3: ='DOY242'!AJ2 -> 0.9948 | AE3: ='DOY247'!AJ2 -> 0.9839 | AF3: ='DOY253'!AJ2 -> 0.9859 | AG3: ='DOY260'!AJ2 -> 0.9861 | AH3: ='DOY263'!AJ2 -> 0.9949 | AI3: ='DOY267'!AJ2 -> 0.989 | AJ3: ='DOY269'!AJ2 -> 0.9933 | AK3: ='DOY276'!AJ2 -> 0.9882
A4: Panel 70.1 | B4: ='DOY152'!AJ3 -> 0.0546 | C4: ='DOY157'!AJ3 -> 0.1457 | D4: ='DOY163'!AJ3 -> 0.1378 | E4: ='DOY166'!AJ3 -> 0.1362 | F4: ='DOY169'!AJ3 -> 0.1361 | G4: ='DOY172'!AJ3 -> 0.1371 | H4: ='DOY176'!AJ3 -> 0.1359 | I4: ='DOY178'!AJ3 -> 0.136 | J4: ='DOY180'!AJ3 -> 0.1354 | K4: ='DOY183'!AJ3 -> 0.1349 | L4: ='DOY187'!AJ3 -> 0.1353 | M4: ='DOY190'!AJ3 -> 0.1354 | N4: ='DOY192'!AJ3 -> 0.1345 | O4: ='DOY194'!AJ3 -> 0.172 | P4: ='DOY200'!AJ3 -> 0.1377 | Q4: ='DOY204'!AJ3 -> 0.1297 | R4: ='DOY206'!AJ3 -> 0.1365 | S4: ='DOY208'!AJ3 -> 0.1977 | T4: ='DOY211'!AJ3 -> 0.1346 | U4: ='DOY213'!AJ3 -> 0.1449 | V4: ='DOY214'!AJ3 -> 0.07 | W4: ='DOY219'!AJ3 -> 0.1508 | X4: ='DOY222'!AJ3 -> 0.1352 | Y4: ='DOY225'!AJ3 -> 0.1169 | Z4: ='DOY227'!AJ3 -> 0.1342 | AA4: ='DOY232'!AJ3 -> 0.1354 | AB4: ='DOY234'!AJ3 -> 0.1348 | AC4: ='DOY236'!AJ3 -> 0.1344 | AD4: ='DOY242'!AJ3 -> 0.1343 | AE4: ='DOY247'!AJ3 -> 0.1338 | AF4: ='DOY253'!AJ3 -> 0.1331 | AG4: ='DOY260'!AJ3 -> 0.135 | AH4: ='DOY263'!AJ3 -> 0.1353 | AI4: ='DOY267'!AJ3 -> 0.1351 | AJ4: ='DOY269'!AJ3 -> 0.1338 | AK4: ='DOY276'!AJ3 -> 0.134
A5: 41 | B5: ='DOY152'!AJ4 -> 0.2776 | C5: ='DOY157'!AJ4 -> 0.2523 | D5: ='DOY163'!AJ4 -> 0.1695 | E5: ='DOY166'!AJ4 -> 0.1568 | F5: ='DOY169'!AJ4 -> 0.1404 | G5: ='DOY172'!AJ4 -> 0.1538 | H5: ='DOY176'!AJ4 -> 0.1429 | I5: ='DOY178'!AJ4 -> 0.127 | J5: ='DOY180'!AJ4 -> 0.1289 | K5: ='DOY183'!AJ4 -> 0.1167 | L5: ='DOY187'!AJ4 -> 0.0862 | M5: ='DOY190'!AJ4 -> 0.0754 | N5: ='DOY192'!AJ4 -> 0.0648 | O5: ='DOY194'!AJ4 -> 0.0684 | P5: ='DOY200'!AJ4 -> 0.0554 | Q5: ='DOY204'!AJ4 -> 0.0713 | R5: ='DOY206'!AJ4 -> 0.0908 | S5: ='DOY208'!AJ4 -> 0.036 | T5: ='DOY211'!AJ4 -> 0.0294 | U5: ='DOY213'!AJ4 -> 0.0465 | V5: ='DOY214'!AJ4 -> 0.0237 | W5: ='DOY219'!AJ4 -> 0.0287 | X5: ='DOY222'!AJ4 -> 0.0257 | Y5: ='DOY225'!AJ4 -> 0.0211 | Z5: ='DOY227'!AJ4 -> 0.0272 | AA5: ='DOY232'!AJ4 -> 0.0355 | AB5: ='DOY234'!AJ4 -> 0.027 | AC5: ='DOY236'!AJ4 -> 0.0257 | AD5: ='DOY242'!AJ4 -> 0.026 | AE5: ='DOY247'!AJ4 -> 0.0395 | AF5: ='DOY253'!AJ4 -> 0.0279 | AG5: ='DOY260'!AJ4 -> 0.0309 | AH5: ='DOY263'!AJ4 -> 0.0387 | AI5: ='DOY267'!AJ4 -> 0.0438 | AJ5: ='DOY269'!AJ4 -> 0.0512 | AK5: ='DOY276'!AJ4 -> 0.0701
A6: 42 | B6: ='DOY152'!AJ5 -> 0.2834 | C6: ='DOY157'!AJ5 -> 0.2792 | D6: ='DOY163'!AJ5 -> 0.1906 | E6: ='DOY166'!AJ5 -> 0.1684 | F6: ='DOY169'!AJ5 -> 0.1567 | G6: ='DOY172'!AJ5 -> 0.1592 | H6: ='DOY176'!AJ5 -> 0.1605 | I6: ='DOY178'!AJ5 -> 0.1414 | J6: ='DOY180'!AJ5 -> 0.1243 | K6: ='DOY183'!AJ5 -> 0.1165 | L6: ='DOY187'!AJ5 -> 0.0889 | M6: ='DOY190'!AJ5 -> 0.076 | N6: ='DOY192'!AJ5 -> 0.0659 | O6: ='DOY194'!AJ5 -> 0.066 | P6: ='DOY200'!AJ5 -> 0.0423 | Q6: ='DOY204'!AJ5 -> 0.056 | R6: ='DOY206'!AJ5 -> 0.077 | S6: ='DOY208'!AJ5 -> 0.0312 | T6: ='DOY211'!AJ5 -> 0.0223 | U6: ='DOY213'!AJ5 -> 0.037 | V6: ='DOY214'!AJ5 -> 0.0248 | W6: ='DOY219'!AJ5 -> 0.0281 | X6: ='DOY222'!AJ5 -> 0.0243 | Y6: ='DOY225'!AJ5 -> 0.0219 | Z6: ='DOY227'!AJ5 -> 0.0273 | AA6: ='DOY232'!AJ5 -> 0.0338 | AB6: ='DOY234'!AJ5 -> 0.027 | AC6: ='DOY236'!AJ5 -> 0.0277 | AD6: ='DOY242'!AJ5 -> 0.0303 | AE6: ='DOY247'!AJ5 -> 0.0421 | AF6: ='DOY253'!AJ5 -> 0.0339 | AG6: ='DOY260'!AJ5 -> 0.0341 | AH6: ='DOY263'!AJ5 -> 0.0431 | AI6: ='DOY267'!AJ5 -> 0.0481 | AJ6: ='DOY269'!AJ5 -> 0.0538 | AK6: ='DOY276'!AJ5 -> 0.0587
A7: 43 | B7: ='DOY152'!AJ6 -> 0.2792 | C7: ='DOY157'!AJ6 -> 0.2816 | D7: ='DOY163'!AJ6 -> 0.1951 | E7: ='DOY166'!AJ6 -> 0.1718 | F7: ='DOY169'!AJ6 -> 0.1612 | G7: ='DOY172'!AJ6 -> 0.1533 | H7: ='DOY176'!AJ6 -> 0.1702 | I7: ='DOY178'!AJ6 -> 0.1544 | J7: ='DOY180'!AJ6 -> 0.1519 | K7: ='DOY183'!AJ6 -> 0.1356 | L7: ='DOY187'!AJ6 -> 0.1244 | M7: ='DOY190'!AJ6 -> 0.089 | N7: ='DOY192'!AJ6 -> 0.0772 | O7: ='DOY194'!AJ6 -> 0.0613 | P7: ='DOY200'!AJ6 -> 0.0495 | Q7: ='DOY204'!AJ6 -> 0.0527 | R7: ='DOY206'!AJ6 -> 0.056 | S7: ='DOY208'!AJ6 -> 0.0273 | T7: ='DOY211'!AJ6 -> 0.0207 | U7: ='DOY213'!AJ6 -> 0.0294 | V7: ='DOY214'!AJ6 -> 0.0244 | W7: ='DOY219'!AJ6 -> 0.0255 | X7: ='DOY222'!AJ6 -> 0.0258 | Y7: ='DOY225'!AJ6 -> 0.0345 | Z7: ='DOY227'!AJ6 -> 0.0265 | AA7: ='DOY232'!AJ6 -> 0.0315 | AB7: ='DOY234'!AJ6 -> 0.0285 | AC7: ='DOY236'!AJ6 -> 0.0274 | AD7: ='DOY242'!AJ6 -> 0.0266 | AE7: ='DOY247'!AJ6 -> 0.0245 | AF7: ='DOY253'!AJ6 -> 0.0299 | AG7: ='DOY260'!AJ6 -> 0.039 | AH7: ='DOY263'!AJ6 -> 0.045 | AI7: ='DOY267'!AJ6 -> 0.0523 | AJ7: ='DOY269'!AJ6 -> 0.06 | AK7: ='DOY276'!AJ6 -> 0.0914
A8: 44 | B8: ='DOY152'!AJ7 -> 0.2746 | C8: ='DOY157'!AJ7 -> 0.2807 | D8: ='DOY163'!AJ7 -> 0.1906 | E8: ='DOY166'!AJ7 -> 0.1836 | F8: ='DOY169'!AJ7 -> 0.1671 | G8: ='DOY172'!AJ7 -> 0.1599 | H8: ='DOY176'!AJ7 -> 0.1866 | I8: ='DOY178'!AJ7 -> 0.1726 | J8: ='DOY180'!AJ7 -> 0.1719 | K8: ='DOY183'!AJ7 -> 0.157 | L8: ='DOY187'!AJ7 -> 0.1526 | M8: ='DOY190'!AJ7 -> 0.1253 | N8: ='DOY192'!AJ7 -> 0.1171 | O8: ='DOY194'!AJ7 -> 0.1033 | P8: ='DOY200'!AJ7 -> 0.0959 | Q8: ='DOY204'!AJ7 -> 0.0751 | R8: ='DOY206'!AJ7 -> 0.0657 | S8: ='DOY208'!AJ7 -> 0.0354 | T8: ='DOY211'!AJ7 -> 0.0275 | U8: ='DOY213'!AJ7 -> 0.0348 | V8: ='DOY214'!AJ7 -> 0.0322 | W8: ='DOY219'!AJ7 -> 0.0286 | X8: ='DOY222'!AJ7 -> 0.0331 | Y8: ='DOY225'!AJ7 -> 0.0351 | Z8: ='DOY227'!AJ7 -> 0.0242 | AA8: ='DOY232'!AJ7 -> 0.0251 | AB8: ='DOY234'!AJ7 -> 0.0237 | AC8: ='DOY236'!AJ7 -> 0.0246 | AD8: ='DOY242'!AJ7 -> 0.0223 | AE8: ='DOY247'!AJ7 -> 0.0227 | AF8: ='DOY253'!AJ7 -> 0.0232 | AG8: ='DOY260'!AJ7 -> 0.0288 | AH8: ='DOY263'!AJ7 -> 0.0336 | AI8: ='DOY267'!AJ7 -> 0.0361 | AJ8: ='DOY269'!AJ7 -> 0.0378 | AK8: ='DOY276'!AJ7 -> 0.0584
A9: 45 | B9: ='DOY152'!AJ8 -> 0.2644 | C9: ='DOY157'!AJ8 -> 0.2582 | D9: ='DOY163'!AJ8 -> 0.1862 | E9: ='DOY166'!AJ8 -> 0.1686 | F9: ='DOY169'!AJ8 -> 0.1639 | G9: ='DOY172'!AJ8 -> 0.1582 | H9: ='DOY176'!AJ8 -> 0.1533 | I9: ='DOY178'!AJ8 -> 0.1504 | J9: ='DOY180'!AJ8 -> 0.1465 | K9: ='DOY183'!AJ8 -> 0.1213 | L9: ='DOY187'!AJ8 -> 0.0939 | M9: ='DOY190'!AJ8 -> 0.0571 | N9: ='DOY192'!AJ8 -> 0.0473 | O9: ='DOY194'!AJ8 -> 0.045 | P9: ='DOY200'!AJ8 -> 0.0304 | Q9: ='DOY204'!AJ8 -> 0.0369 | R9: ='DOY206'!AJ8 -> 0.0342 | S9: ='DOY208'!AJ8 -> 0.0237 | T9: ='DOY211'!AJ8 -> 0.0139 | U9: ='DOY213'!AJ8 -> 0.0233 | V9: ='DOY214'!AJ8 -> 0.0226 | W9: ='DOY219'!AJ8 -> 0.0201 | X9: ='DOY222'!AJ8 -> 0.0238 | Y9: ='DOY225'!AJ8 -> 0.0266 | Z9: ='DOY227'!AJ8 -> 0.0271 | AA9: ='DOY232'!AJ8 -> 0.0294 | AB9: ='DOY234'!AJ8 -> 0.0273 | AC9: ='DOY236'!AJ8 -> 0.029 | AD9: ='DOY242'!AJ8 -> 0.0239 | AE9: ='DOY247'!AJ8 -> 0.0289 | AF9: ='DOY253'!AJ8 -> 0.0278 | AG9: ='DOY260'!AJ8 -> 0.0372 | AH9: ='DOY263'!AJ8 -> 0.0401 | AI9: ='DOY267'!AJ8 -> 0.0404 | AJ9: ='DOY269'!AJ8 -> 0.046 | AK9: ='DOY276'!AJ8 -> 0.0663
A10: 46 | B10: ='DOY152'!AJ9 -> 0.2794 | C10: ='DOY157'!AJ9 -> 0.2657 | D10: ='DOY163'!AJ9 -> 0.182 | E10: ='DOY166'!AJ9 -> 0.1498 | F10: ='DOY169'!AJ9 -> 0.1415 | G10: ='DOY172'!AJ9 -> 0.167 | H10: ='DOY176'!AJ9 -> 0.1139 | I10: ='DOY178'!AJ9 -> 0.1143 | J10: ='DOY180'!AJ9 -> 0.1073 | K10: ='DOY183'!AJ9 -> 0.0673 | L10: ='DOY187'!AJ9 -> 0.0645 | M10: ='DOY190'!AJ9 -> 0.0513 | N10: ='DOY192'!AJ9 -> 0.0302 | O10: ='DOY194'!AJ9 -> 0.0471 | P10: ='DOY200'!AJ9 -> 0.0291 | Q10: ='DOY204'!AJ9 -> 0.0476 | R10: ='DOY206'!AJ9 -> 0.0368 | S10: ='DOY208'!AJ9 -> 0.026 | T10: ='DOY211'!AJ9 -> 0.0165 | U10: ='DOY213'!AJ9 -> 0.0301 | V10: ='DOY214'!AJ9 -> 0.0254 | W10: ='DOY219'!AJ9 -> 0.0234 | X10: ='DOY222'!AJ9 -> 0.0269 | Y10: ='DOY225'!AJ9 -> 0.0295 | Z10: ='DOY227'!AJ9 -> 0.0279 | AA10: ='DOY232'!AJ9 -> 0.0297 | AB10: ='DOY234'!AJ9 -> 0.0278 | AC10: ='DOY236'!AJ9 -> 0.0274 | AD10: ='DOY242'!AJ9 -> 0.0239 | AE10: ='DOY247'!AJ9 -> 0.0304 | AF10: ='DOY253'!AJ9 -> 0.0286 | AG10: ='DOY260'!AJ9 -> 0.0365 | AH10: ='DOY263'!AJ9 -> 0.0434 | AI10: ='DOY267'!AJ9 -> 0.0439 | AJ10: ='DOY269'!AJ9 -> 0.0449 | AK10: ='DOY276'!AJ9 -> 0.0608
A11: 47 | B11: ='DOY152'!AJ10 -> 0.2775 | C11: ='DOY157'!AJ10 -> 0.2686 | D11: ='DOY163'!AJ10 -> 0.191 | E11: ='DOY166'!AJ10 -> 0.1627 | F11: ='DOY169'!AJ10 -> 0.1507 | G11: ='DOY172'!AJ10 -> 0.1505 | H11: ='DOY176'!AJ10 -> 0.129 | I11: ='DOY178'!AJ10 -> 0.1391 | J11: ='DOY180'!AJ10 -> 0.1181 | K11: ='DOY183'!AJ10 -> 0.1194 | L11: ='DOY187'!AJ10 -> 0.1158 | M11: ='DOY190'!AJ10 -> 0.0821 | N11: ='DOY192'!AJ10 -> 0.0795 | O11: ='DOY194'!AJ10 -> 0.0626 | P11: ='DOY200'!AJ10 -> 0.0457 | Q11: ='DOY204'!AJ10 -> 0.0874 | R11: ='DOY206'!AJ10 -> 0.0791 | S11: ='DOY208'!AJ10 -> 0.0363 | T11: ='DOY211'!AJ10 -> 0.0228 | U11: ='DOY213'!AJ10 -> 0.0498 | V11: ='DOY214'!AJ10 -> 0.0297 | W11: ='DOY219'!AJ10 -> 0.0303 | X11: ='DOY222'!AJ10 -> 0.0339 | Y11: ='DOY225'!AJ10 -> 0.0332 | Z11: ='DOY227'!AJ10 -> 0.0323 | AA11: ='DOY232'!AJ10 -> 0.0372 | AB11: ='DOY234'!AJ10 -> 0.0291 | AC11: ='DOY236'!AJ10 -> 0.0298 | AD11: ='DOY242'!AJ10 -> 0.0307 | AE11: ='DOY247'!AJ10 -> 0.0365 | AF11: ='DOY253'!AJ10 -> 0.034 | AG11: ='DOY260'!AJ10 -> 0.039 | AH11: ='DOY263'!AJ10 -> 0.0455 | AI11: ='DOY267'!AJ10 -> 0.0514 | AJ11: ='DOY269'!AJ10 -> 0.0573 | AK11: ='DOY276'!AJ10 -> 0.079
A12: 48 | B12: ='DOY152'!AJ11 -> 0.2837 | C12: ='DOY157'!AJ11 -> 0.2977 | D12: ='DOY163'!AJ11 -> 0.1927 | E12: ='DOY166'!AJ11 -> 0.1656 | F12: ='DOY169'!AJ11 -> 0.1544 | G12: ='DOY172'!AJ11 -> 0.1988 | H12: ='DOY176'!AJ11 -> 0.1695 | I12: ='DOY178'!AJ11 -> 0.1367 | J12: ='DOY180'!AJ11 -> 0.1353 | K12: ='DOY183'!AJ11 -> 0.1104 | L12: ='DOY187'!AJ11 -> 0.0862 | M12: ='DOY190'!AJ11 -> 0.0856 | N12: ='DOY192'!AJ11 -> 0.048 | O12: ='DOY194'!AJ11 -> 0.0578 | P12: ='DOY200'!AJ11 -> 0.0446 | Q12: ='DOY204'!AJ11 -> 0.0703 | R12: ='DOY206'!AJ11 -> 0.0432 | S12: ='DOY208'!AJ11 -> 0.0274 | T12: ='DOY211'!AJ11 -> 0.0171 | U12: ='DOY213'!AJ11 -> 0.0403 | V12: ='DOY214'!AJ11 -> 0.0245 | W12: ='DOY219'!AJ11 -> 0.0216 | X12: ='DOY222'!AJ11 -> 0.0261 | Y12: ='DOY225'!AJ11 -> 0.0279 | Z12: ='DOY227'!AJ11 -> 0.0278 | AA12: ='DOY232'!AJ11 -> 0.0294 | AB12: ='DOY234'!AJ11 -> 0.028 | AC12: ='DOY236'!AJ11 -> 0.0275 | AD12: ='DOY242'!AJ11 -> 0.0262 | AE12: ='DOY247'!AJ11 -> 0.025 | AF12: ='DOY253'!AJ11 -> 0.0295 | AG12: ='DOY260'!AJ11 -> 0.0397 | AH12: ='DOY263'!AJ11 -> 0.0459 | AI12: ='DOY267'!AJ11 -> 0.0501 | AJ12: ='DOY269'!AJ11 -> 0.0539 | AK12: ='DOY276'!AJ11 -> 0.0779
A13: 38 | B13: ='DOY152'!AJ12 -> 0.3029 | C13: ='DOY157'!AJ12 -> 0.2982 | D13: ='DOY163'!AJ12 -> 0.1958 | E13: ='DOY166'!AJ12 -> 0.1769 | F13: ='DOY169'!AJ12 -> 0.1607 | G13: ='DOY172'!AJ12 -> 0.1658 | H13: ='DOY176'!AJ12 -> 0.1711 | I13: ='DOY178'!AJ12 -> 0.1588 | J13: ='DOY180'!AJ12 -> 0.1622 | K13: ='DOY183'!AJ12 -> 0.137 | L13: ='DOY187'!AJ12 -> 0.1109 | M13: ='DOY190'!AJ12 -> 0.0785 | N13: ='DOY192'!AJ12 -> 0.0644 | O13: ='DOY194'!AJ12 -> 0.0485 | P13: ='DOY200'!AJ12 -> 0.0332 | Q13: ='DOY204'!AJ12 -> 0.0493 | R13: ='DOY206'!AJ12 -> 0.0447 | S13: ='DOY208'!AJ12 -> 0.0275 | T13: ='DOY211'!AJ12 -> 0.0207 | U13: ='DOY213'!AJ12 -> 0.0397 | V13: ='DOY214'!AJ12 -> 0.0245 | W13: ='DOY219'!AJ12 -> 0.0262 | X13: ='DOY222'!AJ12 -> 0.0292 | Y13: ='DOY225'!AJ12 -> 0.0337 | Z13: ='DOY227'!AJ12 -> 0.0306 | AA13: ='DOY232'!AJ12 -> 0.0318 | AB13: ='DOY234'!AJ12 -> 0.029 | AC13: ='DOY236'!AJ12 -> 0.031 | AD13: ='DOY242'!AJ12 -> 0.0309 | AE13: ='DOY247'!AJ12 -> 0.0281 | AF13: ='DOY253'!AJ12 -> 0.0377 | AG13: ='DOY260'!AJ12 -> 0.0453 | AH13: ='DOY263'!AJ12 -> 0.0554 | AI13: ='DOY267'!AJ12 -> 0.0614 | AJ13: ='DOY269'!AJ12 -> 0.0686 | AK13: ='DOY276'!AJ12 -> 0.1005
A14: 37 | B14: ='DOY152'!AJ13 -> 0.3072 | C14: ='DOY157'!AJ13 -> 0.318 | D14: ='DOY163'!AJ13 -> 0.2147 | E14: ='DOY166'!AJ13 -> 0.2052 | F14: ='DOY169'!AJ13 -> 0.1872 | G14: ='DOY172'!AJ13 -> 0.1837 | H14: ='DOY176'!AJ13 -> 0.1918 | I14: ='DOY178'!AJ13 -> 0.1769 | J14: ='DOY180'!AJ13 -> 0.1824 | K14: ='DOY183'!AJ13 -> 0.1661 | L14: ='DOY187'!AJ13 -> 0.1468 | M14: ='DOY190'!AJ13 -> 0.129 | N14: ='DOY192'!AJ13 -> 0.1175 | O14: ='DOY194'!AJ13 -> 0.0765 | P14: ='DOY200'!AJ13 -> 0.0738 | Q14: ='DOY204'!AJ13 -> 0.0804 | R14: ='DOY206'!AJ13 -> 0.0724 | S14: ='DOY208'!AJ13 -> 0.0473 | T14: ='DOY211'!AJ13 -> 0.0313 | U14: ='DOY213'!AJ13 -> 0.0634 | V14: ='DOY214'!AJ13 -> 0.0304 | W14: ='DOY219'!AJ13 -> 0.0364 | X14: ='DOY222'!AJ13 -> 0.0337 | Y14: ='DOY225'!AJ13 -> 0.03 | Z14: ='DOY227'!AJ13 -> 0.0302 | AA14: ='DOY232'!AJ13 -> 0.0309 | AB14: ='DOY234'!AJ13 -> 0.0274 | AC14: ='DOY236'!AJ13 -> 0.0279 | AD14: ='DOY242'!AJ13 -> 0.0293 | AE14: ='DOY247'!AJ13 -> 0.0344 | AF14: ='DOY253'!AJ13 -> 0.0349 | AG14: ='DOY260'!AJ13 -> 0.0378 | AH14: ='DOY263'!AJ13 -> 0.0462 | AI14: ='DOY267'!AJ13 -> 0.0487 | AJ14: ='DOY269'!AJ13 -> 0.0536 | AK14: ='DOY276'!AJ13 -> 0.0685
A15: 36 | B15: ='DOY152'!AJ14 -> 0.3147 | C15: ='DOY157'!AJ14 -> 0.3079 | D15: ='DOY163'!AJ14 -> 0.2154 | E15: ='DOY166'!AJ14 -> 0.1917 | F15: ='DOY169'!AJ14 -> 0.1839 | G15: ='DOY172'!AJ14 -> 0.2078 | H15: ='DOY176'!AJ14 -> 0.2047 | I15: ='DOY178'!AJ14 -> 0.1909 | J15: ='DOY180'!AJ14 -> 0.1863 | K15: ='DOY183'!AJ14 -> 0.1548 | L15: ='DOY187'!AJ14 -> 0.1446 | M15: ='DOY190'!AJ14 -> 0.0869 | N15: ='DOY192'!AJ14 -> 0.0662 | O15: ='DOY194'!AJ14 -> 0.0739 | P15: ='DOY200'!AJ14 -> 0.0514 | Q15: ='DOY204'!AJ14 -> 0.0568 | R15: ='DOY206'!AJ14 -> 0.0484 | S15: ='DOY208'!AJ14 -> 0.0266 | T15: ='DOY211'!AJ14 -> 0.0189 | U15: ='DOY213'!AJ14 -> 0.0414 | V15: ='DOY214'!AJ14 -> 0.0257 | W15: ='DOY219'!AJ14 -> 0.0283 | X15: ='DOY222'!AJ14 -> 0.0283 | Y15: ='DOY225'!AJ14 -> 0.0283 | Z15: ='DOY227'!AJ14 -> 0.0292 | AA15: ='DOY232'!AJ14 -> 0.0325 | AB15: ='DOY234'!AJ14 -> 0.0288 | AC15: ='DOY236'!AJ14 -> 0.0307 | AD15: ='DOY242'!AJ14 -> 0.0272 | AE15: ='DOY247'!AJ14 -> 0.0288 | AF15: ='DOY253'!AJ14 -> 0.0301 | AG15: ='DOY260'!AJ14 -> 0.0333 | AH15: ='DOY263'!AJ14 -> 0.0413 | AI15: ='DOY267'!AJ14 -> 0.0432 | AJ15: ='DOY269'!AJ14 -> 0.0449 | AK15: ='DOY276'!AJ14 -> 0.0536
A16: 35 | B16: ='DOY152'!AJ15 -> 0.3139 | C16: ='DOY157'!AJ15 -> 0.3319 | D16: ='DOY163'!AJ15 -> 0.2225 | E16: ='DOY166'!AJ15 -> 0.2069 | F16: ='DOY169'!AJ15 -> 0.2064 | G16: ='DOY172'!AJ15 -> 0.207 | H16: ='DOY176'!AJ15 -> 0.2009 | I16: ='DOY178'!AJ15 -> 0.1739 | J16: ='DOY180'!AJ15 -> 0.2132 | K16: ='DOY183'!AJ15 -> 0.2111 | L16: ='DOY187'!AJ15 -> 0.1179 | M16: ='DOY190'!AJ15 -> 0.1801 | N16: ='DOY192'!AJ15 -> 0.1508 | O16: ='DOY194'!AJ15 -> 0.1647 | P16: ='DOY200'!AJ15 -> 0.1408 | Q16: ='DOY204'!AJ15 -> 0.0686 | R16: ='DOY206'!AJ15 -> 0.071 | S16: ='DOY208'!AJ15 -> 0.0829 | T16: ='DOY211'!AJ15 -> 0.037 | U16: ='DOY213'!AJ15 -> 0.0806 | V16: ='DOY214'!AJ15 -> 0.0434 | W16: ='DOY219'!AJ15 -> 0.0374 | X16: ='DOY222'!AJ15 -> 0.036 | Y16: ='DOY225'!AJ15 -> 0.0338 | Z16: ='DOY227'!AJ15 -> 0.0317 | AA16: ='DOY232'!AJ15 -> 0.033 | AB16: ='DOY234'!AJ15 -> 0.0332 | AC16: ='DOY236'!AJ15 -> 0.0299 | AD16: ='DOY242'!AJ15 -> 0.0266 | AE16: ='DOY247'!AJ15 -> 0.027 | AF16: ='DOY253'!AJ15 -> 0.0291 | AG16: ='DOY260'!AJ15 -> 0.0366 | AH16: ='DOY263'!AJ15 -> 0.0447 | AI16: ='DOY267'!AJ15 -> 0.0486 | AJ16: ='DOY269'!AJ15 -> 0.0529 | AK16: ='DOY276'!AJ15 -> 0.0681
... A20: 31 | B20: ='DOY152'!AJ19 -> 0.2981 | C20: ='DOY157'!AJ19 -> 0.2772 | D20: ='DOY163'!AJ19 -> 0.1874 | E20: ='DOY166'!AJ19 -> 0.1789 | F20: ='DOY169'!AJ19 -> 0.1604 | G20: ='DOY172'!AJ19 -> 0.1876 | H20: ='DOY176'!AJ19 -> 0.1583 | I20: ='DOY178'!AJ19 -> 0.1504 | J20: ='DOY180'!AJ19 -> 0.0871 | K20: ='DOY183'!AJ19 -> 0.1061 | L20: ='DOY187'!AJ19 -> 0.0866 | M20: ='DOY190'!AJ19 -> 0.0689 | N20: ='DOY192'!AJ19 -> 0.0409 | O20: ='DOY194'!AJ19 -> 0.0382 | P20: ='DOY200'!AJ19 -> 0.0327 | Q20: ='DOY204'!AJ19 -> 0.045 | R20: ='DOY206'!AJ19 -> 0.0437 | S20: ='DOY208'!AJ19 -> 0.027 | T20: ='DOY211'!AJ19 -> 0.0213 | U20: ='DOY213'!AJ19 -> 0.0287 | V20: ='DOY214'!AJ19 -> 0.0245 | W20: ='DOY219'!AJ19 -> 0.0245 | X20: ='DOY222'!AJ19 -> 0.0267 | Y20: ='DOY225'!AJ19 -> 0.0275 | Z20: ='DOY227'!AJ19 -> 0.0301 | AA20: ='DOY232'!AJ19 -> 0.0317 | AB20: ='DOY234'!AJ19 -> 0.0282 | AC20: ='DOY236'!AJ19 -> 0.0291 | AD20: ='DOY242'!AJ19 -> 0.0294 | AE20: ='DOY247'!AJ19 -> 0.0308 | AF20: ='DOY253'!AJ19 -> 0.0306 | AG20: ='DOY260'!AJ19 -> 0.0346 | AH20: ='DOY263'!AJ19 -> 0.0406 | AI20: ='DOY267'!AJ19 -> 0.0438 | AJ20: ='DOY269'!AJ19 -> 0.0463 | AK20: ='DOY276'!AJ19 -> 0.0497
A21: Panel 100.2 | B21: ='DOY152'!AJ20 -> 1.0083 | C21: ='DOY157'!AJ20 -> 1.0104 | D21: ='DOY163'!AJ20 -> 1.0167 | E21: ='DOY166'!AJ20 -> 1.005 | F21: ='DOY169'!AJ20 -> 1.0012 | G21: ='DOY172'!AJ20 -> 1.0076 | H21: ='DOY176'!AJ20 -> 1.001 | I21: ='DOY178'!AJ20 -> 1.0033 | J21: ='DOY180'!AJ20 -> 1 | K21: ='DOY183'!AJ20 -> 1 | L21: ='DOY187'!AJ20 -> 1.0056 | M21: ='DOY190'!AJ20 -> 1.0002 | N21: ='DOY192'!AJ20 -> 0.9988 | O21: ='DOY194'!AJ20 -> 0.9949 | P21: ='DOY200'!AJ20 -> 1.0023 | Q21: ='DOY204'!AJ20 -> 0.9999 | R21: ='DOY206'!AJ20 -> 0.9997 | S21: ='DOY208'!AJ20 -> 1 | T21: ='DOY211'!AJ20 -> 1.0075 | U21: ='DOY213'!AJ20 -> 1.0012 | V21: ='DOY214'!AJ20 -> 1.0006 | W21: ='DOY219'!AJ20 -> 1.0024 | X21: ='DOY222'!AJ20 -> 1.0067 | Y21: ='DOY225'!AJ20 -> 1.0005 | Z21: ='DOY227'!AJ20 -> 1.0007 | AA21: ='DOY232'!AJ20 -> 0.999 | AB21: ='DOY234'!AJ20 -> 1.0022 | AC21: ='DOY236'!AJ20 -> 0.9986 | AD21: ='DOY242'!AJ20 -> 1.0013 | AE21: ='DOY247'!AJ20 -> 0.9915 | AF21: ='DOY253'!AJ20 -> 0.9939 | AG21: ='DOY260'!AJ20 -> 0.9929 | AH21: ='DOY263'!AJ20 -> 1.0014 | AI21: ='DOY267'!AJ20 -> 0.9953 | AJ21: ='DOY269'!AJ20 -> 0.999 | AK21: ='DOY276'!AJ20 -> 0.9944
A22: Soil Tray | B22: ='DOY152'!AJ21 -> 0.2802 | C22: ='DOY157'!AJ21 -> 0.255 | D22: ='DOY163'!AJ21 -> 0.2639 | E22: ='DOY166'!AJ21 -> 0.265 | F22: ='DOY169'!AJ21 -> 0.2616 | G22: ='DOY172'!AJ21 -> 0.264 | H22: ='DOY176'!AJ21 -> 0.2575 | I22: ='DOY178'!AJ21 -> 0.2599 | J22: ='DOY180'!AJ21 -> 0.2589 | K22: ='DOY183'!AJ21 -> 0.2592 | L22: ='DOY187'!AJ21 -> 0.2647 | M22: ='DOY190'!AJ21 -> 0.2592 | N22: ='DOY192'!AJ21 -> 0.2599 | O22: ='DOY194'!AJ21 -> 0.2594 | P22: ='DOY200'!AJ21 -> 0.2598 | Q22: ='DOY204'!AJ21 -> 0.2488 | R22: ='DOY206'!AJ21 -> 0.2584 | S22: ='DOY208'!AJ21 -> 0.2541 | T22: ='DOY211'!AJ21 -> 0.2794 | U22: ='DOY213'!AJ21 -> 0.2607 | V22: ='DOY214'!AJ21 -> 0.2548 | W22: ='DOY219'!AJ21 -> 0.2342 | X22: ='DOY222'!AJ21 -> 0.264 | Y22: ='DOY225'!AJ21 -> 0.2627 | Z22: ='DOY227'!AJ21 -> 0.262 | AA22: ='DOY232'!AJ21 -> 0.2663 | AB22: ='DOY234'!AJ21 -> 0.2623 | AC22: ='DOY236'!AJ21 -> 0.2617 | AD22: ='DOY242'!AJ21 -> 0.2637 | AE22: ='DOY247'!AJ21 -> 0.259 | AF22: ='DOY253'!AJ21 -> 0.262 | AG22: ='DOY260'!AJ21 -> 0.2606 | AH22: ='DOY263'!AJ21 -> 0.2667 | AI22: ='DOY267'!AJ21 -> 0.2612 | AJ22: ='DOY269'!AJ21 -> 0.2634 | AK22: ='DOY276'!AJ21 -> 0.263
A23: 1 | B23: ='DOY152'!AJ22 -> 0.2974 | C23: ='DOY157'!AJ22 -> 0.2816 | D23: ='DOY163'!AJ22 -> 0.2724 | E23: ='DOY166'!AJ22 -> 0.2688 | F23: ='DOY169'!AJ22 -> 0.2668 | G23: ='DOY172'!AJ22 -> 0.2681 | H23: ='DOY176'!AJ22 -> 0.2636 | I23: ='DOY178'!AJ22 -> 0.2651 | J23: ='DOY180'!AJ22 -> 0.2646 | K23: ='DOY183'!AJ22 -> 0.2675 | L23: ='DOY187'!AJ22 -> 0.2684 | M23: ='DOY190'!AJ22 -> 0.2637 | N23: ='DOY192'!AJ22 -> 0.2245 | O23: ='DOY194'!AJ22 -> 0.23 | P23: ='DOY200'!AJ22 -> 0.3144 | Q23: ='DOY204'!AJ22 -> 0.2912 | R23: ='DOY206'!AJ22 -> 0.3127 | S23: ='DOY208'!AJ22 -> 0.3063 | T23: ='DOY211'!AJ22 -> 0.2739 | U23: ='DOY213'!AJ22 -> 0.3385 | V23: ='DOY214'!AJ22 -> 0.25 | W23: ='DOY219'!AJ22 -> 0.3486 | X23: ='DOY222'!AJ22 -> 0.3172 | Y23: ='DOY225'!AJ22 -> 0.3153 | Z23: ='DOY227'!AJ22 -> 0.3172 | AA23: ='DOY232'!AJ22 -> 0.3227 | AB23: ='DOY234'!AJ22 -> 0.3231 | AC23: ='DOY236'!AJ22 -> 0.3237 | AD23: ='DOY242'!AJ22 -> 0.3132 | AE23: ='DOY247'!AJ22 -> 0.3127 | AF23: ='DOY253'!AJ22 -> 0.3172 | AG23: ='DOY260'!AJ22 -> 0.3116 | AH23: ='DOY263'!AJ22 -> 0.3227 | AI23: ='DOY267'!AJ22 -> 0.3274 | AJ23: ='DOY269'!AJ22 -> 0.3284 | AK23: ='DOY276'!AJ22 -> 0.3248
A24: 2 | B24: ='DOY152'!AJ23 -> 0.1906 | C24: ='DOY157'!AJ23 -> 0.1843 | D24: ='DOY163'!AJ23 -> 0.1545 | E24: ='DOY166'!AJ23 -> 0.1417 | F24: ='DOY169'!AJ23 -> 0.1263 | G24: ='DOY172'!AJ23 -> 0.114 | H24: ='DOY176'!AJ23 -> 0.1142 | I24: ='DOY178'!AJ23 -> 0.1066 | J24: ='DOY180'!AJ23 -> 0.0593 | K24: ='DOY183'!AJ23 -> 0.0619 | L24: ='DOY187'!AJ23 -> 0.0587 | M24: ='DOY190'!AJ23 -> 0.0495 | N24: ='DOY192'!AJ23 -> 0.0311 | O24: ='DOY194'!AJ23 -> 0.0304 | P24: ='DOY200'!AJ23 -> 0.0268 | Q24: ='DOY204'!AJ23 -> 0.038 | R24: ='DOY206'!AJ23 -> 0.0407 | S24: ='DOY208'!AJ23 -> 0.0263 | T24: ='DOY211'!AJ23 -> 0.024 | U24: ='DOY213'!AJ23 -> 0.0337 | V24: ='DOY214'!AJ23 -> 0.0251 | W24: ='DOY219'!AJ23 -> 0.0284 | X24: ='DOY222'!AJ23 -> 0.0234 | Y24: ='DOY225'!AJ23 -> 0.0237 | Z24: ='DOY227'!AJ23 -> 0.0261 | AA24: ='DOY232'!AJ23 -> 0.0336 | AB24: ='DOY234'!AJ23 -> 0.0291 | AC24: ='DOY236'!AJ23 -> 0.028 | AD24: ='DOY242'!AJ23 -> 0.0266 | AE24: ='DOY247'!AJ23 -> 0.0274 | AF24: ='DOY253'!AJ23 -> 0.0284 | AG24: ='DOY260'!AJ23 -> 0.035 | AH24: ='DOY263'!AJ23 -> 0.0409 | AI24: ='DOY267'!AJ23 -> 0.0435 | AJ24: ='DOY269'!AJ23 -> 0.0467 | AK24: ='DOY276'!AJ23 -> 0.0543
A25: 3 | B25: ='DOY152'!AJ24 -> 0.2183 | C25: ='DOY157'!AJ24 -> 0.1496 | D25: ='DOY163'!AJ24 -> 0.2707 | E25: ='DOY166'!AJ24 -> 0.1691 | F25: ='DOY169'!AJ24 -> 0.1755 | G25: ='DOY172'!AJ24 -> 0.1785 | H25: ='DOY176'!AJ24 -> 0.3048 | I25: ='DOY178'!AJ24 -> 0.1584 | J25: ='DOY180'!AJ24 -> 0.2944 | K25: ='DOY183'!AJ24 -> 0.1823 | L25: ='DOY187'!AJ24 -> 0.1795 | M25: ='DOY190'!AJ24 -> 0.1804 | N25: ='DOY192'!AJ24 -> 0.2763 | O25: ='DOY194'!AJ24 -> 0.1769 | P25: ='DOY200'!AJ24 -> 0.1632 | Q25: ='DOY204'!AJ24 -> 0.1595 | R25: ='DOY206'!AJ24 -> 0.1774 | S25: ='DOY208'!AJ24 -> 0.197 | T25: ='DOY211'!AJ24 -> 0.1039 | U25: ='DOY213'!AJ24 -> 0.179 | V25: ='DOY214'!AJ24 -> 0.1917 | W25: ='DOY219'!AJ24 -> 0.1912 | X25: ='DOY222'!AJ24 -> 0.176 | Y25: ='DOY225'!AJ24 -> 0.1728 | Z25: ='DOY227'!AJ24 -> 0.3117 | AA25: ='DOY232'!AJ24 -> 0.1528 | AB25: ='DOY234'!AJ24 -> 0.1713 | AC25: ='DOY236'!AJ24 -> 0.3037 | AD25: ='DOY242'!AJ24 -> 0.3115 | AE25: ='DOY247'!AJ24 -> 0.1495 | AF25: ='DOY253'!AJ24 -> 0.1664 | AG25: ='DOY260'!AJ24 -> 0.2829 | AH25: ='DOY263'!AJ24 -> 0.1702 | AI25: ='DOY267'!AJ24 -> 0.2961 | AJ25: ='DOY269'!AJ24 -> 0.3001 | AK25: ='DOY276'!AJ24 -> 0.3018
A26: 4 | B26: ='DOY152'!AJ25 -> 0.1834 | C26: ='DOY157'!AJ25 -> 0.1855 | D26: ='DOY163'!AJ25 -> 0.1707 | E26: ='DOY166'!AJ25 -> 0.1556 | F26: ='DOY169'!AJ25 -> 0.1554 | G26: ='DOY172'!AJ25 -> 0.1393 | H26: ='DOY176'!AJ25 -> 0.1389 | I26: ='DOY178'!AJ25 -> 0.134 | J26: ='DOY180'!AJ25 -> 0.1108 | K26: ='DOY183'!AJ25 -> 0.1563 | L26: ='DOY187'!AJ25 -> 0.1361 | M26: ='DOY190'!AJ25 -> 0.1251 | N26: ='DOY192'!AJ25 -> 0.1013 | O26: ='DOY194'!AJ25 -> 0.1008 | P26: ='DOY200'!AJ25 -> 0.1089 | Q26: ='DOY204'!AJ25 -> 0.0558 | R26: ='DOY206'!AJ25 -> 0.0589 | S26: ='DOY208'!AJ25 -> 0.0313 | T26: ='DOY211'!AJ25 -> 0.0228 | U26: ='DOY213'!AJ25 -> 0.0313 | V26: ='DOY214'!AJ25 -> 0.024 | W26: ='DOY219'!AJ25 -> 0.0301 | X26: ='DOY222'!AJ25 -> 0.024 | Y26: ='DOY225'!AJ25 -> 0.024 | Z26: ='DOY227'!AJ25 -> 0.026 | AA26: ='DOY232'!AJ25 -> 0.0261 | AB26: ='DOY234'!AJ25 -> 0.0236 | AC26: ='DOY236'!AJ25 -> 0.0253 | AD26: ='DOY242'!AJ25 -> 0.0226 | AE26: ='DOY247'!AJ25 -> 0.0198 | AF26: ='DOY253'!AJ25 -> 0.0314 | AG26: ='DOY260'!AJ25 -> 0.0375 | AH26: ='DOY263'!AJ25 -> 0.0392 | AI26: ='DOY267'!AJ25 -> 0.0403 | AJ26: ='DOY269'!AJ25 -> 0.0415 | AK26: ='DOY276'!AJ25 -> 0.0572
A27: 5 | B27: ='DOY152'!AJ26 -> 0.1849 | C27: ='DOY157'!AJ26 -> 0.1902 | D27: ='DOY163'!AJ26 -> 0.1658 | E27: ='DOY166'!AJ26 -> 0.1578 | F27: ='DOY169'!AJ26 -> 0.1556 | G27: ='DOY172'!AJ26 -> 0.146 | H27: ='DOY176'!AJ26 -> 0.1264 | I27: ='DOY178'!AJ26 -> 0.1304 | J27: ='DOY180'!AJ26 -> 0.0986 | K27: ='DOY183'!AJ26 -> 0.1278 | L27: ='DOY187'!AJ26 -> 0.1057 | M27: ='DOY190'!AJ26 -> 0.0892 | N27: ='DOY192'!AJ26 -> 0.0817 | O27: ='DOY194'!AJ26 -> 0.0789 | P27: ='DOY200'!AJ26 -> 0.0902 | Q27: ='DOY204'!AJ26 -> 0.0538 | R27: ='DOY206'!AJ26 -> 0.0599 | S27: ='DOY208'!AJ26 -> 0.0373 | T27: ='DOY211'!AJ26 -> 0.0177 | U27: ='DOY213'!AJ26 -> 0.0348 | V27: ='DOY214'!AJ26 -> 0.0235 | W27: ='DOY219'!AJ26 -> 0.0287 | X27: ='DOY222'!AJ26 -> 0.0239 | Y27: ='DOY225'!AJ26 -> 0.0228 | Z27: ='DOY227'!AJ26 -> 0.0245 | AA27: ='DOY232'!AJ26 -> 0.0287 | AB27: ='DOY234'!AJ26 -> 0.0246 | AC27: ='DOY236'!AJ26 -> 0.026 | AD27: ='DOY242'!AJ26 -> 0.0281 | AE27: ='DOY247'!AJ26 -> 0.0222 | AF27: ='DOY253'!AJ26 -> 0.0295 | AG27: ='DOY260'!AJ26 -> 0.0352 | AH27: ='DOY263'!AJ26 -> 0.0378 | AI27: ='DOY267'!AJ26 -> 0.0376 | AJ27: ='DOY269'!AJ26 -> 0.0409 | AK27: ='DOY276'!AJ26 -> 0.0577
A28: 6 | B28: ='DOY152'!AJ27 -> 0.185 | C28: ='DOY157'!AJ27 -> 0.1849 | D28: ='DOY163'!AJ27 -> 0.1715 | E28: ='DOY166'!AJ27 -> 0.1543 | F28: ='DOY169'!AJ27 -> 0.1582 | G28: ='DOY172'!AJ27 -> 0.129 | H28: ='DOY176'!AJ27 -> 0.1553 | I28: ='DOY178'!AJ27 -> 0.1415 | J28: ='DOY180'!AJ27 -> 0.087 | K28: ='DOY183'!AJ27 -> 0.0999 | L28: ='DOY187'!AJ27 -> 0.0694 | M28: ='DOY190'!AJ27 -> 0.0692 | N28: ='DOY192'!AJ27 -> 0.0406 | O28: ='DOY194'!AJ27 -> 0.0457 | P28: ='DOY200'!AJ27 -> 0.0374 | Q28: ='DOY204'!AJ27 -> 0.0501 | R28: ='DOY206'!AJ27 -> 0.0534 | S28: ='DOY208'!AJ27 -> 0.0329 | T28: ='DOY211'!AJ27 -> 0.0167 | U28: ='DOY213'!AJ27 -> 0.037 | V28: ='DOY214'!AJ27 -> 0.0265 | W28: ='DOY219'!AJ27 -> 0.0277 | X28: ='DOY222'!AJ27 -> 0.0255 | Y28: ='DOY225'!AJ27 -> 0.0263 | Z28: ='DOY227'!AJ27 -> 0.0277 | AA28: ='DOY232'!AJ27 -> 0.0375 | AB28: ='DOY234'!AJ27 -> 0.0303 | AC28: ='DOY236'!AJ27 -> 0.0294 | AD28: ='DOY242'!AJ27 -> 0.0249 | AE28: ='DOY247'!AJ27 -> 0.0202 | AF28: ='DOY253'!AJ27 -> 0.0285 | AG28: ='DOY260'!AJ27 -> 0.0363 | AH28: ='DOY263'!AJ27 -> 0.0417 | AI28: ='DOY267'!AJ27 -> 0.0468 | AJ28: ='DOY269'!AJ27 -> 0.0475 | AK28: ='DOY276'!AJ27 -> 0.0551
A29: 7 | B29: ='DOY152'!AJ28 -> 0.1811 | C29: ='DOY157'!AJ28 -> 0.182 | D29: ='DOY163'!AJ28 -> 0.1639 | E29: ='DOY166'!AJ28 -> 0.1496 | F29: ='DOY169'!AJ28 -> 0.1445 | G29: ='DOY172'!AJ28 -> 0.1206 | H29: ='DOY176'!AJ28 -> 0.1311 | I29: ='DOY178'!AJ28 -> 0.1216 | J29: ='DOY180'!AJ28 -> 0.0669 | K29: ='DOY183'!AJ28 -> 0.0726 | L29: ='DOY187'!AJ28 -> 0.0682 | M29: ='DOY190'!AJ28 -> 0.0662 | N29: ='DOY192'!AJ28 -> 0.0377 | O29: ='DOY194'!AJ28 -> 0.0384 | P29: ='DOY200'!AJ28 -> 0.0293 | Q29: ='DOY204'!AJ28 -> 0.0442 | R29: ='DOY206'!AJ28 -> 0.0495 | S29: ='DOY208'!AJ28 -> 0.0305 | T29: ='DOY211'!AJ28 -> 0.014 | U29: ='DOY213'!AJ28 -> 0.0342 | V29: ='DOY214'!AJ28 -> 0.0276 | W29: ='DOY219'!AJ28 -> 0.0264 | X29: ='DOY222'!AJ28 -> 0.0248 | Y29: ='DOY225'!AJ28 -> 0.0266 | Z29: ='DOY227'!AJ28 -> 0.0264 | AA29: ='DOY232'!AJ28 -> 0.0366 | AB29: ='DOY234'!AJ28 -> 0.0301 | AC29: ='DOY236'!AJ28 -> 0.0269 | AD29: ='DOY242'!AJ28 -> 0.0256 | AE29: ='DOY247'!AJ28 -> 0.0249 | AF29: ='DOY253'!AJ28 -> 0.0277 | AG29: ='DOY260'!AJ28 -> 0.0355 | AH29: ='DOY263'!AJ28 -> 0.0428 | AI29: ='DOY267'!AJ28 -> 0.0416 | AJ29: ='DOY269'!AJ28 -> 0.0489 | AK29: ='DOY276'!AJ28 -> 0.0641
A30: 8 | B30: ='DOY152'!AJ29 -> 0.1855 | C30: ='DOY157'!AJ29 -> 0.1618 | D30: ='DOY163'!AJ29 -> 0.161 | E30: ='DOY166'!AJ29 -> 0.1449 | F30: ='DOY169'!AJ29 -> 0.1388 | G30: ='DOY172'!AJ29 -> 0.1321 | H30: ='DOY176'!AJ29 -> 0.1289 | I30: ='DOY178'!AJ29 -> 0.1196 | J30: ='DOY180'!AJ29 -> 0.0946 | K30: ='DOY183'!AJ29 -> 0.1428 | L30: ='DOY187'!AJ29 -> 0.1271 | M30: ='DOY190'!AJ29 -> 0.098 | N30: ='DOY192'!AJ29 -> 0.0796 | O30: ='DOY194'!AJ29 -> 0.0843 | P30: ='DOY200'!AJ29 -> 0.1154 | Q30: ='DOY204'!AJ29 -> 0.0638 | R30: ='DOY206'!AJ29 -> 0.0716 | S30: ='DOY208'!AJ29 -> 0.0415 | T30: ='DOY211'!AJ29 -> 0.0183 | U30: ='DOY213'!AJ29 -> 0.0364 | V30: ='DOY214'!AJ29 -> 0.028 | W30: ='DOY219'!AJ29 -> 0.0314 | X30: ='DOY222'!AJ29 -> 0.0257 | Y30: ='DOY225'!AJ29 -> 0.0241 | Z30: ='DOY227'!AJ29 -> 0.0255 | AA30: ='DOY232'!AJ29 -> 0.0277 | AB30: ='DOY234'!AJ29 -> 0.0263 | AC30: ='DOY236'!AJ29 -> 0.0265 | AD30: ='DOY242'!AJ29 -> 0.0243 | AE30: ='DOY247'!AJ29 -> 0.0218 | AF30: ='DOY253'!AJ29 -> 0.0283 | AG30: ='DOY260'!AJ29 -> 0.0356 | AH30: ='DOY263'!AJ29 -> 0.0383 | AI30: ='DOY267'!AJ29 -> 0.041 | AJ30: ='DOY269'!AJ29 -> 0.0475 | AK30: ='DOY276'!AJ29 -> 0.0643
A31: 18 | B31: ='DOY152'!AJ30 -> 0.3108 | C31: ='DOY157'!AJ30 -> 0.2735 | D31: ='DOY163'!AJ30 -> 0.1971 | E31: ='DOY166'!AJ30 -> 0.1932 | F31: ='DOY169'!AJ30 -> 0.1781 | G31: ='DOY172'!AJ30 -> 0.1821 | H31: ='DOY176'!AJ30 -> 0.1903 | I31: ='DOY178'!AJ30 -> 0.1756 | J31: ='DOY180'!AJ30 -> 0.1603 | K31: ='DOY183'!AJ30 -> 0.1424 | L31: ='DOY187'!AJ30 -> 0.115 | M31: ='DOY190'!AJ30 -> 0.0799 | N31: ='DOY192'!AJ30 -> 0.0758 | O31: ='DOY194'!AJ30 -> 0.0479 | P31: ='DOY200'!AJ30 -> 0.0423 | Q31: ='DOY204'!AJ30 -> 0.0503 | R31: ='DOY206'!AJ30 -> 0.0638 | S31: ='DOY208'!AJ30 -> 0.0312 | T31: ='DOY211'!AJ30 -> 0.0179 | U31: ='DOY213'!AJ30 -> 0.032 | V31: ='DOY214'!AJ30 -> 0.0271 | W31: ='DOY219'!AJ30 -> 0.0314 | X31: ='DOY222'!AJ30 -> 0.0291 | Y31: ='DOY225'!AJ30 -> 0.0263 | Z31: ='DOY227'!AJ30 -> 0.0275 | AA31: ='DOY232'!AJ30 -> 0.0312 | AB31: ='DOY234'!AJ30 -> 0.0285 | AC31: ='DOY236'!AJ30 -> 0.0306 | AD31: ='DOY242'!AJ30 -> 0.0306 | AE31: ='DOY247'!AJ30 -> 0.0324 | AF31: ='DOY253'!AJ30 -> 0.035 | AG31: ='DOY260'!AJ30 -> 0.0394 | AH31: ='DOY263'!AJ30 -> 0.0474 | AI31: ='DOY267'!AJ30 -> 0.0482 | AJ31: ='DOY269'!AJ30 -> 0.0531 | AK31: ='DOY276'!AJ30 -> 0.0711
A32: 17 | B32: ='DOY152'!AJ31 -> 0.317 | C32: ='DOY157'!AJ31 -> 0.278 | D32: ='DOY163'!AJ31 -> 0.2041 | E32: ='DOY166'!AJ31 -> 0.1791 | F32: ='DOY169'!AJ31 -> 0.1833 | G32: ='DOY172'!AJ31 -> 0.1867 | H32: ='DOY176'!AJ31 -> 0.1621 | I32: ='DOY178'!AJ31 -> 0.1477 | J32: ='DOY180'!AJ31 -> 0.1766 | K32: ='DOY183'!AJ31 -> 0.1597 | L32: ='DOY187'!AJ31 -> 0.0875 | M32: ='DOY190'!AJ31 -> 0.0971 | N32: ='DOY192'!AJ31 -> 0.0901 | O32: ='DOY194'!AJ31 -> 0.0716 | P32: ='DOY200'!AJ31 -> 0.0499 | Q32: ='DOY204'!AJ31 -> 0.0385 | R32: ='DOY206'!AJ31 -> 0.0483 | S32: ='DOY208'!AJ31 -> 0.0277 | T32: ='DOY211'!AJ31 -> 0.0152 | U32: ='DOY213'!AJ31 -> 0.0295 | V32: ='DOY214'!AJ31 -> 0.0248 | W32: ='DOY219'!AJ31 -> 0.0327 | X32: ='DOY222'!AJ31 -> 0.028 | Y32: ='DOY225'!AJ31 -> 0.0256 | Z32: ='DOY227'!AJ31 -> 0.028 | AA32: ='DOY232'!AJ31 -> 0.0297 | AB32: ='DOY234'!AJ31 -> 0.0298 | AC32: ='DOY236'!AJ31 -> 0.0331 | AD32: ='DOY242'!AJ31 -> 0.0279 | AE32: ='DOY247'!AJ31 -> 0.024 | AF32: ='DOY253'!AJ31 -> 0.0293 | AG32: ='DOY260'!AJ31 -> 0.0369 | AH32: ='DOY263'!AJ31 -> 0.0419 | AI32: ='DOY267'!AJ31 -> 0.0512 | AJ32: ='DOY269'!AJ31 -> 0.0518 | AK32: ='DOY276'!AJ31 -> 0.0779
A33: 16 | B33: ='DOY152'!AJ32 -> 0.3051 | C33: ='DOY157'!AJ32 -> 0.2706 | D33: ='DOY163'!AJ32 -> 0.1995 | E33: ='DOY166'!AJ32 -> 0.1835 | F33: ='DOY169'!AJ32 -> 0.1756 | G33: ='DOY172'!AJ32 -> 0.1702 | H33: ='DOY176'!AJ32 -> 0.2021 | I33: ='DOY178'!AJ32 -> 0.1786 | J33: ='DOY180'!AJ32 -> 0.1613 | K33: ='DOY183'!AJ32 -> 0.1645 | L33: ='DOY187'!AJ32 -> 0.126 | M33: ='DOY190'!AJ32 -> 0.109 | N33: ='DOY192'!AJ32 -> 0.0906 | O33: ='DOY194'!AJ32 -> 0.0535 | P33: ='DOY200'!AJ32 -> 0.0561 | Q33: ='DOY204'!AJ32 -> 0.058 | R33: ='DOY206'!AJ32 -> 0.0682 | S33: ='DOY208'!AJ32 -> 0.0332 | T33: ='DOY211'!AJ32 -> 0.0154 | U33: ='DOY213'!AJ32 -> 0.0313 | V33: ='DOY214'!AJ32 -> 0.025 | W33: ='DOY219'!AJ32 -> 0.0316 | X33: ='DOY222'!AJ32 -> 0.0276 | Y33: ='DOY225'!AJ32 -> 0.0265 | Z33: ='DOY227'!AJ32 -> 0.0266 | AA33: ='DOY232'!AJ32 -> 0.0305 | AB33: ='DOY234'!AJ32 -> 0.0266 | AC33: ='DOY236'!AJ32 -> 0.0282 | AD33: ='DOY242'!AJ32 -> 0.0277 | AE33: ='DOY247'!AJ32 -> 0.0182 | AF33: ='DOY253'!AJ32 -> 0.0312 | AG33: ='DOY260'!AJ32 -> 0.033 | AH33: ='DOY263'!AJ32 -> 0.0411 | AI33: ='DOY267'!AJ32 -> 0.0477 | AJ33: ='DOY269'!AJ32 -> 0.05 | AK33: ='DOY276'!AJ32 -> 0.0609
A34: 15 | B34: ='DOY152'!AJ33 -> 0.3163 | C34: ='DOY157'!AJ33 -> 0.2773 | D34: ='DOY163'!AJ33 -> 0.2003 | E34: ='DOY166'!AJ33 -> 0.2028 | F34: ='DOY169'!AJ33 -> 0.1921 | G34: ='DOY172'!AJ33 -> 0.2201 | H34: ='DOY176'!AJ33 -> 0.2177 | I34: ='DOY178'!AJ33 -> 0.1945 | J34: ='DOY180'!AJ33 -> 0.1924 | K34: ='DOY183'!AJ33 -> 0.1668 | L34: ='DOY187'!AJ33 -> 0.1506 | M34: ='DOY190'!AJ33 -> 0.1375 | N34: ='DOY192'!AJ33 -> 0.0758 | O34: ='DOY194'!AJ33 -> 0.0935 | P34: ='DOY200'!AJ33 -> 0.0776 | Q34: ='DOY204'!AJ33 -> 0.041 | R34: ='DOY206'!AJ33 -> 0.0487 | S34: ='DOY208'!AJ33 -> 0.0396 | T34: ='DOY211'!AJ33 -> 0.0145 | U34: ='DOY213'!AJ33 -> 0.0386 | V34: ='DOY214'!AJ33 -> 0.0309 | W34: ='DOY219'!AJ33 -> 0.0344 | X34: ='DOY222'!AJ33 -> 0.0289 | Y34: ='DOY225'!AJ33 -> 0.0259 | Z34: ='DOY227'!AJ33 -> 0.0265 | AA34: ='DOY232'!AJ33 -> 0.0298 | AB34: ='DOY234'!AJ33 -> 0.0273 | AC34: ='DOY236'!AJ33 -> 0.0273 | AD34: ='DOY242'!AJ33 -> 0.0253 | AE34: ='DOY247'!AJ33 -> 0.0137 | AF34: ='DOY253'!AJ33 -> 0.029 | AG34: ='DOY260'!AJ33 -> 0.0348 | AH34: ='DOY263'!AJ33 -> 0.0425 | AI34: ='DOY267'!AJ33 -> 0.0428 | AJ34: ='DOY269'!AJ33 -> 0.048 | AK34: ='DOY276'!AJ33 -> 0.0616
... A46: 28 | B46: ='DOY152'!AJ45 -> 0.2859 | C46: ='DOY157'!AJ45 -> 0.2521 | D46: ='DOY163'!AJ45 -> 0.1916 | E46: ='DOY166'!AJ45 -> 0.1652 | F46: ='DOY169'!AJ45 -> 0.1542 | G46: ='DOY172'!AJ45 -> 0.1433 | H46: ='DOY176'!AJ45 -> 0.1453 | I46: ='DOY178'!AJ45 -> 0.1355 | J46: ='DOY180'!AJ45 -> 0.1284 | K46: ='DOY183'!AJ45 -> 0.108 | L46: ='DOY187'!AJ45 -> 0.0753 | M46: ='DOY190'!AJ45 -> 0.0547 | N46: ='DOY192'!AJ45 -> 0.0476 | O46: ='DOY194'!AJ45 -> 0.0301 | P46: ='DOY200'!AJ45 -> 0.0272 | Q46: ='DOY204'!AJ45 -> 0.0358 | R46: ='DOY206'!AJ45 -> 0.0405 | S46: ='DOY208'!AJ45 -> 0.0239 | T46: ='DOY211'!AJ45 -> 0.0106 | U46: ='DOY213'!AJ45 -> 0.0204 | V46: ='DOY214'!AJ45 -> 0.0236 | W46: ='DOY219'!AJ45 -> 0.0268 | X46: ='DOY222'!AJ45 -> 0 | Y46: ='DOY225'!AJ45 -> 0.034 | Z46: ='DOY227'!AJ45 -> 0.0293 | AA46: ='DOY232'!AJ45 -> 0.0323 | AB46: ='DOY234'!AJ45 -> 0.0318 | AC46: ='DOY236'!AJ45 -> 0.0317 | AD46: ='DOY242'!AJ45 -> 0.0257 | AE46: ='DOY247'!AJ45 -> 0.0316 | AF46: ='DOY253'!AJ45 -> 0.0306 | AG46: ='DOY260'!AJ45 -> 0.0389 | AH46: ='DOY263'!AJ45 -> 0.0406 | AI46: ='DOY267'!AJ45 -> 0.0479 | AJ46: ='DOY269'!AJ45 -> 0.0511 | AK46: ='DOY276'!AJ45 -> 0.0701
A47: Panel 100.3 | B47: ='DOY152'!AJ46 -> 1.017 | C47: ='DOY157'!AJ46 -> 1.0186 | D47: ='DOY163'!AJ46 -> 1.0261 | E47: ='DOY166'!AJ46 -> 1.013 | F47: ='DOY169'!AJ46 -> 1.0092 | G47: ='DOY172'!AJ46 -> 1.0144 | H47: ='DOY176'!AJ46 -> 1.0093 | I47: ='DOY178'!AJ46 -> 1.0115 | J47: ='DOY180'!AJ46 -> 1.0082 | K47: ='DOY183'!AJ46 -> 1.0083 | L47: ='DOY187'!AJ46 -> 1.0143 | M47: ='DOY190'!AJ46 -> 1.0085 | N47: ='DOY192'!AJ46 -> 1.0071 | O47: ='DOY194'!AJ46 -> 1.004 | P47: ='DOY200'!AJ46 -> 1.0109 | Q47: ='DOY204'!AJ46 -> 1.0083 | R47: ='DOY206'!AJ46 -> 1.0091 | S47: ='DOY208'!AJ46 -> 1.0098 | T47: ='DOY211'!AJ46 -> 1.0163 | U47: ='DOY213'!AJ46 -> 1.0098 | V47: ='DOY214'!AJ46 -> 1.0096 | W47: ='DOY219'!AJ46 -> 1.0111 | X47: ='DOY222'!AJ46 -> 1.0151 | Y47: ='DOY225'!AJ46 -> 1.0088 | Z47: ='DOY227'!AJ46 -> 1.0098 | AA47: ='DOY232'!AJ46 -> 1.0087 | AB47: ='DOY234'!AJ46 -> 1.0108 | AC47: ='DOY236'!AJ46 -> 1.0076 | AD47: ='DOY242'!AJ46 -> 1.0092 | AE47: ='DOY247'!AJ46 -> 1.0002 | AF47: ='DOY253'!AJ46 -> 1.0033 | AG47: ='DOY260'!AJ46 -> 1.0025 | AH47: ='DOY263'!AJ46 -> 1.0084 | AI47: ='DOY267'!AJ46 -> 1.0034 | AJ47: ='DOY269'!AJ46 -> 1.0053 | AK47: ='DOY276'!AJ46 -> 1.0011
A48: Quality | B48: 2 | C48: 3 | D48: 3 | E48: 2 | F48: 2 | G48: 0 | H48: 1 | I48: 2 | J48: 3 | K48: 2 | L48: 2 | M48: 2 | N48: 3 | O48: 3 | P48: 2 | Q48: 5 | R48: 4 | S48: 4 | T48: 4 | U48: 3 | V48: 2 | W48: 3 | X48: 2 | Y48: 3 | Z48: 3 | AA48: 2 | AB48: 2 | AC48: 2 | AD48: 2 | AE48: 3 | AF48: 2 | AG48: 2 | AH48: 2 | AI48: 2 | AJ48: 1 | AK48: 2

Sheet Band 4
B1: DOY
A2: Plot | B2: 152 | C2: 157 | D2: 163 | E2: 166 | F2: 169 | G2: 172 | H2: 176 | I2: 178 | J2: 180 | K2: 183 | L2: 187 | M2: 190 | N2: 192 | O2: 194 | P2: 200 | Q2: 204 | R2: 206 | S2: 208 | T2: 211 | U2: 213 | V2: 214 | W2: 219 | X2: 222 | Y2: 225 | Z2: 227 | AA2: 232 | AB2: 234 | AC2: 236 | AD2: 242 | AE2: 247 | AF2: 253 | AG2: 260 | AH2: 263 | AI2: 267 | AJ2: 269 | AK2: 276
A3: Panel 100.1 | B3: ='DOY152'!AN2 -> 0.9999 | C3: ='DOY157'!AN2 -> 1.0029 | D3: ='DOY163'!AN2 -> 1.0029 | E3: ='DOY166'!AN2 -> 0.999 | F3: ='DOY169'!AN2 -> 0.9949 | G3: ='DOY172'!AN2 -> 1.0014 | H3: ='DOY176'!AN2 -> 0.994 | I3: ='DOY178'!AN2 -> 0.9966 | J3: ='DOY180'!AN2 -> 0.9929 | K3: ='DOY183'!AN2 -> 0.9924 | L3: ='DOY187'!AN2 -> 0.998 | M3: ='DOY190'!AN2 -> 0.9929 | N3: ='DOY192'!AN2 -> 0.9916 | O3: ='DOY194'!AN2 -> 0.9875 | P3: ='DOY200'!AN2 -> 0.9943 | Q3: ='DOY204'!AN2 -> 0.9925 | R3: ='DOY206'!AN2 -> 0.9919 | S3: ='DOY208'!AN2 -> 0.9925 | T3: ='DOY211'!AN2 -> 1 | U3: ='DOY213'!AN2 -> 0.9943 | V3: ='DOY214'!AN2 -> 0.9928 | W3: ='DOY219'!AN2 -> 0.9949 | X3: ='DOY222'!AN2 -> 0.9981 | Y3: ='DOY225'!AN2 -> 0.991 | Z3: ='DOY227'!AN2 -> 0.9927 | AA3: ='DOY232'!AN2 -> 0.9918 | AB3: ='DOY234'!AN2 -> 0.9948 | AC3: ='DOY236'!AN2 -> 0.9903 | AD3: ='DOY242'!AN2 -> 0.9946 | AE3: ='DOY247'!AN2 -> 0.9836 | AF3: ='DOY253'!AN2 -> 0.9856 | AG3: ='DOY260'!AN2 -> 0.9858 | AH3: ='DOY263'!AN2 -> 0.9947 | AI3: ='DOY267'!AN2 -> 0.9887 | AJ3: ='DOY269'!AN2 -> 0.993 | AK3: ='DOY276'!AN2 -> 0.9879
A4: Panel 70.1 | B4: ='DOY152'!AN3 -> 0.3541 | C4: ='DOY157'!AN3 -> 0.6902 | D4: ='DOY163'!AN3 -> 0.6532 | E4: ='DOY166'!AN3 -> 0.6466 | F4: ='DOY169'!AN3 -> 0.6469 | G4: ='DOY172'!AN3 -> 0.6499 | H4: ='DOY176'!AN3 -> 0.6448 | I4: ='DOY178'!AN3 -> 0.6469 | J4: ='DOY180'!AN3 -> 0.645 | K4: ='DOY183'!AN3 -> 0.6409 | L4: ='DOY187'!AN3 -> 0.6431 | M4: ='DOY190'!AN3 -> 0.6422 | N4: ='DOY192'!AN3 -> 0.6372 | O4: ='DOY194'!AN3 -> 0.8302 | P4: ='DOY200'!AN3 -> 0.653 | Q4: ='DOY204'!AN3 -> 0.6127 | R4: ='DOY206'!AN3 -> 0.652 | S4: ='DOY208'!AN3 -> 0.988 | T4: ='DOY211'!AN3 -> 0.6369 | U4: ='DOY213'!AN3 -> 0.6888 | V4: ='DOY214'!AN3 -> 0.431 | W4: ='DOY219'!AN3 -> 0.7209 | X4: ='DOY222'!AN3 -> 0.6437 | Y4: ='DOY225'!AN3 -> 0.554 | Z4: ='DOY227'!AN3 -> 0.6361 | AA4: ='DOY232'!AN3 -> 0.6433 | AB4: ='DOY234'!AN3 -> 0.6406 | AC4: ='DOY236'!AN3 -> 0.6401 | AD4: ='DOY242'!AN3 -> 0.64 | AE4: ='DOY247'!AN3 -> 0.6377 | AF4: ='DOY253'!AN3 -> 0.6333 | AG4: ='DOY260'!AN3 -> 0.6378 | AH4: ='DOY263'!AN3 -> 0.644 | AI4: ='DOY267'!AN3 -> 0.6402 | AJ4: ='DOY269'!AN3 -> 0.6364 | AK4: ='DOY276'!AN3 -> 0.6388
A5: 41 | B5: ='DOY152'!AN4 -> 0.3742 | C5: ='DOY157'!AN4 -> 0.37 | D5: ='DOY163'!AN4 -> 0.2645 | E5: ='DOY166'!AN4 -> 0.2701 | F5: ='DOY169'!AN4 -> 0.2528 | G5: ='DOY172'!AN4 -> 0.2832 | H5: ='DOY176'!AN4 -> 0.3031 | I5: ='DOY178'!AN4 -> 0.3073 | J5: ='DOY180'!AN4 -> 0.3293 | K5: ='DOY183'!AN4 -> 0.3299 | L5: ='DOY187'!AN4 -> 0.3468 | M5: ='DOY190'!AN4 -> 0.3413 | N5: ='DOY192'!AN4 -> 0.3126 | O5: ='DOY194'!AN4 -> 0.4337 | P5: ='DOY200'!AN4 -> 0.3898 | Q5: ='DOY204'!AN4 -> 0.3689 | R5: ='DOY206'!AN4 -> 0.4394 | S5: ='DOY208'!AN4 -> 0.3287 | T5: ='DOY211'!AN4 -> 0.2915 | U5: ='DOY213'!AN4 -> 0.4556 | V5: ='DOY214'!AN4 -> 0.3894 | W5: ='DOY219'!AN4 -> 0.4426 | X5: ='DOY222'!AN4 -> 0.358 | Y5: ='DOY225'!AN4 -> 0.3418 | Z5: ='DOY227'!AN4 -> 0.4545 | AA5: ='DOY232'!AN4 -> 0.468 | AB5: ='DOY234'!AN4 -> 0.4743 | AC5: ='DOY236'!AN4 -> 0.4564 | AD5: ='DOY242'!AN4 -> 0.4595 | AE5: ='DOY247'!AN4 -> 0.4711 | AF5: ='DOY253'!AN4 -> 0.4634 | AG5: ='DOY260'!AN4 -> 0.4751 | AH5: ='DOY263'!AN4 -> 0.4266 | AI5: ='DOY267'!AN4 -> 0.4032 | AJ5: ='DOY269'!AN4 -> 0.3917 | AK5: ='DOY276'!AN4 -> 0.3595
A6: 42 | B6: ='DOY152'!AN5 -> 0.3724 | C6: ='DOY157'!AN5 -> 0.3867 | D6: ='DOY163'!AN5 -> 0.2676 | E6: ='DOY166'!AN5 -> 0.2573 | F6: ='DOY169'!AN5 -> 0.2533 | G6: ='DOY172'!AN5 -> 0.2788 | H6: ='DOY176'!AN5 -> 0.3156 | I6: ='DOY178'!AN5 -> 0.3288 | J6: ='DOY180'!AN5 -> 0.3242 | K6: ='DOY183'!AN5 -> 0.3258 | L6: ='DOY187'!AN5 -> 0.3461 | M6: ='DOY190'!AN5 -> 0.3558 | N6: ='DOY192'!AN5 -> 0.3278 | O6: ='DOY194'!AN5 -> 0.4808 | P6: ='DOY200'!AN5 -> 0.407 | Q6: ='DOY204'!AN5 -> 0.3602 | R6: ='DOY206'!AN5 -> 0.4501 | S6: ='DOY208'!AN5 -> 0.3807 | T6: ='DOY211'!AN5 -> 0.3232 | U6: ='DOY213'!AN5 -> 0.4739 | V6: ='DOY214'!AN5 -> 0.4288 | W6: ='DOY219'!AN5 -> 0.5154 | X6: ='DOY222'!AN5 -> 0.4205 | Y6: ='DOY225'!AN5 -> 0.3878 | Z6: ='DOY227'!AN5 -> 0.5049 | AA6: ='DOY232'!AN5 -> 0.5474 | AB6: ='DOY234'!AN5 -> 0.4991 | AC6: ='DOY236'!AN5 -> 0.5054 | AD6: ='DOY242'!AN5 -> 0.5164 | AE6: ='DOY247'!AN5 -> 0.5082 | AF6: ='DOY253'!AN5 -> 0.5168 | AG6: ='DOY260'!AN5 -> 0.5231 | AH6: ='DOY263'!AN5 -> 0.5412 | AI6: ='DOY267'!AN5 -> 0.5184 | AJ6: ='DOY269'!AN5 -> 0.506 | AK6: ='DOY276'!AN5 -> 0.4167
A7: 43 | B7: ='DOY152'!AN6 -> 0.3689 | C7: ='DOY157'!AN6 -> 0.3876 | D7: ='DOY163'!AN6 -> 0.277 | E7: ='DOY166'!AN6 -> 0.2559 | F7: ='DOY169'!AN6 -> 0.2535 | G7: ='DOY172'!AN6 -> 0.2684 | H7: ='DOY176'!AN6 -> 0.3106 | I7: ='DOY178'!AN6 -> 0.3097 | J7: ='DOY180'!AN6 -> 0.3203 | K7: ='DOY183'!AN6 -> 0.3335 | L7: ='DOY187'!AN6 -> 0.359 | M7: ='DOY190'!AN6 -> 0.3376 | N7: ='DOY192'!AN6 -> 0.3555 | O7: ='DOY194'!AN6 -> 0.4603 | P7: ='DOY200'!AN6 -> 0.4423 | Q7: ='DOY204'!AN6 -> 0.4478 | R7: ='DOY206'!AN6 -> 0.4744 | S7: ='DOY208'!AN6 -> 0.4098 | T7: ='DOY211'!AN6 -> 0.3934 | U7: ='DOY213'!AN6 -> 0.4799 | V7: ='DOY214'!AN6 -> 0.499 | W7: ='DOY219'!AN6 -> 0.5581 | X7: ='DOY222'!AN6 -> 0.5735 | Y7: ='DOY225'!AN6 -> 0.5978 | Z7: ='DOY227'!AN6 -> 0.5624 | AA7: ='DOY232'!AN6 -> 0.5978 | AB7: ='DOY234'!AN6 -> 0.5773 | AC7: ='DOY236'!AN6 -> 0.5592 | AD7: ='DOY242'!AN6 -> 0.5525 | AE7: ='DOY247'!AN6 -> 0.4514 | AF7: ='DOY253'!AN6 -> 0.5385 | AG7: ='DOY260'!AN6 -> 0.5133 | AH7: ='DOY263'!AN6 -> 0.4096 | AI7: ='DOY267'!AN6 -> 0.3984 | AJ7: ='DOY269'!AN6 -> 0.372 | AK7: ='DOY276'!AN6 -> 0.359
A8: 44 | B8: ='DOY152'!AN7 -> 0.3673 | C8: ='DOY157'!AN7 -> 0.3905 | D8: ='DOY163'!AN7 -> 0.2689 | E8: ='DOY166'!AN7 -> 0.2635 | F8: ='DOY169'!AN7 -> 0.2443 | G8: ='DOY172'!AN7 -> 0.2548 | H8: ='DOY176'!AN7 -> 0.3133 | I8: ='DOY178'!AN7 -> 0.3022 | J8: ='DOY180'!AN7 -> 0.3251 | K8: ='DOY183'!AN7 -> 0.313 | L8: ='DOY187'!AN7 -> 0.36 | M8: ='DOY190'!AN7 -> 0.3612 | N8: ='DOY192'!AN7 -> 0.3099 | O8: ='DOY194'!AN7 -> 0.3388 | P8: ='DOY200'!AN7 -> 0.4144 | Q8: ='DOY204'!AN7 -> 0.3897 | R8: ='DOY206'!AN7 -> 0.389 | S8: ='DOY208'!AN7 -> 0.3265 | T8: ='DOY211'!AN7 -> 0.2906 | U8: ='DOY213'!AN7 -> 0.3252 | V8: ='DOY214'!AN7 -> 0.4297 | W8: ='DOY219'!AN7 -> 0.4218 | X8: ='DOY222'!AN7 -> 0.4576 | Y8: ='DOY225'!AN7 -> 0.5069 | Z8: ='DOY227'!AN7 -> 0.4898 | AA8: ='DOY232'!AN7 -> 0.5035 | AB8: ='DOY234'!AN7 -> 0.5016 | AC8: ='DOY236'!AN7 -> 0.5012 | AD8: ='DOY242'!AN7 -> 0.5043 | AE8: ='DOY247'!AN7 -> 0.4961 | AF8: ='DOY253'!AN7 -> 0.4865 | AG8: ='DOY260'!AN7 -> 0.4962 | AH8: ='DOY263'!AN7 -> 0.4575 | AI8: ='DOY267'!AN7 -> 0.3966 | AJ8: ='DOY269'!AN7 -> 0.3402 | AK8: ='DOY276'!AN7 -> 0.3179
A9: 45 | B9: ='DOY152'!AN8 -> 0.3664 | C9: ='DOY157'!AN8 -> 0.3718 | D9: ='DOY163'!AN8 -> 0.2744 | E9: ='DOY166'!AN8 -> 0.2727 | F9: ='DOY169'!AN8 -> 0.2833 | G9: ='DOY172'!AN8 -> 0.2674 | H9: ='DOY176'!AN8 -> 0.2996 | I9: ='DOY178'!AN8 -> 0.325 | J9: ='DOY180'!AN8 -> 0.3095 | K9: ='DOY183'!AN8 -> 0.3094 | L9: ='DOY187'!AN8 -> 0.3729 | M9: ='DOY190'!AN8 -> 0.3526 | N9: ='DOY192'!AN8 -> 0.3531 | O9: ='DOY194'!AN8 -> 0.4522 | P9: ='DOY200'!AN8 -> 0.4917 | Q9: ='DOY204'!AN8 -> 0.5225 | R9: ='DOY206'!AN8 -> 0.4718 | S9: ='DOY208'!AN8 -> 0.4485 | T9: ='DOY211'!AN8 -> 0.3079 | U9: ='DOY213'!AN8 -> 0.4566 | V9: ='DOY214'!AN8 -> 0.5199 | W9: ='DOY219'!AN8 -> 0.4594 | X9: ='DOY222'!AN8 -> 0.5645 | Y9: ='DOY225'!AN8 -> 0.5413 | Z9: ='DOY227'!AN8 -> 0.5984 | AA9: ='DOY232'!AN8 -> 0.6003 | AB9: ='DOY234'!AN8 -> 0.5634 | AC9: ='DOY236'!AN8 -> 0.5839 | AD9: ='DOY242'!AN8 -> 0.5461 | AE9: ='DOY247'!AN8 -> 0.5901 | AF9: ='DOY253'!AN8 -> 0.5401 | AG9: ='DOY260'!AN8 -> 0.5474 | AH9: ='DOY263'!AN8 -> 0.4873 | AI9: ='DOY267'!AN8 -> 0.4404 | AJ9: ='DOY269'!AN8 -> 0.4282 | AK9: ='DOY276'!AN8 -> 0.402
A10: 46 | B10: ='DOY152'!AN9 -> 0.3743 | C10: ='DOY157'!AN9 -> 0.396 | D10: ='DOY163'!AN9 -> 0.2849 | E10: ='DOY166'!AN9 -> 0.2723 | F10: ='DOY169'!AN9 -> 0.2736 | G10: ='DOY172'!AN9 -> 0.3604 | H10: ='DOY176'!AN9 -> 0.3241 | I10: ='DOY178'!AN9 -> 0.354 | J10: ='DOY180'!AN9 -> 0.3346 | K10: ='DOY183'!AN9 -> 0.3383 | L10: ='DOY187'!AN9 -> 0.4201 | M10: ='DOY190'!AN9 -> 0.4068 | N10: ='DOY192'!AN9 -> 0.3605 | O10: ='DOY194'!AN9 -> 0.6145 | P10: ='DOY200'!AN9 -> 0.4846 | Q10: ='DOY204'!AN9 -> 0.6365 | R10: ='DOY206'!AN9 -> 0.4913 | S10: ='DOY208'!AN9 -> 0.4959 | T10: ='DOY211'!AN9 -> 0.358 | U10: ='DOY213'!AN9 -> 0.6131 | V10: ='DOY214'!AN9 -> 0.5677 | W10: ='DOY219'!AN9 -> 0.5192 | X10: ='DOY222'!AN9 -> 0.6091 | Y10: ='DOY225'!AN9 -> 0.647 | Z10: ='DOY227'!AN9 -> 0.649 | AA10: ='DOY232'!AN9 -> 0.6487 | AB10: ='DOY234'!AN9 -> 0.6107 | AC10: ='DOY236'!AN9 -> 0.6082 | AD10: ='DOY242'!AN9 -> 0.5784 | AE10: ='DOY247'!AN9 -> 0.604 | AF10: ='DOY253'!AN9 -> 0.6128 | AG10: ='DOY260'!AN9 -> 0.5748 | AH10: ='DOY263'!AN9 -> 0.5666 | AI10: ='DOY267'!AN9 -> 0.4795 | AJ10: ='DOY269'!AN9 -> 0.4322 | AK10: ='DOY276'!AN9 -> 0.4052
A11: 47 | B11: ='DOY152'!AN10 -> 0.3746 | C11: ='DOY157'!AN10 -> 0.382 | D11: ='DOY163'!AN10 -> 0.2895 | E11: ='DOY166'!AN10 -> 0.2731 | F11: ='DOY169'!AN10 -> 0.2642 | G11: ='DOY172'!AN10 -> 0.2997 | H11: ='DOY176'!AN10 -> 0.3116 | I11: ='DOY178'!AN10 -> 0.3322 | J11: ='DOY180'!AN10 -> 0.3308 | K11: ='DOY183'!AN10 -> 0.3248 | L11: ='DOY187'!AN10 -> 0.39 | M11: ='DOY190'!AN10 -> 0.3595 | N11: ='DOY192'!AN10 -> 0.363 | O11: ='DOY194'!AN10 -> 0.3959 | P11: ='DOY200'!AN10 -> 0.4163 | Q11: ='DOY204'!AN10 -> 0.5646 | R11: ='DOY206'!AN10 -> 0.4275 | S11: ='DOY208'!AN10 -> 0.3582 | T11: ='DOY211'!AN10 -> 0.263 | U11: ='DOY213'!AN10 -> 0.5568 | V11: ='DOY214'!AN10 -> 0.4274 | W11: ='DOY219'!AN10 -> 0.4512 | X11: ='DOY222'!AN10 -> 0.4511 | Y11: ='DOY225'!AN10 -> 0.5319 | Z11: ='DOY227'!AN10 -> 0.5352 | AA11: ='DOY232'!AN10 -> 0.5272 | AB11: ='DOY234'!AN10 -> 0.4965 | AC11: ='DOY236'!AN10 -> 0.528 | AD11: ='DOY242'!AN10 -> 0.5243 | AE11: ='DOY247'!AN10 -> 0.4091 | AF11: ='DOY253'!AN10 -> 0.5192 | AG11: ='DOY260'!AN10 -> 0.5418 | AH11: ='DOY263'!AN10 -> 0.5142 | AI11: ='DOY267'!AN10 -> 0.4722 | AJ11: ='DOY269'!AN10 -> 0.4427 | AK11: ='DOY276'!AN10 -> 0.3943
A12: 48 | B12: ='DOY152'!AN11 -> 0.3739 | C12: ='DOY157'!AN11 -> 0.4012 | D12: ='DOY163'!AN11 -> 0.2799 | E12: ='DOY166'!AN11 -> 0.2598 | F12: ='DOY169'!AN11 -> 0.2504 | G12: ='DOY172'!AN11 -> 0.335 | H12: ='DOY176'!AN11 -> 0.3442 | I12: ='DOY178'!AN11 -> 0.3223 | J12: ='DOY180'!AN11 -> 0.3274 | K12: ='DOY183'!AN11 -> 0.3594 | L12: ='DOY187'!AN11 -> 0.3807 | M12: ='DOY190'!AN11 -> 0.3771 | N12: ='DOY192'!AN11 -> 0.3398 | O12: ='DOY194'!AN11 -> 0.4693 | P12: ='DOY200'!AN11 -> 0.4468 | Q12: ='DOY204'!AN11 -> 0.6138 | R12: ='DOY206'!AN11 -> 0.4192 | S12: ='DOY208'!AN11 -> 0.4185 | T12: ='DOY211'!AN11 -> 0.3004 | U12: ='DOY213'!AN11 -> 0.6773 | V12: ='DOY214'!AN11 -> 0.4924 | W12: ='DOY219'!AN11 -> 0.4274 | X12: ='DOY222'!AN11 -> 0.5322 | Y12: ='DOY225'!AN11 -> 0.5782 | Z12: ='DOY227'!AN11 -> 0.5912 | AA12: ='DOY232'!AN11 -> 0.5771 | AB12: ='DOY234'!AN11 -> 0.5491 | AC12: ='DOY236'!AN11 -> 0.5619 | AD12: ='DOY242'!AN11 -> 0.5388 | AE12: ='DOY247'!AN11 -> 0.4109 | AF12: ='DOY253'!AN11 -> 0.5309 | AG12: ='DOY260'!AN11 -> 0.5569 | AH12: ='DOY263'!AN11 -> 0.5094 | AI12: ='DOY267'!AN11 -> 0.4593 | AJ12: ='DOY269'!AN11 -> 0.4135 | AK12: ='DOY276'!AN11 -> 0.4131
A13: 38 | B13: ='DOY152'!AN12 -> 0.4032 | C13: ='DOY157'!AN12 -> 0.4337 | D13: ='DOY163'!AN12 -> 0.2952 | E13: ='DOY166'!AN12 -> 0.2978 | F13: ='DOY169'!AN12 -> 0.2813 | G13: ='DOY172'!AN12 -> 0.3082 | H13: ='DOY176'!AN12 -> 0.3602 | I13: ='DOY178'!AN12 -> 0.3836 | J13: ='DOY180'!AN12 -> 0.4026 | K13: ='DOY183'!AN12 -> 0.3633 | L13: ='DOY187'!AN12 -> 0.4456 | M13: ='DOY190'!AN12 -> 0.4503 | N13: ='DOY192'!AN12 -> 0.4308 | O13: ='DOY194'!AN12 -> 0.4866 | P13: ='DOY200'!AN12 -> 0.4756 | Q13: ='DOY204'!AN12 -> 0.6006 | R13: ='DOY206'!AN12 -> 0.4534 | S13: ='DOY208'!AN12 -> 0.4823 | T13: ='DOY211'!AN12 -> 0.3928 | U13: ='DOY213'!AN12 -> 0.7507 | V13: ='DOY214'!AN12 -> 0.5223 | W13: ='DOY219'!AN12 -> 0.5691 | X13: ='DOY222'!AN12 -> 0.6111 | Y13: ='DOY225'!AN12 -> 0.6166 | Z13: ='DOY227'!AN12 -> 0.6247 | AA13: ='DOY232'!AN12 -> 0.6111 | AB13: ='DOY234'!AN12 -> 0.5659 | AC13: ='DOY236'!AN12 -> 0.5877 | AD13: ='DOY242'!AN12 -> 0.6061 | AE13: ='DOY247'!AN12 -> 0.4813 | AF13: ='DOY253'!AN12 -> 0.6115 | AG13: ='DOY260'!AN12 -> 0.587 | AH13: ='DOY263'!AN12 -> 0.5311 | AI13: ='DOY267'!AN12 -> 0.4919 | AJ13: ='DOY269'!AN12 -> 0.468 | AK13: ='DOY276'!AN12 -> 0.4348
A14: 37 | B14: ='DOY152'!AN13 -> 0.3996 | C14: ='DOY157'!AN13 -> 0.4325 | D14: ='DOY163'!AN13 -> 0.3113 | E14: ='DOY166'!AN13 -> 0.3058 | F14: ='DOY169'!AN13 -> 0.2944 | G14: ='DOY172'!AN13 -> 0.2918 | H14: ='DOY176'!AN13 -> 0.3314 | I14: ='DOY178'!AN13 -> 0.3391 | J14: ='DOY180'!AN13 -> 0.351 | K14: ='DOY183'!AN13 -> 0.3494 | L14: ='DOY187'!AN13 -> 0.3542 | M14: ='DOY190'!AN13 -> 0.3857 | N14: ='DOY192'!AN13 -> 0.4023 | O14: ='DOY194'!AN13 -> 0.3684 | P14: ='DOY200'!AN13 -> 0.4076 | Q14: ='DOY204'!AN13 -> 0.4118 | R14: ='DOY206'!AN13 -> 0.4317 | S14: ='DOY208'!AN13 -> 0.3927 | T14: ='DOY211'!AN13 -> 0.3124 | U14: ='DOY213'!AN13 -> 0.6486 | V14: ='DOY214'!AN13 -> 0.4339 | W14: ='DOY219'!AN13 -> 0.507 | X14: ='DOY222'!AN13 -> 0.4715 | Y14: ='DOY225'!AN13 -> 0.4791 | Z14: ='DOY227'!AN13 -> 0.5081 | AA14: ='DOY232'!AN13 -> 0.5127 | AB14: ='DOY234'!AN13 -> 0.4785 | AC14: ='DOY236'!AN13 -> 0.4981 | AD14: ='DOY242'!AN13 -> 0.5094 | AE14: ='DOY247'!AN13 -> 0.4885 | AF14: ='DOY253'!AN13 -> 0.5452 | AG14: ='DOY260'!AN13 -> 0.5517 | AH14: ='DOY263'!AN13 -> 0.5559 | AI14: ='DOY267'!AN13 -> 0.5223 | AJ14: ='DOY269'!AN13 -> 0.5064 | AK14: ='DOY276'!AN13 -> 0.4757
A15: 36 | B15: ='DOY152'!AN14 -> 0.4132 | C15: ='DOY157'!AN14 -> 0.4268 | D15: ='DOY163'!AN14 -> 0.3121 | E15: ='DOY166'!AN14 -> 0.2888 | F15: ='DOY169'!AN14 -> 0.2957 | G15: ='DOY172'!AN14 -> 0.3539 | H15: ='DOY176'!AN14 -> 0.3702 | I15: ='DOY178'!AN14 -> 0.378 | J15: ='DOY180'!AN14 -> 0.4064 | K15: ='DOY183'!AN14 -> 0.358 | L15: ='DOY187'!AN14 -> 0.4424 | M15: ='DOY190'!AN14 -> 0.378 | N15: ='DOY192'!AN14 -> 0.3637 | O15: ='DOY194'!AN14 -> 0.4784 | P15: ='DOY200'!AN14 -> 0.4729 | Q15: ='DOY204'!AN14 -> 0.4086 | R15: ='DOY206'!AN14 -> 0.4358 | S15: ='DOY208'!AN14 -> 0.4487 | T15: ='DOY211'!AN14 -> 0.3331 | U15: ='DOY213'!AN14 -> 0.7165 | V15: ='DOY214'!AN14 -> 0.5325 | W15: ='DOY219'!AN14 -> 0.5955 | X15: ='DOY222'!AN14 -> 0.6025 | Y15: ='DOY225'!AN14 -> 0.5917 | Z15: ='DOY227'!AN14 -> 0.6364 | AA15: ='DOY232'!AN14 -> 0.6256 | AB15: ='DOY234'!AN14 -> 0.5869 | AC15: ='DOY236'!AN14 -> 0.5946 | AD15: ='DOY242'!AN14 -> 0.6009 | AE15: ='DOY247'!AN14 -> 0.5757 | AF15: ='DOY253'!AN14 -> 0.5893 | AG15: ='DOY260'!AN14 -> 0.5774 | AH15: ='DOY263'!AN14 -> 0.5994 | AI15: ='DOY267'!AN14 -> 0.5507 | AJ15: ='DOY269'!AN14 -> 0.5172 | AK15: ='DOY276'!AN14 -> 0.4954
A16: 35 | B16: ='DOY152'!AN15 -> 0.401 | C16: ='DOY157'!AN15 -> 0.4368 | D16: ='DOY163'!AN15 -> 0.2988 | E16: ='DOY166'!AN15 -> 0.2884 | F16: ='DOY169'!AN15 -> 0.3015 | G16: ='DOY172'!AN15 -> 0.3093 | H16: ='DOY176'!AN15 -> 0.3092 | I16: ='DOY178'!AN15 -> 0.2818 | J16: ='DOY180'!AN15 -> 0.3417 | K16: ='DOY183'!AN15 -> 0.3544 | L16: ='DOY187'!AN15 -> 0.2437 | M16: ='DOY190'!AN15 -> 0.3823 | N16: ='DOY192'!AN15 -> 0.3944 | O16: ='DOY194'!AN15 -> 0.4426 | P16: ='DOY200'!AN15 -> 0.429 | Q16: ='DOY204'!AN15 -> 0.2875 | R16: ='DOY206'!AN15 -> 0.3821 | S16: ='DOY208'!AN15 -> 0.4069 | T16: ='DOY211'!AN15 -> 0.2963 | U16: ='DOY213'!AN15 -> 0.6253 | V16: ='DOY214'!AN15 -> 0.4567 | W16: ='DOY219'!AN15 -> 0.4749 | X16: ='DOY222'!AN15 -> 0.5081 | Y16: ='DOY225'!AN15 -> 0.5266 | Z16: ='DOY227'!AN15 -> 0.5271 | AA16: ='DOY232'!AN15 -> 0.5342 | AB16: ='DOY234'!AN15 -> 0.526 | AC16: ='DOY236'!AN15 -> 0.5122 | AD16: ='DOY242'!AN15 -> 0.5182 | AE16: ='DOY247'!AN15 -> 0.4815 | AF16: ='DOY253'!AN15 -> 0.5264 | AG16: ='DOY260'!AN15 -> 0.5564 | AH16: ='DOY263'!AN15 -> 0.5633 | AI16: ='DOY267'!AN15 -> 0.5337 | AJ16: ='DOY269'!AN15 -> 0.5106 | AK16: ='DOY276'!AN15 -> 0.4826
... A20: 31 | B20: ='DOY152'!AN19 -> 0.3936 | C20: ='DOY157'!AN19 -> 0.3986 | D20: ='DOY163'!AN19 -> 0.3048 | E20: ='DOY166'!AN19 -> 0.3018 | F20: ='DOY169'!AN19 -> 0.3021 | G20: ='DOY172'!AN19 -> 0.3572 | H20: ='DOY176'!AN19 -> 0.3606 | I20: ='DOY178'!AN19 -> 0.4018 | J20: ='DOY180'!AN19 -> 0.3021 | K20: ='DOY183'!AN19 -> 0.406 | L20: ='DOY187'!AN19 -> 0.4392 | M20: ='DOY190'!AN19 -> 0.4218 | N20: ='DOY192'!AN19 -> 0.4192 | O20: ='DOY194'!AN19 -> 0.4517 | P20: ='DOY200'!AN19 -> 0.4856 | Q20: ='DOY204'!AN19 -> 0.4721 | R20: ='DOY206'!AN19 -> 0.5048 | S20: ='DOY208'!AN19 -> 0.4911 | T20: ='DOY211'!AN19 -> 0.4272 | U20: ='DOY213'!AN19 -> 0.5095 | V20: ='DOY214'!AN19 -> 0.5316 | W20: ='DOY219'!AN19 -> 0.5305 | X20: ='DOY222'!AN19 -> 0.5764 | Y20: ='DOY225'!AN19 -> 0.6009 | Z20: ='DOY227'!AN19 -> 0.652 | AA20: ='DOY232'!AN19 -> 0.6396 | AB20: ='DOY234'!AN19 -> 0.5794 | AC20: ='DOY236'!AN19 -> 0.5916 | AD20: ='DOY242'!AN19 -> 0.6151 | AE20: ='DOY247'!AN19 -> 0.6108 | AF20: ='DOY253'!AN19 -> 0.581 | AG20: ='DOY260'!AN19 -> 0.5967 | AH20: ='DOY263'!AN19 -> 0.5724 | AI20: ='DOY267'!AN19 -> 0.5628 | AJ20: ='DOY269'!AN19 -> 0.5637 | AK20: ='DOY276'!AN19 -> 0.5285
A21: Panel 100.2 | B21: ='DOY152'!AN20 -> 1.0081 | C21: ='DOY157'!AN20 -> 1.0103 | D21: ='DOY163'!AN20 -> 1.0167 | E21: ='DOY166'!AN20 -> 1.0049 | F21: ='DOY169'!AN20 -> 1.0009 | G21: ='DOY172'!AN20 -> 1.0075 | H21: ='DOY176'!AN20 -> 1.0008 | I21: ='DOY178'!AN20 -> 1.0031 | J21: ='DOY180'!AN20 -> 0.9998 | K21: ='DOY183'!AN20 -> 0.9997 | L21: ='DOY187'!AN20 -> 1.0055 | M21: ='DOY190'!AN20 -> 0.9999 | N21: ='DOY192'!AN20 -> 0.9986 | O21: ='DOY194'!AN20 -> 0.9947 | P21: ='DOY200'!AN20 -> 1.0021 | Q21: ='DOY204'!AN20 -> 0.9996 | R21: ='DOY206'!AN20 -> 0.9994 | S21: ='DOY208'!AN20 -> 0.9997 | T21: ='DOY211'!AN20 -> 1.0073 | U21: ='DOY213'!AN20 -> 1.001 | V21: ='DOY214'!AN20 -> 1.0003 | W21: ='DOY219'!AN20 -> 1.0021 | X21: ='DOY222'!AN20 -> 1.0065 | Y21: ='DOY225'!AN20 -> 1.0003 | Z21: ='DOY227'!AN20 -> 1.0005 | AA21: ='DOY232'!AN20 -> 0.9987 | AB21: ='DOY234'!AN20 -> 1.002 | AC21: ='DOY236'!AN20 -> 0.9984 | AD21: ='DOY242'!AN20 -> 1.0011 | AE21: ='DOY247'!AN20 -> 0.9913 | AF21: ='DOY253'!AN20 -> 0.9937 | AG21: ='DOY260'!AN20 -> 0.9926 | AH21: ='DOY263'!AN20 -> 1.0011 | AI21: ='DOY267'!AN20 -> 0.995 | AJ21: ='DOY269'!AN20 -> 0.9987 | AK21: ='DOY276'!AN20 -> 0.9941
A22: Soil Tray | B22: ='DOY152'!AN21 -> 0.3617 | C22: ='DOY157'!AN21 -> 0.3231 | D22: ='DOY163'!AN21 -> 0.3376 | E22: ='DOY166'!AN21 -> 0.3361 | F22: ='DOY169'!AN21 -> 0.333 | G22: ='DOY172'!AN21 -> 0.3339 | H22: ='DOY176'!AN21 -> 0.3343 | I22: ='DOY178'!AN21 -> 0.3317 | J22: ='DOY180'!AN21 -> 0.3295 | K22: ='DOY183'!AN21 -> 0.3312 | L22: ='DOY187'!AN21 -> 0.3329 | M22: ='DOY190'!AN21 -> 0.3291 | N22: ='DOY192'!AN21 -> 0.3292 | O22: ='DOY194'!AN21 -> 0.3293 | P22: ='DOY200'!AN21 -> 0.3309 | Q22: ='DOY204'!AN21 -> 0.313 | R22: ='DOY206'!AN21 -> 0.3254 | S22: ='DOY208'!AN21 -> 0.3219 | T22: ='DOY211'!AN21 -> 0.3497 | U22: ='DOY213'!AN21 -> 0.3269 | V22: ='DOY214'!AN21 -> 0.3232 | W22: ='DOY219'!AN21 -> 0.2949 | X22: ='DOY222'!AN21 -> 0.3403 | Y22: ='DOY225'!AN21 -> 0.3309 | Z22: ='DOY227'!AN21 -> 0.333 | AA22: ='DOY232'!AN21 -> 0.3327 | AB22: ='DOY234'!AN21 -> 0.3321 | AC22: ='DOY236'!AN21 -> 0.3303 | AD22: ='DOY242'!AN21 -> 0.3342 | AE22: ='DOY247'!AN21 -> 0.3291 | AF22: ='DOY253'!AN21 -> 0.3303 | AG22: ='DOY260'!AN21 -> 0.3266 | AH22: ='DOY263'!AN21 -> 0.3347 | AI22: ='DOY267'!AN21 -> 0.3281 | AJ22: ='DOY269'!AN21 -> 0.3302 | AK22: ='DOY276'!AN21 -> 0.3348
A23: 1 | B23: ='DOY152'!AN22 -> 0.3872 | C23: ='DOY157'!AN22 -> 0.3626 | D23: ='DOY163'!AN22 -> 0.3487 | E23: ='DOY166'!AN22 -> 0.3439 | F23: ='DOY169'!AN22 -> 0.3413 | G23: ='DOY172'!AN22 -> 0.3414 | H23: ='DOY176'!AN22 -> 0.3371 | I23: ='DOY178'!AN22 -> 0.3385 | J23: ='DOY180'!AN22 -> 0.3382 | K23: ='DOY183'!AN22 -> 0.3395 | L23: ='DOY187'!AN22 -> 0.3409 | M23: ='DOY190'!AN22 -> 0.3349 | N23: ='DOY192'!AN22 -> 0.2896 | O23: ='DOY194'!AN22 -> 0.2949 | P23: ='DOY200'!AN22 -> 0.3852 | Q23: ='DOY204'!AN22 -> 0.3529 | R23: ='DOY206'!AN22 -> 0.3795 | S23: ='DOY208'!AN22 -> 0.3701 | T23: ='DOY211'!AN22 -> 0.3245 | U23: ='DOY213'!AN22 -> 0.4145 | V23: ='DOY214'!AN22 -> 0.3098 | W23: ='DOY219'!AN22 -> 0.4273 | X23: ='DOY222'!AN22 -> 0.3855 | Y23: ='DOY225'!AN22 -> 0.3784 | Z23: ='DOY227'!AN22 -> 0.3804 | AA23: ='DOY232'!AN22 -> 0.3872 | AB23: ='DOY234'!AN22 -> 0.3873 | AC23: ='DOY236'!AN22 -> 0.3875 | AD23: ='DOY242'!AN22 -> 0.3761 | AE23: ='DOY247'!AN22 -> 0.3796 | AF23: ='DOY253'!AN22 -> 0.3821 | AG23: ='DOY260'!AN22 -> 0.3738 | AH23: ='DOY263'!AN22 -> 0.3855 | AI23: ='DOY267'!AN22 -> 0.3934 | AJ23: ='DOY269'!AN22 -> 0.3943 | AK23: ='DOY276'!AN22 -> 0.3916
A24: 2 | B24: ='DOY152'!AN23 -> 0.2592 | C24: ='DOY157'!AN23 -> 0.2631 | D24: ='DOY163'!AN23 -> 0.2384 | E24: ='DOY166'!AN23 -> 0.2612 | F24: ='DOY169'!AN23 -> 0.247 | G24: ='DOY172'!AN23 -> 0.2791 | H24: ='DOY176'!AN23 -> 0.3205 | I24: ='DOY178'!AN23 -> 0.3514 | J24: ='DOY180'!AN23 -> 0.301 | K24: ='DOY183'!AN23 -> 0.3763 | L24: ='DOY187'!AN23 -> 0.3906 | M24: ='DOY190'!AN23 -> 0.3791 | N24: ='DOY192'!AN23 -> 0.3666 | O24: ='DOY194'!AN23 -> 0.3941 | P24: ='DOY200'!AN23 -> 0.4485 | Q24: ='DOY204'!AN23 -> 0.4316 | R24: ='DOY206'!AN23 -> 0.4955 | S24: ='DOY208'!AN23 -> 0.4702 | T24: ='DOY211'!AN23 -> 0.4529 | U24: ='DOY213'!AN23 -> 0.5458 | V24: ='DOY214'!AN23 -> 0.4661 | W24: ='DOY219'!AN23 -> 0.5939 | X24: ='DOY222'!AN23 -> 0.4998 | Y24: ='DOY225'!AN23 -> 0.485 | Z24: ='DOY227'!AN23 -> 0.5163 | AA24: ='DOY232'!AN23 -> 0.5255 | AB24: ='DOY234'!AN23 -> 0.5193 | AC24: ='DOY236'!AN23 -> 0.5182 | AD24: ='DOY242'!AN23 -> 0.5147 | AE24: ='DOY247'!AN23 -> 0.4913 | AF24: ='DOY253'!AN23 -> 0.4865 | AG24: ='DOY260'!AN23 -> 0.5198 | AH24: ='DOY263'!AN23 -> 0.4997 | AI24: ='DOY267'!AN23 -> 0.4788 | AJ24: ='DOY269'!AN23 -> 0.4599 | AK24: ='DOY276'!AN23 -> 0.4256
A25: 3 | B25: ='DOY152'!AN24 -> 0.2893 | C25: ='DOY157'!AN24 -> 0.2037 | D25: ='DOY163'!AN24 -> 0.3402 | E25: ='DOY166'!AN24 -> 0.2231 | F25: ='DOY169'!AN24 -> 0.2313 | G25: ='DOY172'!AN24 -> 0.2322 | H25: ='DOY176'!AN24 -> 0.3752 | I25: ='DOY178'!AN24 -> 0.1986 | J25: ='DOY180'!AN24 -> 0.3652 | K25: ='DOY183'!AN24 -> 0.2388 | L25: ='DOY187'!AN24 -> 0.2355 | M25: ='DOY190'!AN24 -> 0.2373 | N25: ='DOY192'!AN24 -> 0.3464 | O25: ='DOY194'!AN24 -> 0.2345 | P25: ='DOY200'!AN24 -> 0.2169 | Q25: ='DOY204'!AN24 -> 0.2173 | R25: ='DOY206'!AN24 -> 0.2403 | S25: ='DOY208'!AN24 -> 0.2576 | T25: ='DOY211'!AN24 -> 0.1326 | U25: ='DOY213'!AN24 -> 0.2402 | V25: ='DOY214'!AN24 -> 0.2545 | W25: ='DOY219'!AN24 -> 0.2631 | X25: ='DOY222'!AN24 -> 0.2393 | Y25: ='DOY225'!AN24 -> 0.2289 | Z25: ='DOY227'!AN24 -> 0.3907 | AA25: ='DOY232'!AN24 -> 0.2047 | AB25: ='DOY234'!AN24 -> 0.2342 | AC25: ='DOY236'!AN24 -> 0.3818 | AD25: ='DOY242'!AN24 -> 0.385 | AE25: ='DOY247'!AN24 -> 0.2103 | AF25: ='DOY253'!AN24 -> 0.2286 | AG25: ='DOY260'!AN24 -> 0.3613 | AH25: ='DOY263'!AN24 -> 0.233 | AI25: ='DOY267'!AN24 -> 0.3741 | AJ25: ='DOY269'!AN24 -> 0.3758 | AK25: ='DOY276'!AN24 -> 0.3782
A26: 4 | B26: ='DOY152'!AN25 -> 0.2451 | C26: ='DOY157'!AN25 -> 0.2551 | D26: ='DOY163'!AN25 -> 0.2455 | E26: ='DOY166'!AN25 -> 0.2381 | F26: ='DOY169'!AN25 -> 0.2486 | G26: ='DOY172'!AN25 -> 0.2537 | H26: ='DOY176'!AN25 -> 0.2534 | I26: ='DOY178'!AN25 -> 0.2436 | J26: ='DOY180'!AN25 -> 0.2255 | K26: ='DOY183'!AN25 -> 0.3283 | L26: ='DOY187'!AN25 -> 0.3452 | M26: ='DOY190'!AN25 -> 0.3877 | N26: ='DOY192'!AN25 -> 0.3523 | O26: ='DOY194'!AN25 -> 0.3414 | P26: ='DOY200'!AN25 -> 0.3761 | Q26: ='DOY204'!AN25 -> 0.293 | R26: ='DOY206'!AN25 -> 0.3781 | S26: ='DOY208'!AN25 -> 0.3817 | T26: ='DOY211'!AN25 -> 0.38 | U26: ='DOY213'!AN25 -> 0.543 | V26: ='DOY214'!AN25 -> 0.4868 | W26: ='DOY219'!AN25 -> 0.6821 | X26: ='DOY222'!AN25 -> 0.5471 | Y26: ='DOY225'!AN25 -> 0.5388 | Z26: ='DOY227'!AN25 -> 0.5827 | AA26: ='DOY232'!AN25 -> 0.5861 | AB26: ='DOY234'!AN25 -> 0.5463 | AC26: ='DOY236'!AN25 -> 0.5597 | AD26: ='DOY242'!AN25 -> 0.5545 | AE26: ='DOY247'!AN25 -> 0.4118 | AF26: ='DOY253'!AN25 -> 0.6034 | AG26: ='DOY260'!AN25 -> 0.6067 | AH26: ='DOY263'!AN25 -> 0.542 | AI26: ='DOY267'!AN25 -> 0.5067 | AJ26: ='DOY269'!AN25 -> 0.4506 | AK26: ='DOY276'!AN25 -> 0.4403
A27: 5 | B27: ='DOY152'!AN26 -> 0.2482 | C27: ='DOY157'!AN26 -> 0.2595 | D27: ='DOY163'!AN26 -> 0.2423 | E27: ='DOY166'!AN26 -> 0.2432 | F27: ='DOY169'!AN26 -> 0.2609 | G27: ='DOY172'!AN26 -> 0.2548 | H27: ='DOY176'!AN26 -> 0.2398 | I27: ='DOY178'!AN26 -> 0.2665 | J27: ='DOY180'!AN26 -> 0.2237 | K27: ='DOY183'!AN26 -> 0.3112 | L27: ='DOY187'!AN26 -> 0.3467 | M27: ='DOY190'!AN26 -> 0.3634 | N27: ='DOY192'!AN26 -> 0.3586 | O27: ='DOY194'!AN26 -> 0.3417 | P27: ='DOY200'!AN26 -> 0.3764 | Q27: ='DOY204'!AN26 -> 0.3345 | R27: ='DOY206'!AN26 -> 0.3853 | S27: ='DOY208'!AN26 -> 0.3701 | T27: ='DOY211'!AN26 -> 0.239 | U27: ='DOY213'!AN26 -> 0.5348 | V27: ='DOY214'!AN26 -> 0.4694 | W27: ='DOY219'!AN26 -> 0.6423 | X27: ='DOY222'!AN26 -> 0.5375 | Y27: ='DOY225'!AN26 -> 0.5017 | Z27: ='DOY227'!AN26 -> 0.5591 | AA27: ='DOY232'!AN26 -> 0.5877 | AB27: ='DOY234'!AN26 -> 0.5396 | AC27: ='DOY236'!AN26 -> 0.5527 | AD27: ='DOY242'!AN26 -> 0.5834 | AE27: ='DOY247'!AN26 -> 0.3897 | AF27: ='DOY253'!AN26 -> 0.5799 | AG27: ='DOY260'!AN26 -> 0.5284 | AH27: ='DOY263'!AN26 -> 0.4843 | AI27: ='DOY267'!AN26 -> 0.4443 | AJ27: ='DOY269'!AN26 -> 0.3993 | AK27: ='DOY276'!AN26 -> 0.3755
A28: 6 | B28: ='DOY152'!AN27 -> 0.2494 | C28: ='DOY157'!AN27 -> 0.2563 | D28: ='DOY163'!AN27 -> 0.2556 | E28: ='DOY166'!AN27 -> 0.2486 | F28: ='DOY169'!AN27 -> 0.2735 | G28: ='DOY172'!AN27 -> 0.2804 | H28: ='DOY176'!AN27 -> 0.3209 | I28: ='DOY178'!AN27 -> 0.3404 | J28: ='DOY180'!AN27 -> 0.2719 | K28: ='DOY183'!AN27 -> 0.3638 | L28: ='DOY187'!AN27 -> 0.3739 | M28: ='DOY190'!AN27 -> 0.3387 | N28: ='DOY192'!AN27 -> 0.3028 | O28: ='DOY194'!AN27 -> 0.3596 | P28: ='DOY200'!AN27 -> 0.4179 | Q28: ='DOY204'!AN27 -> 0.4231 | R28: ='DOY206'!AN27 -> 0.4836 | S28: ='DOY208'!AN27 -> 0.4565 | T28: ='DOY211'!AN27 -> 0.2097 | U28: ='DOY213'!AN27 -> 0.4718 | V28: ='DOY214'!AN27 -> 0.4402 | W28: ='DOY219'!AN27 -> 0.5263 | X28: ='DOY222'!AN27 -> 0.5003 | Y28: ='DOY225'!AN27 -> 0.5158 | Z28: ='DOY227'!AN27 -> 0.5262 | AA28: ='DOY232'!AN27 -> 0.5402 | AB28: ='DOY234'!AN27 -> 0.5101 | AC28: ='DOY236'!AN27 -> 0.5285 | AD28: ='DOY242'!AN27 -> 0.4995 | AE28: ='DOY247'!AN27 -> 0.3739 | AF28: ='DOY253'!AN27 -> 0.5279 | AG28: ='DOY260'!AN27 -> 0.5333 | AH28: ='DOY263'!AN27 -> 0.5003 | AI28: ='DOY267'!AN27 -> 0.5008 | AJ28: ='DOY269'!AN27 -> 0.464 | AK28: ='DOY276'!AN27 -> 0.4298
A29: 7 | B29: ='DOY152'!AN28 -> 0.2453 | C29: ='DOY157'!AN28 -> 0.2522 | D29: ='DOY163'!AN28 -> 0.2428 | E29: ='DOY166'!AN28 -> 0.2513 | F29: ='DOY169'!AN28 -> 0.2568 | G29: ='DOY172'!AN28 -> 0.2674 | H29: ='DOY176'!AN28 -> 0.2982 | I29: ='DOY178'!AN28 -> 0.3396 | J29: ='DOY180'!AN28 -> 0.2736 | K29: ='DOY183'!AN28 -> 0.361 | L29: ='DOY187'!AN28 -> 0.3919 | M29: ='DOY190'!AN28 -> 0.3819 | N29: ='DOY192'!AN28 -> 0.3716 | O29: ='DOY194'!AN28 -> 0.4084 | P29: ='DOY200'!AN28 -> 0.4381 | Q29: ='DOY204'!AN28 -> 0.4746 | R29: ='DOY206'!AN28 -> 0.5383 | S29: ='DOY208'!AN28 -> 0.5092 | T29: ='DOY211'!AN28 -> 0.1949 | U29: ='DOY213'!AN28 -> 0.4936 | V29: ='DOY214'!AN28 -> 0.4976 | W29: ='DOY219'!AN28 -> 0.5483 | X29: ='DOY222'!AN28 -> 0.504 | Y29: ='DOY225'!AN28 -> 0.521 | Z29: ='DOY227'!AN28 -> 0.5274 | AA29: ='DOY232'!AN28 -> 0.5042 | AB29: ='DOY234'!AN28 -> 0.5194 | AC29: ='DOY236'!AN28 -> 0.5033 | AD29: ='DOY242'!AN28 -> 0.5097 | AE29: ='DOY247'!AN28 -> 0.4244 | AF29: ='DOY253'!AN28 -> 0.4885 | AG29: ='DOY260'!AN28 -> 0.485 | AH29: ='DOY263'!AN28 -> 0.474 | AI29: ='DOY267'!AN28 -> 0.4455 | AJ29: ='DOY269'!AN28 -> 0.4488 | AK29: ='DOY276'!AN28 -> 0.4253
A30: 8 | B30: ='DOY152'!AN29 -> 0.2528 | C30: ='DOY157'!AN29 -> 0.2339 | D30: ='DOY163'!AN29 -> 0.2495 | E30: ='DOY166'!AN29 -> 0.2596 | F30: ='DOY169'!AN29 -> 0.2524 | G30: ='DOY172'!AN29 -> 0.2713 | H30: ='DOY176'!AN29 -> 0.2581 | I30: ='DOY178'!AN29 -> 0.2576 | J30: ='DOY180'!AN29 -> 0.2299 | K30: ='DOY183'!AN29 -> 0.3357 | L30: ='DOY187'!AN29 -> 0.3352 | M30: ='DOY190'!AN29 -> 0.3367 | N30: ='DOY192'!AN29 -> 0.32 | O30: ='DOY194'!AN29 -> 0.333 | P30: ='DOY200'!AN29 -> 0.3544 | Q30: ='DOY204'!AN29 -> 0.2972 | R30: ='DOY206'!AN29 -> 0.3839 | S30: ='DOY208'!AN29 -> 0.368 | T30: ='DOY211'!AN29 -> 0.1951 | U30: ='DOY213'!AN29 -> 0.4689 | V30: ='DOY214'!AN29 -> 0.4819 | W30: ='DOY219'!AN29 -> 0.6049 | X30: ='DOY222'!AN29 -> 0.4925 | Y30: ='DOY225'!AN29 -> 0.494 | Z30: ='DOY227'!AN29 -> 0.5456 | AA30: ='DOY232'!AN29 -> 0.546 | AB30: ='DOY234'!AN29 -> 0.5238 | AC30: ='DOY236'!AN29 -> 0.5254 | AD30: ='DOY242'!AN29 -> 0.5325 | AE30: ='DOY247'!AN29 -> 0.3769 | AF30: ='DOY253'!AN29 -> 0.5463 | AG30: ='DOY260'!AN29 -> 0.5532 | AH30: ='DOY263'!AN29 -> 0.481 | AI30: ='DOY267'!AN29 -> 0.4416 | AJ30: ='DOY269'!AN29 -> 0.4173 | AK30: ='DOY276'!AN29 -> 0.381
A31: 18 | B31: ='DOY152'!AN30 -> 0.4035 | C31: ='DOY157'!AN30 -> 0.3715 | D31: ='DOY163'!AN30 -> 0.2888 | E31: ='DOY166'!AN30 -> 0.2986 | F31: ='DOY169'!AN30 -> 0.3031 | G31: ='DOY172'!AN30 -> 0.3098 | H31: ='DOY176'!AN30 -> 0.3842 | I31: ='DOY178'!AN30 -> 0.352 | J31: ='DOY180'!AN30 -> 0.3712 | K31: ='DOY183'!AN30 -> 0.3888 | L31: ='DOY187'!AN30 -> 0.4162 | M31: ='DOY190'!AN30 -> 0.4056 | N31: ='DOY192'!AN30 -> 0.4533 | O31: ='DOY194'!AN30 -> 0.376 | P31: ='DOY200'!AN30 -> 0.4663 | Q31: ='DOY204'!AN30 -> 0.4298 | R31: ='DOY206'!AN30 -> 0.5247 | S31: ='DOY208'!AN30 -> 0.4603 | T31: ='DOY211'!AN30 -> 0.2745 | U31: ='DOY213'!AN30 -> 0.5352 | V31: ='DOY214'!AN30 -> 0.5385 | W31: ='DOY219'!AN30 -> 0.6354 | X31: ='DOY222'!AN30 -> 0.5658 | Y31: ='DOY225'!AN30 -> 0.5378 | Z31: ='DOY227'!AN30 -> 0.5649 | AA31: ='DOY232'!AN30 -> 0.5716 | AB31: ='DOY234'!AN30 -> 0.5478 | AC31: ='DOY236'!AN30 -> 0.5648 | AD31: ='DOY242'!AN30 -> 0.5729 | AE31: ='DOY247'!AN30 -> 0.4383 | AF31: ='DOY253'!AN30 -> 0.5668 | AG31: ='DOY260'!AN30 -> 0.5997 | AH31: ='DOY263'!AN30 -> 0.5556 | AI31: ='DOY267'!AN30 -> 0.5324 | AJ31: ='DOY269'!AN30 -> 0.4917 | AK31: ='DOY276'!AN30 -> 0.4304
A32: 17 | B32: ='DOY152'!AN31 -> 0.406 | C32: ='DOY157'!AN31 -> 0.3713 | D32: ='DOY163'!AN31 -> 0.2921 | E32: ='DOY166'!AN31 -> 0.2654 | F32: ='DOY169'!AN31 -> 0.2838 | G32: ='DOY172'!AN31 -> 0.2928 | H32: ='DOY176'!AN31 -> 0.2982 | I32: ='DOY178'!AN31 -> 0.2848 | J32: ='DOY180'!AN31 -> 0.3651 | K32: ='DOY183'!AN31 -> 0.3591 | L32: ='DOY187'!AN31 -> 0.299 | M32: ='DOY190'!AN31 -> 0.3866 | N32: ='DOY192'!AN31 -> 0.4103 | O32: ='DOY194'!AN31 -> 0.4288 | P32: ='DOY200'!AN31 -> 0.4349 | Q32: ='DOY204'!AN31 -> 0.3908 | R32: ='DOY206'!AN31 -> 0.5196 | S32: ='DOY208'!AN31 -> 0.4976 | T32: ='DOY211'!AN31 -> 0.2731 | U32: ='DOY213'!AN31 -> 0.569 | V32: ='DOY214'!AN31 -> 0.5332 | W32: ='DOY219'!AN31 -> 0.7298 | X32: ='DOY222'!AN31 -> 0.5999 | Y32: ='DOY225'!AN31 -> 0.567 | Z32: ='DOY227'!AN31 -> 0.5944 | AA32: ='DOY232'!AN31 -> 0.6058 | AB32: ='DOY234'!AN31 -> 0.5938 | AC32: ='DOY236'!AN31 -> 0.6329 | AD32: ='DOY242'!AN31 -> 0.5853 | AE32: ='DOY247'!AN31 -> 0.501 | AF32: ='DOY253'!AN31 -> 0.5844 | AG32: ='DOY260'!AN31 -> 0.589 | AH32: ='DOY263'!AN31 -> 0.5207 | AI32: ='DOY267'!AN31 -> 0.5303 | AJ32: ='DOY269'!AN31 -> 0.4564 | AK32: ='DOY276'!AN31 -> 0.4455
A33: 16 | B33: ='DOY152'!AN32 -> 0.3976 | C33: ='DOY157'!AN32 -> 0.3706 | D33: ='DOY163'!AN32 -> 0.2923 | E33: ='DOY166'!AN32 -> 0.289 | F33: ='DOY169'!AN32 -> 0.2984 | G33: ='DOY172'!AN32 -> 0.3069 | H33: ='DOY176'!AN32 -> 0.356 | I33: ='DOY178'!AN32 -> 0.3623 | J33: ='DOY180'!AN32 -> 0.3653 | K33: ='DOY183'!AN32 -> 0.3454 | L33: ='DOY187'!AN32 -> 0.3966 | M33: ='DOY190'!AN32 -> 0.3843 | N33: ='DOY192'!AN32 -> 0.3684 | O33: ='DOY194'!AN32 -> 0.3269 | P33: ='DOY200'!AN32 -> 0.4285 | Q33: ='DOY204'!AN32 -> 0.3878 | R33: ='DOY206'!AN32 -> 0.4589 | S33: ='DOY208'!AN32 -> 0.4138 | T33: ='DOY211'!AN32 -> 0.1951 | U33: ='DOY213'!AN32 -> 0.4807 | V33: ='DOY214'!AN32 -> 0.4683 | W33: ='DOY219'!AN32 -> 0.6296 | X33: ='DOY222'!AN32 -> 0.5451 | Y33: ='DOY225'!AN32 -> 0.5178 | Z33: ='DOY227'!AN32 -> 0.5467 | AA33: ='DOY232'!AN32 -> 0.5654 | AB33: ='DOY234'!AN32 -> 0.5289 | AC33: ='DOY236'!AN32 -> 0.5642 | AD33: ='DOY242'!AN32 -> 0.5622 | AE33: ='DOY247'!AN32 -> 0.2969 | AF33: ='DOY253'!AN32 -> 0.553 | AG33: ='DOY260'!AN32 -> 0.5677 | AH33: ='DOY263'!AN32 -> 0.5655 | AI33: ='DOY267'!AN32 -> 0.5777 | AJ33: ='DOY269'!AN32 -> 0.5427 | AK33: ='DOY276'!AN32 -> 0.4921
A34: 15 | B34: ='DOY152'!AN33 -> 0.4055 | C34: ='DOY157'!AN33 -> 0.3686 | D34: ='DOY163'!AN33 -> 0.2804 | E34: ='DOY166'!AN33 -> 0.2933 | F34: ='DOY169'!AN33 -> 0.2918 | G34: ='DOY172'!AN33 -> 0.356 | H34: ='DOY176'!AN33 -> 0.3738 | I34: ='DOY178'!AN33 -> 0.3532 | J34: ='DOY180'!AN33 -> 0.3584 | K34: ='DOY183'!AN33 -> 0.3916 | L34: ='DOY187'!AN33 -> 0.4134 | M34: ='DOY190'!AN33 -> 0.4234 | N34: ='DOY192'!AN33 -> 0.3603 | O34: ='DOY194'!AN33 -> 0.4527 | P34: ='DOY200'!AN33 -> 0.4743 | Q34: ='DOY204'!AN33 -> 0.3895 | R34: ='DOY206'!AN33 -> 0.4936 | S34: ='DOY208'!AN33 -> 0.4698 | T34: ='DOY211'!AN33 -> 0.203 | U34: ='DOY213'!AN33 -> 0.5613 | V34: ='DOY214'!AN33 -> 0.5622 | W34: ='DOY219'!AN33 -> 0.6892 | X34: ='DOY222'!AN33 -> 0.6229 | Y34: ='DOY225'!AN33 -> 0.5804 | Z34: ='DOY227'!AN33 -> 0.61 | AA34: ='DOY232'!AN33 -> 0.6351 | AB34: ='DOY234'!AN33 -> 0.6065 | AC34: ='DOY236'!AN33 -> 0.6065 | AD34: ='DOY242'!AN33 -> 0.5836 | AE34: ='DOY247'!AN33 -> 0.266 | AF34: ='DOY253'!AN33 -> 0.5783 | AG34: ='DOY260'!AN33 -> 0.5819 | AH34: ='DOY263'!AN33 -> 0.5841 | AI34: ='DOY267'!AN33 -> 0.5365 | AJ34: ='DOY269'!AN33 -> 0.5078 | AK34: ='DOY276'!AN33 -> 0.4672
... A46: 28 | B46: ='DOY152'!AN45 -> 0.3809 | C46: ='DOY157'!AN45 -> 0.353 | D46: ='DOY163'!AN45 -> 0.3009 | E46: ='DOY166'!AN45 -> 0.2751 | F46: ='DOY169'!AN45 -> 0.2957 | G46: ='DOY172'!AN45 -> 0.2836 | H46: ='DOY176'!AN45 -> 0.316 | I46: ='DOY178'!AN45 -> 0.3443 | J46: ='DOY180'!AN45 -> 0.3348 | K46: ='DOY183'!AN45 -> 0.326 | L46: ='DOY187'!AN45 -> 0.3523 | M46: ='DOY190'!AN45 -> 0.3754 | N46: ='DOY192'!AN45 -> 0.3601 | O46: ='DOY194'!AN45 -> 0.3519 | P46: ='DOY200'!AN45 -> 0.4526 | Q46: ='DOY204'!AN45 -> 0.4489 | R46: ='DOY206'!AN45 -> 0.4727 | S46: ='DOY208'!AN45 -> 0.4282 | T46: ='DOY211'!AN45 -> 0.1924 | U46: ='DOY213'!AN45 -> 0.4068 | V46: ='DOY214'!AN45 -> 0.5079 | W46: ='DOY219'!AN45 -> 0.5678 | X46: ='DOY222'!AN45 -> -0.0014 | Y46: ='DOY225'!AN45 -> 0.558 | Z46: ='DOY227'!AN45 -> 0.5855 | AA46: ='DOY232'!AN45 -> 0.61 | AB46: ='DOY234'!AN45 -> 0.5992 | AC46: ='DOY236'!AN45 -> 0.5971 | AD46: ='DOY242'!AN45 -> 0.5544 | AE46: ='DOY247'!AN45 -> 0.554 | AF46: ='DOY253'!AN45 -> 0.5348 | AG46: ='DOY260'!AN45 -> 0.5318 | AH46: ='DOY263'!AN45 -> 0.4684 | AI46: ='DOY267'!AN45 -> 0.4393 | AJ46: ='DOY269'!AN45 -> 0.4221 | AK46: ='DOY276'!AN45 -> 0.3783
A47: Panel 100.3 | B47: ='DOY152'!AN46 -> 1.017 | C47: ='DOY157'!AN46 -> 1.0186 | D47: ='DOY163'!AN46 -> 1.0262 | E47: ='DOY166'!AN46 -> 1.0129 | F47: ='DOY169'!AN46 -> 1.009 | G47: ='DOY172'!AN46 -> 1.0144 | H47: ='DOY176'!AN46 -> 1.0091 | I47: ='DOY178'!AN46 -> 1.0114 | J47: ='DOY180'!AN46 -> 1.0081 | K47: ='DOY183'!AN46 -> 1.0081 | L47: ='DOY187'!AN46 -> 1.0142 | M47: ='DOY190'!AN46 -> 1.0084 | N47: ='DOY192'!AN46 -> 1.007 | O47: ='DOY194'!AN46 -> 1.0038 | P47: ='DOY200'!AN46 -> 1.0108 | Q47: ='DOY204'!AN46 -> 1.0082 | R47: ='DOY206'!AN46 -> 1.009 | S47: ='DOY208'!AN46 -> 1.0096 | T47: ='DOY211'!AN46 -> 1.0163 | U47: ='DOY213'!AN46 -> 1.0097 | V47: ='DOY214'!AN46 -> 1.0094 | W47: ='DOY219'!AN46 -> 1.011 | X47: ='DOY222'!AN46 -> 1.0151 | Y47: ='DOY225'!AN46 -> 1.0087 | Z47: ='DOY227'!AN46 -> 1.0097 | AA47: ='DOY232'!AN46 -> 1.0085 | AB47: ='DOY234'!AN46 -> 1.0107 | AC47: ='DOY236'!AN46 -> 1.0074 | AD47: ='DOY242'!AN46 -> 1.009 | AE47: ='DOY247'!AN46 -> 1 | AF47: ='DOY253'!AN46 -> 1.0031 | AG47: ='DOY260'!AN46 -> 1.0023 | AH47: ='DOY263'!AN46 -> 1.0082 | AI47: ='DOY267'!AN46 -> 1.0032 | AJ47: ='DOY269'!AN46 -> 1.0051 | AK47: ='DOY276'!AN46 -> 1.0008
A48: Quality | B48: 2 | C48: 3 | D48: 3 | E48: 2 | F48: 2 | G48: 0 | H48: 1 | I48: 2 | J48: 3 | K48: 2 | L48: 2 | M48: 2 | N48: 3 | O48: 3 | P48: 2 | Q48: 5 | R48: 4 | S48: 4 | T48: 4 | U48: 3 | V48: 2 | W48: 3 | X48: 2 | Y48: 3 | Z48: 3 | AA48: 2 | AB48: 2 | AC48: 2 | AD48: 2 | AE48: 3 | AF48: 2 | AG48: 2 | AH48: 2 | AI48: 2 | AJ48: 1 | AK48: 2

Sheet DOY152
A1: DOY | B1: DecTime | C1: DecDOY | D1: ExpType | E1: Operator | F1: DB | G1: VP | H1: VPD | I1: Zenith | J1: Azimuth | K1: Qual | L1: Sun | M1: Haze | N1: CldType | O1: CldCov | P1: WindSp | Q1: WindDir | R1: DewFrostDust | S1: Page | T1: Code | U1: Trt | V1: InstSN | W1: fov | X1: filter | Y1: view | Z1: B1Rad | AA1: B1RadSe | AB1: B1Refl | AC1: B1Reflse | AD1: B2Rad | AE1: B2RadSe | AF1: B2Refl | AG1: B2Reflse | AH1: B3Rad | AI1: B3RadSe | AJ1: B3Refl | AK1: B3Reflse | AL1: B4Rad | AM1: B4RadSe | AN1: B4Refl | AO1: B4Reflse
A2: 152 | B2: 9.014 | C2: 152.37558 | D2: 1 | E2: 35 | F2: 29 | G2: 0.96 | H2: 3.05 | I2: 46.26 | J2: 90.19 | K2: 2 | L2: 1 | M2: 3 | N2: 1 | O2: 6 | P2: 2 | Q2: 270 | R2: 0 | S2: 1 | T2: Panel 100.1 | U2: 100 | V2: 3619.4 | W2: 15 | X2: 0 | Y2: 60 | Z2: 28.8889 | AA2: 0.1717 | AB2: 1.0001 | AC2: 0.0059 | AD2: 11.5241 | AE2: 0.0796 | AF2: 0.9999 | AG2: 0.0069 | AH2: 54.4111 | AI2: 0.3665 | AJ2: 1.0001 | AK2: 0.0067 | AL2: 77.193 | AM2: 0.6033 | AN2: 0.9999 | AO2: 0.0078
A3: 152 | B3: 9.035 | C3: 152.37646 | D3: 1 | E3: 35 | F3: 29 | G3: 0.96 | H3: 3.05 | I3: 45.99 | J3: 90.37 | K3: 2 | L3: 1 | M3: 3 | N3: 1 | O3: 6 | P3: 2 | Q3: 270 | R3: 0 | S3: 2 | T3: Panel 70.1 | U3: 70 | V3: 3619.4 | W3: 15 | X3: 0 | Y3: 60 | Z3: 1.6146 | AA3: 0.0067 | AB3: 0.0555 | AC3: 0.0002 | AD3: 0.715 | AE3: 0.0027 | AF3: 0.0616 | AG3: 0.0002 | AH3: 2.9909 | AI3: 0.0054 | AJ3: 0.0546 | AK3: 0.0001 | AL3: 27.5246 | AM3: 0.0437 | AN3: 0.3541 | AO3: 0.0006
A4: 152 | B4: 9.094 | C4: 152.37892 | D4: 1 | E4: 35 | F4: 29 | G4: 0.96 | H4: 3.05 | I4: 45.25 | J4: 90.86 | K4: 2 | L4: 1 | M4: 3 | N4: 1 | O4: 6 | P4: 2 | Q4: 270 | R4: 0 | S4: 3 | T4: 41 | U4: 4 | V4: 3619.4 | W4: 15 | X4: 0 | Y4: 60 | Z4: 8.364 | AA4: 0.1089 | AB4: 0.2828 | AC4: 0.0037 | AD4: 3.813 | AE4: 0.0053 | AF4: 0.3231 | AG4: 0.0004 | AH4: 15.4725 | AI4: 0.0478 | AJ4: 0.2776 | AK4: 0.0009 | AL4: 29.6338 | AM4: 0.4971 | AN4: 0.3742 | AO4: 0.0063
A5: 152 | B5: 9.111 | C5: 152.37963 | D5: 1 | E5: 35 | F5: 29 | G5: 0.96 | H5: 3.05 | I5: 45.04 | J5: 91 | K5: 2 | L5: 1 | M5: 3 | N5: 1 | O5: 6 | P5: 2 | Q5: 270 | R5: 0 | S5: 4 | T5: 42 | U5: 1 | V5: 3619.4 | W5: 15 | X5: 0 | Y5: 60 | Z5: 8.6819 | AA5: 0.1521 | AB5: 0.2922 | AC5: 0.0051 | AD5: 3.8714 | AE5: 0.0398 | AF5: 0.3264 | AG5: 0.0034 | AH5: 15.8774 | AI5: 0.1238 | AJ5: 0.2834 | AK5: 0.0022 | AL5: 29.6421 | AM5: 0.0978 | AN5: 0.3724 | AO5: 0.0012
A6: 152 | B6: 9.119 | C6: 152.37996 | D6: 1 | E6: 35 | F6: 29 | G6: 0.96 | H6: 3.05 | I6: 44.94 | J6: 91.07 | K6: 2 | L6: 1 | M6: 3 | N6: 1 | O6: 6 | P6: 2 | Q6: 270 | R6: 0 | S6: 5 | T6: 43 | U6: 4 | V6: 3619.4 | W6: 15 | X6: 0 | Y6: 60 | Z6: 8.5305 | AA6: 0.0978 | AB6: 0.2864 | AC6: 0.0033 | AD6: 3.8057 | AE6: 0.0413 | AF6: 0.3202 | AG6: 0.0035 | AH6: 15.6794 | AI6: 0.2163 | AJ6: 0.2792 | AK6: 0.0039 | AL6: 29.4403 | AM6: 0.4368 | AN6: 0.3689 | AO6: 0.0055
A7: 152 | B7: 9.128 | C7: 152.38033 | D7: 1 | E7: 35 | F7: 29 | G7: 0.96 | H7: 3.05 | I7: 44.82 | J7: 91.14 | K7: 2 | L7: 1 | M7: 3 | N7: 1 | O7: 6 | P7: 2 | Q7: 270 | R7: 0 | S7: 6 | T7: 44 | U7: 2 | V7: 3619.4 | W7: 15 | X7: 0 | Y7: 60 | Z7: 8.3892 | AA7: 0.224 | AB7: 0.2809 | AC7: 0.0075 | AD7: 3.7765 | AE7: 0.1149 | AF7: 0.3169 | AG7: 0.0096 | AH7: 15.4604 | AI7: 0.2289 | AJ7: 0.2746 | AK7: 0.0041 | AL7: 29.3966 | AM7: 0.6302 | AN7: 0.3673 | AO7: 0.0079
A8: 152 | B8: 9.136 | C8: 152.38067 | D8: 1 | E8: 35 | F8: 29 | G8: 0.96 | H8: 3.05 | I8: 44.72 | J8: 91.21 | K8: 2 | L8: 1 | M8: 3 | N8: 1 | O8: 6 | P8: 2 | Q8: 270 | R8: 0 | S8: 7 | T8: 45 | U8: 2 | V8: 3619.4 | W8: 15 | X8: 0 | Y8: 60 | Z8: 8.0492 | AA8: 0.0836 | AB8: 0.2689 | AC8: 0.0028 | AD8: 3.7023 | AE8: 0.0443 | AF8: 0.3099 | AG8: 0.0037 | AH8: 14.9218 | AI8: 0.1515 | AJ8: 0.2644 | AK8: 0.0027 | AL8: 29.3925 | AM8: 0.3224 | AN8: 0.3664 | AO8: 0.004
A9: 152 | B9: 9.143 | C9: 152.38096 | D9: 1 | E9: 35 | F9: 29 | G9: 0.96 | H9: 3.05 | I9: 44.64 | J9: 91.27 | K9: 2 | L9: 1 | M9: 3 | N9: 1 | O9: 6 | P9: 2 | Q9: 270 | R9: 0 | S9: 8 | T9: 46 | U9: 3 | V9: 3619.4 | W9: 15 | X9: 0 | Y9: 60 | Z9: 8.5385 | AA9: 0.1063 | AB9: 0.2847 | AC9: 0.0035 | AD9: 3.8466 | AE9: 0.0159 | AF9: 0.3214 | AG9: 0.0013 | AH9: 15.8006 | AI9: 0.0979 | AJ9: 0.2794 | AK9: 0.0017 | AL9: 30.0893 | AM9: 0.2704 | AN9: 0.3743 | AO9: 0.0034
A10: 152 | B10: 9.152 | C10: 152.38133 | D10: 1 | E10: 35 | F10: 29 | G10: 0.96 | H10: 3.05 | I10: 44.52 | J10: 91.34 | K10: 2 | L10: 1 | M10: 3 | N10: 1 | O10: 6 | P10: 2 | Q10: 270 | R10: 0 | S10: 9 | T10: 47 | U10: 1 | V10: 3619.4 | W10: 15 | X10: 0 | Y10: 60 | Z10: 8.5212 | AA10: 0.0834 | AB10: 0.2834 | AC10: 0.0028 | AD10: 3.8731 | AE10: 0.0065 | AF10: 0.3227 | AG10: 0.0005 | AH10: 15.7331 | AI10: 0.0447 | AJ10: 0.2775 | AK10: 0.0008 | AL10: 30.1995 | AM10: 0.3474 | AN10: 0.3746 | AO10: 0.0043
A11: 152 | B11: 9.159 | C11: 152.38162 | D11: 1 | E11: 35 | F11: 29 | G11: 0.96 | H11: 3.05 | I11: 44.43 | J11: 91.4 | K11: 2 | L11: 1 | M11: 3 | N11: 1 | O11: 6 | P11: 2 | Q11: 270 | R11: 0 | S11: 10 | T11: 48 | U11: 4 | V11: 3619.4 | W11: 15 | X11: 0 | Y11: 60 | Z11: 8.7206 | AA11: 0.224 | AB11: 0.2895 | AC11: 0.0074 | AD11: 3.9093 | AE11: 0.0742 | AF11: 0.3251 | AG11: 0.0062 | AH11: 16.1166 | AI11: 0.2503 | AJ11: 0.2837 | AK11: 0.0044 | AL11: 30.212 | AM11: 0.2725 | AN11: 0.3739 | AO11: 0.0034
A12: 152 | B12: 9.186 | C12: 152.38275 | D12: 1 | E12: 35 | F12: 29 | G12: 0.96 | H12: 3.05 | I12: 44.09 | J12: 91.63 | K12: 2 | L12: 1 | M12: 3 | N12: 1 | O12: 6 | P12: 2 | Q12: 270 | R12: 0 | S12: 11 | T12: 38 | U12: 3 | V12: 3619.4 | W12: 15 | X12: 0 | Y12: 60 | Z12: 9.426 | AA12: 0.5687 | AB12: 0.3105 | AC12: 0.0187 | AD12: 4.2829 | AE12: 0.2145 | AF12: 0.3535 | AG12: 0.0177 | AH12: 17.3476 | AI12: 1.1658 | AJ12: 0.3029 | AK12: 0.0204 | AL12: 32.8411 | AM12: 1.4414 | AN12: 0.4032 | AO12: 0.0177
A13: 152 | B13: 9.195 | C13: 152.38312 | D13: 1 | E13: 35 | F13: 29 | G13: 0.96 | H13: 3.05 | I13: 43.98 | J13: 91.71 | K13: 2 | L13: 1 | M13: 3 | N13: 1 | O13: 6 | P13: 2 | Q13: 270 | R13: 0 | S13: 12 | T13: 37 | U13: 2 | V13: 3619.4 | W13: 15 | X13: 0 | Y13: 60 | Z13: 9.5129 | AA13: 0.1989 | AB13: 0.3126 | AC13: 0.0065 | AD13: 4.2565 | AE13: 0.1004 | AF13: 0.3504 | AG13: 0.0083 | AH13: 17.6373 | AI13: 0.3263 | AJ13: 0.3072 | AK13: 0.0057 | AL13: 32.6414 | AM13: 0.6219 | AN13: 0.3996 | AO13: 0.0076
A14: 152 | B14: 9.205 | C14: 152.38354 | D14: 1 | E14: 35 | F14: 29 | G14: 0.96 | H14: 3.05 | I14: 43.86 | J14: 91.8 | K14: 2 | L14: 1 | M14: 3 | N14: 1 | O14: 6 | P14: 2 | Q14: 270 | R14: 0 | S14: 13 | T14: 36 | U14: 1 | V14: 3619.4 | W14: 15 | X14: 0 | Y14: 60 | Z14: 9.755 | AA14: 0.0022 | AB14: 0.3196 | AC14: 0.0001 | AD14: 4.3764 | AE14: 0.0231 | AF14: 0.3592 | AG14: 0.0019 | AH14: 18.1174 | AI14: 0.0733 | AJ14: 0.3147 | AK14: 0.0013 | AL14: 33.8499 | AM14: 0.3162 | AN14: 0.4132 | AO14: 0.0039
A15: 152 | B15: 9.214 | C15: 152.38392 | D15: 1 | E15: 35 | F15: 29 | G15: 0.96 | H15: 3.05 | I15: 43.74 | J15: 91.87 | K15: 2 | L15: 1 | M15: 3 | N15: 1 | O15: 6 | P15: 2 | Q15: 270 | R15: 0 | S15: 14 | T15: 35 | U15: 4 | V15: 3619.4 | W15: 15 | X15: 0 | Y15: 60 | Z15: 9.849 | AA15: 0.3376 | AB15: 0.3219 | AC15: 0.011 | AD15: 4.3345 | AE15: 0.117 | AF15: 0.3549 | AG15: 0.0096 | AH15: 18.1187 | AI15: 0.5333 | AJ15: 0.3139 | AK15: 0.0092 | AL15: 32.9389 | AM15: 0.6198 | AN15: 0.401 | AO15: 0.0075
... A19: 152 | B19: 9.256 | C19: 152.38567 | D19: 1 | E19: 35 | F19: 29 | G19: 0.96 | H19: 3.05 | I19: 43.22 | J19: 92.24 | K19: 2 | L19: 1 | M19: 3 | N19: 1 | O19: 6 | P19: 2 | Q19: 270 | R19: 0 | S19: 18 | T19: 31 | U19: 2 | V19: 3619.4 | W19: 15 | X19: 0 | Y19: 60 | Z19: 9.355 | AA19: 0.2147 | AB19: 0.3022 | AC19: 0.0069 | AD19: 4.2195 | AE19: 0.1195 | AF19: 0.3415 | AG19: 0.0097 | AH19: 17.4151 | AI19: 0.2579 | AJ19: 0.2981 | AK19: 0.0044 | AL19: 32.7392 | AM19: 0.7862 | AN19: 0.3936 | AO19: 0.0095
A20: 152 | B20: 9.306 | C20: 152.38775 | D20: 1 | E20: 35 | F20: 29 | G20: 0.96 | H20: 3.05 | I20: 42.59 | J20: 92.67 | K20: 2 | L20: 1 | M20: 3 | N20: 1 | O20: 6 | P20: 2 | Q20: 270 | R20: 0 | S20: 19 | T20: Panel 100.2 | U20: 100 | V20: 3619.4 | W20: 15 | X20: 0 | Y20: 60 | Z20: 31.6397 | AA20: 0.0193 | AB20: 1.0083 | AC20: 0.0006 | AD20: 12.6297 | AE20: 0.0073 | AF20: 1.0081 | AG20: 0.0006 | AH20: 59.7393 | AI20: 0.0355 | AJ20: 1.0083 | AK20: 0.0006 | AL20: 85.1011 | AM20: 0.1857 | AN20: 1.0081 | AO20: 0.0022
A21: 152 | B21: 9.325 | C21: 152.38854 | D21: 1 | E21: 35 | F21: 29 | G21: 0.96 | H21: 3.05 | I21: 42.35 | J21: 92.84 | K21: 2 | L21: 1 | M21: 3 | N21: 1 | O21: 6 | P21: 2 | Q21: 270 | R21: 0 | S21: 20 | T21: Soil Tray | U21: 30 | V21: 3619.4 | W21: 15 | X21: 0 | Y21: 60 | Z21: 8.9584 | AA21: 0.0203 | AB21: 0.2842 | AC21: 0.0006 | AD21: 3.9413 | AE21: 0.0023 | AF21: 0.3134 | AG21: 0.0002 | AH21: 16.6677 | AI21: 0.0201 | AJ21: 0.2802 | AK21: 0.0003 | AL21: 30.6363 | AM21: 0.0354 | AN21: 0.3617 | AO21: 0.0004
A22: 152 | B22: 9.363 | C22: 152.39012 | D22: 1 | E22: 35 | F22: 29 | G22: 0.96 | H22: 3.05 | I22: 41.87 | J22: 93.18 | K22: 2 | L22: 1 | M22: 3 | N22: 1 | O22: 6 | P22: 2 | Q22: 270 | R22: 0 | S22: 21 | T22: 1 | U22: 31 | V22: 3619.4 | W22: 15 | X22: 0 | Y22: 60 | Z22: 9.7032 | AA22: 0.0194 | AB22: 0.3052 | AC22: 0.0006 | AD22: 4.265 | AE22: 0.0037 | AF22: 0.3364 | AG22: 0.0003 | AH22: 17.8286 | AI22: 0.0545 | AJ22: 0.2974 | AK22: 0.0009 | AL22: 33.0262 | AM22: 0.0291 | AN22: 0.3872 | AO22: 0.0003
A23: 152 | B23: 9.373 | C23: 152.39054 | D23: 1 | E23: 35 | F23: 29 | G23: 0.96 | H23: 3.05 | I23: 41.75 | J23: 93.27 | K23: 2 | L23: 1 | M23: 3 | N23: 1 | O23: 6 | P23: 2 | Q23: 270 | R23: 0 | S23: 22 | T23: 2 | U23: 5 | V23: 3619.4 | W23: 15 | X23: 0 | Y23: 60 | Z23: 6.2659 | AA23: 0.3406 | AB23: 0.1967 | AC23: 0.0107 | AD23: 2.85 | AE23: 0.1682 | AF23: 0.2244 | AG23: 0.0132 | AH23: 11.4504 | AI23: 0.5771 | AJ23: 0.1906 | AK23: 0.0096 | AL23: 22.1458 | AM23: 1.2542 | AN23: 0.2592 | AO23: 0.0147
A24: 152 | B24: 9.38 | C24: 152.39083 | D24: 1 | E24: 35 | F24: 29 | G24: 0.96 | H24: 3.05 | I24: 41.66 | J24: 93.33 | K24: 2 | L24: 1 | M24: 3 | N24: 1 | O24: 6 | P24: 2 | Q24: 270 | R24: 0 | S24: 23 | T24: 3 | U24: 32 | V24: 3619.4 | W24: 15 | X24: 0 | Y24: 60 | Z24: 7.1639 | AA24: 0.1568 | AB24: 0.2245 | AC24: 0.0049 | AD24: 3.1786 | AE24: 0.0765 | AF24: 0.2499 | AG24: 0.006 | AH24: 13.1293 | AI24: 0.2821 | AJ24: 0.2183 | AK24: 0.0047 | AL24: 24.7541 | AM24: 0.5886 | AN24: 0.2893 | AO24: 0.0069
A25: 152 | B25: 9.388 | C25: 152.39117 | D25: 1 | E25: 35 | F25: 29 | G25: 0.96 | H25: 3.05 | I25: 41.56 | J25: 93.41 | K25: 2 | L25: 1 | M25: 3 | N25: 1 | O25: 6 | P25: 2 | Q25: 270 | R25: 0 | S25: 24 | T25: 4 | U25: 5 | V25: 3619.4 | W25: 15 | X25: 0 | Y25: 60 | Z25: 6.0322 | AA25: 0.0771 | AB25: 0.1887 | AC25: 0.0024 | AD25: 2.6912 | AE25: 0.0386 | AF25: 0.2112 | AG25: 0.003 | AH25: 11.0485 | AI25: 0.093 | AJ25: 0.1834 | AK25: 0.0015 | AL25: 21.0038 | AM25: 0.1997 | AN25: 0.2451 | AO25: 0.0023
A26: 152 | B26: 9.395 | C26: 152.39146 | D26: 1 | E26: 35 | F26: 29 | G26: 0.96 | H26: 3.05 | I26: 41.47 | J26: 93.47 | K26: 2 | L26: 1 | M26: 3 | N26: 1 | O26: 6 | P26: 2 | Q26: 270 | R26: 0 | S26: 25 | T26: 5 | U26: 5 | V26: 3619.4 | W26: 15 | X26: 0 | Y26: 60 | Z26: 6.1173 | AA26: 0.0361 | AB26: 0.191 | AC26: 0.0011 | AD26: 2.7448 | AE26: 0.0144 | AF26: 0.2151 | AG26: 0.0011 | AH26: 11.1544 | AI26: 0.0916 | AJ26: 0.1849 | AK26: 0.0015 | AL26: 21.295 | AM26: 0.1248 | AN26: 0.2482 | AO26: 0.0015
A27: 152 | B27: 9.403 | C27: 152.39179 | D27: 1 | E27: 35 | F27: 29 | G27: 0.96 | H27: 3.05 | I27: 41.37 | J27: 93.54 | K27: 2 | L27: 1 | M27: 3 | N27: 1 | O27: 6 | P27: 2 | Q27: 270 | R27: 0 | S27: 26 | T27: 6 | U27: 5 | V27: 3619.4 | W27: 15 | X27: 0 | Y27: 60 | Z27: 6.1612 | AA27: 0.0492 | AB27: 0.1921 | AC27: 0.0015 | AD27: 2.7669 | AE27: 0.0059 | AF27: 0.2165 | AG27: 0.0005 | AH27: 11.1799 | AI27: 0.0402 | AJ27: 0.185 | AK27: 0.0007 | AL27: 21.4261 | AM27: 0.131 | AN27: 0.2494 | AO27: 0.0015
A28: 152 | B28: 9.412 | C28: 152.39217 | D28: 1 | E28: 35 | F28: 29 | G28: 0.96 | H28: 3.05 | I28: 41.26 | J28: 93.62 | K28: 2 | L28: 1 | M28: 3 | N28: 1 | O28: 6 | P28: 2 | Q28: 270 | R28: 0 | S28: 27 | T28: 7 | U28: 5 | V28: 3619.4 | W28: 15 | X28: 0 | Y28: 60 | Z28: 6.015 | AA28: 0.0616 | AB28: 0.1871 | AC28: 0.0019 | AD28: 2.713 | AE28: 0.0057 | AF28: 0.2119 | AG28: 0.0004 | AH28: 10.9654 | AI28: 0.0966 | AJ28: 0.1811 | AK28: 0.0016 | AL28: 21.1099 | AM28: 0.0478 | AN28: 0.2453 | AO28: 0.0006
A29: 152 | B29: 9.42 | C29: 152.3925 | D29: 1 | E29: 35 | F29: 29 | G29: 0.96 | H29: 3.05 | I29: 41.16 | J29: 93.7 | K29: 2 | L29: 1 | M29: 3 | N29: 1 | O29: 6 | P29: 2 | Q29: 270 | R29: 0 | S29: 28 | T29: 8 | U29: 5 | V29: 3619.4 | W29: 15 | X29: 0 | Y29: 60 | Z29: 6.1424 | AA29: 0.1272 | AB29: 0.1908 | AC29: 0.004 | AD29: 2.7826 | AE29: 0.0589 | AF29: 0.217 | AG29: 0.0046 | AH29: 11.2514 | AI29: 0.1833 | AJ29: 0.1855 | AK29: 0.003 | AL29: 21.7838 | AM29: 0.3182 | AN29: 0.2528 | AO29: 0.0037
A30: 152 | B30: 9.452 | C30: 152.39383 | D30: 1 | E30: 35 | F30: 29 | G30: 0.96 | H30: 3.05 | I30: 40.76 | J30: 93.99 | K30: 2 | L30: 1 | M30: 3 | N30: 1 | O30: 6 | P30: 2 | Q30: 270 | R30: 0 | S30: 29 | T30: 18 | U30: 2 | V30: 3619.4 | W30: 15 | X30: 0 | Y30: 60 | Z30: 10.1827 | AA30: 0.0605 | AB30: 0.314 | AC30: 0.0019 | AD30: 4.5303 | AE30: 0.0397 | AF30: 0.351 | AG30: 0.0031 | AH30: 18.9658 | AI30: 0.2289 | AJ30: 0.3108 | AK30: 0.0037 | AL30: 34.969 | AM30: 0.3536 | AN30: 0.4035 | AO30: 0.0041
A31: 152 | B31: 9.46 | C31: 152.39417 | D31: 1 | E31: 35 | F31: 29 | G31: 0.96 | H31: 3.05 | I31: 40.66 | J31: 94.06 | K31: 2 | L31: 1 | M31: 3 | N31: 1 | O31: 6 | P31: 2 | Q31: 270 | R31: 0 | S31: 30 | T31: 17 | U31: 1 | V31: 3619.4 | W31: 15 | X31: 0 | Y31: 60 | Z31: 10.4525 | AA31: 0.0006 | AB31: 0.3217 | AC31: 0 | AD31: 4.6228 | AE31: 0.0272 | AF31: 0.3575 | AG31: 0.0021 | AH31: 19.3766 | AI31: 0.1435 | AJ31: 0.317 | AK31: 0.0023 | AL31: 35.2435 | AM31: 0.5283 | AN31: 0.406 | AO31: 0.0061
A32: 152 | B32: 9.468 | C32: 152.3945 | D32: 1 | E32: 35 | F32: 29 | G32: 0.96 | H32: 3.05 | I32: 40.55 | J32: 94.14 | K32: 2 | L32: 1 | M32: 3 | N32: 1 | O32: 6 | P32: 2 | Q32: 270 | R32: 0 | S32: 31 | T32: 16 | U32: 4 | V32: 3619.4 | W32: 15 | X32: 0 | Y32: 60 | Z32: 10.1939 | AA32: 0.0886 | AB32: 0.3132 | AC32: 0.0027 | AD32: 4.5334 | AE32: 0.0445 | AF32: 0.3501 | AG32: 0.0034 | AH32: 18.6828 | AI32: 0.333 | AJ32: 0.3051 | AK32: 0.0054 | AL32: 34.5592 | AM32: 0.5678 | AN32: 0.3976 | AO32: 0.0065
A33: 152 | B33: 9.478 | C33: 152.39492 | D33: 1 | E33: 35 | F33: 29 | G33: 0.96 | H33: 3.05 | I33: 40.43 | J33: 94.23 | K33: 2 | L33: 1 | M33: 3 | N33: 1 | O33: 6 | P33: 2 | Q33: 270 | R33: 0 | S33: 32 | T33: 15 | U33: 3 | V33: 3619.4 | W33: 15 | X33: 0 | Y33: 60 | Z33: 10.5412 | AA33: 0.0212 | AB33: 0.3232 | AC33: 0.0006 | AD33: 4.6446 | AE33: 0.0222 | AF33: 0.3579 | AG33: 0.0017 | AH33: 19.4025 | AI33: 0.181 | AJ33: 0.3163 | AK33: 0.003 | AL33: 35.308 | AM33: 0.4098 | AN33: 0.4055 | AO33: 0.0047
... A45: 152 | B45: 9.588 | C45: 152.3995 | D45: 1 | E45: 35 | F45: 29 | G45: 0.96 | H45: 3.05 | I45: 39.05 | J45: 95.27 | K45: 2 | L45: 1 | M45: 3 | N45: 1 | O45: 6 | P45: 2 | Q45: 270 | R45: 0 | S45: 44 | T45: 28 | U45: 3 | V45: 3619.4 | W45: 15 | X45: 0 | Y45: 60 | Z45: 9.7397 | AA45: 0.1985 | AB45: 0.2916 | AC45: 0.0059 | AD45: 4.3932 | AE45: 0.0479 | AF45: 0.3313 | AG45: 0.0036 | AH45: 17.9238 | AI45: 0.3321 | AJ45: 0.2859 | AK45: 0.0053 | AL45: 33.8146 | AM45: 0.2267 | AN45: 0.3809 | AO45: 0.0026
A46: 152 | B46: 9.644 | C46: 152.40183 | D46: 1 | E46: 35 | F46: 29 | G46: 0.96 | H46: 3.05 | I46: 38.35 | J46: 95.81 | K46: 2 | L46: 1 | M46: 3 | N46: 1 | O46: 6 | P46: 2 | Q46: 270 | R46: 0 | S46: 45 | T46: Panel 100.3 | U46: 100 | V46: 3619.4 | W46: 15 | X46: 0 | Y46: 60 | Z46: 34.3775 | AA46: 0.103 | AB46: 1.017 | AC46: 0.0031 | AD46: 13.634 | AE46: 0.0423 | AF46: 1.017 | AG46: 0.0032 | AH46: 64.4418 | AI46: 0.1934 | AJ46: 1.017 | AK46: 0.0031 | AL46: 91.1539 | AM46: 0.2904 | AN46: 1.017 | AO46: 0.0033

Sheet DOY157
A1: DOY | B1: DecTime | C1: DecDOY | D1: ExpType | E1: Operator | F1: DB | G1: VP | H1: VPD | I1: Zenith | J1: Azimuth | K1: Qual | L1: Sun | M1: Haze | N1: CldType | O1: CldCov | P1: WindSp | Q1: WindDir | R1: DewFrostDust | S1: Page | T1: Code | U1: Trt | V1: InstSN | W1: fov | X1: filter | Y1: view | Z1: B1Rad | AA1: B1RadSe | AB1: B1Refl | AC1: B1Reflse | AD1: B2Rad | AE1: B2RadSe | AF1: B2Refl | AG1: B2Reflse | AH1: B3Rad | AI1: B3RadSe | AJ1: B3Refl | AK1: B3Reflse | AL1: B4Rad | AM1: B4RadSe | AN1: B4Refl | AO1: B4Reflse
A2: 157 | B2: 9.111 | C2: 157.37963 | D2: 1 | E2: 35 | F2: 28.2 | G2: 101.56 | H2: -97.74 | I2: 44.96 | J2: 90.11 | K2: 3 | L2: 3 | M2: 3 | N2: 2 | O2: 8 | P2: 3 | Q2: 270 | R2: 0 | S2: 1 | T2: Panel 100.1 | U2: 0 | V2: 3619.4 | W2: 15 | X2: 0 | Y2: 60 | Z2: 29.4332 | AA2: 0.1314 | AB2: 1.0031 | AC2: 0.0045 | AD2: 11.2944 | AE2: 0.0526 | AF2: 1.0029 | AG2: 0.0047 | AH2: 54.8469 | AI2: 0.2451 | AJ2: 1.0031 | AK2: 0.0045 | AL2: 75.0942 | AM2: 0.3609 | AN2: 1.0029 | AO2: 0.0048
A3: 157 | B3: 9.132 | C3: 157.3805 | D3: 1 | E3: 35 | F3: 28.2 | G3: 101.56 | H3: -97.74 | I3: 44.69 | J3: 90.29 | K3: 3 | L3: 3 | M3: 3 | N3: 2 | O3: 8 | P3: 3 | Q3: 270 | R3: 0 | S3: 2 | T3: Panel 70.1 | U3: 0 | V3: 3619.4 | W3: 15 | X3: 0 | Y3: 60 | Z3: 4.2893 | AA3: 0.0378 | AB3: 0.1458 | AC3: 0.0013 | AD3: 1.6152 | AE3: 0.0147 | AF3: 0.143 | AG3: 0.0013 | AH3: 7.9888 | AI3: 0.0688 | AJ3: 0.1457 | AK3: 0.0013 | AL3: 51.8128 | AM3: 0.468 | AN3: 0.6902 | AO3: 0.0062
A4: 157 | B4: 9.182 | C4: 157.38258 | D4: 1 | E4: 35 | F4: 28.2 | G4: 101.56 | H4: -97.74 | I4: 44.07 | J4: 90.7 | K4: 3 | L4: 3 | M4: 3 | N4: 2 | O4: 8 | P4: 3 | Q4: 270 | R4: 0 | S4: 3 | T4: 41 | U4: 0 | V4: 3619.4 | W4: 15 | X4: 0 | Y4: 60 | Z4: 7.5697 | AA4: 0.2372 | AB4: 0.2556 | AC4: 0.008 | AD4: 3.5285 | AE4: 0.0558 | AF4: 0.3102 | AG4: 0.0049 | AH4: 13.9232 | AI4: 0.4479 | AJ4: 0.2523 | AK4: 0.0081 | AL4: 27.9427 | AM4: 0.988 | AN4: 0.37 | AO4: 0.0131
A5: 157 | B5: 9.19 | C5: 157.38292 | D5: 1 | E5: 35 | F5: 28.2 | G5: 101.56 | H5: -97.74 | I5: 43.96 | J5: 90.77 | K5: 3 | L5: 3 | M5: 3 | N5: 2 | O5: 8 | P5: 3 | Q5: 270 | R5: 0 | S5: 4 | T5: 42 | U5: 0 | V5: 3619.4 | W5: 15 | X5: 0 | Y5: 60 | Z5: 8.4039 | AA5: 0.2039 | AB5: 0.2835 | AC5: 0.0069 | AD5: 3.7631 | AE5: 0.0235 | AF5: 0.3304 | AG5: 0.0021 | AH5: 15.4224 | AI5: 0.202 | AJ5: 0.2792 | AK5: 0.0037 | AL5: 29.2344 | AM5: 1.0317 | AN5: 0.3867 | AO5: 0.0136
A6: 157 | B6: 9.212 | C6: 157.38383 | D6: 1 | E6: 35 | F6: 28.2 | G6: 101.56 | H6: -97.74 | I6: 43.69 | J6: 90.95 | K6: 3 | L6: 3 | M6: 3 | N6: 2 | O6: 8 | P6: 3 | Q6: 270 | R6: 0 | S6: 5 | T6: 43 | U6: 0 | V6: 3619.4 | W6: 15 | X6: 0 | Y6: 60 | Z6: 8.5443 | AA6: 0.0907 | AB6: 0.2874 | AC6: 0.0031 | AD6: 3.8053 | AE6: 0.048 | AF6: 0.3331 | AG6: 0.0042 | AH6: 15.6007 | AI6: 0.1265 | AJ6: 0.2816 | AK6: 0.0023 | AL6: 29.3738 | AM6: 0.2392 | AN6: 0.3876 | AO6: 0.0032
A7: 157 | B7: 9.219 | C7: 157.38413 | D7: 1 | E7: 35 | F7: 28.2 | G7: 101.56 | H7: -97.74 | I7: 43.6 | J7: 91.01 | K7: 3 | L7: 3 | M7: 3 | N7: 2 | O7: 8 | P7: 3 | Q7: 270 | R7: 0 | S7: 6 | T7: 44 | U7: 0 | V7: 3619.4 | W7: 15 | X7: 0 | Y7: 60 | Z7: 8.4873 | AA7: 0.2251 | AB7: 0.2853 | AC7: 0.0076 | AD7: 3.7972 | AE7: 0.0768 | AF7: 0.332 | AG7: 0.0067 | AH7: 15.5686 | AI7: 0.4671 | AJ7: 0.2807 | AK7: 0.0084 | AL7: 29.6234 | AM7: 0.5262 | AN7: 0.3905 | AO7: 0.0069
A8: 157 | B8: 9.227 | C8: 157.38446 | D8: 1 | E8: 35 | F8: 28.2 | G8: 101.56 | H8: -97.74 | I8: 43.5 | J8: 91.08 | K8: 3 | L8: 3 | M8: 3 | N8: 2 | O8: 8 | P8: 3 | Q8: 270 | R8: 0 | S8: 7 | T8: 45 | U8: 0 | V8: 3619.4 | W8: 15 | X8: 0 | Y8: 60 | Z8: 7.7985 | AA8: 0.0866 | AB8: 0.2618 | AC8: 0.0029 | AD8: 3.5779 | AE8: 0.0415 | AF8: 0.3125 | AG8: 0.0036 | AH8: 14.3326 | AI8: 0.2521 | AJ8: 0.2582 | AK8: 0.0045 | AL8: 28.2339 | AM8: 0.4472 | AN8: 0.3718 | AO8: 0.0059
A9: 157 | B9: 9.235 | C9: 157.38479 | D9: 1 | E9: 35 | F9: 28.2 | G9: 101.56 | H9: -97.74 | I9: 43.4 | J9: 91.14 | K9: 3 | L9: 3 | M9: 3 | N9: 2 | O9: 8 | P9: 3 | Q9: 270 | R9: 0 | S9: 8 | T9: 46 | U9: 0 | V9: 3619.4 | W9: 15 | X9: 0 | Y9: 60 | Z9: 7.9659 | AA9: 0.0233 | AB9: 0.2672 | AC9: 0.0008 | AD9: 3.759 | AE9: 0.0857 | AF9: 0.328 | AG9: 0.0075 | AH9: 14.7666 | AI9: 0.1006 | AJ9: 0.2657 | AK9: 0.0018 | AL9: 30.0955 | AM9: 1.1898 | AN9: 0.396 | AO9: 0.0157
A10: 157 | B10: 9.242 | C10: 157.38508 | D10: 1 | E10: 35 | F10: 28.2 | G10: 101.56 | H10: -97.74 | I10: 43.31 | J10: 91.2 | K10: 3 | L10: 3 | M10: 3 | N10: 2 | O10: 8 | P10: 3 | Q10: 270 | R10: 0 | S10: 9 | T10: 47 | U10: 0 | V10: 3619.4 | W10: 15 | X10: 0 | Y10: 60 | Z10: 8.211 | AA10: 0.0175 | AB10: 0.2752 | AC10: 0.0006 | AD10: 3.7418 | AE10: 0.0956 | AF10: 0.3261 | AG10: 0.0083 | AH10: 14.9392 | AI10: 0.0407 | AJ10: 0.2686 | AK10: 0.0007 | AL10: 29.0534 | AM10: 1.013 | AN10: 0.382 | AO10: 0.0133
A11: 157 | B11: 9.25 | C11: 157.38542 | D11: 1 | E11: 35 | F11: 28.2 | G11: 101.56 | H11: -97.74 | I11: 43.21 | J11: 91.27 | K11: 3 | L11: 3 | M11: 3 | N11: 2 | O11: 8 | P11: 3 | Q11: 270 | R11: 0 | S11: 10 | T11: 48 | U11: 0 | V11: 3619.4 | W11: 15 | X11: 0 | Y11: 60 | Z11: 8.994 | AA11: 0.0229 | AB11: 0.3011 | AC11: 0.0008 | AD11: 3.9511 | AE11: 0.0357 | AF11: 0.344 | AG11: 0.0031 | AH11: 16.5757 | AI11: 0.1842 | AJ11: 0.2977 | AK11: 0.0033 | AL11: 30.5469 | AM11: 0.5886 | AN11: 0.4012 | AO11: 0.0077
