Workbook
Name SWC: [1]A!$T$1:$AQ$10

Sheet Summary
A1: Year | B1: DOY | C1: Experiment | D1: Tube | E1: d290cm | F1: d270cm | G1: d250cm | H1: d230cm | I1: d210cm | J1: d190cm | K1: d170cm | L1: d150cm | M1: d130cm | N1: d110cm | O1: d090cm | P1: d070cm | Q1: d050cm | R1: d030cm
A2: 2007 | B2: 122 | C2: ISM | D2: p11 | E2: 0.133 | F2: 0.13 | G2: 0.119 | H2: 0.13 | I2: 0.147 | J2: 0.155 | K2: 0.197 | L2: 0.171 | M2: 0.198 | N2: 0.175 | O2: 0.164 | P2: 0.138 | Q2: 0.121 | R2: 0.079
A3: 2007 | B3: 122 | C3: ISM | D3: p12 | E3: 0.125 | F3: 0.123 | G3: 0.14 | H3: 0.161 | I3: 0.199 | J3: 0.133 | K3: 0.183 | L3: 0.177 | M3: 0.108 | N3: 0.076 | O3: 0.076 | P3: 0.091 | Q3: 0.116 | R3: 0.069
A4: 2007 | B4: 122 | C4: ISM | D4: p13 | E4: 0.147 | F4: 0.151 | G4: 0.15 | H4: 0.164 | I4: 0.145 | J4: 0.134 | K4: 0.105 | L4: 0.096 | M4: 0.072 | N4: 0.065 | O4: 0.066 | P4: 0.08 | Q4: 0.101 | R4: 0.068
A5: 2007 | B5: 122 | C5: ISM | D5: p14 | E5: 0.05 | F5: 0.093 | G5: 0.095 | H5: 0.111 | I5: 0.116 | J5: 0.191 | K5: 0.209 | L5: 0.21 | M5: 0.2 | N5: 0.161 | O5: 0.149 | P5: 0.111 | Q5: 0.099 | R5: 0.067
A6: 2007 | B6: 122 | C6: ISM | D6: p15 | E6: 0.11 | F6: 0.125 | G6: 0.123 | H6: 0.141 | I6: 0.193 | J6: 0.197 | K6: 0.148 | L6: 0.136 | M6: 0.113 | N6: 0.091 | O6: 0.079 | P6: 0.082 | Q6: 0.098 | R6: 0.065
A7: 2007 | B7: 122 | C7: ISM | D7: p16 | E7: 0.141 | F7: 0.134 | G7: 0.138 | H7: 0.166 | I7: 0.213 | J7: 0.204 | K7: 0.124 | L7: 0.098 | M7: 0.081 | N7: 0.078 | O7: 0.075 | P7: 0.072 | Q7: 0.085 | R7: 0.093
A8: 2007 | B8: 122 | C8: ISM | D8: p17 | E8: 0.19 | F8: 0.196 | G8: 0.156 | H8: 0.161 | I8: 0.165 | J8: 0.14 | K8: 0.135 | L8: 0.176 | M8: 0.129 | N8: 0.097 | O8: 0.086 | P8: 0.075 | Q8: 0.082 | R8: 0.074
A9: 2007 | B9: 122 | C9: ISM | D9: p18 | E9: 0.279 | F9: 0.277 | G9: 0.26 | H9: 0.177 | I9: 0.122 | J9: 0.13 | K9: 0.163 | L9: 0.171 | M9: 0.16 | N9: 0.163 | O9: 0.157 | P9: 0.159 | Q9: 0.116 | R9: 0.075
A10: 2007 | B10: 122 | C10: ISM | D10: p21 | E10: 0.282 | F10: 0.179 | G10: 0.166 | H10: 0.163 | I10: 0.221 | J10: 0.223 | K10: 0.183 | L10: 0.188 | M10: 0.166 | N10: 0.178 | O10: 0.178 | P10: 0.115 | Q10: 0.125 | R10: 0.09
A11: 2007 | B11: 122 | C11: ISM | D11: p22 | E11: 0.14 | F11: 0.126 | G11: 0.136 | H11: 0.127 | I11: 0.137 | J11: 0.181 | K11: 0.169 | L11: 0.199 | M11: 0.185 | N11: 0.164 | O11: 0.155 | P11: 0.135 | Q11: 0.118 | R11: 0.071
A12: 2007 | B12: 122 | C12: ISM | D12: p23 | E12: 0.145 | F12: 0.18 | G12: 0.155 | H12: 0.163 | I12: 0.17 | J12: 0.183 | K12: 0.139 | L12: 0.097 | M12: 0.082 | N12: 0.074 | O12: 0.073 | P12: 0.081 | Q12: 0.107 | R12: 0.081
A13: 2007 | B13: 122 | C13: ISM | D13: p24 | E13: 0.08 | F13: 0.066 | G13: 0.07 | H13: 0.091 | I13: 0.105 | J13: 0.142 | K13: 0.157 | L13: 0.208 | M13: 0.179 | N13: 0.186 | O13: 0.196 | P13: 0.177 | Q13: 0.129 | R13: 0.118
... A36: 2007 | B36: 152 | C36: ISM | D36: p05 | E36: 0.112 | F36: 0.103 | G36: 0.114 | H36: 0.131 | I36: 0.151 | J36: 0.215 | K36: 0.232 | L36: 0.238 | M36: 0.245 | N36: 0.25 | O36: 0.214 | P36: 0.187 | Q36: 0.192 | R36: 0.147
A37: 2007 | B37: 152 | C37: ISM | D37: p06 | H37: 0.144 | I37: 0.16 | J37: 0.164 | K37: 0.173 | L37: 0.184 | M37: 0.201 | N37: 0.2 | O37: 0.173 | P37: 0.178 | Q37: 0.183 | R37: 0.13
A38: 2007 | B38: 152 | C38: ISM | D38: p07 | H38: 0.178 | I38: 0.192 | J38: 0.186 | K38: 0.238 | L38: 0.265 | M38: 0.271 | N38: 0.255 | O38: 0.245 | P38: 0.214 | Q38: 0.197 | R38: 0.138
A39: 2007 | B39: 152 | C39: ISM | D39: p08 | E39: 0.21 | F39: 0.22 | G39: 0.236 | H39: 0.164 | I39: 0.15 | J39: 0.184 | K39: 0.161 | L39: 0.143 | M39: 0.147 | N39: 0.18 | O39: 0.218 | P39: 0.213 | Q39: 0.188 | R39: 0.13
A40: 2007 | B40: 152 | C40: ISM | D40: p10 | E40: 0.165 | F40: 0.151 | G40: 0.153 | H40: 0.164 | I40: 0.157 | J40: 0.154 | K40: 0.157 | L40: 0.151 | M40: 0.153 | N40: 0.146 | O40: 0.144 | P40: 0.151 | Q40: 0.168 | R40: 0.136
A41: 2007 | B41: 152 | C41: ISM | D41: p11 | E41: 0.133 | F41: 0.132 | G41: 0.121 | H41: 0.132 | I41: 0.15 | J41: 0.16 | K41: 0.201 | L41: 0.176 | M41: 0.263 | N41: 0.283 | O41: 0.258 | P41: 0.219 | Q41: 0.206 | R41: 0.148
A42: 2007 | B42: 152 | C42: ISM | D42: p12 | E42: 0.138 | F42: 0.135 | G42: 0.151 | H42: 0.173 | I42: 0.208 | J42: 0.198 | K42: 0.197 | L42: 0.195 | M42: 0.174 | N42: 0.162 | O42: 0.148 | P42: 0.174 | Q42: 0.199 | R42: 0.161
A43: 2007 | B43: 152 | C43: ISM | D43: p13 | E43: 0.151 | F43: 0.153 | G43: 0.151 | H43: 0.17 | I43: 0.154 | J43: 0.152 | K43: 0.146 | L43: 0.143 | M43: 0.141 | N43: 0.134 | O43: 0.13 | P43: 0.166 | Q43: 0.196 | R43: 0.161
A44: 2007 | B44: 152 | C44: ISM | D44: p14 | E44: 0.051 | F44: 0.094 | G44: 0.1 | H44: 0.112 | I44: 0.12 | J44: 0.199 | K44: 0.23 | L44: 0.24 | M44: 0.264 | N44: 0.273 | O44: 0.268 | P44: 0.209 | Q44: 0.187 | R44: 0.169
A45: 2007 | B45: 152 | C45: ISM | D45: p15 | E45: 0.109 | F45: 0.125 | G45: 0.124 | H45: 0.14 | I45: 0.197 | J45: 0.203 | K45: 0.208 | L45: 0.224 | M45: 0.232 | N45: 0.175 | O45: 0.152 | P45: 0.156 | Q45: 0.169 | R45: 0.125
A46: 2007 | B46: 152 | C46: ISM | D46: p16 | E46: 0.141 | F46: 0.135 | G46: 0.138 | H46: 0.165 | I46: 0.216 | J46: 0.247 | K46: 0.209 | L46: 0.172 | M46: 0.177 | N46: 0.169 | O46: 0.163 | P46: 0.159 | Q46: 0.173 | R46: 0.15
A47: 2007 | B47: 152 | C47: ISM | D47: p17 | E47: 0.191 | F47: 0.196 | G47: 0.16 | H47: 0.168 | I47: 0.17 | J47: 0.169 | K47: 0.188 | L47: 0.237 | M47: 0.243 | N47: 0.187 | O47: 0.174 | P47: 0.164 | Q47: 0.17 | R47: 0.132
A48: 2007 | B48: 152 | C48: ISM | D48: p18 | E48: 0.279 | F48: 0.279 | G48: 0.263 | H48: 0.182 | I48: 0.128 | J48: 0.151 | K48: 0.195 | L48: 0.227 | M48: 0.221 | N48: 0.247 | O48: 0.264 | P48: 0.277 | Q48: 0.228 | R48: 0.161
A49: 2007 | B49: 152 | C49: ISM | D49: p21 | E49: 0.275 | F49: 0.179 | G49: 0.166 | H49: 0.163 | I49: 0.211 | J49: 0.257 | K49: 0.23 | L49: 0.24 | M49: 0.237 | N49: 0.27 | O49: 0.271 | P49: 0.211 | Q49: 0.212 | R49: 0.171
A50: 2007 | B50: 152 | C50: ISM | D50: p22 | E50: 0.144 | F50: 0.126 | G50: 0.135 | H50: 0.13 | I50: 0.137 | J50: 0.182 | K50: 0.234 | L50: 0.24 | M50: 0.264 | N50: 0.271 | O50: 0.274 | P50: 0.218 | Q50: 0.195 | R50: 0.164
... A75: 2007 | B75: 158 | C75: ISM | D75: p05 | E75: 0.114 | F75: 0.106 | G75: 0.115 | H75: 0.126 | I75: 0.144 | J75: 0.207 | K75: 0.234 | L75: 0.229 | M75: 0.245 | N75: 0.25 | O75: 0.219 | P75: 0.193 | Q75: 0.208 | R75: 0.201
A76: 2007 | B76: 158 | C76: ISM | D76: p06 | H76: 0.144 | I76: 0.16 | J76: 0.176 | K76: 0.17 | L76: 0.178 | M76: 0.198 | N76: 0.197 | O76: 0.166 | P76: 0.176 | Q76: 0.197 | R76: 0.185
A77: 2007 | B77: 158 | C77: ISM | D77: p07 | H77: 0.173 | I77: 0.183 | J77: 0.18 | K77: 0.235 | L77: 0.253 | M77: 0.262 | N77: 0.252 | O77: 0.241 | P77: 0.218 | Q77: 0.214 | R77: 0.199
A78: 2007 | B78: 158 | C78: ISM | D78: p08 | E78: 0.203 | F78: 0.218 | G78: 0.223 | H78: 0.156 | I78: 0.145 | J78: 0.184 | K78: 0.161 | L78: 0.139 | M78: 0.15 | N78: 0.177 | O78: 0.211 | P78: 0.206 | Q78: 0.205 | R78: 0.185
A79: 2007 | B79: 158 | C79: ISM | D79: p10 | E79: 0.16 | F79: 0.146 | G79: 0.151 | H79: 0.162 | I79: 0.156 | J79: 0.155 | K79: 0.155 | L79: 0.149 | M79: 0.153 | N79: 0.147 | O79: 0.154 | P79: 0.162 | Q79: 0.194 | R79: 0.194
A80: 2007 | B80: 158 | C80: ISM | D80: p11 | E80: 0.128 | F80: 0.128 | G80: 0.121 | H80: 0.125 | I80: 0.148 | J80: 0.157 | K80: 0.199 | L80: 0.183 | M80: 0.263 | N80: 0.273 | O80: 0.262 | P80: 0.22 | Q80: 0.224 | R80: 0.211
A81: 2007 | B81: 158 | C81: ISM | D81: p12 | E81: 0.133 | F81: 0.14 | G81: 0.146 | H81: 0.165 | I81: 0.205 | J81: 0.196 | K81: 0.192 | L81: 0.195 | M81: 0.178 | N81: 0.155 | O81: 0.151 | P81: 0.176 | Q81: 0.213 | R81: 0.229
A82: 2007 | B82: 158 | C82: ISM | D82: p13 | E82: 0.15 | F82: 0.146 | G82: 0.15 | H82: 0.167 | I82: 0.153 | J82: 0.146 | K82: 0.142 | L82: 0.139 | M82: 0.141 | N82: 0.134 | O82: 0.139 | P82: 0.174 | Q82: 0.215 | R82: 0.222
A83: 2007 | B83: 158 | C83: ISM | D83: p14 | E83: 0.052 | F83: 0.092 | G83: 0.102 | H83: 0.112 | I83: 0.12 | J83: 0.2 | K83: 0.226 | L83: 0.239 | M83: 0.261 | N83: 0.274 | O83: 0.266 | P83: 0.212 | Q83: 0.198 | R83: 0.23
A84: 2007 | B84: 158 | C84: ISM | D84: p15 | E84: 0.107 | F84: 0.119 | G84: 0.12 | H84: 0.14 | I84: 0.192 | J84: 0.198 | K84: 0.206 | L84: 0.219 | M84: 0.235 | N84: 0.175 | O84: 0.154 | P84: 0.168 | Q84: 0.187 | R84: 0.186
A85: 2007 | B85: 158 | C85: ISM | D85: p16 | E85: 0.14 | F85: 0.136 | G85: 0.144 | H85: 0.169 | I85: 0.215 | J85: 0.247 | K85: 0.205 | L85: 0.17 | M85: 0.175 | N85: 0.168 | O85: 0.167 | P85: 0.168 | Q85: 0.194 | R85: 0.203
A86: 2007 | B86: 158 | C86: ISM | D86: p17 | E86: 0.185 | F86: 0.196 | G86: 0.157 | H86: 0.157 | I86: 0.172 | J86: 0.164 | K86: 0.182 | L86: 0.233 | M86: 0.239 | N86: 0.183 | O86: 0.173 | P86: 0.169 | Q86: 0.188 | R86: 0.212
A87: 2007 | B87: 158 | C87: ISM | D87: p18 | E87: 0.279 | F87: 0.279 | G87: 0.266 | H87: 0.179 | I87: 0.131 | J87: 0.149 | K87: 0.198 | L87: 0.224 | M87: 0.22 | N87: 0.243 | O87: 0.256 | P87: 0.282 | Q87: 0.238 | R87: 0.222
A88: 2007 | B88: 158 | C88: ISM | D88: p21 | E88: 0.28 | F88: 0.174 | G88: 0.162 | H88: 0.163 | I88: 0.214 | J88: 0.256 | K88: 0.228 | L88: 0.24 | M88: 0.241 | N88: 0.272 | O88: 0.27 | P88: 0.216 | Q88: 0.224 | R88: 0.234
A89: 2007 | B89: 158 | C89: ISM | D89: p22 | E89: 0.146 | F89: 0.127 | G89: 0.131 | H89: 0.126 | I89: 0.134 | J89: 0.183 | K89: 0.224 | L89: 0.234 | M89: 0.258 | N89: 0.271 | O89: 0.269 | P89: 0.22 | Q89: 0.213 | R89: 0.239
... A114: 2007 | B114: 164 | C114: ISM | D114: p05 | E114: 0.122 | F114: 0.108 | G114: 0.118 | H114: 0.126 | I114: 0.144 | J114: 0.209 | K114: 0.228 | L114: 0.226 | M114: 0.238 | N114: 0.24 | O114: 0.21 | P114: 0.185 | Q114: 0.19 | R114: 0.174
A115: 2007 | B115: 164 | C115: ISM | D115: p06 | H115: 0.14 | I115: 0.167 | J115: 0.18 | K115: 0.169 | L115: 0.178 | M115: 0.192 | N115: 0.194 | O115: 0.168 | P115: 0.172 | Q115: 0.184 | R115: 0.162
A116: 2007 | B116: 164 | C116: ISM | D116: p07 | H116: 0.168 | I116: 0.181 | J116: 0.179 | K116: 0.231 | L116: 0.251 | M116: 0.252 | N116: 0.245 | O116: 0.235 | P116: 0.205 | Q116: 0.196 | R116: 0.164
A117: 2007 | B117: 164 | C117: ISM | D117: p08 | E117: 0.201 | F117: 0.215 | G117: 0.222 | H117: 0.158 | I117: 0.144 | J117: 0.18 | K117: 0.151 | L117: 0.141 | M117: 0.147 | N117: 0.176 | O117: 0.207 | P117: 0.203 | Q117: 0.19 | R117: 0.159
A118: 2007 | B118: 164 | C118: ISM | D118: p10 | E118: 0.159 | F118: 0.144 | G118: 0.148 | H118: 0.157 | I118: 0.157 | J118: 0.153 | K118: 0.154 | L118: 0.15 | M118: 0.153 | N118: 0.144 | O118: 0.144 | P118: 0.153 | Q118: 0.176 | R118: 0.167
A119: 2007 | B119: 164 | C119: ISM | D119: p11 | E119: 0.126 | F119: 0.122 | G119: 0.119 | H119: 0.125 | I119: 0.143 | J119: 0.16 | K119: 0.196 | L119: 0.192 | M119: 0.261 | N119: 0.27 | O119: 0.255 | P119: 0.213 | Q119: 0.211 | R119: 0.175
A120: 2007 | B120: 164 | C120: ISM | D120: p12 | E120: 0.136 | F120: 0.135 | G120: 0.146 | H120: 0.169 | I120: 0.21 | J120: 0.197 | K120: 0.189 | L120: 0.192 | M120: 0.166 | N120: 0.152 | O120: 0.15 | P120: 0.171 | Q120: 0.206 | R120: 0.192
A121: 2007 | B121: 164 | C121: ISM | D121: p13 | E121: 0.146 | F121: 0.143 | G121: 0.146 | H121: 0.16 | I121: 0.153 | J121: 0.146 | K121: 0.141 | L121: 0.139 | M121: 0.136 | N121: 0.132 | O121: 0.128 | P121: 0.166 | Q121: 0.203 | R121: 0.196
A122: 2007 | B122: 164 | C122: ISM | D122: p14 | E122: 0.053 | F122: 0.1 | G122: 0.102 | H122: 0.113 | I122: 0.118 | J122: 0.196 | K122: 0.224 | L122: 0.234 | M122: 0.253 | N122: 0.264 | O122: 0.256 | P122: 0.196 | Q122: 0.185 | R122: 0.196
A123: 2007 | B123: 164 | C123: ISM | D123: p15 | E123: 0.109 | F123: 0.125 | G123: 0.122 | H123: 0.139 | I123: 0.191 | J123: 0.196 | K123: 0.203 | L123: 0.217 | M123: 0.23 | N123: 0.174 | O123: 0.15 | P123: 0.159 | Q123: 0.178 | R123: 0.163
A124: 2007 | B124: 164 | C124: ISM | D124: p16 | E124: 0.141 | F124: 0.142 | G124: 0.144 | H124: 0.168 | I124: 0.219 | J124: 0.246 | K124: 0.205 | L124: 0.168 | M124: 0.17 | N124: 0.163 | O124: 0.161 | P124: 0.157 | Q124: 0.179 | R124: 0.182
A125: 2007 | B125: 164 | C125: ISM | D125: p17 | E125: 0.186 | F125: 0.199 | G125: 0.154 | H125: 0.155 | I125: 0.164 | J125: 0.164 | K125: 0.18 | L125: 0.231 | M125: 0.239 | N125: 0.185 | O125: 0.166 | P125: 0.162 | Q125: 0.177 | R125: 0.172
A126: 2007 | B126: 164 | C126: ISM | D126: p18 | E126: 0.279 | F126: 0.279 | G126: 0.263 | H126: 0.136 | I126: 0.139 | J126: 0.158 | K126: 0.208 | L126: 0.218 | M126: 0.227 | N126: 0.241 | O126: 0.264 | P126: 0.256 | Q126: 0.219 | R126: 0.204
A127: 2007 | B127: 164 | C127: ISM | D127: p21 | E127: 0.282 | F127: 0.172 | G127: 0.161 | H127: 0.157 | I127: 0.214 | J127: 0.248 | K127: 0.23 | L127: 0.238 | M127: 0.234 | N127: 0.271 | O127: 0.262 | P127: 0.206 | Q127: 0.214 | R127: 0.214
A128: 2007 | B128: 164 | C128: ISM | D128: p22 | E128: 0.145 | F128: 0.125 | G128: 0.126 | H128: 0.126 | I128: 0.136 | J128: 0.184 | K128: 0.225 | L128: 0.233 | M128: 0.254 | N128: 0.262 | O128: 0.263 | P128: 0.217 | Q128: 0.198 | R128: 0.214
... A163: 2007 | B163: 170 | C163: ISM | D163: p02 | E163: 0.109 | F163: 0.136 | G163: 0.155 | H163: 0.178 | I163: 0.221 | J163: 0.234 | K163: 0.211 | L163: 0.215 | M163: 0.212 | N163: 0.175 | O163: 0.142 | P163: 0.168 | Q163: 0.172 | R163: 0.127
A164: 2007 | B164: 170 | C164: ISM | D164: p06 | H164: 0.143 | I164: 0.177 | J164: 0.185 | K164: 0.176 | L164: 0.173 | M164: 0.199 | N164: 0.196 | O164: 0.166 | P164: 0.161 | Q164: 0.168 | R164: 0.138
A165: 2007 | B165: 170 | C165: ISM | D165: p07 | H165: 0.166 | I165: 0.181 | J165: 0.175 | K165: 0.234 | L165: 0.254 | M165: 0.254 | N165: 0.243 | O165: 0.234 | P165: 0.199 | Q165: 0.17 | R165: 0.131
A166: 2007 | B166: 170 | C166: ISM | D166: p13 | E166: 0.147 | F166: 0.144 | G166: 0.146 | H166: 0.161 | I166: 0.152 | J166: 0.144 | K166: 0.141 | L166: 0.133 | M166: 0.13 | N166: 0.125 | O166: 0.126 | P166: 0.161 | Q166: 0.194 | R166: 0.159
A167: 2007 | B167: 170 | C167: ISM | D167: p43 | E167: 0.208 | F167: 0.16 | G167: 0.107 | H167: 0.096 | I167: 0.161 | J167: 0.203 | K167: 0.224 | L167: 0.198 | M167: 0.244 | N167: 0.26 | O167: 0.255 | P167: 0.207 | Q167: 0.183 | R167: 0.163
A168: 2007 | B168: 170 | C168: ISM | D168: p44 | E168: 0.107 | F168: 0.107 | G168: 0.114 | H168: 0.116 | I168: 0.116 | J168: 0.157 | K168: 0.163 | L168: 0.217 | M168: 0.245 | N168: 0.268 | O168: 0.267 | P168: 0.239 | Q168: 0.184 | R168: 0.145
A169: 2007 | B169: 172 | C169: ISM | D169: p04 | E169: 0.084 | F169: 0.123 | G169: 0.116 | H169: 0.136 | I169: 0.15 | J169: 0.171 | K169: 0.178 | L169: 0.186 | M169: 0.199 | N169: 0.219 | O169: 0.209 | P169: 0.182 | Q169: 0.177 | R169: 0.132
A170: 2007 | B170: 172 | C170: ISM | D170: p05 | E170: 0.125 | F170: 0.109 | G170: 0.117 | H170: 0.126 | I170: 0.145 | J170: 0.204 | K170: 0.227 | L170: 0.23 | M170: 0.239 | N170: 0.24 | O170: 0.206 | P170: 0.171 | Q170: 0.174 | R170: 0.131
A171: 2007 | B171: 172 | C171: ISM | D171: p08 | E171: 0.208 | F171: 0.219 | G171: 0.226 | H171: 0.16 | I171: 0.148 | J171: 0.181 | K171: 0.156 | L171: 0.15 | M171: 0.151 | N171: 0.177 | O171: 0.21 | P171: 0.195 | Q171: 0.162 | R171: 0.117
A172: 2007 | B172: 172 | C172: ISM | D172: p11 | E172: 0.127 | F172: 0.128 | G172: 0.117 | H172: 0.128 | I172: 0.146 | J172: 0.163 | K172: 0.203 | L172: 0.206 | M172: 0.263 | N172: 0.276 | O172: 0.259 | P172: 0.223 | Q172: 0.224 | R172: 0.217
A173: 2007 | B173: 172 | C173: ISM | D173: p12 | E173: 0.141 | F173: 0.139 | G173: 0.15 | H173: 0.164 | I173: 0.204 | J173: 0.196 | K173: 0.189 | L173: 0.19 | M173: 0.17 | N173: 0.156 | O173: 0.15 | P173: 0.176 | Q173: 0.21 | R173: 0.222
A174: 2007 | B174: 172 | C174: ISM | D174: p14 | E174: 0.057 | F174: 0.102 | G174: 0.108 | H174: 0.117 | I174: 0.119 | J174: 0.198 | K174: 0.222 | L174: 0.232 | M174: 0.256 | N174: 0.26 | O174: 0.251 | P174: 0.178 | Q174: 0.154 | R174: 0.151
A175: 2007 | B175: 172 | C175: ISM | D175: p15 | E175: 0.117 | F175: 0.136 | G175: 0.123 | H175: 0.142 | I175: 0.194 | J175: 0.2 | K175: 0.21 | L175: 0.222 | M175: 0.237 | N175: 0.178 | O175: 0.155 | P175: 0.166 | Q175: 0.194 | R175: 0.212
A176: 2007 | B176: 172 | C176: ISM | D176: p16 | E176: 0.155 | F176: 0.147 | G176: 0.146 | H176: 0.163 | I176: 0.218 | J176: 0.247 | K176: 0.202 | L176: 0.166 | M176: 0.162 | N176: 0.162 | O176: 0.152 | P176: 0.144 | Q176: 0.151 | R176: 0.145
A177: 2007 | B177: 172 | C177: ISM | D177: p17 | E177: 0.19 | F177: 0.193 | G177: 0.154 | H177: 0.157 | I177: 0.162 | J177: 0.159 | K177: 0.176 | L177: 0.224 | M177: 0.235 | N177: 0.173 | O177: 0.161 | P177: 0.152 | Q177: 0.163 | R177: 0.132
... A209: 2007 | B209: 176 | C209: ISM | D209: p05 | E209: 0.127 | F209: 0.112 | G209: 0.12 | H209: 0.125 | I209: 0.144 | J209: 0.205 | K209: 0.227 | L209: 0.232 | M209: 0.24 | N209: 0.246 | O209: 0.2 | P209: 0.175 | Q209: 0.16 | R209: 0.114
A210: 2007 | B210: 176 | C210: ISM | D210: p06 | H210: 0.158 | I210: 0.185 | J210: 0.187 | K210: 0.176 | L210: 0.179 | M210: 0.204 | N210: 0.198 | O210: 0.169 | P210: 0.173 | Q210: 0.191 | R210: 0.159
A211: 2007 | B211: 176 | C211: ISM | D211: p07 | H211: 0.17 | I211: 0.184 | J211: 0.181 | K211: 0.233 | L211: 0.252 | M211: 0.259 | N211: 0.246 | O211: 0.238 | P211: 0.212 | Q211: 0.194 | R211: 0.158
A212: 2007 | B212: 176 | C212: ISM | D212: p08 | E212: 0.206 | F212: 0.216 | G212: 0.223 | H212: 0.158 | I212: 0.147 | J212: 0.184 | K212: 0.163 | L212: 0.152 | M212: 0.157 | N212: 0.169 | O212: 0.202 | P212: 0.191 | Q212: 0.147 | R212: 0.097
A213: 2007 | B213: 176 | C213: ISM | D213: p11 | E213: 0.129 | F213: 0.128 | G213: 0.116 | H213: 0.126 | I213: 0.149 | J213: 0.163 | K213: 0.209 | L213: 0.217 | M213: 0.266 | N213: 0.278 | O213: 0.26 | P213: 0.216 | Q213: 0.209 | R213: 0.169
A214: 2007 | B214: 176 | C214: ISM | D214: p12 | E214: 0.146 | F214: 0.144 | G214: 0.154 | H214: 0.167 | I214: 0.212 | J214: 0.197 | K214: 0.194 | L214: 0.194 | M214: 0.173 | N214: 0.155 | O214: 0.152 | P214: 0.17 | Q214: 0.186 | R214: 0.154
A215: 2007 | B215: 176 | C215: ISM | D215: p13 | E215: 0.15 | F215: 0.15 | G215: 0.153 | H215: 0.168 | I215: 0.156 | J215: 0.155 | K215: 0.145 | L215: 0.147 | M215: 0.146 | N215: 0.141 | O215: 0.143 | P215: 0.171 | Q215: 0.21 | R215: 0.187
A216: 2007 | B216: 176 | C216: ISM | D216: p14 | E216: 0.06 | F216: 0.109 | G216: 0.114 | H216: 0.118 | I216: 0.123 | J216: 0.201 | K216: 0.226 | L216: 0.234 | M216: 0.26 | N216: 0.263 | O216: 0.254 | P216: 0.183 | Q216: 0.175 | R216: 0.204
A217: 2007 | B217: 176 | C217: ISM | D217: p15 | E217: 0.128 | F217: 0.14 | G217: 0.132 | H217: 0.143 | I217: 0.198 | J217: 0.198 | K217: 0.209 | L217: 0.225 | M217: 0.235 | N217: 0.178 | O217: 0.153 | P217: 0.164 | Q217: 0.179 | R217: 0.175
A218: 2007 | B218: 176 | C218: ISM | D218: p16 | E218: 0.162 | F218: 0.153 | G218: 0.148 | H218: 0.171 | I218: 0.223 | J218: 0.252 | K218: 0.208 | L218: 0.167 | M218: 0.174 | N218: 0.165 | O218: 0.159 | P218: 0.151 | Q218: 0.176 | R218: 0.195
A219: 2007 | B219: 176 | C219: ISM | D219: p17 | E219: 0.191 | F219: 0.193 | G219: 0.155 | H219: 0.156 | I219: 0.162 | J219: 0.16 | K219: 0.176 | L219: 0.229 | M219: 0.234 | N219: 0.174 | O219: 0.16 | P219: 0.149 | Q219: 0.147 | R219: 0.104
A220: 2007 | B220: 176 | C220: ISM | D220: p18 | E220: 0.279 | F220: 0.279 | G220: 0.263 | H220: 0.138 | I220: 0.143 | J220: 0.169 | K220: 0.209 | L220: 0.228 | M220: 0.236 | N220: 0.249 | O220: 0.271 | P220: 0.263 | Q220: 0.223 | R220: 0.211
A221: 2007 | B221: 176 | C221: ISM | D221: p21 | E221: 0.28 | F221: 0.177 | G221: 0.166 | H221: 0.162 | I221: 0.215 | J221: 0.252 | K221: 0.228 | L221: 0.242 | M221: 0.24 | N221: 0.269 | O221: 0.265 | P221: 0.197 | Q221: 0.18 | R221: 0.136
A222: 2007 | B222: 176 | C222: ISM | D222: p22 | E222: 0.146 | F222: 0.125 | G222: 0.132 | H222: 0.132 | I222: 0.145 | J222: 0.188 | K222: 0.228 | L222: 0.232 | M222: 0.26 | N222: 0.264 | O222: 0.265 | P222: 0.219 | Q222: 0.208 | R222: 0.22
A223: 2007 | B223: 176 | C223: ISM | D223: p23 | E223: 0.14 | F223: 0.174 | G223: 0.15 | H223: 0.162 | I223: 0.183 | J223: 0.218 | K223: 0.204 | L223: 0.161 | M223: 0.147 | N223: 0.135 | O223: 0.127 | P223: 0.147 | Q223: 0.194 | R223: 0.21
... A247: 2007 | B247: 179 | C247: ISM | D247: p05 | E247: 0.128 | F247: 0.115 | G247: 0.117 | H247: 0.126 | I247: 0.144 | J247: 0.208 | K247: 0.229 | L247: 0.232 | M247: 0.24 | N247: 0.238 | O247: 0.2 | P247: 0.164 | Q247: 0.152 | R247: 0.101
A248: 2007 | B248: 179 | C248: ISM | D248: p06 | H248: 0.158 | I248: 0.186 | J248: 0.193 | K248: 0.18 | L248: 0.18 | M248: 0.194 | N248: 0.199 | O248: 0.168 | P248: 0.16 | Q248: 0.158 | R248: 0.127
A249: 2007 | B249: 179 | C249: ISM | D249: p07 | H249: 0.17 | I249: 0.183 | J249: 0.182 | K249: 0.235 | L249: 0.253 | M249: 0.259 | N249: 0.25 | O249: 0.236 | P249: 0.205 | Q249: 0.171 | R249: 0.13
A250: 2007 | B250: 179 | C250: ISM | D250: p08 | E250: 0.206 | F250: 0.214 | G250: 0.225 | H250: 0.158 | I250: 0.147 | J250: 0.183 | K250: 0.161 | L250: 0.151 | M250: 0.154 | N250: 0.172 | O250: 0.195 | P250: 0.18 | Q250: 0.135 | R250: 0.088
A251: 2007 | B251: 179 | C251: ISM | D251: p10 | E251: 0.169 | F251: 0.15 | G251: 0.155 | H251: 0.171 | I251: 0.161 | J251: 0.16 | K251: 0.162 | L251: 0.153 | M251: 0.154 | N251: 0.15 | O251: 0.144 | P251: 0.143 | Q251: 0.149 | R251: 0.133
A252: 2007 | B252: 179 | C252: ISM | D252: p11 | E252: 0.13 | F252: 0.125 | G252: 0.12 | H252: 0.126 | I252: 0.147 | J252: 0.164 | K252: 0.213 | L252: 0.215 | M252: 0.264 | N252: 0.279 | O252: 0.263 | P252: 0.212 | Q252: 0.198 | R252: 0.136
A253: 2007 | B253: 179 | C253: ISM | D253: p12 | E253: 0.144 | F253: 0.145 | G253: 0.152 | H253: 0.167 | I253: 0.211 | J253: 0.197 | K253: 0.194 | L253: 0.192 | M253: 0.173 | N253: 0.154 | O253: 0.149 | P253: 0.16 | Q253: 0.156 | R253: 0.119
A254: 2007 | B254: 179 | C254: ISM | D254: p15 | E254: 0.131 | F254: 0.141 | G254: 0.132 | H254: 0.147 | I254: 0.194 | J254: 0.203 | K254: 0.208 | L254: 0.221 | M254: 0.233 | N254: 0.177 | O254: 0.15 | P254: 0.158 | Q254: 0.174 | R254: 0.143
A255: 2007 | B255: 179 | C255: ISM | D255: p17 | E255: 0.191 | F255: 0.198 | G255: 0.157 | H255: 0.159 | I255: 0.165 | J255: 0.162 | K255: 0.182 | L255: 0.228 | M255: 0.244 | N255: 0.177 | O255: 0.168 | P255: 0.161 | Q255: 0.185 | R255: 0.196
A256: 2007 | B256: 179 | C256: ISM | D256: p21 | E256: 0.287 | F256: 0.179 | G256: 0.165 | H256: 0.16 | I256: 0.214 | J256: 0.256 | K256: 0.226 | L256: 0.25 | M256: 0.24 | N256: 0.277 | O256: 0.271 | P256: 0.213 | Q256: 0.224 | R256: 0.229
A257: 2007 | B257: 179 | C257: ISM | D257: p24 | E257: 0.103 | F257: 0.079 | G257: 0.095 | H257: 0.106 | I257: 0.138 | J257: 0.196 | K257: 0.224 | L257: 0.232 | M257: 0.243 | N257: 0.277 | O257: 0.273 | P257: 0.224 | Q257: 0.147 | R257: 0.163
A258: 2007 | B258: 179 | C258: ISM | D258: p25 | E258: 0.154 | F258: 0.137 | G258: 0.147 | H258: 0.158 | I258: 0.163 | J258: 0.188 | K258: 0.172 | L258: 0.191 | M258: 0.191 | N258: 0.184 | O258: 0.163 | P258: 0.149 | Q258: 0.156 | R258: 0.12
...

Sheet A
A1: DOY (Julian) | F1: 122 | H1: DOY (Julian) | M1: 152 | U1: 158 | AC1: 164 | AK1: 169 | AS1: 170 | BA1: 172 | BI1: 173 | BQ1: 176 | BY1: 179 | CG1: 183 | CO1: 186 | CW1: 190 | DE1: 193 | DM1: 194 | DU1: 197 | EC1: 200 | EK1: 204 | ES1: 207 | FA1: 211 | FI1: 214 | FQ1: 218 | FY1: 220 | GG1: 221 | GO1: 225 | GW1: 228 | HE1: 229 | HM1: 232
A2: Cotton 2007 | C2: Neutron/TDR readings | H2: Cotton 2007 | J2: Neutron/TDR readings | P2: Cotton 2007 | R2: Neutron/TDR readings | X2: Cotton 2007 | Z2: Neutron/TDR readings | AF2: Cotton 2007 | AH2: Neutron/TDR readings | AN2: Cotton 2007 | AP2: Neutron/TDR readings | AV2: Cotton 2007 | AX2: Neutron/TDR readings | BD2: Cotton 2007 | BF2: Neutron/TDR readings | BL2: Cotton 2007 | BN2: Neutron/TDR readings | BT2: Cotton 2007 | BV2: Neutron/TDR readings | CB2: Cotton 2007 | CD2: Neutron/TDR readings | CJ2: Cotton 2007 | CL2: Neutron/TDR readings | CR2: Cotton 2007 | CT2: Neutron/TDR readings | CZ2: Cotton 2007 | DB2: Neutron/TDR readings | DH2: Cotton 2007 | DJ2: Neutron/TDR readings | DP2: Cotton 2007 | DR2: Neutron/TDR readings | DX2: Cotton 2007 | DZ2: Neutron/TDR readings | EF2: Cotton 2007 | EH2: Neutron/TDR readings | EN2: Cotton 2007 | EP2: Neutron/TDR readings | EV2: Cotton 2007 | EX2: Neutron/TDR readings | FD2: Cotton 2007 | FF2: Neutron/TDR readings | FL2: Cotton 2007 | FN2: Neutron/TDR readings | FT2: Cotton 2007 | FV2: Neutron/TDR readings | GB2: Cotton 2007 | GD2: Neutron/TDR readings | GJ2: Cotton 2007 | GL2: Neutron/TDR readings | GR2: Cotton 2007 | GT2: Neutron/TDR readings | GZ2: Cotton 2007 | HB2: Neutron/TDR readings | HH2: Cotton 2007 | HJ2: Neutron/TDR readings
A3: Treatment summary | C3: 0-290 cm depth | H3: Treatment summary | J3: 0-290 cm depth | P3: Treatment summary | R3: 0-190 cm depth | X3: Treatment summary | Z3: 0-190 cm depth | AF3: Treatment summary | AH3: 0-190 cm depth | AN3: Treatment summary | AP3: 0-190 cm depth | AV3: Treatment summary | AX3: 0-190 cm depth | BD3: Treatment summary | BF3: 0-190 cm depth | BL3: Treatment summary | BN3: 0-190 cm depth | BT3: Treatment summary | BV3: 0-190 cm depth | CB3: Treatment summary | CD3: 0-190 cm depth | CJ3: Treatment summary | CL3: 0-190 cm depth | CR3: Treatment summary | CT3: 0-190 cm depth | CZ3: Treatment summary | DB3: 0-190 cm depth | DH3: Treatment summary | DJ3: 0-190 cm depth | DP3: Treatment summary | DR3: 0-190 cm depth | DX3: Treatment summary | DZ3: 0-190 cm depth | EF3: Treatment summary | EH3: 0-190 cm depth | EN3: Treatment summary | EP3: 0-190 cm depth | EV3: Treatment summary | EX3: 0-190 cm depth | FD3: Treatment summary | FF3: 0-190 cm depth | FL3: Treatment summary | FN3: 0-190 cm depth | FT3: Treatment summary | FV3: 0-190 cm depth | GB3: Treatment summary | GD3: 0-190 cm depth | GJ3: Treatment summary | GL3: 0-190 cm depth | GR3: Treatment summary | GT3: 0-190 cm depth | GZ3: Treatment summary | HB3: 0-190 cm depth | HH3: Treatment summary | HJ3: 0-190 cm depth
A4: Date: 2-May-07 | C4: File name: | D4: CT15207.xls | F4: Cum | H4: Date: 1-Jun-07 | J4: File name: | K4: CT15207.xls | M4: Cum | N4: Accum. | P4: Date: 7-Jun-07 | R4: File name: | S4: CT15807.xls | U4: Cum | V4: Accum. | X4: Date: 13-Jun-07 | Z4: File name: | AA4: CT16407.xls | AC4: Cum | AD4: Accum. | AF4: Date: 18-Jun-07 | AH4: File name: | AI4: CT16907.xls | AK4: Cum | AL4: Accum. | AN4: Date: 19-Jun-07 | AP4: File name: | AQ4: CT17007.xls | AS4: Cum | AT4: Accum. | AV4: Date: 21-Jun-07 | AX4: File name: | AY4: CT17207.xls | BA4: Cum | BB4: Accum. | BD4: Date: 22-Jun-07 | BF4: File name: | BG4: CT17307.xls | BI4: Cum | BJ4: Accum. | BL4: Date: 25-Jun-07 | BN4: File name: | BO4: CT17607.xls | BQ4: Cum | BR4: Accum. | BT4: Date: 28-Jun-07 | BV4: File name: | BW4: CT17907.xls | BY4: Cum | BZ4: Accum. | CB4: Date: 2-Jul-07 | CD4: File name: | CE4: CT18307.xls | CG4: Cum | CH4: Accum. | CJ4: Date: 5-Jul-07 | CL4: File name: | CM4: CT18607.xls | CO4: Cum | CP4: Accum. | CR4: Date: 9-Jul-07 | CT4: File name: | CU4: CT19007.xls | CW4: Cum | CX4: Accum. | CZ4: Date: 12-Jul-07 | DB4: File name: | DC4: CT19307.xls | DE4: Cum | DF4: Accum. | DH4: Date: 13-Jul-07 | DJ4: File name: | DK4: CT19407.xls | DM4: Cum | DN4: Accum. | DP4: Date: 16-Jul-07 | DR4: File name: | DS4: CT19707.xls | DU4: Cum | DV4: Accum. | DX4: Date: 19-Jul-07 | DZ4: File name: | EA4: CT20007.xls | EC4: Cum | ED4: Accum. | EF4: Date: 23-Jul-07 | EH4: File name: | EI4: CT20407.xls | EK4: Cum | EL4: Accum. | EN4: Date: 26-Jul-07 | EP4: File name: | EQ4: CT20707.xls | ES4: Cum | ET4: Accum. | EV4: Date: 30-Jul-07 | EX4: File name: | EY4: CT21107.xls | FA4: Cum | FB4: Accum. | FD4: Date: 2-Aug-07 | FF4: File name: | FG4: CT21407.xls | FI4: Cum | FJ4: Accum. | FL4: Date: 6-Aug-07 | FN4: File name: | FO4: CT21807.xls | FQ4: Cum | FR4: Accum. | FT4: Date: 8-Aug-07 | FV4: File name: | FW4: CT22007.xls | FY4: Cum | FZ4: Accum. | GB4: Date: 9-Aug-07 | GD4: File name: | GE4: CT22107.xls | GG4: Cum | GH4: Accum. | GJ4: Date: 13-Aug-07 | GL4: File name: | GM4: CT22507.xls | GO4: Cum | GP4: Accum. | GR4: Date: 16-Aug-07 | GT4: File name: | GU4: CT22807.xls | GW4: Cum | GX4: Accum. | GZ4: Date: 17-Aug-07 | HB4: File name: | HC4: CT22907.xls | HE4: Cum | HF4: Accum. | HH4: Date: 20-Aug-07 | HJ4: File name: | HK4: CT23207.xls | HM4: Cum | HN4: Accum.
F5: Storage | M5: Storage | N5: diff | U5: Storage | V5: diff | AC5: Storage | AD5: diff | AK5: Storage | AL5: diff | AS5: Storage | AT5: diff | BA5: Storage | BB5: diff | BI5: Storage | BJ5: diff | BQ5: Storage | BR5: diff | BY5: Storage | BZ5: diff | CG5: Storage | CH5: diff | CO5: Storage | CP5: diff | CW5: Storage | CX5: diff | DE5: Storage | DF5: diff | DM5: Storage | DN5: diff | DU5: Storage | DV5: diff | EC5: Storage | ED5: diff | EK5: Storage | EL5: diff | ES5: Storage | ET5: diff | FA5: Storage | FB5: diff | FI5: Storage | FJ5: diff | FQ5: Storage | FR5: diff | FY5: Storage | FZ5: diff | GG5: Storage | GH5: diff | GO5: Storage | GP5: diff | GW5: Storage | GX5: diff | HE5: Storage | HF5: diff | HM5: Storage | HN5: diff | HQ5: MAX-A | HR5: MAX-B | HS5: MAX | HY5: Min-A | HZ5: Min-B | IA5: MIN
A6: Tube no. | B6: Trt/Rep | C6: Depth cm | D6: % H2O | E6: H2O cm | F6: cm | H6: Tube no. | I6: Trt/Rep | J6: Depth cm | K6: % H2O | L6: H2O cm | M6: cm | N6: cm | P6: Tube no. | Q6: Trt/Rep | R6: Depth cm | S6: % H2O | T6: H2O cm | U6: cm | V6: cm | X6: Tube no. | Y6: Trt/Rep | Z6: Depth cm | AA6: % H2O | AB6: H2O cm | AC6: cm | AD6: cm | AF6: Tube no. | AG6: Trt/Rep | AH6: Depth cm | AI6: % H2O | AJ6: H2O cm | AK6: cm | AL6: cm | AN6: Tube no. | AO6: Trt/Rep | AP6: Depth cm | AQ6: % H2O | AR6: H2O cm | AS6: cm | AT6: cm | AV6: Tube no. | AW6: Trt/Rep | AX6: Depth cm | AY6: % H2O | AZ6: H2O cm | BA6: cm | BB6: cm | BD6: Tube no. | BE6: Trt/Rep | BF6: Depth cm | BG6: % H2O | BH6: H2O cm | BI6: cm | BJ6: cm | BL6: Tube no. | BM6: Trt/Rep | BN6: Depth cm | BO6: % H2O | BP6: H2O cm | BQ6: cm | BR6: cm | BT6: Tube no. | BU6: Trt/Rep | BV6: Depth cm | BW6: % H2O | BX6: H2O cm | BY6: cm | BZ6: cm | CB6: Tube no. | CC6: Trt/Rep | CD6: Depth cm | CE6: % H2O | CF6: H2O cm | CG6: cm | CH6: cm | CJ6: Tube no. | CK6: Trt/Rep | CL6: Depth cm | CM6: % H2O | CN6: H2O cm | CO6: cm | CP6: cm | CR6: Tube no. | CS6: Trt/Rep | CT6: Depth cm | CU6: % H2O | CV6: H2O cm | CW6: cm | CX6: cm | CZ6: Tube no. | DA6: Trt/Rep | DB6: Depth cm | DC6: % H2O | DD6: H2O cm | DE6: cm | DF6: cm | DH6: Tube no. | DI6: Trt/Rep | DJ6: Depth cm | DK6: % H2O | DL6: H2O cm | DM6: cm | DN6: cm | DP6: Tube no. | DQ6: Trt/Rep | DR6: Depth cm | DS6: % H2O | DT6: H2O cm | DU6: cm | DV6: cm | DX6: Tube no. | DY6: Trt/Rep | DZ6: Depth cm | EA6: % H2O | EB6: H2O cm | EC6: cm | ED6: cm | EF6: Tube no. | EG6: Trt/Rep | EH6: Depth cm | EI6: % H2O | EJ6: H2O cm | EK6: cm | EL6: cm | EN6: Tube no. | EO6: Trt/Rep | EP6: Depth cm | EQ6: % H2O | ER6: H2O cm | ES6: cm | ET6: cm | EV6: Tube no. | EW6: Trt/Rep | EX6: Depth cm | EY6: % H2O | EZ6: H2O cm | FA6: cm | FB6: cm | FD6: Tube no. | FE6: Trt/Rep | FF6: Depth cm | FG6: % H2O | FH6: H2O cm | FI6: cm | FJ6: cm | FL6: Tube no. | FM6: Trt/Rep | FN6: Depth cm | FO6: % H2O | FP6: H2O cm | FQ6: cm | FR6: cm | FT6: Tube no. | FU6: Trt/Rep | FV6: Depth cm | FW6: % H2O | FX6: H2O cm | FY6: cm | FZ6: cm | GB6: Tube no. | GC6: Trt/Rep | GD6: Depth cm | GE6: % H2O | GF6: H2O cm | GG6: cm | GH6: cm | GJ6: Tube no. | GK6: Trt/Rep | GL6: Depth cm | GM6: % H2O | GN6: H2O cm | GO6: cm | GP6: cm | GR6: Tube no. | GS6: Trt/Rep | GT6: Depth cm | GU6: % H2O | GV6: H2O cm | GW6: cm | GX6: cm | GZ6: Tube no. | HA6: Trt/Rep | HB6: Depth cm | HC6: % H2O | HD6: H2O cm | HE6: cm | HF6: cm | HH6: Tube no. | HI6: Trt/Rep | HJ6: Depth cm | HK6: % H2O | HL6: H2O cm | HM6: cm | HN6: cm
A7: 2 | H7: 2 | I7: STR1 | J7: 30 | K7: 0.166 | L7: =K7*30 -> 4.98 | M7: =L7 -> 4.98 | N7: =F7-M7 -> -4.98 | P7: =A7 -> 2 | Q7: =B7 -> 0 | R7: 30 | S7: 0.193 | T7: =S7*30 -> 5.79 | U7: =T7 -> 5.79 | V7: =M7-U7 -> -0.81 | X7: =P7 -> 2 | Y7: =Q7 -> 0 | Z7: 30 | AA7: 0.16 | AB7: =AA7*30 -> 4.8 | AC7: =AB7 -> 4.8 | AD7: =U7-AC7 -> 0.99 | AF7: =X7 -> 2 | AG7: =Y7 -> 0 | AH7: 30 | AI7: #N/A | AJ7: =AI7*30 -> #N/A | AK7: =AJ7 -> #N/A | AL7: =AC7-AK7 -> #N/A | AN7: =AF7 -> 2 | AO7: =AG7 -> 0 | AP7: 30 | AQ7: 0.127 | AR7: =AQ7*30 -> 3.81 | AS7: =AR7 -> 3.81 | AT7: =AC7-AS7 -> 0.99 | AV7: =AN7 -> 2 | AW7: =AO7 -> 0 | AX7: 30 | AY7: #N/A | AZ7: =AY7*30 -> #N/A | BA7: =AZ7 -> #N/A | BB7: =AK7-BA7 -> #N/A | BD7: =AV7 -> 2 | BE7: =AW7 -> 0 | BF7: 30 | BG7: 0.181 | BH7: =BG7*30 -> 5.43 | BI7: =BH7 -> 5.43 | BJ7: =AS7-BI7 -> -1.62 | BL7: =BD7 -> 2 | BM7: =BE7 -> 0 | BN7: 30 | BO7: 0.151 | BP7: =BO7*30 -> 4.53 | BQ7: =BP7 -> 4.53 | BR7: =BI7-BQ7 -> 0.9 | BT7: =BL7 -> 2 | BU7: =BM7 -> 0 | BV7: 30 | BW7: 0.12 | BX7: =BW7*30 -> 3.6 | BY7: =BX7 -> 3.6 | BZ7: =BQ7-BY7 -> 0.93 | CB7: =BT7 -> 2 | CC7: =BU7 -> 0 | CD7: 30 | CE7: 0.155 | CF7: =CE7*30 -> 4.65 | CG7: =CF7 -> 4.65 | CH7: =BY7-CG7 -> -1.05 | CJ7: =CB7 -> 2 | CK7: =CC7 -> 0 | CL7: 30 | CM7: 0.119 | CN7: =CM7*30 -> 3.57 | CO7: =CN7 -> 3.57 | CP7: =CG7-CO7 -> 1.08 | CR7: =CJ7 -> 2 | CS7: =CK7 -> 0 | CT7: 30 | CU7: 0.092 | CV7: =CU7*30 -> 2.76 | CW7: =CV7 -> 2.76 | CX7: =CO7-CW7 -> 0.81 | CZ7: =CR7 -> 2 | DA7: =CS7 -> 0 | DB7: 30 | DC7: #N/A | DD7: =DC7*30 -> #N/A | DE7: =DD7 -> #N/A | DF7: =CW7-DE7 -> #N/A | DH7: =CZ7 -> 2 | DI7: =DA7 -> 0 | DJ7: 30 | DK7: 0.185 | DL7: =DK7*30 -> 5.55 | DM7: =DL7 -> 5.55 | DN7: =CW7-DM7 -> -2.79 | DP7: =DH7 -> 2 | DQ7: =DI7 -> 0 | DR7: 30 | DS7: #N/A | DT7: =DS7*30 -> #N/A | DU7: =DT7 -> #N/A | DV7: =DE7-DU7 -> #N/A | DX7: =DP7 -> 2 | DY7: =DQ7 -> 0 | DZ7: 30 | EA7: 0.124 | EB7: =EA7*30 -> 3.72 | EC7: =EB7 -> 3.72 | ED7: =DM7-EC7 -> 1.83 | EF7: =DX7 -> 2 | EG7: =DY7 -> 0 | EH7: 30 | EI7: #N/A | EJ7: =EI7*30 -> #N/A | EK7: =EJ7 -> #N/A | EL7: =DU7-EK7 -> #N/A | EN7: =EF7 -> 2 | EO7: =EG7 -> 0 | EP7: 30 | EQ7: 0.105 | ER7: =EQ7*30 -> 3.15 | ES7: =ER7 -> 3.15 | ET7: =EC7-ES7 -> 0.57 | EV7: =EN7 -> 2 | EW7: =EO7 -> 0 | EX7: 30 | EY7: #N/A | EZ7: =EY7*30 -> #N/A | FA7: =EZ7 -> #N/A | FB7: =EK7-FA7 -> #N/A | FD7: =EV7 -> 2 | FE7: =EW7 -> 0 | FF7: 30 | FG7: 0.099 | FH7: =FG7*30 -> 2.97 | FI7: =FH7 -> 2.97 | FJ7: =ES7-FI7 -> 0.18 | FL7: =FD7 -> 2 | FM7: =FE7 -> 0 | FN7: 30 | FO7: 0.174 | FP7: =FO7*30 -> 5.22 | FQ7: =FP7 -> 5.22 | FR7: =FI7-FQ7 -> -2.25 | FT7: =FL7 -> 2 | FU7: =FM7 -> 0 | FV7: 30 | FW7: #N/A | FX7: =FW7*30 -> #N/A | FY7: =FX7 -> #N/A | FZ7: =FQ7-FY7 -> #N/A | GB7: =FT7 -> 2 | GC7: =FU7 -> 0 | GD7: 30 | GE7: #N/A | GF7: =GE7*30 -> #N/A | GG7: =GF7 -> #N/A | GH7: =FY7-GG7 -> #N/A | GJ7: =GB7 -> 2 | GK7: =GC7 -> 0 | GL7: 30 | GM7: 0.12 | GN7: =GM7*30 -> 3.6 | GO7: =GN7 -> 3.6 | GP7: =FQ7-GO7 -> 1.62 | GR7: =GJ7 -> 2 | GS7: =GK7 -> 0 | GT7: 30 | GU7: #N/A | GV7: =GU7*30 -> #N/A | GW7: =GV7 -> #N/A | GX7: =FY7-GW7 -> #N/A | GZ7: =GR7 -> 2 | HA7: =GS7 -> 0 | HB7: 30 | HC7: #N/A | HD7: =HC7*30 -> #N/A | HE7: =HD7 -> #N/A | HF7: =GG7-HE7 -> #N/A | HH7: =GZ7 -> 2 | HI7: =HA7 -> 0 | HJ7: 30 | HK7: 0.091 | HL7: =HK7*30 -> 2.73 | HM7: =HL7 -> 2.73 | HN7: =GO7-HM7 -> 0.87 | HP7: 30 | HQ7: =MAX(D7,S7,AA7,AQ7, BG7, BO7, BW7, CE7, CM7, CU7, DK7,EA7,EQ7,FG7,FO7, GM7,HK7) -> 0.193 | HR7: 0.233 | HS7: =MAX(HQ7,HR7) -> 0.233 | HT7: =HS7*30 -> 6.99 | HU7: =HT7 -> 6.99 | HV7: =HH7 -> 2 | HX7: 30 | HY7: =MIN(D7,S7,AA7,AQ7,BG7, BO7, BW7, CE7, CM7, CU7, DK7, EA7,EQ7,FG7,FO7,GM7,HK7) -> 0.091 | HZ7: 0.071 | IA7: =MIN(HY7,HZ7) -> 0.071 | IB7: =IA7*30 -> 2.13 | IC7: =IB7 -> 2.13
J8: 50 | K8: 0.191 | L8: =K8*20 -> 3.82 | M8: =M7+L8 -> 8.8 | N8: =F8-M8 -> -8.8 | R8: 50 | S8: 0.208 | T8: =S8*20 -> 4.16 | U8: =U7+T8 -> 9.95 | V8: =M8-U8 -> -1.15 | Z8: 50 | AA8: 0.189 | AB8: =AA8*20 -> 3.78 | AC8: =AC7+AB8 -> 8.58 | AD8: =U8-AC8 -> 1.37 | AH8: 50 | AI8: #N/A | AJ8: =AI8*20 -> #N/A | AK8: =AK7+AJ8 -> #N/A | AL8: =AC8-AK8 -> #N/A | AP8: 50 | AQ8: 0.172 | AR8: =AQ8*20 -> 3.44 | AS8: =AS7+AR8 -> 7.25 | AT8: =AC8-AS8 -> 1.33 | AX8: 50 | AY8: #N/A | AZ8: =AY8*20 -> #N/A | BA8: =BA7+AZ8 -> #N/A | BB8: =AK8-BA8 -> #N/A | BF8: 50 | BG8: 0.206 | BH8: =BG8*20 -> 4.12 | BI8: =BI7+BH8 -> 9.55 | BJ8: =AS8-BI8 -> -2.3 | BN8: 50 | BO8: 0.181 | BP8: =BO8*20 -> 3.62 | BQ8: =BQ7+BP8 -> 8.15 | BR8: =BI8-BQ8 -> 1.4 | BV8: 50 | BW8: 0.153 | BX8: =BW8*20 -> 3.06 | BY8: =BY7+BX8 -> 6.66 | BZ8: =BQ8-BY8 -> 1.49 | CD8: 50 | CE8: 0.188 | CF8: =CE8*20 -> 3.76 | CG8: =CG7+CF8 -> 8.41 | CH8: =BY8-CG8 -> -1.75 | CL8: 50 | CM8: 0.147 | CN8: =CM8*20 -> 2.94 | CO8: =CO7+CN8 -> 6.51 | CP8: =CG8-CO8 -> 1.9 | CT8: 50 | CU8: 0.128 | CV8: =CU8*20 -> 2.56 | CW8: =CW7+CV8 -> 5.32 | CX8: =CO8-CW8 -> 1.19 | DB8: 50 | DC8: #N/A | DD8: =DC8*20 -> #N/A | DE8: =DE7+DD8 -> #N/A | DF8: =CW8-DE8 -> #N/A | DJ8: 50 | DK8: 0.204 | DL8: =DK8*20 -> 4.08 | DM8: =DM7+DL8 -> 9.63 | DN8: =CW8-DM8 -> -4.31 | DR8: 50 | DS8: #N/A | DT8: =DS8*20 -> #N/A | DU8: =DU7+DT8 -> #N/A | DV8: =DE8-DU8 -> #N/A | DZ8: 50 | EA8: 0.142 | EB8: =EA8*20 -> 2.84 | EC8: =EC7+EB8 -> 6.56 | ED8: =DM8-EC8 -> 3.07 | EH8: 50 | EI8: #N/A | EJ8: =EI8*20 -> #N/A | EK8: =EK7+EJ8 -> #N/A | EL8: =DU8-EK8 -> #N/A | EP8: 50 | EQ8: 0.127 | ER8: =EQ8*20 -> 2.54 | ES8: =ES7+ER8 -> 5.69 | ET8: =EC8-ES8 -> 0.87 | EX8: 50 | EY8: #N/A | EZ8: =EY8*20 -> #N/A | FA8: =FA7+EZ8 -> #N/A | FB8: =EK8-FA8 -> #N/A | FF8: 50 | FG8: 0.118 | FH8: =FG8*20 -> 2.36 | FI8: =FI7+FH8 -> 5.33 | FJ8: =ES8-FI8 -> 0.36 | FN8: 50 | FO8: 0.202 | FP8: =FO8*20 -> 4.04 | FQ8: =FQ7+FP8 -> 9.26 | FR8: =FI8-FQ8 -> -3.93 | FV8: 50 | FW8: #N/A | FX8: =FW8*20 -> #N/A | FY8: =FY7+FX8 -> #N/A | FZ8: =FQ8-FY8 -> #N/A | GD8: 50 | GE8: #N/A | GF8: =GE8*20 -> #N/A | GG8: =GG7+GF8 -> #N/A | GH8: =FY8-GG8 -> #N/A | GL8: 50 | GM8: 0.155 | GN8: =GM8*20 -> 3.1 | GO8: =GO7+GN8 -> 6.7 | GP8: =FQ8-GO8 -> 2.56 | GT8: 50 | GU8: #N/A | GV8: =GU8*20 -> #N/A | GW8: =GW7+GV8 -> #N/A | GX8: =FY8-GW8 -> #N/A | HB8: 50 | HC8: #N/A | HD8: =HC8*20 -> #N/A | HE8: =HE7+HD8 -> #N/A | HF8: =GG8-HE8 -> #N/A | HJ8: 50 | HK8: 0.125 | HL8: =HK8*20 -> 2.5 | HM8: =HM7+HL8 -> 5.23 | HN8: =GO8-HM8 -> 1.47 | HP8: 50 | HQ8: =MAX(D8,S8,AA8,AQ8, BG8, BO8, BW8, CE8, CM8, CU8, DK8,EA8,EQ8,FG8,FO8, GM8,HK8) -> 0.208 | HR8: 0.209 | HS8: =MAX(HQ8,HR8) -> 0.209 | HT8: =HS8*20 -> 4.18 | HU8: =HU7+HT8 -> 11.17 | HX8: 50 | HY8: =MIN(D8,S8,AA8,AQ8,BG8, BO8, BW8, CE8, CM8, CU8, DK8, EA8,EQ8,FG8,FO8,GM8,HK8) -> 0.118 | HZ8: 0.111 | IA8: =MIN(HY8,HZ8) -> 0.111 | IB8: =IA8*20 -> 2.22 | IC8: =IC7+IB8 -> 4.35
J9: 70 | K9: 0.169 | L9: =K9*20 -> 3.38 | M9: =M8+L9 -> 12.18 | N9: =F9-M9 -> -12.18 | R9: 70 | S9: 0.169 | T9: =S9*20 -> 3.38 | U9: =U8+T9 -> 13.33 | V9: =M9-U9 -> -1.15 | Z9: 70 | AA9: 0.173 | AB9: =AA9*20 -> 3.46 | AC9: =AC8+AB9 -> 12.04 | AD9: =U9-AC9 -> 1.29 | AH9: 70 | AI9: #N/A | AJ9: =AI9*20 -> #N/A | AK9: =AK8+AJ9 -> #N/A | AL9: =AC9-AK9 -> #N/A | AP9: 70 | AQ9: 0.168 | AR9: =AQ9*20 -> 3.36 | AS9: =AS8+AR9 -> 10.61 | AT9: =AC9-AS9 -> 1.43 | AX9: 70 | AY9: #N/A | AZ9: =AY9*20 -> #N/A | BA9: =BA8+AZ9 -> #N/A | BB9: =AK9-BA9 -> #N/A | BF9: 70 | BG9: 0.186 | BH9: =BG9*20 -> 3.72 | BI9: =BI8+BH9 -> 13.27 | BJ9: =AS9-BI9 -> -2.66 | BN9: 70 | BO9: 0.172 | BP9: =BO9*20 -> 3.44 | BQ9: =BQ8+BP9 -> 11.59 | BR9: =BI9-BQ9 -> 1.68 | BV9: 70 | BW9: 0.159 | BX9: =BW9*20 -> 3.18 | BY9: =BY8+BX9 -> 9.84 | BZ9: =BQ9-BY9 -> 1.75 | CD9: 70 | CE9: 0.171 | CF9: =CE9*20 -> 3.42 | CG9: =CG8+CF9 -> 11.83 | CH9: =BY9-CG9 -> -1.99 | CL9: 70 | CM9: 0.156 | CN9: =CM9*20 -> 3.12 | CO9: =CO8+CN9 -> 9.63 | CP9: =CG9-CO9 -> 2.2 | CT9: 70 | CU9: 0.132 | CV9: =CU9*20 -> 2.64 | CW9: =CW8+CV9 -> 7.96 | CX9: =CO9-CW9 -> 1.67 | DB9: 70 | DC9: #N/A | DD9: =DC9*20 -> #N/A | DE9: =DE8+DD9 -> #N/A | DF9: =CW9-DE9 -> #N/A | DJ9: 70 | DK9: 0.191 | DL9: =DK9*20 -> 3.82 | DM9: =DM8+DL9 -> 13.45 | DN9: =CW9-DM9 -> -5.49 | DR9: 70 | DS9: #N/A | DT9: =DS9*20 -> #N/A | DU9: =DU8+DT9 -> #N/A | DV9: =DE9-DU9 -> #N/A | DZ9: 70 | EA9: 0.144 | EB9: =EA9*20 -> 2.88 | EC9: =EC8+EB9 -> 9.44 | ED9: =DM9-EC9 -> 4.01 | EH9: 70 | EI9: #N/A | EJ9: =EI9*20 -> #N/A | EK9: =EK8+EJ9 -> #N/A | EL9: =DU9-EK9 -> #N/A | EP9: 70 | EQ9: 0.126 | ER9: =EQ9*20 -> 2.52 | ES9: =ES8+ER9 -> 8.21 | ET9: =EC9-ES9 -> 1.23 | EX9: 70 | EY9: #N/A | EZ9: =EY9*20 -> #N/A | FA9: =FA8+EZ9 -> #N/A | FB9: =EK9-FA9 -> #N/A | FF9: 70 | FG9: 0.114 | FH9: =FG9*20 -> 2.28 | FI9: =FI8+FH9 -> 7.61 | FJ9: =ES9-FI9 -> 0.6 | FN9: 70 | FO9: 0.183 | FP9: =FO9*20 -> 3.66 | FQ9: =FQ8+FP9 -> 12.92 | FR9: =FI9-FQ9 -> -5.31 | FV9: 70 | FW9: #N/A | FX9: =FW9*20 -> #N/A | FY9: =FY8+FX9 -> #N/A | FZ9: =FQ9-FY9 -> #N/A | GD9: 70 | GE9: #N/A | GF9: =GE9*20 -> #N/A | GG9: =GG8+GF9 -> #N/A | GH9: =FY9-GG9 -> #N/A | GL9: 70 | GM9: 0.148 | GN9: =GM9*20 -> 2.96 | GO9: =GO8+GN9 -> 9.66 | GP9: =FQ9-GO9 -> 3.26 | GT9: 70 | GU9: #N/A | GV9: =GU9*20 -> #N/A | GW9: =GW8+GV9 -> #N/A | GX9: =FY9-GW9 -> #N/A | HB9: 70 | HC9: #N/A | HD9: =HC9*20 -> #N/A | HE9: =HE8+HD9 -> #N/A | HF9: =GG9-HE9 -> #N/A | HJ9: 70 | HK9: 0.121 | HL9: =HK9*20 -> 2.42 | HM9: =HM8+HL9 -> 7.65 | HN9: =GO9-HM9 -> 2.01 | HP9: 70 | HQ9: =MAX(D9,S9,AA9,AQ9, BG9, BO9, BW9, CE9, CM9, CU9, DK9,EA9,EQ9,FG9,FO9, GM9,HK9) -> 0.191 | HR9: 0.184 | HS9: =MAX(HQ9,HR9) -> 0.191 | HT9: =HS9*20 -> 3.82 | HU9: =HU8+HT9 -> 14.99 | HX9: 70 | HY9: =MIN(D9,S9,AA9,AQ9,BG9, BO9, BW9, CE9, CM9, CU9, DK9, EA9,EQ9,FG9,FO9,GM9,HK9) -> 0.114 | HZ9: 0.102 | IA9: =MIN(HY9,HZ9) -> 0.102 | IB9: =IA9*20 -> 2.04 | IC9: =IC8+IB9 -> 6.39
J10: 90 | K10: 0.156 | L10: =K10*20 -> 3.12 | M10: =M9+L10 -> 15.3 | N10: =F10-M10 -> -15.3 | R10: 90 | S10: 0.156 | T10: =S10*20 -> 3.12 | U10: =U9+T10 -> 16.45 | V10: =M10-U10 -> -1.15 | Z10: 90 | AA10: 0.145 | AB10: =AA10*20 -> 2.9 | AC10: =AC9+AB10 -> 14.94 | AD10: =U10-AC10 -> 1.51 | AH10: 90 | AI10: #N/A | AJ10: =AI10*20 -> #N/A | AK10: =AK9+AJ10 -> #N/A | AL10: =AC10-AK10 -> #N/A | AP10: 90 | AQ10: 0.142 | AR10: =AQ10*20 -> 2.84 | AS10: =AS9+AR10 -> 13.45 | AT10: =AC10-AS10 -> 1.49 | AX10: 90 | AY10: #N/A | AZ10: =AY10*20 -> #N/A | BA10: =BA9+AZ10 -> #N/A | BB10: =AK10-BA10 -> #N/A | BF10: 90 | BG10: 0.147 | BH10: =BG10*20 -> 2.94 | BI10: =BI9+BH10 -> 16.21 | BJ10: =AS10-BI10 -> -2.76 | BN10: 90 | BO10: 0.144 | BP10: =BO10*20 -> 2.88 | BQ10: =BQ9+BP10 -> 14.47 | BR10: =BI10-BQ10 -> 1.74 | BV10: 90 | BW10: 0.144 | BX10: =BW10*20 -> 2.88 | BY10: =BY9+BX10 -> 12.72 | BZ10: =BQ10-BY10 -> 1.75 | CD10: 90 | CE10: 0.138 | CF10: =CE10*20 -> 2.76 | CG10: =CG9+CF10 -> 14.59 | CH10: =BY10-CG10 -> -1.87 | CL10: 90 | CM10: 0.137 | CN10: =CM10*20 -> 2.74 | CO10: =CO9+CN10 -> 12.37 | CP10: =CG10-CO10 -> 2.22 | CT10: 90 | CU10: 0.116 | CV10: =CU10*20 -> 2.32 | CW10: =CW9+CV10 -> 10.28 | CX10: =CO10-CW10 -> 2.09 | DB10: 90 | DC10: #N/A | DD10: =DC10*20 -> #N/A | DE10: =DE9+DD10 -> #N/A | DF10: =CW10-DE10 -> #N/A | DJ10: 90 | DK10: 0.159 | DL10: =DK10*20 -> 3.18 | DM10: =DM9+DL10 -> 16.63 | DN10: =CW10-DM10 -> -6.35 | DR10: 90 | DS10: #N/A | DT10: =DS10*20 -> #N/A | DU10: =DU9+DT10 -> #N/A | DV10: =DE10-DU10 -> #N/A | DZ10: 90 | EA10: 0.116 | EB10: =EA10*20 -> 2.32 | EC10: =EC9+EB10 -> 11.76 | ED10: =DM10-EC10 -> 4.87 | EH10: 90 | EI10: #N/A | EJ10: =EI10*20 -> #N/A | EK10: =EK9+EJ10 -> #N/A | EL10: =DU10-EK10 -> #N/A | EP10: 90 | EQ10: 0.096 | ER10: =EQ10*20 -> 1.92 | ES10: =ES9+ER10 -> 10.13 | ET10: =EC10-ES10 -> 1.63 | EX10: 90 | EY10: #N/A | EZ10: =EY10*20 -> #N/A | FA10: =FA9+EZ10 -> #N/A | FB10: =EK10-FA10 -> #N/A | FF10: 90 | FG10: 0.083 | FH10: =FG10*20 -> 1.66 | FI10: =FI9+FH10 -> 9.27 | FJ10: =ES10-FI10 -> 0.86 | FN10: 90 | FO10: 0.155 | FP10: =FO10*20 -> 3.1 | FQ10: =FQ9+FP10 -> 16.02 | FR10: =FI10-FQ10 -> -6.75 | FV10: 90 | FW10: #N/A | FX10: =FW10*20 -> #N/A | FY10: =FY9+FX10 -> #N/A | FZ10: =FQ10-FY10 -> #N/A | GD10: 90 | GE10: #N/A | GF10: =GE10*20 -> #N/A | GG10: =GG9+GF10 -> #N/A | GH10: =FY10-GG10 -> #N/A | GL10: 90 | GM10: 0.116 | GN10: =GM10*20 -> 2.32 | GO10: =GO9+GN10 -> 11.98 | GP10: =FQ10-GO10 -> 4.04 | GT10: 90 | GU10: #N/A | GV10: =GU10*20 -> #N/A | GW10: =GW9+GV10 -> #N/A | GX10: =FY10-GW10 -> #N/A | HB10: 90 | HC10: #N/A | HD10: =HC10*20 -> #N/A | HE10: =HE9+HD10 -> #N/A | HF10: =GG10-HE10 -> #N/A | HJ10: 90 | HK10: 0.086 | HL10: =HK10*20 -> 1.72 | HM10: =HM9+HL10 -> 9.37 | HN10: =GO10-HM10 -> 2.61 | HP10: 90 | HQ10: =MAX(D10,S10,AA10,AQ10, BG10, BO10, BW10, CE10, CM10, CU10, DK10,EA10,EQ10,FG10,FO10, GM10,HK10) -> 0.159 | HR10: 0.141 | HS10: =MAX(HQ10,HR10) -> 0.159 | HT10: =HS10*20 -> 3.18 | HU10: =HU9+HT10 -> 18.17 | HX10: 90 | HY10: =MIN(D10,S10,AA10,AQ10,BG10, BO10, BW10, CE10, CM10, CU10, DK10, EA10,EQ10,FG10,FO10,GM10,HK10) -> 0.083 | HZ10: 0.075 | IA10: =MIN(HY10,HZ10) -> 0.075 | IB10: =IA10*20 -> 1.5 | IC10: =IC9+IB10 -> 7.89
J11: 110 | K11: 0.198 | L11: =K11*20 -> 3.96 | M11: =M10+L11 -> 19.26 | N11: =F11-M11 -> -19.26 | R11: 110 | S11: 0.19 | T11: =S11*20 -> 3.8 | U11: =U10+T11 -> 20.25 | V11: =M11-U11 -> -0.99 | Z11: 110 | AA11: 0.173 | AB11: =AA11*20 -> 3.46 | AC11: =AC10+AB11 -> 18.4 | AD11: =U11-AC11 -> 1.85 | AH11: 110 | AI11: #N/A | AJ11: =AI11*20 -> #N/A | AK11: =AK10+AJ11 -> #N/A | AL11: =AC11-AK11 -> #N/A | AP11: 110 | AQ11: 0.175 | AR11: =AQ11*20 -> 3.5 | AS11: =AS10+AR11 -> 16.95 | AT11: =AC11-AS11 -> 1.45 | AX11: 110 | AY11: #N/A | AZ11: =AY11*20 -> #N/A | BA11: =BA10+AZ11 -> #N/A | BB11: =AK11-BA11 -> #N/A | BF11: 110 | BG11: 0.177 | BH11: =BG11*20 -> 3.54 | BI11: =BI10+BH11 -> 19.75 | BJ11: =AS11-BI11 -> -2.8 | BN11: 110 | BO11: 0.178 | BP11: =BO11*20 -> 3.56 | BQ11: =BQ10+BP11 -> 18.03 | BR11: =BI11-BQ11 -> 1.72 | BV11: 110 | BW11: 0.175 | BX11: =BW11*20 -> 3.5 | BY11: =BY10+BX11 -> 16.22 | BZ11: =BQ11-BY11 -> 1.81 | CD11: 110 | CE11: 0.176 | CF11: =CE11*20 -> 3.52 | CG11: =CG10+CF11 -> 18.11 | CH11: =BY11-CG11 -> -1.89 | CL11: 110 | CM11: 0.175 | CN11: =CM11*20 -> 3.5 | CO11: =CO10+CN11 -> 15.87 | CP11: =CG11-CO11 -> 2.24 | CT11: 110 | CU11: 0.157 | CV11: =CU11*20 -> 3.14 | CW11: =CW10+CV11 -> 13.42 | CX11: =CO11-CW11 -> 2.45 | DB11: 110 | DC11: #N/A | DD11: =DC11*20 -> #N/A | DE11: =DE10+DD11 -> #N/A | DF11: =CW11-DE11 -> #N/A | DJ11: 110 | DK11: 0.179 | DL11: =DK11*20 -> 3.58 | DM11: =DM10+DL11 -> 20.21 | DN11: =CW11-DM11 -> -6.79 | DR11: 110 | DS11: #N/A | DT11: =DS11*20 -> #N/A | DU11: =DU10+DT11 -> #N/A | DV11: =DE11-DU11 -> #N/A | DZ11: 110 | EA11: 0.151 | EB11: =EA11*20 -> 3.02 | EC11: =EC10+EB11 -> 14.78 | ED11: =DM11-EC11 -> 5.43 | EH11: 110 | EI11: #N/A | EJ11: =EI11*20 -> #N/A | EK11: =EK10+EJ11 -> #N/A | EL11: =DU11-EK11 -> #N/A | EP11: 110 | EQ11: 0.12 | ER11: =EQ11*20 -> 2.4 | ES11: =ES10+ER11 -> 12.53 | ET11: =EC11-ES11 -> 2.25 | EX11: 110 | EY11: #N/A | EZ11: =EY11*20 -> #N/A | FA11: =FA10+EZ11 -> #N/A | FB11: =EK11-FA11 -> #N/A | FF11: 110 | FG11: 0.1 | FH11: =FG11*20 -> 2 | FI11: =FI10+FH11 -> 11.27 | FJ11: =ES11-FI11 -> 1.26 | FN11: 110 | FO11: 0.178 | FP11: =FO11*20 -> 3.56 | FQ11: =FQ10+FP11 -> 19.58 | FR11: =FI11-FQ11 -> -8.31 | FV11: 110 | FW11: #N/A | FX11: =FW11*20 -> #N/A | FY11: =FY10+FX11 -> #N/A | FZ11: =FQ11-FY11 -> #N/A | GD11: 110 | GE11: #N/A | GF11: =GE11*20 -> #N/A | GG11: =GG10+GF11 -> #N/A | GH11: =FY11-GG11 -> #N/A | GL11: 110 | GM11: 0.144 | GN11: =GM11*20 -> 2.88 | GO11: =GO10+GN11 -> 14.86 | GP11: =FQ11-GO11 -> 4.72 | GT11: 110 | GU11: #N/A | GV11: =GU11*20 -> #N/A | GW11: =GW10+GV11 -> #N/A | GX11: =FY11-GW11 -> #N/A | HB11: 110 | HC11: #N/A | HD11: =HC11*20 -> #N/A | HE11: =HE10+HD11 -> #N/A | HF11: =GG11-HE11 -> #N/A | HJ11: 110 | HK11: 0.107 | HL11: =HK11*20 -> 2.14 | HM11: =HM10+HL11 -> 11.51 | HN11: =GO11-HM11 -> 3.35 | HP11: 110 | HQ11: =MAX(D11,S11,AA11,AQ11, BG11, BO11, BW11, CE11, CM11, CU11, DK11,EA11,EQ11,FG11,FO11, GM11,HK11) -> 0.19 | HR11: 0.137 | HS11: =MAX(HQ11,HR11) -> 0.19 | HT11: =HS11*20 -> 3.8 | HU11: =HU10+HT11 -> 21.97 | HX11: 110 | HY11: =MIN(D11,S11,AA11,AQ11,BG11, BO11, BW11, CE11, CM11, CU11, DK11, EA11,EQ11,FG11,FO11,GM11,HK11) -> 0.1 | HZ11: 0.085 | IA11: =MIN(HY11,HZ11) -> 0.085 | IB11: =IA11*20 -> 1.7 | IC11: =IC10+IB11 -> 9.59
J12: 130 | K12: 0.227 | L12: =K12*20 -> 4.54 | M12: =M11+L12 -> 23.8 | N12: =F12-M12 -> -23.8 | R12: 130 | S12: 0.22 | T12: =S12*20 -> 4.4 | U12: =U11+T12 -> 24.65 | V12: =M12-U12 -> -0.85 | Z12: 130 | AA12: 0.205 | AB12: =AA12*20 -> 4.1 | AC12: =AC11+AB12 -> 22.5 | AD12: =U12-AC12 -> 2.15 | AH12: 130 | AI12: #N/A | AJ12: =AI12*20 -> #N/A | AK12: =AK11+AJ12 -> #N/A | AL12: =AC12-AK12 -> #N/A | AP12: 130 | AQ12: 0.212 | AR12: =AQ12*20 -> 4.24 | AS12: =AS11+AR12 -> 21.19 | AT12: =AC12-AS12 -> 1.31 | AX12: 130 | AY12: #N/A | AZ12: =AY12*20 -> #N/A | BA12: =BA11+AZ12 -> #N/A | BB12: =AK12-BA12 -> #N/A | BF12: 130 | BG12: 0.214 | BH12: =BG12*20 -> 4.28 | BI12: =BI11+BH12 -> 24.03 | BJ12: =AS12-BI12 -> -2.84 | BN12: 130 | BO12: 0.209 | BP12: =BO12*20 -> 4.18 | BQ12: =BQ11+BP12 -> 22.21 | BR12: =BI12-BQ12 -> 1.82 | BV12: 130 | BW12: 0.213 | BX12: =BW12*20 -> 4.26 | BY12: =BY11+BX12 -> 20.48 | BZ12: =BQ12-BY12 -> 1.73 | CD12: 130 | CE12: 0.208 | CF12: =CE12*20 -> 4.16 | CG12: =CG11+CF12 -> 22.27 | CH12: =BY12-CG12 -> -1.79 | CL12: 130 | CM12: 0.208 | CN12: =CM12*20 -> 4.16 | CO12: =CO11+CN12 -> 20.03 | CP12: =CG12-CO12 -> 2.24 | CT12: 130 | CU12: 0.201 | CV12: =CU12*20 -> 4.02 | CW12: =CW11+CV12 -> 17.44 | CX12: =CO12-CW12 -> 2.59 | DB12: 130 | DC12: #N/A | DD12: =DC12*20 -> #N/A | DE12: =DE11+DD12 -> #N/A | DF12: =CW12-DE12 -> #N/A | DJ12: 130 | DK12: 0.204 | DL12: =DK12*20 -> 4.08 | DM12: =DM11+DL12 -> 24.29 | DN12: =CW12-DM12 -> -6.85 | DR12: 130 | DS12: #N/A | DT12: =DS12*20 -> #N/A | DU12: =DU11+DT12 -> #N/A | DV12: =DE12-DU12 -> #N/A | DZ12: 130 | EA12: 0.187 | EB12: =EA12*20 -> 3.74 | EC12: =EC11+EB12 -> 18.52 | ED12: =DM12-EC12 -> 5.77 | EH12: 130 | EI12: #N/A | EJ12: =EI12*20 -> #N/A | EK12: =EK11+EJ12 -> #N/A | EL12: =DU12-EK12 -> #N/A | EP12: 130 | EQ12: 0.144 | ER12: =EQ12*20 -> 2.88 | ES12: =ES11+ER12 -> 15.41 | ET12: =EC12-ES12 -> 3.11 | EX12: 130 | EY12: #N/A | EZ12: =EY12*20 -> #N/A | FA12: =FA11+EZ12 -> #N/A | FB12: =EK12-FA12 -> #N/A | FF12: 130 | FG12: 0.118 | FH12: =FG12*20 -> 2.36 | FI12: =FI11+FH12 -> 13.63 | FJ12: =ES12-FI12 -> 1.78 | FN12: 130 | FO12: 0.192 | FP12: =FO12*20 -> 3.84 | FQ12: =FQ11+FP12 -> 23.42 | FR12: =FI12-FQ12 -> -9.79 | FV12: 130 | FW12: #N/A | FX12: =FW12*20 -> #N/A | FY12: =FY11+FX12 -> #N/A | FZ12: =FQ12-FY12 -> #N/A | GD12: 130 | GE12: #N/A | GF12: =GE12*20 -> #N/A | GG12: =GG11+GF12 -> #N/A | GH12: =FY12-GG12 -> #N/A | GL12: 130 | GM12: 0.165 | GN12: =GM12*20 -> 3.3 | GO12: =GO11+GN12 -> 18.16 | GP12: =FQ12-GO12 -> 5.26 | GT12: 130 | GU12: #N/A | GV12: =GU12*20 -> #N/A | GW12: =GW11+GV12 -> #N/A | GX12: =FY12-GW12 -> #N/A | HB12: 130 | HC12: #N/A | HD12: =HC12*20 -> #N/A | HE12: =HE11+HD12 -> #N/A | HF12: =GG12-HE12 -> #N/A | HJ12: 130 | HK12: 0.12 | HL12: =HK12*20 -> 2.4 | HM12: =HM11+HL12 -> 13.91 | HN12: =GO12-HM12 -> 4.25 | HP12: 130 | HQ12: =MAX(D12,S12,AA12,AQ12, BG12, BO12, BW12, CE12, CM12, CU12, DK12,EA12,EQ12,FG12,FO12, GM12,HK12) -> 0.22 | HR12: 0.12 | HS12: =MAX(HQ12,HR12) -> 0.22 | HT12: =HS12*20 -> 4.4 | HU12: =HU11+HT12 -> 26.37 | HX12: 130 | HY12: =MIN(D12,S12,AA12,AQ12,BG12, BO12, BW12, CE12, CM12, CU12, DK12, EA12,EQ12,FG12,FO12,GM12,HK12) -> 0.118 | HZ12: 0.102 | IA12: =MIN(HY12,HZ12) -> 0.102 | IB12: =IA12*20 -> 2.04 | IC12: =IC11+IB12 -> 11.63
J13: 150 | K13: 0.221 | L13: =K13*20 -> 4.42 | M13: =M12+L13 -> 28.22 | N13: =F13-M13 -> -28.22 | R13: 150 | S13: 0.213 | T13: =S13*20 -> 4.26 | U13: =U12+T13 -> 28.91 | V13: =M13-U13 -> -0.69 | Z13: 150 | AA13: 0.214 | AB13: =AA13*20 -> 4.28 | AC13: =AC12+AB13 -> 26.78 | AD13: =U13-AC13 -> 2.13 | AH13: 150 | AI13: #N/A | AJ13: =AI13*20 -> #N/A | AK13: =AK12+AJ13 -> #N/A | AL13: =AC13-AK13 -> #N/A | AP13: 150 | AQ13: 0.215 | AR13: =AQ13*20 -> 4.3 | AS13: =AS12+AR13 -> 25.49 | AT13: =AC13-AS13 -> 1.29 | AX13: 150 | AY13: #N/A | AZ13: =AY13*20 -> #N/A | BA13: =BA12+AZ13 -> #N/A | BB13: =AK13-BA13 -> #N/A | BF13: 150 | BG13: 0.213 | BH13: =BG13*20 -> 4.26 | BI13: =BI12+BH13 -> 28.29 | BJ13: =AS13-BI13 -> -2.8 | BN13: 150 | BO13: 0.217 | BP13: =BO13*20 -> 4.34 | BQ13: =BQ12+BP13 -> 26.55 | BR13: =BI13-BQ13 -> 1.74 | BV13: 150 | BW13: 0.218 | BX13: =BW13*20 -> 4.36 | BY13: =BY12+BX13 -> 24.84 | BZ13: =BQ13-BY13 -> 1.71 | CD13: 150 | CE13: 0.219 | CF13: =CE13*20 -> 4.38 | CG13: =CG12+CF13 -> 26.65 | CH13: =BY13-CG13 -> -1.81 | CL13: 150 | CM13: 0.217 | CN13: =CM13*20 -> 4.34 | CO13: =CO12+CN13 -> 24.37 | CP13: =CG13-CO13 -> 2.28 | CT13: 150 | CU13: 0.211 | CV13: =CU13*20 -> 4.22 | CW13: =CW12+CV13 -> 21.66 | CX13: =CO13-CW13 -> 2.71 | DB13: 150 | DC13: #N/A | DD13: =DC13*20 -> #N/A | DE13: =DE12+DD13 -> #N/A | DF13: =CW13-DE13 -> #N/A | DJ13: 150 | DK13: 0.211 | DL13: =DK13*20 -> 4.22 | DM13: =DM12+DL13 -> 28.51 | DN13: =CW13-DM13 -> -6.85 | DR13: 150 | DS13: #N/A | DT13: =DS13*20 -> #N/A | DU13: =DU12+DT13 -> #N/A | DV13: =DE13-DU13 -> #N/A | DZ13: 150 | EA13: 0.202 | EB13: =EA13*20 -> 4.04 | EC13: =EC12+EB13 -> 22.56 | ED13: =DM13-EC13 -> 5.95 | EH13: 150 | EI13: #N/A | EJ13: =EI13*20 -> #N/A | EK13: =EK12+EJ13 -> #N/A | EL13: =DU13-EK13 -> #N/A | EP13: 150 | EQ13: 0.173 | ER13: =EQ13*20 -> 3.46 | ES13: =ES12+ER13 -> 18.87 | ET13: =EC13-ES13 -> 3.69 | EX13: 150 | EY13: #N/A | EZ13: =EY13*20 -> #N/A | FA13: =FA12+EZ13 -> #N/A | FB13: =EK13-FA13 -> #N/A | FF13: 150 | FG13: 0.146 | FH13: =FG13*20 -> 2.92 | FI13: =FI12+FH13 -> 16.55 | FJ13: =ES13-FI13 -> 2.32 | FN13: 150 | FO13: 0.163 | FP13: =FO13*20 -> 3.26 | FQ13: =FQ12+FP13 -> 26.68 | FR13: =FI13-FQ13 -> -10.13 | FV13: 150 | FW13: #N/A | FX13: =FW13*20 -> #N/A | FY13: =FY12+FX13 -> #N/A | FZ13: =FQ13-FY13 -> #N/A | GD13: 150 | GE13: #N/A | GF13: =GE13*20 -> #N/A | GG13: =GG12+GF13 -> #N/A | GH13: =FY13-GG13 -> #N/A | GL13: 150 | GM13: 0.166 | GN13: =GM13*20 -> 3.32 | GO13: =GO12+GN13 -> 21.48 | GP13: =FQ13-GO13 -> 5.2 | GT13: 150 | GU13: #N/A | GV13: =GU13*20 -> #N/A | GW13: =GW12+GV13 -> #N/A | GX13: =FY13-GW13 -> #N/A | HB13: 150 | HC13: #N/A | HD13: =HC13*20 -> #N/A | HE13: =HE12+HD13 -> #N/A | HF13: =GG13-HE13 -> #N/A | HJ13: 150 | HK13: 0.137 | HL13: =HK13*20 -> 2.74 | HM13: =HM12+HL13 -> 16.65 | HN13: =GO13-HM13 -> 4.83 | HP13: 150 | HQ13: =MAX(D13,S13,AA13,AQ13, BG13, BO13, BW13, CE13, CM13, CU13, DK13,EA13,EQ13,FG13,FO13, GM13,HK13) -> 0.219 | HR13: 0.128 | HS13: =MAX(HQ13,HR13) -> 0.219 | HT13: =HS13*20 -> 4.38 | HU13: =HU12+HT13 -> 30.75 | HX13: 150 | HY13: =MIN(D13,S13,AA13,AQ13,BG13, BO13, BW13, CE13, CM13, CU13, DK13, EA13,EQ13,FG13,FO13,GM13,HK13) -> 0.137 | HZ13: 0.105 | IA13: =MIN(HY13,HZ13) -> 0.105 | IB13: =IA13*20 -> 2.1 | IC13: =IC12+IB13 -> 13.73
J14: 170 | K14: 0.232 | L14: =K14*20 -> 4.64 | M14: =M13+L14 -> 32.86 | N14: =F14-M14 -> -32.86 | R14: 170 | S14: 0.226 | T14: =S14*20 -> 4.52 | U14: =U13+T14 -> 33.43 | V14: =M14-U14 -> -0.57 | Z14: 170 | AA14: 0.205 | AB14: =AA14*20 -> 4.1 | AC14: =AC13+AB14 -> 30.88 | AD14: =U14-AC14 -> 2.55 | AH14: 170 | AI14: #N/A | AJ14: =AI14*20 -> #N/A | AK14: =AK13+AJ14 -> #N/A | AL14: =AC14-AK14 -> #N/A | AP14: 170 | AQ14: 0.211 | AR14: =AQ14*20 -> 4.22 | AS14: =AS13+AR14 -> 29.71 | AT14: =AC14-AS14 -> 1.17 | AX14: 170 | AY14: #N/A | AZ14: =AY14*20 -> #N/A | BA14: =BA13+AZ14 -> #N/A | BB14: =AK14-BA14 -> #N/A | BF14: 170 | BG14: 0.21 | BH14: =BG14*20 -> 4.2 | BI14: =BI13+BH14 -> 32.49 | BJ14: =AS14-BI14 -> -2.78 | BN14: 170 | BO14: 0.214 | BP14: =BO14*20 -> 4.28 | BQ14: =BQ13+BP14 -> 30.83 | BR14: =BI14-BQ14 -> 1.66 | BV14: 170 | BW14: 0.211 | BX14: =BW14*20 -> 4.22 | BY14: =BY13+BX14 -> 29.06 | BZ14: =BQ14-BY14 -> 1.77 | CD14: 170 | CE14: 0.213 | CF14: =CE14*20 -> 4.26 | CG14: =CG13+CF14 -> 30.91 | CH14: =BY14-CG14 -> -1.85 | CL14: 170 | CM14: 0.215 | CN14: =CM14*20 -> 4.3 | CO14: =CO13+CN14 -> 28.67 | CP14: =CG14-CO14 -> 2.24 | CT14: 170 | CU14: 0.21 | CV14: =CU14*20 -> 4.2 | CW14: =CW13+CV14 -> 25.86 | CX14: =CO14-CW14 -> 2.81 | DB14: 170 | DC14: #N/A | DD14: =DC14*20 -> #N/A | DE14: =DE13+DD14 -> #N/A | DF14: =CW14-DE14 -> #N/A | DJ14: 170 | DK14: 0.216 | DL14: =DK14*20 -> 4.32 | DM14: =DM13+DL14 -> 32.83 | DN14: =CW14-DM14 -> -6.97 | DR14: 170 | DS14: #N/A | DT14: =DS14*20 -> #N/A | DU14: =DU13+DT14 -> #N/A | DV14: =DE14-DU14 -> #N/A | DZ14: 170 | EA14: 0.202 | EB14: =EA14*20 -> 4.04 | EC14: =EC13+EB14 -> 26.6 | ED14: =DM14-EC14 -> 6.23 | EH14: 170 | EI14: #N/A | EJ14: =EI14*20 -> #N/A | EK14: =EK13+EJ14 -> #N/A | EL14: =DU14-EK14 -> #N/A | EP14: 170 | EQ14: 0.195 | ER14: =EQ14*20 -> 3.9 | ES14: =ES13+ER14 -> 22.77 | ET14: =EC14-ES14 -> 3.83 | EX14: 170 | EY14: #N/A | EZ14: =EY14*20 -> #N/A | FA14: =FA13+EZ14 -> #N/A | FB14: =EK14-FA14 -> #N/A | FF14: 170 | FG14: 0.178 | FH14: =FG14*20 -> 3.56 | FI14: =FI13+FH14 -> 20.11 | FJ14: =ES14-FI14 -> 2.66 | FN14: 170 | FO14: 0.18 | FP14: =FO14*20 -> 3.6 | FQ14: =FQ13+FP14 -> 30.28 | FR14: =FI14-FQ14 -> -10.17 | FV14: 170 | FW14: #N/A | FX14: =FW14*20 -> #N/A | FY14: =FY13+FX14 -> #N/A | FZ14: =FQ14-FY14 -> #N/A | GD14: 170 | GE14: #N/A | GF14: =GE14*20 -> #N/A | GG14: =GG13+GF14 -> #N/A | GH14: =FY14-GG14 -> #N/A | GL14: 170 | GM14: 0.178 | GN14: =GM14*20 -> 3.56 | GO14: =GO13+GN14 -> 25.04 | GP14: =FQ14-GO14 -> 5.24 | GT14: 170 | GU14: #N/A | GV14: =GU14*20 -> #N/A | GW14: =GW13+GV14 -> #N/A | GX14: =FY14-GW14 -> #N/A | HB14: 170 | HC14: #N/A | HD14: =HC14*20 -> #N/A | HE14: =HE13+HD14 -> #N/A | HF14: =GG14-HE14 -> #N/A | HJ14: 170 | HK14: 0.146 | HL14: =HK14*20 -> 2.92 | HM14: =HM13+HL14 -> 19.57 | HN14: =GO14-HM14 -> 5.47 | HP14: 170 | HQ14: =MAX(D14,S14,AA14,AQ14, BG14, BO14, BW14, CE14, CM14, CU14, DK14,EA14,EQ14,FG14,FO14, GM14,HK14) -> 0.226 | HR14: 0.14 | HS14: =MAX(HQ14,HR14) -> 0.226 | HT14: =HS14*20 -> 4.52 | HU14: =HU13+HT14 -> 35.27 | HX14: 170 | HY14: =MIN(D14,S14,AA14,AQ14,BG14, BO14, BW14, CE14, CM14, CU14, DK14, EA14,EQ14,FG14,FO14,GM14,HK14) -> 0.146 | HZ14: 0.111 | IA14: =MIN(HY14,HZ14) -> 0.111 | IB14: =IA14*20 -> 2.22 | IC14: =IC13+IB14 -> 15.95
J15: 190 | K15: 0.243 | L15: =K15*20 -> 4.86 | M15: =M14+L15 -> 37.72 | N15: =F15-M15 -> -37.72 | R15: 190 | S15: 0.237 | T15: =S15*20 -> 4.74 | U15: =U14+T15 -> 38.17 | V15: =M15-U15 -> -0.45 | Z15: 190 | AA15: 0.234 | AB15: =AA15*20 -> 4.68 | AC15: =AC14+AB15 -> 35.56 | AD15: =U15-AC15 -> 2.61 | AH15: 190 | AI15: #N/A | AJ15: =AI15*20 -> #N/A | AK15: =AK14+AJ15 -> #N/A | AL15: =AC15-AK15 -> #N/A | AP15: 190 | AQ15: 0.234 | AR15: =AQ15*20 -> 4.68 | AS15: =AS14+AR15 -> 34.39 | AT15: =AC15-AS15 -> 1.17 | AX15: 190 | AY15: #N/A | AZ15: =AY15*20 -> #N/A | BA15: =BA14+AZ15 -> #N/A | BB15: =AK15-BA15 -> #N/A | BF15: 190 | BG15: 0.239 | BH15: =BG15*20 -> 4.78 | BI15: =BI14+BH15 -> 37.27 | BJ15: =AS15-BI15 -> -2.88 | BN15: 190 | BO15: 0.239 | BP15: =BO15*20 -> 4.78 | BQ15: =BQ14+BP15 -> 35.61 | BR15: =BI15-BQ15 -> 1.66 | BV15: 190 | BW15: 0.241 | BX15: =BW15*20 -> 4.82 | BY15: =BY14+BX15 -> 33.88 | BZ15: =BQ15-BY15 -> 1.73 | CD15: 190 | CE15: 0.242 | CF15: =CE15*20 -> 4.84 | CG15: =CG14+CF15 -> 35.75 | CH15: =BY15-CG15 -> -1.87 | CL15: 190 | CM15: 0.239 | CN15: =CM15*20 -> 4.78 | CO15: =CO14+CN15 -> 33.45 | CP15: =CG15-CO15 -> 2.3 | CT15: 190 | CU15: 0.241 | CV15: =CU15*20 -> 4.82 | CW15: =CW14+CV15 -> 30.68 | CX15: =CO15-CW15 -> 2.77 | DB15: 190 | DC15: #N/A | DD15: =DC15*20 -> #N/A | DE15: =DE14+DD15 -> #N/A | DF15: =CW15-DE15 -> #N/A | DJ15: 190 | DK15: 0.244 | DL15: =DK15*20 -> 4.88 | DM15: =DM14+DL15 -> 37.71 | DN15: =CW15-DM15 -> -7.03 | DR15: 190 | DS15: #N/A | DT15: =DS15*20 -> #N/A | DU15: =DU14+DT15 -> #N/A | DV15: =DE15-DU15 -> #N/A | DZ15: 190 | EA15: 0.24 | EB15: =EA15*20 -> 4.8 | EC15: =EC14+EB15 -> 31.4 | ED15: =DM15-EC15 -> 6.31 | EH15: 190 | EI15: #N/A | EJ15: =EI15*20 -> #N/A | EK15: =EK14+EJ15 -> #N/A | EL15: =DU15-EK15 -> #N/A | EP15: 190 | EQ15: 0.232 | ER15: =EQ15*20 -> 4.64 | ES15: =ES14+ER15 -> 27.41 | ET15: =EC15-ES15 -> 3.99 | EX15: 190 | EY15: #N/A | EZ15: =EY15*20 -> #N/A | FA15: =FA14+EZ15 -> #N/A | FB15: =EK15-FA15 -> #N/A | FF15: 190 | FG15: 0.222 | FH15: =FG15*20 -> 4.44 | FI15: =FI14+FH15 -> 24.55 | FJ15: =ES15-FI15 -> 2.86 | FN15: 190 | FO15: 0.226 | FP15: =FO15*20 -> 4.52 | FQ15: =FQ14+FP15 -> 34.8 | FR15: =FI15-FQ15 -> -10.25 | FV15: 190 | FW15: #N/A | FX15: =FW15*20 -> #N/A | FY15: =FY14+FX15 -> #N/A | FZ15: =FQ15-FY15 -> #N/A | GD15: 190 | GE15: #N/A | GF15: =GE15*20 -> #N/A | GG15: =GG14+GF15 -> #N/A | GH15: =FY15-GG15 -> #N/A | GL15: 190 | GM15: 0.226 | GN15: =GM15*20 -> 4.52 | GO15: =GO14+GN15 -> 29.56 | GP15: =FQ15-GO15 -> 5.24 | GT15: 190 | GU15: #N/A | GV15: =GU15*20 -> #N/A | GW15: =GW14+GV15 -> #N/A | GX15: =FY15-GW15 -> #N/A | HB15: 190 | HC15: #N/A | HD15: =HC15*20 -> #N/A | HE15: =HE14+HD15 -> #N/A | HF15: =GG15-HE15 -> #N/A | HJ15: 190 | HK15: 0.211 | HL15: =HK15*20 -> 4.22 | HM15: =HM14+HL15 -> 23.79 | HN15: =GO15-HM15 -> 5.77 | HP15: 190 | HQ15: =MAX(D15,S15,AA15,AQ15, BG15, BO15, BW15, CE15, CM15, CU15, DK15,EA15,EQ15,FG15,FO15, GM15,HK15) -> 0.244 | HR15: 0.205 | HS15: =MAX(HQ15,HR15) -> 0.244 | HT15: =HS15*20 -> 4.88 | HU15: =HU14+HT15 -> 40.15 | HX15: 190 | HY15: =MIN(D15,S15,AA15,AQ15,BG15, BO15, BW15, CE15, CM15, CU15, DK15, EA15,EQ15,FG15,FO15,GM15,HK15) -> 0.211 | HZ15: 0.139 | IA15: =MIN(HY15,HZ15) -> 0.139 | IB15: =IA15*20 -> 2.78 | IC15: =IC14+IB15 -> 18.73
J16: 210 | K16: 0.223 | L16: =K16*20 -> 4.46 | M16: =M15+L16 -> 42.18 | N16: =F16-M16 -> -42.18 | R16: 210 | S16: 0.219 | T16: =S16*20 -> 4.38 | U16: =U15+T16 -> 42.55 | V16: =M16-U16 -> -0.37 | Z16: 210 | AA16: 0.22 | AB16: =AA16*20 -> 4.4 | AC16: =AC15+AB16 -> 39.96 | AD16: =U16-AC16 -> 2.59 | AH16: 210 | AI16: #N/A | AJ16: =AI16*20 -> #N/A | AK16: =AK15+AJ16 -> #N/A | AL16: =AC16-AK16 -> #N/A | AP16: 210 | AQ16: 0.221 | AR16: =AQ16*20 -> 4.42 | AS16: =AS15+AR16 -> 38.81 | AT16: =AC16-AS16 -> 1.15 | AX16: 210 | AY16: #N/A | AZ16: =AY16*20 -> #N/A | BA16: =BA15+AZ16 -> #N/A | BB16: =AK16-BA16 -> #N/A | BF16: 210 | BG16: 0.228 | BH16: =BG16*20 -> 4.56 | BI16: =BI15+BH16 -> 41.83 | BJ16: =AS16-BI16 -> -3.02 | BN16: 210 | BO16: 0.224 | BP16: =BO16*20 -> 4.48 | BQ16: =BQ15+BP16 -> 40.09 | BR16: =BI16-BQ16 -> 1.74 | BV16: 210 | BW16: 0.222 | BX16: =BW16*20 -> 4.44 | BY16: =BY15+BX16 -> 38.32 | BZ16: =BQ16-BY16 -> 1.77 | CD16: 210 | CE16: 0.222 | CF16: =CE16*20 -> 4.44 | CG16: =CG15+CF16 -> 40.19 | CH16: =BY16-CG16 -> -1.87 | CL16: 210 | CM16: 0.228 | CN16: =CM16*20 -> 4.56 | CO16: =CO15+CN16 -> 38.01 | CP16: =CG16-CO16 -> 2.18 | CT16: 210 | CU16: 0.224 | CV16: =CU16*20 -> 4.48 | CW16: =CW15+CV16 -> 35.16 | CX16: =CO16-CW16 -> 2.85 | DB16: 210 | DC16: #N/A | DD16: =DC16*20 -> #N/A | DE16: =DE15+DD16 -> #N/A | DF16: =CW16-DE16 -> #N/A | DJ16: 210 | DK16: 0.23 | DL16: =DK16*20 -> 4.6 | DM16: =DM15+DL16 -> 42.31 | DN16: =CW16-DM16 -> -7.15 | DR16: 210 | DS16: #N/A | DT16: =DS16*20 -> #N/A | DU16: =DU15+DT16 -> #N/A | DV16: =DE16-DU16 -> #N/A | DZ16: 210 | EA16: 0.223 | EB16: =EA16*20 -> 4.46 | EC16: =EC15+EB16 -> 35.86 | ED16: =DM16-EC16 -> 6.45 | EH16: 210 | EI16: #N/A | EJ16: =EI16*20 -> #N/A | EK16: =EK15+EJ16 -> #N/A | EL16: =DU16-EK16 -> #N/A | EP16: 210 | EQ16: 0.223 | ER16: =EQ16*20 -> 4.46 | ES16: =ES15+ER16 -> 31.87 | ET16: =EC16-ES16 -> 3.99 | EX16: 210 | EY16: #N/A | EZ16: =EY16*20 -> #N/A | FA16: =FA15+EZ16 -> #N/A | FB16: =EK16-FA16 -> #N/A | FF16: 210 | FG16: 0.211 | FH16: =FG16*20 -> 4.22 | FI16: =FI15+FH16 -> 28.77 | FJ16: =ES16-FI16 -> 3.1 | FN16: 210 | FO16: 0.209 | FP16: =FO16*20 -> 4.18 | FQ16: =FQ15+FP16 -> 38.98 | FR16: =FI16-FQ16 -> -10.21 | FV16: 210 | FW16: #N/A | FX16: =FW16*20 -> #N/A | FY16: =FY15+FX16 -> #N/A | FZ16: =FQ16-FY16 -> #N/A | GD16: 210 | GE16: #N/A | GF16: =GE16*20 -> #N/A | GG16: =GG15+GF16 -> #N/A | GH16: =FY16-GG16 -> #N/A | GL16: 210 | GM16: 0.21 | GN16: =GM16*20 -> 4.2 | GO16: =GO15+GN16 -> 33.76 | GP16: =FQ16-GO16 -> 5.22 | GT16: 210 | GU16: #N/A | GV16: =GU16*20 -> #N/A | GW16: =GW15+GV16 -> #N/A | GX16: =FY16-GW16 -> #N/A | HB16: 210 | HC16: #N/A | HD16: =HC16*20 -> #N/A | HE16: =HE15+HD16 -> #N/A | HF16: =GG16-HE16 -> #N/A | HJ16: 210 | HK16: 0.205 | HL16: =HK16*20 -> 4.1 | HM16: =HM15+HL16 -> 27.89 | HN16: =GO16-HM16 -> 5.87 | HP16: 210 | HQ16: =MAX(D16,S16,AA16,AQ16, BG16, BO16, BW16, CE16, CM16, CU16, DK16,EA16,EQ16,FG16,FO16, GM16,HK16) -> 0.23 | HR16: 0.198 | HS16: =MAX(HQ16,HR16) -> 0.23 | HT16: =HS16*20 -> 4.6 | HU16: =HU15+HT16 -> 44.75 | HX16: 210 | HY16: =MIN(D16,S16,AA16,AQ16,BG16, BO16, BW16, CE16, CM16, CU16, DK16, EA16,EQ16,FG16,FO16,GM16,HK16) -> 0.205 | HZ16: 0.142 | IA16: =MIN(HY16,HZ16) -> 0.142 | IB16: =IA16*20 -> 2.84 | IC16: =IC15+IB16 -> 21.57
J17: 230 | K17: 0.184 | L17: =K17*20 -> 3.68 | M17: =M16+L17 -> 45.86 | N17: =F17-M17 -> -45.86 | R17: 230 | S17: 0.179 | T17: =S17*20 -> 3.58 | U17: =U16+T17 -> 46.13 | V17: =M17-U17 -> -0.27 | Z17: 230 | AA17: 0.179 | AB17: =AA17*20 -> 3.58 | AC17: =AC16+AB17 -> 43.54 | AD17: =U17-AC17 -> 2.59 | AH17: 230 | AI17: #N/A | AJ17: =AI17*20 -> #N/A | AK17: =AK16+AJ17 -> #N/A | AL17: =AC17-AK17 -> #N/A | AP17: 230 | AQ17: 0.178 | AR17: =AQ17*20 -> 3.56 | AS17: =AS16+AR17 -> 42.37 | AT17: =AC17-AS17 -> 1.17 | AX17: 230 | AY17: #N/A | AZ17: =AY17*20 -> #N/A | BA17: =BA16+AZ17 -> #N/A | BB17: =AK17-BA17 -> #N/A | BF17: 230 | BG17: 0.187 | BH17: =BG17*20 -> 3.74 | BI17: =BI16+BH17 -> 45.57 | BJ17: =AS17-BI17 -> -3.2 | BN17: 230 | BO17: 0.183 | BP17: =BO17*20 -> 3.66 | BQ17: =BQ16+BP17 -> 43.75 | BR17: =BI17-BQ17 -> 1.82 | BV17: 230 | BW17: 0.184 | BX17: =BW17*20 -> 3.68 | BY17: =BY16+BX17 -> 42 | BZ17: =BQ17-BY17 -> 1.75 | CD17: 230 | CE17: 0.182 | CF17: =CE17*20 -> 3.64 | CG17: =CG16+CF17 -> 43.83 | CH17: =BY17-CG17 -> -1.83 | CL17: 230 | CM17: 0.187 | CN17: =CM17*20 -> 3.74 | CO17: =CO16+CN17 -> 41.75 | CP17: =CG17-CO17 -> 2.08 | CT17: 230 | CU17: 0.181 | CV17: =CU17*20 -> 3.62 | CW17: =CW16+CV17 -> 38.78 | CX17: =CO17-CW17 -> 2.97 | DB17: 230 | DC17: #N/A | DD17: =DC17*20 -> #N/A | DE17: =DE16+DD17 -> #N/A | DF17: =CW17-DE17 -> #N/A | DJ17: 230 | DK17: 0.19 | DL17: =DK17*20 -> 3.8 | DM17: =DM16+DL17 -> 46.11 | DN17: =CW17-DM17 -> -7.33 | DR17: 230 | DS17: #N/A | DT17: =DS17*20 -> #N/A | DU17: =DU16+DT17 -> #N/A | DV17: =DE17-DU17 -> #N/A | DZ17: 230 | EA17: 0.179 | EB17: =EA17*20 -> 3.58 | EC17: =EC16+EB17 -> 39.44 | ED17: =DM17-EC17 -> 6.67 | EH17: 230 | EI17: #N/A | EJ17: =EI17*20 -> #N/A | EK17: =EK16+EJ17 -> #N/A | EL17: =DU17-EK17 -> #N/A | EP17: 230 | EQ17: 0.176 | ER17: =EQ17*20 -> 3.52 | ES17: =ES16+ER17 -> 35.39 | ET17: =EC17-ES17 -> 4.05 | EX17: 230 | EY17: #N/A | EZ17: =EY17*20 -> #N/A | FA17: =FA16+EZ17 -> #N/A | FB17: =EK17-FA17 -> #N/A | FF17: 230 | FG17: 0.165 | FH17: =FG17*20 -> 3.3 | FI17: =FI16+FH17 -> 32.07 | FJ17: =ES17-FI17 -> 3.32 | FN17: 230 | FO17: 0.164 | FP17: =FO17*20 -> 3.28 | FQ17: =FQ16+FP17 -> 42.26 | FR17: =FI17-FQ17 -> -10.19 | FV17: 230 | FW17: #N/A | FX17: =FW17*20 -> #N/A | FY17: =FY16+FX17 -> #N/A | FZ17: =FQ17-FY17 -> #N/A | GD17: 230 | GE17: #N/A | GF17: =GE17*20 -> #N/A | GG17: =GG16+GF17 -> #N/A | GH17: =FY17-GG17 -> #N/A | GL17: 230 | GM17: 0.166 | GN17: =GM17*20 -> 3.32 | GO17: =GO16+GN17 -> 37.08 | GP17: =FQ17-GO17 -> 5.18 | GT17: 230 | GU17: #N/A | GV17: =GU17*20 -> #N/A | GW17: =GW16+GV17 -> #N/A | GX17: =FY17-GW17 -> #N/A | HB17: 230 | HC17: #N/A | HD17: =HC17*20 -> #N/A | HE17: =HE16+HD17 -> #N/A | HF17: =GG17-HE17 -> #N/A | HJ17: 230 | HK17: 0.163 | HL17: =HK17*20 -> 3.26 | HM17: =HM16+HL17 -> 31.15 | HN17: =GO17-HM17 -> 5.93 | HP17: 230 | HQ17: =MAX(D17,S17,AA17,AQ17, BG17, BO17, BW17, CE17, CM17, CU17, DK17,EA17,EQ17,FG17,FO17, GM17,HK17) -> 0.19 | HR17: 0.16 | HS17: =MAX(HQ17,HR17) -> 0.19 | HT17: =HS17*20 -> 3.8 | HU17: =HU16+HT17 -> 48.55 | HX17: 230 | HY17: =MIN(D17,S17,AA17,AQ17,BG17, BO17, BW17, CE17, CM17, CU17, DK17, EA17,EQ17,FG17,FO17,GM17,HK17) -> 0.163 | HZ17: 0.118 | IA17: =MIN(HY17,HZ17) -> 0.118 | IB17: =IA17*20 -> 2.36 | IC17: =IC16+IB17 -> 23.93
J18: 250 | K18: 0.159 | L18: =K18*20 -> 3.18 | M18: =M17+L18 -> 49.04 | N18: =F18-M18 -> -49.04 | R18: 250 | S18: 0.156 | T18: =S18*20 -> 3.12 | U18: =U17+T18 -> 49.25 | V18: =M18-U18 -> -0.21 | Z18: 250 | AA18: 0.159 | AB18: =AA18*20 -> 3.18 | AC18: =AC17+AB18 -> 46.72 | AD18: =U18-AC18 -> 2.53 | AH18: 250 | AI18: #N/A | AJ18: =AI18*20 -> #N/A | AK18: =AK17+AJ18 -> #N/A | AL18: =AC18-AK18 -> #N/A | AP18: 250 | AQ18: 0.155 | AR18: =AQ18*20 -> 3.1 | AS18: =AS17+AR18 -> 45.47 | AT18: =AC18-AS18 -> 1.25 | AX18: 250 | AY18: #N/A | AZ18: =AY18*20 -> #N/A | BA18: =BA17+AZ18 -> #N/A | BB18: =AK18-BA18 -> #N/A | BF18: 250 | BG18: 0.156 | BH18: =BG18*20 -> 3.12 | BI18: =BI17+BH18 -> 48.69 | BJ18: =AS18-BI18 -> -3.22 | BN18: 250 | BO18: 0.158 | BP18: =BO18*20 -> 3.16 | BQ18: =BQ17+BP18 -> 46.91 | BR18: =BI18-BQ18 -> 1.78 | BV18: 250 | BW18: 0.155 | BX18: =BW18*20 -> 3.1 | BY18: =BY17+BX18 -> 45.1 | BZ18: =BQ18-BY18 -> 1.81 | CD18: 250 | CE18: 0.154 | CF18: =CE18*20 -> 3.08 | CG18: =CG17+CF18 -> 46.91 | CH18: =BY18-CG18 -> -1.81 | CL18: 250 | CM18: 0.159 | CN18: =CM18*20 -> 3.18 | CO18: =CO17+CN18 -> 44.93 | CP18: =CG18-CO18 -> 1.98 | CT18: 250 | CU18: 0.157 | CV18: =CU18*20 -> 3.14 | CW18: =CW17+CV18 -> 41.92 | CX18: =CO18-CW18 -> 3.01 | DB18: 250 | DC18: #N/A | DD18: =DC18*20 -> #N/A | DE18: =DE17+DD18 -> #N/A | DF18: =CW18-DE18 -> #N/A | DJ18: 250 | DK18: 0.159 | DL18: =DK18*20 -> 3.18 | DM18: =DM17+DL18 -> 49.29 | DN18: =CW18-DM18 -> -7.37 | DR18: 250 | DS18: #N/A | DT18: =DS18*20 -> #N/A | DU18: =DU17+DT18 -> #N/A | DV18: =DE18-DU18 -> #N/A | DZ18: 250 | EA18: 0.151 | EB18: =EA18*20 -> 3.02 | EC18: =EC17+EB18 -> 42.46 | ED18: =DM18-EC18 -> 6.83 | EH18: 250 | EI18: #N/A | EJ18: =EI18*20 -> #N/A | EK18: =EK17+EJ18 -> #N/A | EL18: =DU18-EK18 -> #N/A | EP18: 250 | EQ18: 0.149 | ER18: =EQ18*20 -> 2.98 | ES18: =ES17+ER18 -> 38.37 | ET18: =EC18-ES18 -> 4.09 | EX18: 250 | EY18: #N/A | EZ18: =EY18*20 -> #N/A | FA18: =FA17+EZ18 -> #N/A | FB18: =EK18-FA18 -> #N/A | FF18: 250 | FG18: 0.144 | FH18: =FG18*20 -> 2.88 | FI18: =FI17+FH18 -> 34.95 | FJ18: =ES18-FI18 -> 3.42 | FN18: 250 | FO18: 0.139 | FP18: =FO18*20 -> 2.78 | FQ18: =FQ17+FP18 -> 45.04 | FR18: =FI18-FQ18 -> -10.09 | FV18: 250 | FW18: #N/A | FX18: =FW18*20 -> #N/A | FY18: =FY17+FX18 -> #N/A | FZ18: =FQ18-FY18 -> #N/A | GD18: 250 | GE18: #N/A | GF18: =GE18*20 -> #N/A | GG18: =GG17+GF18 -> #N/A | GH18: =FY18-GG18 -> #N/A | GL18: 250 | GM18: 0.137 | GN18: =GM18*20 -> 2.74 | GO18: =GO17+GN18 -> 39.82 | GP18: =FQ18-GO18 -> 5.22 | GT18: 250 | GU18: #N/A | GV18: =GU18*20 -> #N/A | GW18: =GW17+GV18 -> #N/A | GX18: =FY18-GW18 -> #N/A | HB18: 250 | HC18: #N/A | HD18: =HC18*20 -> #N/A | HE18: =HE17+HD18 -> #N/A | HF18: =GG18-HE18 -> #N/A | HJ18: 250 | HK18: 0.136 | HL18: =HK18*20 -> 2.72 | HM18: =HM17+HL18 -> 33.87 | HN18: =GO18-HM18 -> 5.95 | HP18: 250 | HQ18: =MAX(D18,S18,AA18,AQ18, BG18, BO18, BW18, CE18, CM18, CU18, DK18,EA18,EQ18,FG18,FO18, GM18,HK18) -> 0.159 | HR18: 0.134 | HS18: =MAX(HQ18,HR18) -> 0.159 | HT18: =HS18*20 -> 3.18 | HU18: =HU17+HT18 -> 51.73 | HX18: 250 | HY18: =MIN(D18,S18,AA18,AQ18,BG18, BO18, BW18, CE18, CM18, CU18, DK18, EA18,EQ18,FG18,FO18,GM18,HK18) -> 0.136 | HZ18: 0.107 | IA18: =MIN(HY18,HZ18) -> 0.107 | IB18: =IA18*20 -> 2.14 | IC18: =IC17+IB18 -> 26.07
J19: 270 | K19: 0.144 | L19: =K19*20 -> 2.88 | M19: =M18+L19 -> 51.92 | N19: =F19-M19 -> -51.92 | R19: 270 | S19: 0.134 | T19: =S19*20 -> 2.68 | U19: =U18+T19 -> 51.93 | V19: =M19-U19 -> -0.01 | Z19: 270 | AA19: 0.138 | AB19: =AA19*20 -> 2.76 | AC19: =AC18+AB19 -> 49.48 | AD19: =U19-AC19 -> 2.45 | AH19: 270 | AI19: #N/A | AJ19: =AI19*20 -> #N/A | AK19: =AK18+AJ19 -> #N/A | AL19: =AC19-AK19 -> #N/A | AP19: 270 | AQ19: 0.136 | AR19: =AQ19*20 -> 2.72 | AS19: =AS18+AR19 -> 48.19 | AT19: =AC19-AS19 -> 1.29 | AX19: 270 | AY19: #N/A | AZ19: =AY19*20 -> #N/A | BA19: =BA18+AZ19 -> #N/A | BB19: =AK19-BA19 -> #N/A | BF19: 270 | BG19: 0.137 | BH19: =BG19*20 -> 2.74 | BI19: =BI18+BH19 -> 51.43 | BJ19: =AS19-BI19 -> -3.24 | BN19: 270 | BO19: 0.141 | BP19: =BO19*20 -> 2.82 | BQ19: =BQ18+BP19 -> 49.73 | BR19: =BI19-BQ19 -> 1.7 | BV19: 270 | BW19: 0.139 | BX19: =BW19*20 -> 2.78 | BY19: =BY18+BX19 -> 47.88 | BZ19: =BQ19-BY19 -> 1.85 | CD19: 270 | CE19: 0.137 | CF19: =CE19*20 -> 2.74 | CG19: =CG18+CF19 -> 49.65 | CH19: =BY19-CG19 -> -1.77 | CL19: 270 | CM19: 0.137 | CN19: =CM19*20 -> 2.74 | CO19: =CO18+CN19 -> 47.67 | CP19: =CG19-CO19 -> 1.98 | CT19: 270 | CU19: 0.136 | CV19: =CU19*20 -> 2.72 | CW19: =CW18+CV19 -> 44.64 | CX19: =CO19-CW19 -> 3.03 | DB19: 270 | DC19: #N/A | DD19: =DC19*20 -> #N/A | DE19: =DE18+DD19 -> #N/A | DF19: =CW19-DE19 -> #N/A | DJ19: 270 | DK19: 0.139 | DL19: =DK19*20 -> 2.78 | DM19: =DM18+DL19 -> 52.07 | DN19: =CW19-DM19 -> -7.43 | DR19: 270 | DS19: #N/A | DT19: =DS19*20 -> #N/A | DU19: =DU18+DT19 -> #N/A | DV19: =DE19-DU19 -> #N/A | DZ19: 270 | EA19: 0.136 | EB19: =EA19*20 -> 2.72 | EC19: =EC18+EB19 -> 45.18 | ED19: =DM19-EC19 -> 6.89 | EH19: 270 | EI19: #N/A | EJ19: =EI19*20 -> #N/A | EK19: =EK18+EJ19 -> #N/A | EL19: =DU19-EK19 -> #N/A | EP19: 270 | EQ19: 0.126 | ER19: =EQ19*20 -> 2.52 | ES19: =ES18+ER19 -> 40.89 | ET19: =EC19-ES19 -> 4.29 | EX19: 270 | EY19: #N/A | EZ19: =EY19*20 -> #N/A | FA19: =FA18+EZ19 -> #N/A | FB19: =EK19-FA19 -> #N/A | FF19: 270 | FG19: 0.124 | FH19: =FG19*20 -> 2.48 | FI19: =FI18+FH19 -> 37.43 | FJ19: =ES19-FI19 -> 3.46 | FN19: 270 | FO19: 0.119 | FP19: =FO19*20 -> 2.38 | FQ19: =FQ18+FP19 -> 47.42 | FR19: =FI19-FQ19 -> -9.99 | FV19: 270 | FW19: #N/A | FX19: =FW19*20 -> #N/A | FY19: =FY18+FX19 -> #N/A | FZ19: =FQ19-FY19 -> #N/A | GD19: 270 | GE19: #N/A | GF19: =GE19*20 -> #N/A | GG19: =GG18+GF19 -> #N/A | GH19: =FY19-GG19 -> #N/A | GL19: 270 | GM19: 0.12 | GN19: =GM19*20 -> 2.4 | GO19: =GO18+GN19 -> 42.22 | GP19: =FQ19-GO19 -> 5.2 | GT19: 270 | GU19: #N/A | GV19: =GU19*20 -> #N/A | GW19: =GW18+GV19 -> #N/A | GX19: =FY19-GW19 -> #N/A | HB19: 270 | HC19: #N/A | HD19: =HC19*20 -> #N/A | HE19: =HE18+HD19 -> #N/A | HF19: =GG19-HE19 -> #N/A | HJ19: 270 | HK19: 0.115 | HL19: =HK19*20 -> 2.3 | HM19: =HM18+HL19 -> 36.17 | HN19: =GO19-HM19 -> 6.05 | HP19: 270 | HQ19: =MAX(D19,S19,AA19,AQ19, BG19, BO19, BW19, CE19, CM19, CU19, DK19,EA19,EQ19,FG19,FO19, GM19,HK19) -> 0.141 | HR19: 0.115 | HS19: =MAX(HQ19,HR19) -> 0.141 | HT19: =HS19*20 -> 2.82 | HU19: =HU18+HT19 -> 54.55 | HX19: 270 | HY19: =MIN(D19,S19,AA19,AQ19,BG19, BO19, BW19, CE19, CM19, CU19, DK19, EA19,EQ19,FG19,FO19,GM19,HK19) -> 0.115 | HZ19: 0.1 | IA19: =MIN(HY19,HZ19) -> 0.1 | IB19: =IA19*20 -> 2 | IC19: =IC18+IB19 -> 28.07
J20: 290 | K20: 0.119 | L20: =K20*20 -> 2.38 | M20: =M19+L20 -> 54.3 | N20: =F20-M20 -> -54.3 | R20: 290 | S20: 0.113 | T20: =S20*20 -> 2.26 | U20: =U19+T20 -> 54.19 | V20: =M20-U20 -> 0.11 | Z20: 290 | AA20: 0.113 | AB20: =AA20*20 -> 2.26 | AC20: =AC19+AB20 -> 51.74 | AD20: =U20-AC20 -> 2.45 | AH20: 290 | AI20: #N/A | AJ20: =AI20*20 -> #N/A | AK20: =AK19+AJ20 -> #N/A | AL20: =AC20-AK20 -> #N/A | AP20: 290 | AQ20: 0.109 | AR20: =AQ20*20 -> 2.18 | AS20: =AS19+AR20 -> 50.37 | AT20: =AC20-AS20 -> 1.37 | AX20: 290 | AY20: #N/A | AZ20: =AY20*20 -> #N/A | BA20: =BA19+AZ20 -> #N/A | BB20: =AK20-BA20 -> #N/A | BF20: 290 | BG20: 0.11 | BH20: =BG20*20 -> 2.2 | BI20: =BI19+BH20 -> 53.63 | BJ20: =AS20-BI20 -> -3.26 | BN20: 290 | BO20: 0.111 | BP20: =BO20*20 -> 2.22 | BQ20: =BQ19+BP20 -> 51.95 | BR20: =BI20-BQ20 -> 1.68 | BV20: 290 | BW20: 0.109 | BX20: =BW20*20 -> 2.18 | BY20: =BY19+BX20 -> 50.06 | BZ20: =BQ20-BY20 -> 1.89 | CD20: 290 | CE20: 0.112 | CF20: =CE20*20 -> 2.24 | CG20: =CG19+CF20 -> 51.89 | CH20: =BY20-CG20 -> -1.83 | CL20: 290 | CM20: 0.112 | CN20: =CM20*20 -> 2.24 | CO20: =CO19+CN20 -> 49.91 | CP20: =CG20-CO20 -> 1.98 | CT20: 290 | CU20: 0.113 | CV20: =CU20*20 -> 2.26 | CW20: =CW19+CV20 -> 46.9 | CX20: =CO20-CW20 -> 3.01 | DB20: 290 | DC20: #N/A | DD20: =DC20*20 -> #N/A | DE20: =DE19+DD20 -> #N/A | DF20: =CW20-DE20 -> #N/A | DJ20: 290 | DK20: 0.114 | DL20: =DK20*20 -> 2.28 | DM20: =DM19+DL20 -> 54.35 | DN20: =CW20-DM20 -> -7.45 | DR20: 290 | DS20: #N/A | DT20: =DS20*20 -> #N/A | DU20: =DU19+DT20 -> #N/A | DV20: =DE20-DU20 -> #N/A | DZ20: 290 | EA20: 0.105 | EB20: =EA20*20 -> 2.1 | EC20: =EC19+EB20 -> 47.28 | ED20: =DM20-EC20 -> 7.07 | EH20: 290 | EI20: #N/A | EJ20: =EI20*20 -> #N/A | EK20: =EK19+EJ20 -> #N/A | EL20: =DU20-EK20 -> #N/A | EP20: 290 | EQ20: 0.102 | ER20: =EQ20*20 -> 2.04 | ES20: =ES19+ER20 -> 42.93 | ET20: =EC20-ES20 -> 4.35 | EX20: 290 | EY20: #N/A | EZ20: =EY20*20 -> #N/A | FA20: =FA19+EZ20 -> #N/A | FB20: =EK20-FA20 -> #N/A | FF20: 290 | FG20: 0.098 | FH20: =FG20*20 -> 1.96 | FI20: =FI19+FH20 -> 39.39 | FJ20: =ES20-FI20 -> 3.54 | FN20: 290 | FO20: 0.094 | FP20: =FO20*20 -> 1.88 | FQ20: =FQ19+FP20 -> 49.3 | FR20: =FI20-FQ20 -> -9.91 | FV20: 290 | FW20: #N/A | FX20: =FW20*20 -> #N/A | FY20: =FY19+FX20 -> #N/A | FZ20: =FQ20-FY20 -> #N/A | GD20: 290 | GE20: #N/A | GF20: =GE20*20 -> #N/A | GG20: =GG19+GF20 -> #N/A | GH20: =FY20-GG20 -> #N/A | GL20: 290 | GM20: 0.097 | GN20: =GM20*20 -> 1.94 | GO20: =GO19+GN20 -> 44.16 | GP20: =FQ20-GO20 -> 5.14 | GT20: 290 | GU20: #N/A | GV20: =GU20*20 -> #N/A | GW20: =GW19+GV20 -> #N/A | GX20: =FY20-GW20 -> #N/A | HB20: 290 | HC20: #N/A | HD20: =HC20*20 -> #N/A | HE20: =HE19+HD20 -> #N/A | HF20: =GG20-HE20 -> #N/A | HJ20: 290 | HK20: 0.097 | HL20: =HK20*20 -> 1.94 | HM20: =HM19+HL20 -> 38.11 | HN20: =GO20-HM20 -> 6.05 | HP20: 290 | HQ20: =MAX(D20,S20,AA20,AQ20, BG20, BO20, BW20, CE20, CM20, CU20, DK20,EA20,EQ20,FG20,FO20, GM20,HK20) -> 0.114 | HR20: 0.092 | HS20: =MAX(HQ20,HR20) -> 0.114 | HT20: =HS20*20 -> 2.28 | HU20: =HU19+HT20 -> 56.83 | HX20: 290 | HY20: =MIN(D20,S20,AA20,AQ20,BG20, BO20, BW20, CE20, CM20, CU20, DK20, EA20,EQ20,FG20,FO20,GM20,HK20) -> 0.094 | HZ20: 0.084 | IA20: =MIN(HY20,HZ20) -> 0.084 | IB20: =IA20*20 -> 1.68 | IC20: =IC19+IB20 -> 29.75
A22: 4 | B22: STR2 | H22: 4 | I22: STR2 | J22: 30 | K22: 0.131 | L22: =K22*30 -> 3.93 | M22: =L22 -> 3.93 | N22: =F22-M22 -> -3.93 | P22: =A22 -> 4 | Q22: =B22 -> STR2 | R22: 30 | S22: 0.193 | T22: =S22*30 -> 5.79 | U22: =T22 -> 5.79 | V22: =M22-U22 -> -1.86 | X22: =P22 -> 4 | Y22: =Q22 -> STR2 | Z22: 30 | AA22: 0.167 | AB22: =AA22*30 -> 5.01 | AC22: =AB22 -> 5.01 | AD22: =U22-AC22 -> 0.78 | AF22: =X22 -> 4 | AG22: =Y22 -> STR2 | AH22: 30 | AI22: #N/A | AJ22: =AI22*30 -> #N/A | AK22: =AJ22 -> #N/A | AL22: =AC22-AK22 -> #N/A | AN22: =AF22 -> 4 | AO22: =AG22 -> STR2 | AP22: 30 | AQ22: #N/A | AR22: =AQ22*30 -> #N/A | AS22: =AR22 -> #N/A | AT22: =AK22-AS22 -> #N/A | AV22: =AN22 -> 4 | AW22: =AO22 -> STR2 | AX22: 30 | AY22: 0.132 | AZ22: =AY22*30 -> 3.96 | BA22: =AZ22 -> 3.96 | BB22: =AC22-BA22 -> 1.05 | BD22: =AV22 -> 4 | BE22: =AW22 -> STR2 | BF22: 30 | BG22: #N/A | BH22: =BG22*30 -> #N/A | BI22: =BH22 -> #N/A | BJ22: =AK22-BI22 -> #N/A | BL22: =BD22 -> 4 | BM22: =BE22 -> STR2 | BN22: 30 | BO22: 0.114 | BP22: =BO22*30 -> 3.42 | BQ22: =BP22 -> 3.42 | BR22: =BA22-BQ22 -> 0.54 | BT22: =BL22 -> 4 | BU22: =BM22 -> STR2 | BV22: 30 | BW22: 0.103 | BX22: =BW22*30 -> 3.09 | BY22: =BX22 -> 3.09 | BZ22: =BQ22-BY22 -> 0.33 | CB22: =BT22 -> 4 | CC22: =BU22 -> STR2 | CD22: 30 | CE22: 0.174 | CF22: =CE22*30 -> 5.22 | CG22: =CF22 -> 5.22 | CH22: =BY22-CG22 -> -2.13 | CJ22: =CB22 -> 4 | CK22: =CC22 -> STR2 | CL22: 30 | CM22: 0.153 | CN22: =CM22*30 -> 4.59 | CO22: =CN22 -> 4.59 | CP22: =CG22-CO22 -> 0.63 | CR22: =CJ22 -> 4 | CS22: =CK22 -> STR2 | CT22: 30 | CU22: 0.113 | CV22: =CU22*30 -> 3.39 | CW22: =CV22 -> 3.39 | CX22: =CO22-CW22 -> 1.2 | CZ22: =CR22 -> 4 | DA22: =CS22 -> STR2 | DB22: 30 | DC22: #N/A | DD22: =DC22*30 -> #N/A | DE22: =DD22 -> #N/A | DF22: =CW22-DE22 -> #N/A | DH22: =CZ22 -> 4 | DI22: =DA22 -> STR2 | DJ22: 30 | DK22: #N/A | DL22: =DK22*30 -> #N/A | DM22: =DL22 -> #N/A | DN22: =DE22-DM22 -> #N/A | DP22: =DH22 -> 4 | DQ22: =DI22 -> STR2 | DR22: 30 | DS22: 0.084 | DT22: =DS22*30 -> 2.52 | DU22: =DT22 -> 2.52 | DV22: =CW22-DU22 -> 0.87 | DX22: =DP22 -> 4 | DY22: =DQ22 -> STR2 | DZ22: 30 | EA22: 0.148 | EB22: =EA22*30 -> 4.44 | EC22: =EB22 -> 4.44 | ED22: =DU22-EC22 -> -1.92 | EF22: =DX22 -> 4 | EG22: =DY22 -> STR2 | EH22: 30 | EI22: 0.2 | EJ22: =EI22*30 -> 6 | EK22: =EJ22 -> 6 | EL22: =EC22-EK22 -> -1.56 | EN22: =EF22 -> 4 | EO22: =EG22 -> STR2 | EP22: 30 | EQ22: 0.185 | ER22: =EQ22*30 -> 5.55 | ES22: =ER22 -> 5.55 | ET22: =EK22-ES22 -> 0.45 | EV22: =EN22 -> 4 | EW22: =EO22 -> STR2 | EX22: 30 | EY22: #N/A | EZ22: =EY22*30 -> #N/A | FA22: =EZ22 -> #N/A | FB22: =ES22-FA22 -> #N/A | FD22: =EV22 -> 4 | FE22: =EW22 -> STR2 | FF22: 30 | FG22: 0.139 | FH22: =FG22*30 -> 4.17 | FI22: =FH22 -> 4.17 | FJ22: =ES22-FI22 -> 1.38 | FL22: =FD22 -> 4 | FM22: =FE22 -> STR2 | FN22: 30 | FO22: #N/A | FP22: =FO22*30 -> #N/A | FQ22: =FP22 -> #N/A | FR22: =FA22-FQ22 -> #N/A | FT22: =FL22 -> 4 | FU22: =FM22 -> STR2 | FV22: 30 | FW22: 0.114 | FX22: =FW22*30 -> 3.42 | FY22: =FX22 -> 3.42 | FZ22: =FI22-FY22 -> 0.75 | GB22: =FT22 -> 4 | GC22: =FU22 -> STR2 | GD22: 30 | GE22: #N/A | GF22: =GE22*30 -> #N/A | GG22: =GF22 -> #N/A | GH22: =FQ22-GG22 -> #N/A | GJ22: =GB22 -> 4 | GK22: =GC22 -> STR2 | GL22: 30 | GM22: 0.178 | GN22: =GM22*30 -> 5.34 | GO22: =GN22 -> 5.34 | GP22: =FY22-GO22 -> -1.92 | GR22: =GJ22 -> 4 | GS22: =GK22 -> STR2 | GT22: 30 | GU22: #N/A | GV22: =GU22*30 -> #N/A | GW22: =GV22 -> #N/A | GX22: =GG22-GW22 -> #N/A | GZ22: =GR22 -> 4 | HA22: =GS22 -> STR2 | HB22: 30 | HC22: #N/A | HD22: =HC22*30 -> #N/A | HE22: =HD22 -> #N/A | HF22: =GO22-HE22 -> #N/A | HH22: =GZ22 -> 4 | HI22: =HA22 -> STR2 | HJ22: 30 | HK22: 0.114 | HL22: =HK22*30 -> 3.42 | HM22: =HL22 -> 3.42 | HN22: =GO22-HM22 -> 1.92 | HP22: 30 | HQ22: =MAX(D22,S22,AA22,AY22, BO22, BW22, CE22, CM22, CU22, DS22,EA22,EI22,EQ22,FG22,FW22, GM22,HK22) -> 0.2 | HR22: 0.212 | HS22: =MAX(HQ22,HR22) -> 0.212 | HT22: =HS22*30 -> 6.36 | HU22: =HT22 -> 6.36 | HV22: =HH22 -> 4 | HX22: 30 | HY22: =MIN(D22,S22,AA22,AY22, BO22, BW22, CE22, CM22, CU22, DS22, EA22,EI22,EQ22,FG22,FW22,GM22,HK22) -> 0.084 | HZ22: 0.074 | IA22: =MIN(HY22,HZ22) -> 0.074 | IB22: =IA22*30 -> 2.22 | IC22: =IB22 -> 2.22
J23: 50 | K23: 0.191 | L23: =K23*20 -> 3.82 | M23: =M22+L23 -> 7.75 | N23: =F23-M23 -> -7.75 | R23: 50 | S23: 0.211 | T23: =S23*20 -> 4.22 | U23: =U22+T23 -> 10.01 | V23: =M23-U23 -> -2.26 | Z23: 50 | AA23: 0.191 | AB23: =AA23*20 -> 3.82 | AC23: =AC22+AB23 -> 8.83 | AD23: =U23-AC23 -> 1.18 | AH23: 50 | AI23: #N/A | AJ23: =AI23*20 -> #N/A | AK23: =AK22+AJ23 -> #N/A | AL23: =AC23-AK23 -> #N/A | AP23: 50 | AQ23: #N/A | AR23: =AQ23*20 -> #N/A | AS23: =AS22+AR23 -> #N/A | AT23: =AK23-AS23 -> #N/A | AX23: 50 | AY23: 0.177 | AZ23: =AY23*20 -> 3.54 | BA23: =BA22+AZ23 -> 7.5 | BB23: =AC23-BA23 -> 1.33 | BF23: 50 | BG23: #N/A | BH23: =BG23*20 -> #N/A | BI23: =BI22+BH23 -> #N/A | BJ23: =AK23-BI23 -> #N/A | BN23: 50 | BO23: 0.161 | BP23: =BO23*20 -> 3.22 | BQ23: =BQ22+BP23 -> 6.64 | BR23: =BA23-BQ23 -> 0.86 | BV23: 50 | BW23: 0.148 | BX23: =BW23*20 -> 2.96 | BY23: =BY22+BX23 -> 6.05 | BZ23: =BQ23-BY23 -> 0.59 | CD23: 50 | CE23: 0.199 | CF23: =CE23*20 -> 3.98 | CG23: =CG22+CF23 -> 9.2 | CH23: =BY23-CG23 -> -3.15 | CL23: 50 | CM23: 0.182 | CN23: =CM23*20 -> 3.64 | CO23: =CO22+CN23 -> 8.23 | CP23: =CG23-CO23 -> 0.97 | CT23: 50 | CU23: 0.155 | CV23: =CU23*20 -> 3.1 | CW23: =CW22+CV23 -> 6.49 | CX23: =CO23-CW23 -> 1.74 | DB23: 50 | DC23: #N/A | DD23: =DC23*20 -> #N/A | DE23: =DE22+DD23 -> #N/A | DF23: =CW23-DE23 -> #N/A | DJ23: 50 | DK23: #N/A | DL23: =DK23*20 -> #N/A | DM23: =DM22+DL23 -> #N/A | DN23: =DE23-DM23 -> #N/A | DR23: 50 | DS23: 0.13 | DT23: =DS23*20 -> 2.6 | DU23: =DU22+DT23 -> 5.12 | DV23: =CW23-DU23 -> 1.37 | DZ23: 50 | EA23: 0.165 | EB23: =EA23*20 -> 3.3 | EC23: =EC22+EB23 -> 7.74 | ED23: =DU23-EC23 -> -2.62 | EH23: 50 | EI23: 0.21 | EJ23: =EI23*20 -> 4.2 | EK23: =EK22+EJ23 -> 10.2 | EL23: =EC23-EK23 -> -2.46 | EP23: 50 | EQ23: 0.192 | ER23: =EQ23*20 -> 3.84 | ES23: =ES22+ER23 -> 9.39 | ET23: =EK23-ES23 -> 0.81 | EX23: 50 | EY23: #N/A | EZ23: =EY23*20 -> #N/A | FA23: =FA22+EZ23 -> #N/A | FB23: =ES23-FA23 -> #N/A | FF23: 50 | FG23: 0.152 | FH23: =FG23*20 -> 3.04 | FI23: =FI22+FH23 -> 7.21 | FJ23: =ES23-FI23 -> 2.18 | FN23: 50 | FO23: #N/A | FP23: =FO23*20 -> #N/A | FQ23: =FQ22+FP23 -> #N/A | FR23: =FA23-FQ23 -> #N/A | FV23: 50 | FW23: 0.137 | FX23: =FW23*20 -> 2.74 | FY23: =FY22+FX23 -> 6.16 | FZ23: =FI23-FY23 -> 1.05 | GD23: 50 | GE23: #N/A | GF23: =GE23*20 -> #N/A | GG23: =GG22+GF23 -> #N/A | GH23: =FQ23-GG23 -> #N/A | GL23: 50 | GM23: 0.195 | GN23: =GM23*20 -> 3.9 | GO23: =GO22+GN23 -> 9.24 | GP23: =FY23-GO23 -> -3.08 | GT23: 50 | GU23: #N/A | GV23: =GU23*20 -> #N/A | GW23: =GW22+GV23 -> #N/A | GX23: =GG23-GW23 -> #N/A | HB23: 50 | HC23: #N/A | HD23: =HC23*20 -> #N/A | HE23: =HE22+HD23 -> #N/A | HF23: =GO23-HE23 -> #N/A | HJ23: 50 | HK23: 0.138 | HL23: =HK23*20 -> 2.76 | HM23: =HM22+HL23 -> 6.18 | HN23: =GO23-HM23 -> 3.06 | HP23: 50 | HQ23: =MAX(D23,S23,AA23,AY23, BO23, BW23, CE23, CM23, CU23, DS23,EA23,EI23,EQ23,FG23,FW23, GM23,HK23) -> 0.211 | HR23: 0.202 | HS23: =MAX(HQ23,HR23) -> 0.211 | HT23: =HS23*20 -> 4.22 | HU23: =HU22+HT23 -> 10.58 | HX23: 50 | HY23: =MIN(D23,S23,AA23,AY23, BO23, BW23, CE23, CM23, CU23, DS23, EA23,EI23,EQ23,FG23,FW23,GM23,HK23) -> 0.13 | HZ23: 0.105 | IA23: =MIN(HY23,HZ23) -> 0.105 | IB23: =IA23*20 -> 2.1 | IC23: =IC22+IB23 -> 4.32
J24: 70 | K24: 0.189 | L24: =K24*20 -> 3.78 | M24: =M23+L24 -> 11.53 | N24: =F24-M24 -> -11.53 | R24: 70 | S24: 0.189 | T24: =S24*20 -> 3.78 | U24: =U23+T24 -> 13.79 | V24: =M24-U24 -> -2.26 | Z24: 70 | AA24: 0.184 | AB24: =AA24*20 -> 3.68 | AC24: =AC23+AB24 -> 12.51 | AD24: =U24-AC24 -> 1.28 | AH24: 70 | AI24: #N/A | AJ24: =AI24*20 -> #N/A | AK24: =AK23+AJ24 -> #N/A | AL24: =AC24-AK24 -> #N/A | AP24: 70 | AQ24: #N/A | AR24: =AQ24*20 -> #N/A | AS24: =AS23+AR24 -> #N/A | AT24: =AK24-AS24 -> #N/A | AX24: 70 | AY24: 0.182 | AZ24: =AY24*20 -> 3.64 | BA24: =BA23+AZ24 -> 11.14 | BB24: =AC24-BA24 -> 1.37 | BF24: 70 | BG24: #N/A | BH24: =BG24*20 -> #N/A | BI24: =BI23+BH24 -> #N/A | BJ24: =AK24-BI24 -> #N/A | BN24: 70 | BO24: 0.175 | BP24: =BO24*20 -> 3.5 | BQ24: =BQ23+BP24 -> 10.14 | BR24: =BA24-BQ24 -> 1 | BV24: 70 | BW24: 0.173 | BX24: =BW24*20 -> 3.46 | BY24: =BY23+BX24 -> 9.51 | BZ24: =BQ24-BY24 -> 0.63 | CD24: 70 | CE24: 0.193 | CF24: =CE24*20 -> 3.86 | CG24: =CG23+CF24 -> 13.06 | CH24: =BY24-CG24 -> -3.55 | CL24: 70 | CM24: 0.188 | CN24: =CM24*20 -> 3.76 | CO24: =CO23+CN24 -> 11.99 | CP24: =CG24-CO24 -> 1.07 | CT24: 70 | CU24: 0.172 | CV24: =CU24*20 -> 3.44 | CW24: =CW23+CV24 -> 9.93 | CX24: =CO24-CW24 -> 2.06 | DB24: 70 | DC24: #N/A | DD24: =DC24*20 -> #N/A | DE24: =DE23+DD24 -> #N/A | DF24: =CW24-DE24 -> #N/A | DJ24: 70 | DK24: #N/A | DL24: =DK24*20 -> #N/A | DM24: =DM23+DL24 -> #N/A | DN24: =DE24-DM24 -> #N/A | DR24: 70 | DS24: 0.148 | DT24: =DS24*20 -> 2.96 | DU24: =DU23+DT24 -> 8.08 | DV24: =CW24-DU24 -> 1.85 | DZ24: 70 | EA24: 0.16 | EB24: =EA24*20 -> 3.2 | EC24: =EC23+EB24 -> 10.94 | ED24: =DU24-EC24 -> -2.86 | EH24: 70 | EI24: 0.207 | EJ24: =EI24*20 -> 4.14 | EK24: =EK23+EJ24 -> 14.34 | EL24: =EC24-EK24 -> -3.4 | EP24: 70 | EQ24: 0.199 | ER24: =EQ24*20 -> 3.98 | ES24: =ES23+ER24 -> 13.37 | ET24: =EK24-ES24 -> 0.97 | EX24: 70 | EY24: #N/A | EZ24: =EY24*20 -> #N/A | FA24: =FA23+EZ24 -> #N/A | FB24: =ES24-FA24 -> #N/A | FF24: 70 | FG24: 0.174 | FH24: =FG24*20 -> 3.48 | FI24: =FI23+FH24 -> 10.69 | FJ24: =ES24-FI24 -> 2.68 | FN24: 70 | FO24: #N/A | FP24: =FO24*20 -> #N/A | FQ24: =FQ23+FP24 -> #N/A | FR24: =FA24-FQ24 -> #N/A | FV24: 70 | FW24: 0.151 | FX24: =FW24*20 -> 3.02 | FY24: =FY23+FX24 -> 9.18 | FZ24: =FI24-FY24 -> 1.51 | GD24: 70 | GE24: #N/A | GF24: =GE24*20 -> #N/A | GG24: =GG23+GF24 -> #N/A | GH24: =FQ24-GG24 -> #N/A | GL24: 70 | GM24: 0.198 | GN24: =GM24*20 -> 3.96 | GO24: =GO23+GN24 -> 13.2 | GP24: =FY24-GO24 -> -4.02 | GT24: 70 | GU24: #N/A | GV24: =GU24*20 -> #N/A | GW24: =GW23+GV24 -> #N/A | GX24: =GG24-GW24 -> #N/A | HB24: 70 | HC24: #N/A | HD24: =HC24*20 -> #N/A | HE24: =HE23+HD24 -> #N/A | HF24: =GO24-HE24 -> #N/A | HJ24: 70 | HK24: 0.157 | HL24: =HK24*20 -> 3.14 | HM24: =HM23+HL24 -> 9.32 | HN24: =GO24-HM24 -> 3.88 | HP24: 70 | HQ24: =MAX(D24,S24,AA24,AY24, BO24, BW24, CE24, CM24, CU24, DS24,EA24,EI24,EQ24,FG24,FW24, GM24,HK24) -> 0.207 | HR24: 0.197 | HS24: =MAX(HQ24,HR24) -> 0.207 | HT24: =HS24*20 -> 4.14 | HU24: =HU23+HT24 -> 14.72 | HX24: 70 | HY24: =MIN(D24,S24,AA24,AY24, BO24, BW24, CE24, CM24, CU24, DS24, EA24,EI24,EQ24,FG24,FW24,GM24,HK24) -> 0.148 | HZ24: 0.111 | IA24: =MIN(HY24,HZ24) -> 0.111 | IB24: =IA24*20 -> 2.22 | IC24: =IC23+IB24 -> 6.54
J25: 90 | K25: 0.216 | L25: =K25*20 -> 4.32 | M25: =M24+L25 -> 15.85 | N25: =F25-M25 -> -15.85 | R25: 90 | S25: 0.218 | T25: =S25*20 -> 4.36 | U25: =U24+T25 -> 18.15 | V25: =M25-U25 -> -2.3 | Z25: 90 | AA25: 0.213 | AB25: =AA25*20 -> 4.26 | AC25: =AC24+AB25 -> 16.77 | AD25: =U25-AC25 -> 1.38 | AH25: 90 | AI25: #N/A | AJ25: =AI25*20 -> #N/A | AK25: =AK24+AJ25 -> #N/A | AL25: =AC25-AK25 -> #N/A | AP25: 90 | AQ25: #N/A | AR25: =AQ25*20 -> #N/A | AS25: =AS24+AR25 -> #N/A | AT25: =AK25-AS25 -> #N/A | AX25: 90 | AY25: 0.209 | AZ25: =AY25*20 -> 4.18 | BA25: =BA24+AZ25 -> 15.32 | BB25: =AC25-BA25 -> 1.45 | BF25: 90 | BG25: #N/A | BH25: =BG25*20 -> #N/A | BI25: =BI24+BH25 -> #N/A | BJ25: =AK25-BI25 -> #N/A | BN25: 90 | BO25: 0.207 | BP25: =BO25*20 -> 4.14 | BQ25: =BQ24+BP25 -> 14.28 | BR25: =BA25-BQ25 -> 1.04 | BV25: 90 | BW25: 0.209 | BX25: =BW25*20 -> 4.18 | BY25: =BY24+BX25 -> 13.69 | BZ25: =BQ25-BY25 -> 0.59 | CD25: 90 | CE25: 0.224 | CF25: =CE25*20 -> 4.48 | CG25: =CG24+CF25 -> 17.54 | CH25: =BY25-CG25 -> -3.85 | CL25: 90 | CM25: 0.219 | CN25: =CM25*20 -> 4.38 | CO25: =CO24+CN25 -> 16.37 | CP25: =CG25-CO25 -> 1.17 | CT25: 90 | CU25: 0.208 | CV25: =CU25*20 -> 4.16 | CW25: =CW24+CV25 -> 14.09 | CX25: =CO25-CW25 -> 2.28 | DB25: 90 | DC25: #N/A | DD25: =DC25*20 -> #N/A | DE25: =DE24+DD25 -> #N/A | DF25: =CW25-DE25 -> #N/A | DJ25: 90 | DK25: #N/A | DL25: =DK25*20 -> #N/A | DM25: =DM24+DL25 -> #N/A | DN25: =DE25-DM25 -> #N/A | DR25: 90 | DS25: 0.19 | DT25: =DS25*20 -> 3.8 | DU25: =DU24+DT25 -> 11.88 | DV25: =CW25-DU25 -> 2.21 | DZ25: 90 | EA25: 0.19 | EB25: =EA25*20 -> 3.8 | EC25: =EC24+EB25 -> 14.74 | ED25: =DU25-EC25 -> -2.86 | EH25: 90 | EI25: 0.238 | EJ25: =EI25*20 -> 4.76 | EK25: =EK24+EJ25 -> 19.1 | EL25: =EC25-EK25 -> -4.36 | EP25: 90 | EQ25: 0.231 | ER25: =EQ25*20 -> 4.62 | ES25: =ES24+ER25 -> 17.99 | ET25: =EK25-ES25 -> 1.11 | EX25: 90 | EY25: #N/A | EZ25: =EY25*20 -> #N/A | FA25: =FA24+EZ25 -> #N/A | FB25: =ES25-FA25 -> #N/A | FF25: 90 | FG25: 0.209 | FH25: =FG25*20 -> 4.18 | FI25: =FI24+FH25 -> 14.87 | FJ25: =ES25-FI25 -> 3.12 | FN25: 90 | FO25: #N/A | FP25: =FO25*20 -> #N/A | FQ25: =FQ24+FP25 -> #N/A | FR25: =FA25-FQ25 -> #N/A | FV25: 90 | FW25: 0.191 | FX25: =FW25*20 -> 3.82 | FY25: =FY24+FX25 -> 13 | FZ25: =FI25-FY25 -> 1.87 | GD25: 90 | GE25: #N/A | GF25: =GE25*20 -> #N/A | GG25: =GG24+GF25 -> #N/A | GH25: =FQ25-GG25 -> #N/A | GL25: 90 | GM25: 0.232 | GN25: =GM25*20 -> 4.64 | GO25: =GO24+GN25 -> 17.84 | GP25: =FY25-GO25 -> -4.84 | GT25: 90 | GU25: #N/A | GV25: =GU25*20 -> #N/A | GW25: =GW24+GV25 -> #N/A | GX25: =GG25-GW25 -> #N/A | HB25: 90 | HC25: #N/A | HD25: =HC25*20 -> #N/A | HE25: =HE24+HD25 -> #N/A | HF25: =GO25-HE25 -> #N/A | HJ25: 90 | HK25: 0.192 | HL25: =HK25*20 -> 3.84 | HM25: =HM24+HL25 -> 13.16 | HN25: =GO25-HM25 -> 4.68 | HP25: 90 | HQ25: =MAX(D25,S25,AA25,AY25, BO25, BW25, CE25, CM25, CU25, DS25,EA25,EI25,EQ25,FG25,FW25, GM25,HK25) -> 0.238 | HR25: 0.223 | HS25: =MAX(HQ25,HR25) -> 0.238 | HT25: =HS25*20 -> 4.76 | HU25: =HU24+HT25 -> 19.48 | HX25: 90 | HY25: =MIN(D25,S25,AA25,AY25, BO25, BW25, CE25, CM25, CU25, DS25, EA25,EI25,EQ25,FG25,FW25,GM25,HK25) -> 0.19 | HZ25: 0.12 | IA25: =MIN(HY25,HZ25) -> 0.12 | IB25: =IA25*20 -> 2.4 | IC25: =IC24+IB25 -> 8.94
J26: 110 | K26: 0.225 | L26: =K26*20 -> 4.5 | M26: =M25+L26 -> 20.35 | N26: =F26-M26 -> -20.35 | R26: 110 | S26: 0.222 | T26: =S26*20 -> 4.44 | U26: =U25+T26 -> 22.59 | V26: =M26-U26 -> -2.24 | Z26: 110 | AA26: 0.22 | AB26: =AA26*20 -> 4.4 | AC26: =AC25+AB26 -> 21.17 | AD26: =U26-AC26 -> 1.42 | AH26: 110 | AI26: #N/A | AJ26: =AI26*20 -> #N/A | AK26: =AK25+AJ26 -> #N/A | AL26: =AC26-AK26 -> #N/A | AP26: 110 | AQ26: #N/A | AR26: =AQ26*20 -> #N/A | AS26: =AS25+AR26 -> #N/A | AT26: =AK26-AS26 -> #N/A | AX26: 110 | AY26: 0.219 | AZ26: =AY26*20 -> 4.38 | BA26: =BA25+AZ26 -> 19.7 | BB26: =AC26-BA26 -> 1.47 | BF26: 110 | BG26: #N/A | BH26: =BG26*20 -> #N/A | BI26: =BI25+BH26 -> #N/A | BJ26: =AK26-BI26 -> #N/A | BN26: 110 | BO26: 0.219 | BP26: =BO26*20 -> 4.38 | BQ26: =BQ25+BP26 -> 18.66 | BR26: =BA26-BQ26 -> 1.04 | BV26: 110 | BW26: 0.219 | BX26: =BW26*20 -> 4.38 | BY26: =BY25+BX26 -> 18.07 | BZ26: =BQ26-BY26 -> 0.59 | CD26: 110 | CE26: 0.231 | CF26: =CE26*20 -> 4.62 | CG26: =CG25+CF26 -> 22.16 | CH26: =BY26-CG26 -> -4.09 | CL26: 110 | CM26: 0.23 | CN26: =CM26*20 -> 4.6 | CO26: =CO25+CN26 -> 20.97 | CP26: =CG26-CO26 -> 1.19 | CT26: 110 | CU26: 0.224 | CV26: =CU26*20 -> 4.48 | CW26: =CW25+CV26 -> 18.57 | CX26: =CO26-CW26 -> 2.4 | DB26: 110 | DC26: #N/A | DD26: =DC26*20 -> #N/A | DE26: =DE25+DD26 -> #N/A | DF26: =CW26-DE26 -> #N/A | DJ26: 110 | DK26: #N/A | DL26: =DK26*20 -> #N/A | DM26: =DM25+DL26 -> #N/A | DN26: =DE26-DM26 -> #N/A | DR26: 110 | DS26: 0.213 | DT26: =DS26*20 -> 4.26 | DU26: =DU25+DT26 -> 16.14 | DV26: =CW26-DU26 -> 2.43 | DZ26: 110 | EA26: 0.2 | EB26: =EA26*20 -> 4 | EC26: =EC25+EB26 -> 18.74 | ED26: =DU26-EC26 -> -2.6 | EH26: 110 | EI26: 0.237 | EJ26: =EI26*20 -> 4.74 | EK26: =EK25+EJ26 -> 23.84 | EL26: =EC26-EK26 -> -5.1 | EP26: 110 | EQ26: 0.233 | ER26: =EQ26*20 -> 4.66 | ES26: =ES25+ER26 -> 22.65 | ET26: =EK26-ES26 -> 1.19 | EX26: 110 | EY26: #N/A | EZ26: =EY26*20 -> #N/A | FA26: =FA25+EZ26 -> #N/A | FB26: =ES26-FA26 -> #N/A | FF26: 110 | FG26: 0.217 | FH26: =FG26*20 -> 4.34 | FI26: =FI25+FH26 -> 19.21 | FJ26: =ES26-FI26 -> 3.44 | FN26: 110 | FO26: #N/A | FP26: =FO26*20 -> #N/A | FQ26: =FQ25+FP26 -> #N/A | FR26: =FA26-FQ26 -> #N/A | FV26: 110 | FW26: 0.194 | FX26: =FW26*20 -> 3.88 | FY26: =FY25+FX26 -> 16.88 | FZ26: =FI26-FY26 -> 2.33 | GD26: 110 | GE26: #N/A | GF26: =GE26*20 -> #N/A | GG26: =GG25+GF26 -> #N/A | GH26: =FQ26-GG26 -> #N/A | GL26: 110 | GM26: 0.229 | GN26: =GM26*20 -> 4.58 | GO26: =GO25+GN26 -> 22.42 | GP26: =FY26-GO26 -> -5.54 | GT26: 110 | GU26: #N/A | GV26: =GU26*20 -> #N/A | GW26: =GW25+GV26 -> #N/A | GX26: =GG26-GW26 -> #N/A | HB26: 110 | HC26: #N/A | HD26: =HC26*20 -> #N/A | HE26: =HE25+HD26 -> #N/A | HF26: =GO26-HE26 -> #N/A | HJ26: 110 | HK26: 0.199 | HL26: =HK26*20 -> 3.98 | HM26: =HM25+HL26 -> 17.14 | HN26: =GO26-HM26 -> 5.28 | HP26: 110 | HQ26: =MAX(D26,S26,AA26,AY26, BO26, BW26, CE26, CM26, CU26, DS26,EA26,EI26,EQ26,FG26,FW26, GM26,HK26) -> 0.237 | HR26: 0.207 | HS26: =MAX(HQ26,HR26) -> 0.237 | HT26: =HS26*20 -> 4.74 | HU26: =HU25+HT26 -> 24.22 | HX26: 110 | HY26: =MIN(D26,S26,AA26,AY26, BO26, BW26, CE26, CM26, CU26, DS26, EA26,EI26,EQ26,FG26,FW26,GM26,HK26) -> 0.194 | HZ26: 0.118 | IA26: =MIN(HY26,HZ26) -> 0.118 | IB26: =IA26*20 -> 2.36 | IC26: =IC25+IB26 -> 11.3
J27: 130 | K27: 0.209 | L27: =K27*20 -> 4.18 | M27: =M26+L27 -> 24.53 | N27: =F27-M27 -> -24.53 | R27: 130 | S27: 0.203 | T27: =S27*20 -> 4.06 | U27: =U26+T27 -> 26.65 | V27: =M27-U27 -> -2.12 | Z27: 130 | AA27: 0.197 | AB27: =AA27*20 -> 3.94 | AC27: =AC26+AB27 -> 25.11 | AD27: =U27-AC27 -> 1.54 | AH27: 130 | AI27: #N/A | AJ27: =AI27*20 -> #N/A | AK27: =AK26+AJ27 -> #N/A | AL27: =AC27-AK27 -> #N/A | AP27: 130 | AQ27: #N/A | AR27: =AQ27*20 -> #N/A | AS27: =AS26+AR27 -> #N/A | AT27: =AK27-AS27 -> #N/A | AX27: 130 | AY27: 0.199 | AZ27: =AY27*20 -> 3.98 | BA27: =BA26+AZ27 -> 23.68 | BB27: =AC27-BA27 -> 1.43 | BF27: 130 | BG27: #N/A | BH27: =BG27*20 -> #N/A | BI27: =BI26+BH27 -> #N/A | BJ27: =AK27-BI27 -> #N/A | BN27: 130 | BO27: 0.199 | BP27: =BO27*20 -> 3.98 | BQ27: =BQ26+BP27 -> 22.64 | BR27: =BA27-BQ27 -> 1.04 | BV27: 130 | BW27: 0.2 | BX27: =BW27*20 -> 4 | BY27: =BY26+BX27 -> 22.07 | BZ27: =BQ27-BY27 -> 0.57 | CD27: 130 | CE27: 0.212 | CF27: =CE27*20 -> 4.24 | CG27: =CG26+CF27 -> 26.4 | CH27: =BY27-CG27 -> -4.33 | CL27: 130 | CM27: 0.212 | CN27: =CM27*20 -> 4.24 | CO27: =CO26+CN27 -> 25.21 | CP27: =CG27-CO27 -> 1.19 | CT27: 130 | CU27: 0.209 | CV27: =CU27*20 -> 4.18 | CW27: =CW26+CV27 -> 22.75 | CX27: =CO27-CW27 -> 2.46 | DB27: 130 | DC27: #N/A | DD27: =DC27*20 -> #N/A | DE27: =DE26+DD27 -> #N/A | DF27: =CW27-DE27 -> #N/A | DJ27: 130 | DK27: #N/A | DL27: =DK27*20 -> #N/A | DM27: =DM26+DL27 -> #N/A | DN27: =DE27-DM27 -> #N/A | DR27: 130 | DS27: 0.204 | DT27: =DS27*20 -> 4.08 | DU27: =DU26+DT27 -> 20.22 | DV27: =CW27-DU27 -> 2.53 | DZ27: 130 | EA27: 0.196 | EB27: =EA27*20 -> 3.92 | EC27: =EC26+EB27 -> 22.66 | ED27: =DU27-EC27 -> -2.44 | EH27: 130 | EI27: 0.214 | EJ27: =EI27*20 -> 4.28 | EK27: =EK26+EJ27 -> 28.12 | EL27: =EC27-EK27 -> -5.46 | EP27: 130 | EQ27: 0.215 | ER27: =EQ27*20 -> 4.3 | ES27: =ES26+ER27 -> 26.95 | ET27: =EK27-ES27 -> 1.17 | EX27: 130 | EY27: #N/A | EZ27: =EY27*20 -> #N/A | FA27: =FA26+EZ27 -> #N/A | FB27: =ES27-FA27 -> #N/A | FF27: 130 | FG27: 0.199 | FH27: =FG27*20 -> 3.98 | FI27: =FI26+FH27 -> 23.19 | FJ27: =ES27-FI27 -> 3.76 | FN27: 130 | FO27: #N/A | FP27: =FO27*20 -> #N/A | FQ27: =FQ26+FP27 -> #N/A | FR27: =FA27-FQ27 -> #N/A | FV27: 130 | FW27: 0.19 | FX27: =FW27*20 -> 3.8 | FY27: =FY26+FX27 -> 20.68 | FZ27: =FI27-FY27 -> 2.51 | GD27: 130 | GE27: #N/A | GF27: =GE27*20 -> #N/A | GG27: =GG26+GF27 -> #N/A | GH27: =FQ27-GG27 -> #N/A | GL27: 130 | GM27: 0.199 | GN27: =GM27*20 -> 3.98 | GO27: =GO26+GN27 -> 26.4 | GP27: =FY27-GO27 -> -5.72 | GT27: 130 | GU27: #N/A | GV27: =GU27*20 -> #N/A | GW27: =GW26+GV27 -> #N/A | GX27: =GG27-GW27 -> #N/A | HB27: 130 | HC27: #N/A | HD27: =HC27*20 -> #N/A | HE27: =HE26+HD27 -> #N/A | HF27: =GO27-HE27 -> #N/A | HJ27: 130 | HK27: 0.187 | HL27: =HK27*20 -> 3.74 | HM27: =HM26+HL27 -> 20.88 | HN27: =GO27-HM27 -> 5.52 | HP27: 130 | HQ27: =MAX(D27,S27,AA27,AY27, BO27, BW27, CE27, CM27, CU27, DS27,EA27,EI27,EQ27,FG27,FW27, GM27,HK27) -> 0.215 | HR27: 0.174 | HS27: =MAX(HQ27,HR27) -> 0.215 | HT27: =HS27*20 -> 4.3 | HU27: =HU26+HT27 -> 28.52 | HX27: 130 | HY27: =MIN(D27,S27,AA27,AY27, BO27, BW27, CE27, CM27, CU27, DS27, EA27,EI27,EQ27,FG27,FW27,GM27,HK27) -> 0.187 | HZ27: 0.104 | IA27: =MIN(HY27,HZ27) -> 0.104 | IB27: =IA27*20 -> 2.08 | IC27: =IC26+IB27 -> 13.38
J28: 150 | K28: 0.19 | L28: =K28*20 -> 3.8 | M28: =M27+L28 -> 28.33 | N28: =F28-M28 -> -28.33 | R28: 150 | S28: 0.187 | T28: =S28*20 -> 3.74 | U28: =U27+T28 -> 30.39 | V28: =M28-U28 -> -2.06 | Z28: 150 | AA28: 0.182 | AB28: =AA28*20 -> 3.64 | AC28: =AC27+AB28 -> 28.75 | AD28: =U28-AC28 -> 1.64 | AH28: 150 | AI28: #N/A | AJ28: =AI28*20 -> #N/A | AK28: =AK27+AJ28 -> #N/A | AL28: =AC28-AK28 -> #N/A | AP28: 150 | AQ28: #N/A | AR28: =AQ28*20 -> #N/A | AS28: =AS27+AR28 -> #N/A | AT28: =AK28-AS28 -> #N/A | AX28: 150 | AY28: 0.186 | AZ28: =AY28*20 -> 3.72 | BA28: =BA27+AZ28 -> 27.4 | BB28: =AC28-BA28 -> 1.35 | BF28: 150 | BG28: #N/A | BH28: =BG28*20 -> #N/A | BI28: =BI27+BH28 -> #N/A | BJ28: =AK28-BI28 -> #N/A | BN28: 150 | BO28: 0.187 | BP28: =BO28*20 -> 3.74 | BQ28: =BQ27+BP28 -> 26.38 | BR28: =BA28-BQ28 -> 1.02 | BV28: 150 | BW28: 0.183 | BX28: =BW28*20 -> 3.66 | BY28: =BY27+BX28 -> 25.73 | BZ28: =BQ28-BY28 -> 0.65 | CD28: 150 | CE28: 0.196 | CF28: =CE28*20 -> 3.92 | CG28: =CG27+CF28 -> 30.32 | CH28: =BY28-CG28 -> -4.59 | CL28: 150 | CM28: 0.197 | CN28: =CM28*20 -> 3.94 | CO28: =CO27+CN28 -> 29.15 | CP28: =CG28-CO28 -> 1.17 | CT28: 150 | CU28: 0.193 | CV28: =CU28*20 -> 3.86 | CW28: =CW27+CV28 -> 26.61 | CX28: =CO28-CW28 -> 2.54 | DB28: 150 | DC28: #N/A | DD28: =DC28*20 -> #N/A | DE28: =DE27+DD28 -> #N/A | DF28: =CW28-DE28 -> #N/A | DJ28: 150 | DK28: #N/A | DL28: =DK28*20 -> #N/A | DM28: =DM27+DL28 -> #N/A | DN28: =DE28-DM28 -> #N/A | DR28: 150 | DS28: 0.198 | DT28: =DS28*20 -> 3.96 | DU28: =DU27+DT28 -> 24.18 | DV28: =CW28-DU28 -> 2.43 | DZ28: 150 | EA28: 0.187 | EB28: =EA28*20 -> 3.74 | EC28: =EC27+EB28 -> 26.4 | ED28: =DU28-EC28 -> -2.22 | EH28: 150 | EI28: 0.201 | EJ28: =EI28*20 -> 4.02 | EK28: =EK27+EJ28 -> 32.14 | EL28: =EC28-EK28 -> -5.74 | EP28: 150 | EQ28: 0.197 | ER28: =EQ28*20 -> 3.94 | ES28: =ES27+ER28 -> 30.89 | ET28: =EK28-ES28 -> 1.25 | EX28: 150 | EY28: #N/A | EZ28: =EY28*20 -> #N/A | FA28: =FA27+EZ28 -> #N/A | FB28: =ES28-FA28 -> #N/A | FF28: 150 | FG28: 0.187 | FH28: =FG28*20 -> 3.74 | FI28: =FI27+FH28 -> 26.93 | FJ28: =ES28-FI28 -> 3.96 | FN28: 150 | FO28: #N/A | FP28: =FO28*20 -> #N/A | FQ28: =FQ27+FP28 -> #N/A | FR28: =FA28-FQ28 -> #N/A | FV28: 150 | FW28: 0.185 | FX28: =FW28*20 -> 3.7 | FY28: =FY27+FX28 -> 24.38 | FZ28: =FI28-FY28 -> 2.55 | GD28: 150 | GE28: #N/A | GF28: =GE28*20 -> #N/A | GG28: =GG27+GF28 -> #N/A | GH28: =FQ28-GG28 -> #N/A | GL28: 150 | GM28: 0.184 | GN28: =GM28*20 -> 3.68 | GO28: =GO27+GN28 -> 30.08 | GP28: =FY28-GO28 -> -5.7 | GT28: 150 | GU28: #N/A | GV28: =GU28*20 -> #N/A | GW28: =GW27+GV28 -> #N/A | GX28: =GG28-GW28 -> #N/A | HB28: 150 | HC28: #N/A | HD28: =HC28*20 -> #N/A | HE28: =HE27+HD28 -> #N/A | HF28: =GO28-HE28 -> #N/A | HJ28: 150 | HK28: 0.171 | HL28: =HK28*20 -> 3.42 | HM28: =HM27+HL28 -> 24.3 | HN28: =GO28-HM28 -> 5.78 | HP28: 150 | HQ28: =MAX(D28,S28,AA28,AY28, BO28, BW28, CE28, CM28, CU28, DS28,EA28,EI28,EQ28,FG28,FW28, GM28,HK28) -> 0.201 | HR28: 0.169 | HS28: =MAX(HQ28,HR28) -> 0.201 | HT28: =HS28*20 -> 4.02 | HU28: =HU27+HT28 -> 32.54 | HX28: 150 | HY28: =MIN(D28,S28,AA28,AY28, BO28, BW28, CE28, CM28, CU28, DS28, EA28,EI28,EQ28,FG28,FW28,GM28,HK28) -> 0.171 | HZ28: 0.105 | IA28: =MIN(HY28,HZ28) -> 0.105 | IB28: =IA28*20 -> 2.1 | IC28: =IC27+IB28 -> 15.48
J29: 170 | K29: 0.18 | L29: =K29*20 -> 3.6 | M29: =M28+L29 -> 31.93 | N29: =F29-M29 -> -31.93 | R29: 170 | S29: 0.176 | T29: =S29*20 -> 3.52 | U29: =U28+T29 -> 33.91 | V29: =M29-U29 -> -1.98 | Z29: 170 | AA29: 0.18 | AB29: =AA29*20 -> 3.6 | AC29: =AC28+AB29 -> 32.35 | AD29: =U29-AC29 -> 1.56 | AH29: 170 | AI29: #N/A | AJ29: =AI29*20 -> #N/A | AK29: =AK28+AJ29 -> #N/A | AL29: =AC29-AK29 -> #N/A | AP29: 170 | AQ29: #N/A | AR29: =AQ29*20 -> #N/A | AS29: =AS28+AR29 -> #N/A | AT29: =AK29-AS29 -> #N/A | AX29: 170 | AY29: 0.178 | AZ29: =AY29*20 -> 3.56 | BA29: =BA28+AZ29 -> 30.96 | BB29: =AC29-BA29 -> 1.39 | BF29: 170 | BG29: #N/A | BH29: =BG29*20 -> #N/A | BI29: =BI28+BH29 -> #N/A | BJ29: =AK29-BI29 -> #N/A | BN29: 170 | BO29: 0.182 | BP29: =BO29*20 -> 3.64 | BQ29: =BQ28+BP29 -> 30.02 | BR29: =BA29-BQ29 -> 0.94 | BV29: 170 | BW29: 0.18 | BX29: =BW29*20 -> 3.6 | BY29: =BY28+BX29 -> 29.33 | BZ29: =BQ29-BY29 -> 0.69 | CD29: 170 | CE29: 0.195 | CF29: =CE29*20 -> 3.9 | CG29: =CG28+CF29 -> 34.22 | CH29: =BY29-CG29 -> -4.89 | CL29: 170 | CM29: 0.195 | CN29: =CM29*20 -> 3.9 | CO29: =CO28+CN29 -> 33.05 | CP29: =CG29-CO29 -> 1.17 | CT29: 170 | CU29: 0.193 | CV29: =CU29*20 -> 3.86 | CW29: =CW28+CV29 -> 30.47 | CX29: =CO29-CW29 -> 2.58 | DB29: 170 | DC29: #N/A | DD29: =DC29*20 -> #N/A | DE29: =DE28+DD29 -> #N/A | DF29: =CW29-DE29 -> #N/A | DJ29: 170 | DK29: #N/A | DL29: =DK29*20 -> #N/A | DM29: =DM28+DL29 -> #N/A | DN29: =DE29-DM29 -> #N/A | DR29: 170 | DS29: 0.192 | DT29: =DS29*20 -> 3.84 | DU29: =DU28+DT29 -> 28.02 | DV29: =CW29-DU29 -> 2.45 | DZ29: 170 | EA29: 0.19 | EB29: =EA29*20 -> 3.8 | EC29: =EC28+EB29 -> 30.2 | ED29: =DU29-EC29 -> -2.18 | EH29: 170 | EI29: 0.195 | EJ29: =EI29*20 -> 3.9 | EK29: =EK28+EJ29 -> 36.04 | EL29: =EC29-EK29 -> -5.84 | EP29: 170 | EQ29: 0.198 | ER29: =EQ29*20 -> 3.96 | ES29: =ES28+ER29 -> 34.85 | ET29: =EK29-ES29 -> 1.19 | EX29: 170 | EY29: #N/A | EZ29: =EY29*20 -> #N/A | FA29: =FA28+EZ29 -> #N/A | FB29: =ES29-FA29 -> #N/A | FF29: 170 | FG29: 0.194 | FH29: =FG29*20 -> 3.88 | FI29: =FI28+FH29 -> 30.81 | FJ29: =ES29-FI29 -> 4.04 | FN29: 170 | FO29: #N/A | FP29: =FO29*20 -> #N/A | FQ29: =FQ28+FP29 -> #N/A | FR29: =FA29-FQ29 -> #N/A | FV29: 170 | FW29: 0.188 | FX29: =FW29*20 -> 3.76 | FY29: =FY28+FX29 -> 28.14 | FZ29: =FI29-FY29 -> 2.67 | GD29: 170 | GE29: #N/A | GF29: =GE29*20 -> #N/A | GG29: =GG28+GF29 -> #N/A | GH29: =FQ29-GG29 -> #N/A | GL29: 170 | GM29: 0.187 | GN29: =GM29*20 -> 3.74 | GO29: =GO28+GN29 -> 33.82 | GP29: =FY29-GO29 -> -5.68 | GT29: 170 | GU29: #N/A | GV29: =GU29*20 -> #N/A | GW29: =GW28+GV29 -> #N/A | GX29: =GG29-GW29 -> #N/A | HB29: 170 | HC29: #N/A | HD29: =HC29*20 -> #N/A | HE29: =HE28+HD29 -> #N/A | HF29: =GO29-HE29 -> #N/A | HJ29: 170 | HK29: 0.179 | HL29: =HK29*20 -> 3.58 | HM29: =HM28+HL29 -> 27.88 | HN29: =GO29-HM29 -> 5.94 | HP29: 170 | HQ29: =MAX(D29,S29,AA29,AY29, BO29, BW29, CE29, CM29, CU29, DS29,EA29,EI29,EQ29,FG29,FW29, GM29,HK29) -> 0.198 | HR29: 0.167 | HS29: =MAX(HQ29,HR29) -> 0.198 | HT29: =HS29*20 -> 3.96 | HU29: =HU28+HT29 -> 36.5 | HX29: 170 | HY29: =MIN(D29,S29,AA29,AY29, BO29, BW29, CE29, CM29, CU29, DS29, EA29,EI29,EQ29,FG29,FW29,GM29,HK29) -> 0.176 | HZ29: 0.11 | IA29: =MIN(HY29,HZ29) -> 0.11 | IB29: =IA29*20 -> 2.2 | IC29: =IC28+IB29 -> 17.68
J30: 190 | K30: 0.159 | L30: =K30*20 -> 3.18 | M30: =M29+L30 -> 35.11 | N30: =F30-M30 -> -35.11 | R30: 190 | S30: 0.164 | T30: =S30*20 -> 3.28 | U30: =U29+T30 -> 37.19 | V30: =M30-U30 -> -2.08 | Z30: 190 | AA30: 0.17 | AB30: =AA30*20 -> 3.4 | AC30: =AC29+AB30 -> 35.75 | AD30: =U30-AC30 -> 1.44 | AH30: 190 | AI30: #N/A | AJ30: =AI30*20 -> #N/A | AK30: =AK29+AJ30 -> #N/A | AL30: =AC30-AK30 -> #N/A | AP30: 190 | AQ30: #N/A | AR30: =AQ30*20 -> #N/A | AS30: =AS29+AR30 -> #N/A | AT30: =AK30-AS30 -> #N/A | AX30: 190 | AY30: 0.171 | AZ30: =AY30*20 -> 3.42 | BA30: =BA29+AZ30 -> 34.38 | BB30: =AC30-BA30 -> 1.37 | BF30: 190 | BG30: #N/A | BH30: =BG30*20 -> #N/A | BI30: =BI29+BH30 -> #N/A | BJ30: =AK30-BI30 -> #N/A | BN30: 190 | BO30: 0.175 | BP30: =BO30*20 -> 3.5 | BQ30: =BQ29+BP30 -> 33.52 | BR30: =BA30-BQ30 -> 0.86 | BV30: 190 | BW30: 0.173 | BX30: =BW30*20 -> 3.46 | BY30: =BY29+BX30 -> 32.79 | BZ30: =BQ30-BY30 -> 0.73 | CD30: 190 | CE30: 0.183 | CF30: =CE30*20 -> 3.66 | CG30: =CG29+CF30 -> 37.88 | CH30: =BY30-CG30 -> -5.09 | CL30: 190 | CM30: 0.192 | CN30: =CM30*20 -> 3.84 | CO30: =CO29+CN30 -> 36.89 | CP30: =CG30-CO30 -> 0.99 | CT30: 190 | CU30: 0.188 | CV30: =CU30*20 -> 3.76 | CW30: =CW29+CV30 -> 34.23 | CX30: =CO30-CW30 -> 2.66 | DB30: 190 | DC30: #N/A | DD30: =DC30*20 -> #N/A | DE30: =DE29+DD30 -> #N/A | DF30: =CW30-DE30 -> #N/A | DJ30: 190 | DK30: #N/A | DL30: =DK30*20 -> #N/A | DM30: =DM29+DL30 -> #N/A | DN30: =DE30-DM30 -> #N/A | DR30: 190 | DS30: 0.188 | DT30: =DS30*20 -> 3.76 | DU30: =DU29+DT30 -> 31.78 | DV30: =CW30-DU30 -> 2.45 | DZ30: 190 | EA30: 0.182 | EB30: =EA30*20 -> 3.64 | EC30: =EC29+EB30 -> 33.84 | ED30: =DU30-EC30 -> -2.06 | EH30: 190 | EI30: 0.19 | EJ30: =EI30*20 -> 3.8 | EK30: =EK29+EJ30 -> 39.84 | EL30: =EC30-EK30 -> -6 | EP30: 190 | EQ30: 0.188 | ER30: =EQ30*20 -> 3.76 | ES30: =ES29+ER30 -> 38.61 | ET30: =EK30-ES30 -> 1.23 | EX30: 190 | EY30: #N/A | EZ30: =EY30*20 -> #N/A | FA30: =FA29+EZ30 -> #N/A | FB30: =ES30-FA30 -> #N/A | FF30: 190 | FG30: 0.183 | FH30: =FG30*20 -> 3.66 | FI30: =FI29+FH30 -> 34.47 | FJ30: =ES30-FI30 -> 4.14 | FN30: 190 | FO30: #N/A | FP30: =FO30*20 -> #N/A | FQ30: =FQ29+FP30 -> #N/A | FR30: =FA30-FQ30 -> #N/A | FV30: 190 | FW30: 0.184 | FX30: =FW30*20 -> 3.68 | FY30: =FY29+FX30 -> 31.82 | FZ30: =FI30-FY30 -> 2.65 | GD30: 190 | GE30: #N/A | GF30: =GE30*20 -> #N/A | GG30: =GG29+GF30 -> #N/A | GH30: =FQ30-GG30 -> #N/A | GL30: 190 | GM30: 0.178 | GN30: =GM30*20 -> 3.56 | GO30: =GO29+GN30 -> 37.38 | GP30: =FY30-GO30 -> -5.56 | GT30: 190 | GU30: #N/A | GV30: =GU30*20 -> #N/A | GW30: =GW29+GV30 -> #N/A | GX30: =GG30-GW30 -> #N/A | HB30: 190 | HC30: #N/A | HD30: =HC30*20 -> #N/A | HE30: =HE29+HD30 -> #N/A | HF30: =GO30-HE30 -> #N/A | HJ30: 190 | HK30: 0.17 | HL30: =HK30*20 -> 3.4 | HM30: =HM29+HL30 -> 31.28 | HN30: =GO30-HM30 -> 6.1 | HP30: 190 | HQ30: =MAX(D30,S30,AA30,AY30, BO30, BW30, CE30, CM30, CU30, DS30,EA30,EI30,EQ30,FG30,FW30, GM30,HK30) -> 0.192 | HR30: 0.163 | HS30: =MAX(HQ30,HR30) -> 0.192 | HT30: =HS30*20 -> 3.84 | HU30: =HU29+HT30 -> 40.34 | HX30: 190 | HY30: =MIN(D30,S30,AA30,AY30, BO30, BW30, CE30, CM30, CU30, DS30, EA30,EI30,EQ30,FG30,FW30,GM30,HK30) -> 0.164 | HZ30: 0.106 | IA30: =MIN(HY30,HZ30) -> 0.106 | IB30: =IA30*20 -> 2.12 | IC30: =IC29+IB30 -> 19.8
J31: 210 | K31: 0.127 | L31: =K31*20 -> 2.54 | M31: =M30+L31 -> 37.65 | N31: =F31-M31 -> -37.65 | R31: 210 | S31: 0.134 | T31: =S31*20 -> 2.68 | U31: =U30+T31 -> 39.87 | V31: =M31-U31 -> -2.22 | Z31: 210 | AA31: 0.146 | AB31: =AA31*20 -> 2.92 | AC31: =AC30+AB31 -> 38.67 | AD31: =U31-AC31 -> 1.2 | AH31: 210 | AI31: #N/A | AJ31: =AI31*20 -> #N/A | AK31: =AK30+AJ31 -> #N/A | AL31: =AC31-AK31 -> #N/A | AP31: 210 | AQ31: #N/A | AR31: =AQ31*20 -> #N/A | AS31: =AS30+AR31 -> #N/A | AT31: =AK31-AS31 -> #N/A | AX31: 210 | AY31: 0.15 | AZ31: =AY31*20 -> 3 | BA31: =BA30+AZ31 -> 37.38 | BB31: =AC31-BA31 -> 1.29 | BF31: 210 | BG31: #N/A | BH31: =BG31*20 -> #N/A | BI31: =BI30+BH31 -> #N/A | BJ31: =AK31-BI31 -> #N/A | BN31: 210 | BO31: 0.153 | BP31: =BO31*20 -> 3.06 | BQ31: =BQ30+BP31 -> 36.58 | BR31: =BA31-BQ31 -> 0.8 | BV31: 210 | BW31: 0.159 | BX31: =BW31*20 -> 3.18 | BY31: =BY30+BX31 -> 35.97 | BZ31: =BQ31-BY31 -> 0.61 | CD31: 210 | CE31: 0.163 | CF31: =CE31*20 -> 3.26 | CG31: =CG30+CF31 -> 41.14 | CH31: =BY31-CG31 -> -5.17 | CL31: 210 | CM31: 0.168 | CN31: =CM31*20 -> 3.36 | CO31: =CO30+CN31 -> 40.25 | CP31: =CG31-CO31 -> 0.89 | CT31: 210 | CU31: 0.172 | CV31: =CU31*20 -> 3.44 | CW31: =CW30+CV31 -> 37.67 | CX31: =CO31-CW31 -> 2.58 | DB31: 210 | DC31: #N/A | DD31: =DC31*20 -> #N/A | DE31: =DE30+DD31 -> #N/A | DF31: =CW31-DE31 -> #N/A | DJ31: 210 | DK31: #N/A | DL31: =DK31*20 -> #N/A | DM31: =DM30+DL31 -> #N/A | DN31: =DE31-DM31 -> #N/A | DR31: 210 | DS31: 0.174 | DT31: =DS31*20 -> 3.48 | DU31: =DU30+DT31 -> 35.26 | DV31: =CW31-DU31 -> 2.41 | DZ31: 210 | EA31: 0.165 | EB31: =EA31*20 -> 3.3 | EC31: =EC30+EB31 -> 37.14 | ED31: =DU31-EC31 -> -1.88 | EH31: 210 | EI31: 0.162 | EJ31: =EI31*20 -> 3.24 | EK31: =EK30+EJ31 -> 43.08 | EL31: =EC31-EK31 -> -5.94 | EP31: 210 | EQ31: 0.167 | ER31: =EQ31*20 -> 3.34 | ES31: =ES30+ER31 -> 41.95 | ET31: =EK31-ES31 -> 1.13 | EX31: 210 | EY31: #N/A | EZ31: =EY31*20 -> #N/A | FA31: =FA30+EZ31 -> #N/A | FB31: =ES31-FA31 -> #N/A | FF31: 210 | FG31: 0.163 | FH31: =FG31*20 -> 3.26 | FI31: =FI30+FH31 -> 37.73 | FJ31: =ES31-FI31 -> 4.22 | FN31: 210 | FO31: #N/A | FP31: =FO31*20 -> #N/A | FQ31: =FQ30+FP31 -> #N/A | FR31: =FA31-FQ31 -> #N/A | FV31: 210 | FW31: 0.165 | FX31: =FW31*20 -> 3.3 | FY31: =FY30+FX31 -> 35.12 | FZ31: =FI31-FY31 -> 2.61 | GD31: 210 | GE31: #N/A | GF31: =GE31*20 -> #N/A | GG31: =GG30+GF31 -> #N/A | GH31: =FQ31-GG31 -> #N/A | GL31: 210 | GM31: 0.16 | GN31: =GM31*20 -> 3.2 | GO31: =GO30+GN31 -> 40.58 | GP31: =FY31-GO31 -> -5.46 | GT31: 210 | GU31: #N/A | GV31: =GU31*20 -> #N/A | GW31: =GW30+GV31 -> #N/A | GX31: =GG31-GW31 -> #N/A | HB31: 210 | HC31: #N/A | HD31: =HC31*20 -> #N/A | HE31: =HE30+HD31 -> #N/A | HF31: =GO31-HE31 -> #N/A | HJ31: 210 | HK31: 0.159 | HL31: =HK31*20 -> 3.18 | HM31: =HM30+HL31 -> 34.46 | HN31: =GO31-HM31 -> 6.12 | HP31: 210 | HQ31: =MAX(D31,S31,AA31,AY31, BO31, BW31, CE31, CM31, CU31, DS31,EA31,EI31,EQ31,FG31,FW31, GM31,HK31) -> 0.174 | HR31: 0.159 | HS31: =MAX(HQ31,HR31) -> 0.174 | HT31: =HS31*20 -> 3.48 | HU31: =HU30+HT31 -> 43.82 | HX31: 210 | HY31: =MIN(D31,S31,AA31,AY31, BO31, BW31, CE31, CM31, CU31, DS31, EA31,EI31,EQ31,FG31,FW31,GM31,HK31) -> 0.134 | HZ31: 0.116 | IA31: =MIN(HY31,HZ31) -> 0.116 | IB31: =IA31*20 -> 2.32 | IC31: =IC30+IB31 -> 22.12
J32: 230 | K32: 0.121 | L32: =K32*20 -> 2.42 | M32: =M31+L32 -> 40.07 | N32: =F32-M32 -> -40.07 | R32: 230 | S32: 0.119 | T32: =S32*20 -> 2.38 | U32: =U31+T32 -> 42.25 | V32: =M32-U32 -> -2.18 | Z32: 230 | AA32: 0.121 | AB32: =AA32*20 -> 2.42 | AC32: =AC31+AB32 -> 41.09 | AD32: =U32-AC32 -> 1.16 | AH32: 230 | AI32: #N/A | AJ32: =AI32*20 -> #N/A | AK32: =AK31+AJ32 -> #N/A | AL32: =AC32-AK32 -> #N/A | AP32: 230 | AQ32: #N/A | AR32: =AQ32*20 -> #N/A | AS32: =AS31+AR32 -> #N/A | AT32: =AK32-AS32 -> #N/A | AX32: 230 | AY32: 0.136 | AZ32: =AY32*20 -> 2.72 | BA32: =BA31+AZ32 -> 40.1 | BB32: =AC32-BA32 -> 0.99 | BF32: 230 | BG32: #N/A | BH32: =BG32*20 -> #N/A | BI32: =BI31+BH32 -> #N/A | BJ32: =AK32-BI32 -> #N/A | BN32: 230 | BO32: 0.143 | BP32: =BO32*20 -> 2.86 | BQ32: =BQ31+BP32 -> 39.44 | BR32: =BA32-BQ32 -> 0.66 | BV32: 230 | BW32: 0.15 | BX32: =BW32*20 -> 3 | BY32: =BY31+BX32 -> 38.97 | BZ32: =BQ32-BY32 -> 0.47 | CD32: 230 | CE32: 0.146 | CF32: =CE32*20 -> 2.92 | CG32: =CG31+CF32 -> 44.06 | CH32: =BY32-CG32 -> -5.09 | CL32: 230 | CM32: 0.153 | CN32: =CM32*20 -> 3.06 | CO32: =CO31+CN32 -> 43.31 | CP32: =CG32-CO32 -> 0.75 | CT32: 230 | CU32: 0.161 | CV32: =CU32*20 -> 3.22 | CW32: =CW31+CV32 -> 40.89 | CX32: =CO32-CW32 -> 2.42 | DB32: 230 | DC32: #N/A | DD32: =DC32*20 -> #N/A | DE32: =DE31+DD32 -> #N/A | DF32: =CW32-DE32 -> #N/A | DJ32: 230 | DK32: #N/A | DL32: =DK32*20 -> #N/A | DM32: =DM31+DL32 -> #N/A | DN32: =DE32-DM32 -> #N/A | DR32: 230 | DS32: 0.167 | DT32: =DS32*20 -> 3.34 | DU32: =DU31+DT32 -> 38.6 | DV32: =CW32-DU32 -> 2.29 | DZ32: 230 | EA32: 0.159 | EB32: =EA32*20 -> 3.18 | EC32: =EC31+EB32 -> 40.32 | ED32: =DU32-EC32 -> -1.72 | EH32: 230 | EI32: 0.157 | EJ32: =EI32*20 -> 3.14 | EK32: =EK31+EJ32 -> 46.22 | EL32: =EC32-EK32 -> -5.9 | EP32: 230 | EQ32: 0.159 | ER32: =EQ32*20 -> 3.18 | ES32: =ES31+ER32 -> 45.13 | ET32: =EK32-ES32 -> 1.09 | EX32: 230 | EY32: #N/A | EZ32: =EY32*20 -> #N/A | FA32: =FA31+EZ32 -> #N/A | FB32: =ES32-FA32 -> #N/A | FF32: 230 | FG32: 0.158 | FH32: =FG32*20 -> 3.16 | FI32: =FI31+FH32 -> 40.89 | FJ32: =ES32-FI32 -> 4.24 | FN32: 230 | FO32: #N/A | FP32: =FO32*20 -> #N/A | FQ32: =FQ31+FP32 -> #N/A | FR32: =FA32-FQ32 -> #N/A | FV32: 230 | FW32: 0.158 | FX32: =FW32*20 -> 3.16 | FY32: =FY31+FX32 -> 38.28 | FZ32: =FI32-FY32 -> 2.61 | GD32: 230 | GE32: #N/A | GF32: =GE32*20 -> #N/A | GG32: =GG31+GF32 -> #N/A | GH32: =FQ32-GG32 -> #N/A | GL32: 230 | GM32: 0.157 | GN32: =GM32*20 -> 3.14 | GO32: =GO31+GN32 -> 43.72 | GP32: =FY32-GO32 -> -5.44 | GT32: 230 | GU32: #N/A | GV32: =GU32*20 -> #N/A | GW32: =GW31+GV32 -> #N/A | GX32: =GG32-GW32 -> #N/A | HB32: 230 | HC32: #N/A | HD32: =HC32*20 -> #N/A | HE32: =HE31+HD32 -> #N/A | HF32: =GO32-HE32 -> #N/A | HJ32: 230 | HK32: 0.154 | HL32: =HK32*20 -> 3.08 | HM32: =HM31+HL32 -> 37.54 | HN32: =GO32-HM32 -> 6.18 | HP32: 230 | HQ32: =MAX(D32,S32,AA32,AY32, BO32, BW32, CE32, CM32, CU32, DS32,EA32,EI32,EQ32,FG32,FW32, GM32,HK32) -> 0.167 | HR32: 0.15 | HS32: =MAX(HQ32,HR32) -> 0.167 | HT32: =HS32*20 -> 3.34 | HU32: =HU31+HT32 -> 47.16 | HX32: 230 | HY32: =MIN(D32,S32,AA32,AY32, BO32, BW32, CE32, CM32, CU32, DS32, EA32,EI32,EQ32,FG32,FW32,GM32,HK32) -> 0.119 | HZ32: 0.115 | IA32: =MIN(HY32,HZ32) -> 0.115 | IB32: =IA32*20 -> 2.3 | IC32: =IC31+IB32 -> 24.42
J33: 250 | K33: 0.116 | L33: =K33*20 -> 2.32 | M33: =M32+L33 -> 42.39 | N33: =F33-M33 -> -42.39 | R33: 250 | S33: 0.113 | T33: =S33*20 -> 2.26 | U33: =U32+T33 -> 44.51 | V33: =M33-U33 -> -2.12 | Z33: 250 | AA33: 0.109 | AB33: =AA33*20 -> 2.18 | AC33: =AC32+AB33 -> 43.27 | AD33: =U33-AC33 -> 1.24 | AH33: 250 | AI33: #N/A | AJ33: =AI33*20 -> #N/A | AK33: =AK32+AJ33 -> #N/A | AL33: =AC33-AK33 -> #N/A | AP33: 250 | AQ33: #N/A | AR33: =AQ33*20 -> #N/A | AS33: =AS32+AR33 -> #N/A | AT33: =AK33-AS33 -> #N/A | AX33: 250 | AY33: 0.116 | AZ33: =AY33*20 -> 2.32 | BA33: =BA32+AZ33 -> 42.42 | BB33: =AC33-BA33 -> 0.85 | BF33: 250 | BG33: #N/A | BH33: =BG33*20 -> #N/A | BI33: =BI32+BH33 -> #N/A | BJ33: =AK33-BI33 -> #N/A | BN33: 250 | BO33: 0.122 | BP33: =BO33*20 -> 2.44 | BQ33: =BQ32+BP33 -> 41.88 | BR33: =BA33-BQ33 -> 0.54 | BV33: 250 | BW33: 0.121 | BX33: =BW33*20 -> 2.42 | BY33: =BY32+BX33 -> 41.39 | BZ33: =BQ33-BY33 -> 0.49 | CD33: 250 | CE33: 0.126 | CF33: =CE33*20 -> 2.52 | CG33: =CG32+CF33 -> 46.58 | CH33: =BY33-CG33 -> -5.19 | CL33: 250 | CM33: 0.126 | CN33: =CM33*20 -> 2.52 | CO33: =CO32+CN33 -> 45.83 | CP33: =CG33-CO33 -> 0.75 | CT33: 250 | CU33: 0.132 | CV33: =CU33*20 -> 2.64 | CW33: =CW32+CV33 -> 43.53 | CX33: =CO33-CW33 -> 2.3 | DB33: 250 | DC33: #N/A | DD33: =DC33*20 -> #N/A | DE33: =DE32+DD33 -> #N/A | DF33: =CW33-DE33 -> #N/A | DJ33: 250 | DK33: #N/A | DL33: =DK33*20 -> #N/A | DM33: =DM32+DL33 -> #N/A | DN33: =DE33-DM33 -> #N/A | DR33: 250 | DS33: 0.141 | DT33: =DS33*20 -> 2.82 | DU33: =DU32+DT33 -> 41.42 | DV33: =CW33-DU33 -> 2.11 | DZ33: 250 | EA33: 0.137 | EB33: =EA33*20 -> 2.74 | EC33: =EC32+EB33 -> 43.06 | ED33: =DU33-EC33 -> -1.64 | EH33: 250 | EI33: 0.133 | EJ33: =EI33*20 -> 2.66 | EK33: =EK32+EJ33 -> 48.88 | EL33: =EC33-EK33 -> -5.82 | EP33: 250 | EQ33: 0.134 | ER33: =EQ33*20 -> 2.68 | ES33: =ES32+ER33 -> 47.81 | ET33: =EK33-ES33 -> 1.07 | EX33: 250 | EY33: #N/A | EZ33: =EY33*20 -> #N/A | FA33: =FA32+EZ33 -> #N/A | FB33: =ES33-FA33 -> #N/A | FF33: 250 | FG33: 0.137 | FH33: =FG33*20 -> 2.74 | FI33: =FI32+FH33 -> 43.63 | FJ33: =ES33-FI33 -> 4.18 | FN33: 250 | FO33: #N/A | FP33: =FO33*20 -> #N/A | FQ33: =FQ32+FP33 -> #N/A | FR33: =FA33-FQ33 -> #N/A | FV33: 250 | FW33: 0.135 | FX33: =FW33*20 -> 2.7 | FY33: =FY32+FX33 -> 40.98 | FZ33: =FI33-FY33 -> 2.65 | GD33: 250 | GE33: #N/A | GF33: =GE33*20 -> #N/A | GG33: =GG32+GF33 -> #N/A | GH33: =FQ33-GG33 -> #N/A | GL33: 250 | GM33: 0.134 | GN33: =GM33*20 -> 2.68 | GO33: =GO32+GN33 -> 46.4 | GP33: =FY33-GO33 -> -5.42 | GT33: 250 | GU33: #N/A | GV33: =GU33*20 -> #N/A | GW33: =GW32+GV33 -> #N/A | GX33: =GG33-GW33 -> #N/A | HB33: 250 | HC33: #N/A | HD33: =HC33*20 -> #N/A | HE33: =HE32+HD33 -> #N/A | HF33: =GO33-HE33 -> #N/A | HJ33: 250 | HK33: 0.139 | HL33: =HK33*20 -> 2.78 | HM33: =HM32+HL33 -> 40.32 | HN33: =GO33-HM33 -> 6.08 | HP33: 250 | HQ33: =MAX(D33,S33,AA33,AY33, BO33, BW33, CE33, CM33, CU33, DS33,EA33,EI33,EQ33,FG33,FW33, GM33,HK33) -> 0.141 | HR33: 0.131 | HS33: =MAX(HQ33,HR33) -> 0.141 | HT33: =HS33*20 -> 2.82 | HU33: =HU32+HT33 -> 49.98 | HX33: 250 | HY33: =MIN(D33,S33,AA33,AY33, BO33, BW33, CE33, CM33, CU33, DS33, EA33,EI33,EQ33,FG33,FW33,GM33,HK33) -> 0.109 | HZ33: 0.117 | IA33: =MIN(HY33,HZ33) -> 0.109 | IB33: =IA33*20 -> 2.18 | IC33: =IC32+IB33 -> 26.6
J34: 270 | K34: 0.121 | L34: =K34*20 -> 2.42 | M34: =M33+L34 -> 44.81 | N34: =F34-M34 -> -44.81 | R34: 270 | S34: 0.122 | T34: =S34*20 -> 2.44 | U34: =U33+T34 -> 46.95 | V34: =M34-U34 -> -2.14 | Z34: 270 | AA34: 0.119 | AB34: =AA34*20 -> 2.38 | AC34: =AC33+AB34 -> 45.65 | AD34: =U34-AC34 -> 1.3 | AH34: 270 | AI34: #N/A | AJ34: =AI34*20 -> #N/A | AK34: =AK33+AJ34 -> #N/A | AL34: =AC34-AK34 -> #N/A | AP34: 270 | AQ34: #N/A | AR34: =AQ34*20 -> #N/A | AS34: =AS33+AR34 -> #N/A | AT34: =AK34-AS34 -> #N/A | AX34: 270 | AY34: 0.123 | AZ34: =AY34*20 -> 2.46 | BA34: =BA33+AZ34 -> 44.88 | BB34: =AC34-BA34 -> 0.77 | BF34: 270 | BG34: #N/A | BH34: =BG34*20 -> #N/A | BI34: =BI33+BH34 -> #N/A | BJ34: =AK34-BI34 -> #N/A | BN34: 270 | BO34: 0.121 | BP34: =BO34*20 -> 2.42 | BQ34: =BQ33+BP34 -> 44.3 | BR34: =BA34-BQ34 -> 0.58 | BV34: 270 | BW34: 0.126 | BX34: =BW34*20 -> 2.52 | BY34: =BY33+BX34 -> 43.91 | BZ34: =BQ34-BY34 -> 0.39 | CD34: 270 | CE34: 0.126 | CF34: =CE34*20 -> 2.52 | CG34: =CG33+CF34 -> 49.1 | CH34: =BY34-CG34 -> -5.19 | CL34: 270 | CM34: 0.131 | CN34: =CM34*20 -> 2.62 | CO34: =CO33+CN34 -> 48.45 | CP34: =CG34-CO34 -> 0.65 | CT34: 270 | CU34: 0.129 | CV34: =CU34*20 -> 2.58 | CW34: =CW33+CV34 -> 46.11 | CX34: =CO34-CW34 -> 2.34 | DB34: 270 | DC34: #N/A | DD34: =DC34*20 -> #N/A | DE34: =DE33+DD34 -> #N/A | DF34: =CW34-DE34 -> #N/A | DJ34: 270 | DK34: #N/A | DL34: =DK34*20 -> #N/A | DM34: =DM33+DL34 -> #N/A | DN34: =DE34-DM34 -> #N/A | DR34: 270 | DS34: 0.14 | DT34: =DS34*20 -> 2.8 | DU34: =DU33+DT34 -> 44.22 | DV34: =CW34-DU34 -> 1.89 | DZ34: 270 | EA34: 0.135 | EB34: =EA34*20 -> 2.7 | EC34: =EC33+EB34 -> 45.76 | ED34: =DU34-EC34 -> -1.54 | EH34: 270 | EI34: 0.138 | EJ34: =EI34*20 -> 2.76 | EK34: =EK33+EJ34 -> 51.64 | EL34: =EC34-EK34 -> -5.88 | EP34: 270 | EQ34: 0.139 | ER34: =EQ34*20 -> 2.78 | ES34: =ES33+ER34 -> 50.59 | ET34: =EK34-ES34 -> 1.05 | EX34: 270 | EY34: #N/A | EZ34: =EY34*20 -> #N/A | FA34: =FA33+EZ34 -> #N/A | FB34: =ES34-FA34 -> #N/A | FF34: 270 | FG34: 0.14 | FH34: =FG34*20 -> 2.8 | FI34: =FI33+FH34 -> 46.43 | FJ34: =ES34-FI34 -> 4.16 | FN34: 270 | FO34: #N/A | FP34: =FO34*20 -> #N/A | FQ34: =FQ33+FP34 -> #N/A | FR34: =FA34-FQ34 -> #N/A | FV34: 270 | FW34: 0.143 | FX34: =FW34*20 -> 2.86 | FY34: =FY33+FX34 -> 43.84 | FZ34: =FI34-FY34 -> 2.59 | GD34: 270 | GE34: #N/A | GF34: =GE34*20 -> #N/A | GG34: =GG33+GF34 -> #N/A | GH34: =FQ34-GG34 -> #N/A | GL34: 270 | GM34: 0.144 | GN34: =GM34*20 -> 2.88 | GO34: =GO33+GN34 -> 49.28 | GP34: =FY34-GO34 -> -5.44 | GT34: 270 | GU34: #N/A | GV34: =GU34*20 -> #N/A | GW34: =GW33+GV34 -> #N/A | GX34: =GG34-GW34 -> #N/A | HB34: 270 | HC34: #N/A | HD34: =HC34*20 -> #N/A | HE34: =HE33+HD34 -> #N/A | HF34: =GO34-HE34 -> #N/A | HJ34: 270 | HK34: 0.146 | HL34: =HK34*20 -> 2.92 | HM34: =HM33+HL34 -> 43.24 | HN34: =GO34-HM34 -> 6.04 | HP34: 270 | HQ34: =MAX(D34,S34,AA34,AY34, BO34, BW34, CE34, CM34, CU34, DS34,EA34,EI34,EQ34,FG34,FW34, GM34,HK34) -> 0.146 | HR34: 0.144 | HS34: =MAX(HQ34,HR34) -> 0.146 | HT34: =HS34*20 -> 2.92 | HU34: =HU33+HT34 -> 52.9 | HX34: 270 | HY34: =MIN(D34,S34,AA34,AY34, BO34, BW34, CE34, CM34, CU34, DS34, EA34,EI34,EQ34,FG34,FW34,GM34,HK34) -> 0.119 | HZ34: 0.125 | IA34: =MIN(HY34,HZ34) -> 0.119 | IB34: =IA34*20 -> 2.38 | IC34: =IC33+IB34 -> 28.98
J35: 290 | K35: 0.085 | L35: =K35*20 -> 1.7 | M35: =M34+L35 -> 46.51 | N35: =F35-M35 -> -46.51 | R35: 290 | S35: 0.083 | T35: =S35*20 -> 1.66 | U35: =U34+T35 -> 48.61 | V35: =M35-U35 -> -2.1 | Z35: 290 | AA35: 0.086 | AB35: =AA35*20 -> 1.72 | AC35: =AC34+AB35 -> 47.37 | AD35: =U35-AC35 -> 1.24 | AH35: 290 | AI35: #N/A | AJ35: =AI35*20 -> #N/A | AK35: =AK34+AJ35 -> #N/A | AL35: =AC35-AK35 -> #N/A | AP35: 290 | AQ35: #N/A | AR35: =AQ35*20 -> #N/A | AS35: =AS34+AR35 -> #N/A | AT35: =AK35-AS35 -> #N/A | AX35: 290 | AY35: 0.084 | AZ35: =AY35*20 -> 1.68 | BA35: =BA34+AZ35 -> 46.56 | BB35: =AC35-BA35 -> 0.81 | BF35: 290 | BG35: #N/A | BH35: =BG35*20 -> #N/A | BI35: =BI34+BH35 -> #N/A | BJ35: =AK35-BI35 -> #N/A | BN35: 290 | BO35: 0.083 | BP35: =BO35*20 -> 1.66 | BQ35: =BQ34+BP35 -> 45.96 | BR35: =BA35-BQ35 -> 0.6 | BV35: 290 | BW35: 0.089 | BX35: =BW35*20 -> 1.78 | BY35: =BY34+BX35 -> 45.69 | BZ35: =BQ35-BY35 -> 0.27 | CD35: 290 | CE35: 0.086 | CF35: =CE35*20 -> 1.72 | CG35: =CG34+CF35 -> 50.82 | CH35: =BY35-CG35 -> -5.13 | CL35: 290 | CM35: 0.087 | CN35: =CM35*20 -> 1.74 | CO35: =CO34+CN35 -> 50.19 | CP35: =CG35-CO35 -> 0.63 | CT35: 290 | CU35: 0.09 | CV35: =CU35*20 -> 1.8 | CW35: =CW34+CV35 -> 47.91 | CX35: =CO35-CW35 -> 2.28 | DB35: 290 | DC35: #N/A | DD35: =DC35*20 -> #N/A | DE35: =DE34+DD35 -> #N/A | DF35: =CW35-DE35 -> #N/A | DJ35: 290 | DK35: #N/A | DL35: =DK35*20 -> #N/A | DM35: =DM34+DL35 -> #N/A | DN35: =DE35-DM35 -> #N/A | DR35: 290 | DS35: 0.098 | DT35: =DS35*20 -> 1.96 | DU35: =DU34+DT35 -> 46.18 | DV35: =CW35-DU35 -> 1.73 | DZ35: 290 | EA35: 0.09 | EB35: =EA35*20 -> 1.8 | EC35: =EC34+EB35 -> 47.56 | ED35: =DU35-EC35 -> -1.38 | EH35: 290 | EI35: 0.092 | EJ35: =EI35*20 -> 1.84 | EK35: =EK34+EJ35 -> 53.48 | EL35: =EC35-EK35 -> -5.92 | EP35: 290 | EQ35: 0.095 | ER35: =EQ35*20 -> 1.9 | ES35: =ES34+ER35 -> 52.49 | ET35: =EK35-ES35 -> 0.99 | EX35: 290 | EY35: #N/A | EZ35: =EY35*20 -> #N/A | FA35: =FA34+EZ35 -> #N/A | FB35: =ES35-FA35 -> #N/A | FF35: 290 | FG35: 0.096 | FH35: =FG35*20 -> 1.92 | FI35: =FI34+FH35 -> 48.35 | FJ35: =ES35-FI35 -> 4.14 | FN35: 290 | FO35: #N/A | FP35: =FO35*20 -> #N/A | FQ35: =FQ34+FP35 -> #N/A | FR35: =FA35-FQ35 -> #N/A | FV35: 290 | FW35: 0.098 | FX35: =FW35*20 -> 1.96 | FY35: =FY34+FX35 -> 45.8 | FZ35: =FI35-FY35 -> 2.55 | GD35: 290 | GE35: #N/A | GF35: =GE35*20 -> #N/A | GG35: =GG34+GF35 -> #N/A | GH35: =FQ35-GG35 -> #N/A | GL35: 290 | GM35: 0.102 | GN35: =GM35*20 -> 2.04 | GO35: =GO34+GN35 -> 51.32 | GP35: =FY35-GO35 -> -5.52 | GT35: 290 | GU35: #N/A | GV35: =GU35*20 -> #N/A | GW35: =GW34+GV35 -> #N/A | GX35: =GG35-GW35 -> #N/A | HB35: 290 | HC35: #N/A | HD35: =HC35*20 -> #N/A | HE35: =HE34+HD35 -> #N/A | HF35: =GO35-HE35 -> #N/A | HJ35: 290 | HK35: 0.108 | HL35: =HK35*20 -> 2.16 | HM35: =HM34+HL35 -> 45.4 | HN35: =GO35-HM35 -> 5.92 | HP35: 290 | HQ35: =MAX(D35,S35,AA35,AY35, BO35, BW35, CE35, CM35, CU35, DS35,EA35,EI35,EQ35,FG35,FW35, GM35,HK35) -> 0.108 | HR35: 0.199 | HS35: =MAX(HQ35,HR35) -> 0.199 | HT35: =HS35*20 -> 3.98 | HU35: =HU34+HT35 -> 56.88 | HX35: 290 | HY35: =MIN(D35,S35,AA35,AY35, BO35, BW35, CE35, CM35, CU35, DS35, EA35,EI35,EQ35,FG35,FW35,GM35,HK35) -> 0.083 | HZ35: 0.094 | IA35: =MIN(HY35,HZ35) -> 0.083 | IB35: =IA35*20 -> 1.66 | IC35: =IC34+IB35 -> 30.64
A37: 5 | B37: STR3 | H37: 5 | I37: STR3 | J37: 30 | K37: 0.147 | L37: =K37*30 -> 4.41 | M37: =L37 -> 4.41 | N37: =F37-M37 -> -4.41 | P37: =A37 -> 5 | Q37: =B37 -> STR3 | R37: 30 | S37: 0.201 | T37: =S37*30 -> 6.03 | U37: =T37 -> 6.03 | V37: =M37-U37 -> -1.62 | X37: =P37 -> 5 | Y37: =Q37 -> STR3 | Z37: 30 | AA37: 0.174 | AB37: =AA37*30 -> 5.22 | AC37: =AB37 -> 5.22 | AD37: =U37-AC37 -> 0.81 | AF37: =X37 -> 5 | AG37: =Y37 -> STR3 | AH37: 30 | AI37: #N/A | AJ37: =AI37*30 -> #N/A | AK37: =AJ37 -> #N/A | AL37: =AC37-AK37 -> #N/A | AN37: =AF37 -> 5 | AO37: =AG37 -> STR3 | AP37: 30 | AQ37: #N/A | AR37: =AQ37*30 -> #N/A | AS37: =AR37 -> #N/A | AT37: =AK37-AS37 -> #N/A | AV37: =AN37 -> 5 | AW37: =AO37 -> STR3 | AX37: 30 | AY37: 0.131 | AZ37: =AY37*30 -> 3.93 | BA37: =AZ37 -> 3.93 | BB37: =AC37-BA37 -> 1.29 | BD37: =AV37 -> 5 | BE37: =AW37 -> STR3 | BF37: 30 | BG37: #N/A | BH37: =BG37*30 -> #N/A | BI37: =BH37 -> #N/A | BJ37: =AK37-BI37 -> #N/A | BL37: =BD37 -> 5 | BM37: =BE37 -> STR3 | BN37: 30 | BO37: 0.114 | BP37: =BO37*30 -> 3.42 | BQ37: =BP37 -> 3.42 | BR37: =BA37-BQ37 -> 0.51 | BT37: =BL37 -> 5 | BU37: =BM37 -> STR3 | BV37: 30 | BW37: 0.101 | BX37: =BW37*30 -> 3.03 | BY37: =BX37 -> 3.03 | BZ37: =BQ37-BY37 -> 0.39 | CB37: =BT37 -> 5 | CC37: =BU37 -> STR3 | CD37: 30 | CE37: 0.182 | CF37: =CE37*30 -> 5.46 | CG37: =CF37 -> 5.46 | CH37: =BY37-CG37 -> -2.43 | CJ37: =CB37 -> 5 | CK37: =CC37 -> STR3 | CL37: 30 | CM37: 0.152 | CN37: =CM37*30 -> 4.56 | CO37: =CN37 -> 4.56 | CP37: =CG37-CO37 -> 0.9 | CR37: =CJ37 -> 5 | CS37: =CK37 -> STR3 | CT37: 30 | CU37: 0.114 | CV37: =CU37*30 -> 3.42 | CW37: =CV37 -> 3.42 | CX37: =CO37-CW37 -> 1.14 | CZ37: =CR37 -> 5 | DA37: =CS37 -> STR3 | DB37: 30 | DC37: #N/A | DD37: =DC37*30 -> #N/A | DE37: =DD37 -> #N/A | DF37: =CW37-DE37 -> #N/A | DH37: =CZ37 -> 5 | DI37: =DA37 -> STR3 | DJ37: 30 | DK37: #N/A | DL37: =DK37*30 -> #N/A | DM37: =DL37 -> #N/A | DN37: =DE37-DM37 -> #N/A | DP37: =DH37 -> 5 | DQ37: =DI37 -> STR3 | DR37: 30 | DS37: 0.091 | DT37: =DS37*30 -> 2.73 | DU37: =DT37 -> 2.73 | DV37: =CW37-DU37 -> 0.69 | DX37: =DP37 -> 5 | DY37: =DQ37 -> STR3 | DZ37: 30 | EA37: 0.098 | EB37: =EA37*30 -> 2.94 | EC37: =EB37 -> 2.94 | ED37: =DU37-EC37 -> -0.21 | EF37: =DX37 -> 5 | EG37: =DY37 -> STR3 | EH37: 30 | EI37: 0.203 | EJ37: =EI37*30 -> 6.09 | EK37: =EJ37 -> 6.09 | EL37: =EC37-EK37 -> -3.15 | EN37: =EF37 -> 5 | EO37: =EG37 -> STR3 | EP37: 30 | EQ37: 0.196 | ER37: =EQ37*30 -> 5.88 | ES37: =ER37 -> 5.88 | ET37: =EK37-ES37 -> 0.21 | EV37: =EN37 -> 5 | EW37: =EO37 -> STR3 | EX37: 30 | EY37: #N/A | EZ37: =EY37*30 -> #N/A | FA37: =EZ37 -> #N/A | FB37: =ES37-FA37 -> #N/A | FD37: =EV37 -> 5 | FE37: =EW37 -> STR3 | FF37: 30 | FG37: 0.144 | FH37: =FG37*30 -> 4.32 | FI37: =FH37 -> 4.32 | FJ37: =ES37-FI37 -> 1.56 | FL37: =FD37 -> 5 | FM37: =FE37 -> STR3 | FN37: 30 | FO37: #N/A | FP37: =FO37*30 -> #N/A | FQ37: =FP37 -> #N/A | FR37: =FA37-FQ37 -> #N/A | FT37: =FL37 -> 5 | FU37: =FM37 -> STR3 | FV37: 30 | FW37: 0.106 | FX37: =FW37*30 -> 3.18 | FY37: =FX37 -> 3.18 | FZ37: =FI37-FY37 -> 1.14 | GB37: =FT37 -> 5 | GC37: =FU37 -> STR3 | GD37: 30 | GE37: #N/A | GF37: =GE37*30 -> #N/A | GG37: =GF37 -> #N/A | GH37: =FQ37-GG37 -> #N/A | GJ37: =GB37 -> 5 | GK37: =GC37 -> STR3 | GL37: 30 | GM37: 0.186 | GN37: =GM37*30 -> 5.58 | GO37: =GN37 -> 5.58 | GP37: =FY37-GO37 -> -2.4 | GR37: =GJ37 -> 5 | GS37: =GK37 -> STR3 | GT37: 30 | GU37: #N/A | GV37: =GU37*30 -> #N/A | GW37: =GV37 -> #N/A | GX37: =GG37-GW37 -> #N/A | GZ37: =GR37 -> 5 | HA37: =GS37 -> STR3 | HB37: 30 | HC37: #N/A | HD37: =HC37*30 -> #N/A | HE37: =HD37 -> #N/A | HF37: =GO37-HE37 -> #N/A | HH37: =GZ37 -> 5 | HI37: =HA37 -> STR3 | HJ37: 30 | HK37: 0.111 | HL37: =HK37*30 -> 3.33 | HM37: =HL37 -> 3.33 | HN37: =GO37-HM37 -> 2.25 | HP37: 30 | HQ37: =MAX(D37,S37,AA37,AY37, BO37, BW37, CE37, CM37, CU37, DS37,EA37,EI37,EQ37,FG37,FW37, GM37,HK37) -> 0.203 | HR37: 0.224 | HS37: =MAX(HQ37,HR37) -> 0.224 | HT37: =HS37*30 -> 6.72 | HU37: =HT37 -> 6.72 | HV37: =HH37 -> 5 | HX37: 30 | HY37: =MIN(D37,S37,AA37,AY37, BO37, BW37, CE37, CM37, CU37, DS37, EA37,EI37,EQ37,FG37,FW37,GM37,HK37) -> 0.091 | HZ37: 0.062 | IA37: =MIN(HY37,HZ37) -> 0.062 | IB37: =IA37*30 -> 1.86 | IC37: =IB37 -> 1.86
J38: 50 | K38: 0.192 | L38: =K38*20 -> 3.84 | M38: =M37+L38 -> 8.25 | N38: =F38-M38 -> -8.25 | R38: 50 | S38: 0.208 | T38: =S38*20 -> 4.16 | U38: =U37+T38 -> 10.19 | V38: =M38-U38 -> -1.94 | Z38: 50 | AA38: 0.19 | AB38: =AA38*20 -> 3.8 | AC38: =AC37+AB38 -> 9.02 | AD38: =U38-AC38 -> 1.17 | AH38: 50 | AI38: #N/A | AJ38: =AI38*20 -> #N/A | AK38: =AK37+AJ38 -> #N/A | AL38: =AC38-AK38 -> #N/A | AP38: 50 | AQ38: #N/A | AR38: =AQ38*20 -> #N/A | AS38: =AS37+AR38 -> #N/A | AT38: =AK38-AS38 -> #N/A | AX38: 50 | AY38: 0.174 | AZ38: =AY38*20 -> 3.48 | BA38: =BA37+AZ38 -> 7.41 | BB38: =AC38-BA38 -> 1.61 | BF38: 50 | BG38: #N/A | BH38: =BG38*20 -> #N/A | BI38: =BI37+BH38 -> #N/A | BJ38: =AK38-BI38 -> #N/A | BN38: 50 | BO38: 0.16 | BP38: =BO38*20 -> 3.2 | BQ38: =BQ37+BP38 -> 6.62 | BR38: =BA38-BQ38 -> 0.79 | BV38: 50 | BW38: 0.152 | BX38: =BW38*20 -> 3.04 | BY38: =BY37+BX38 -> 6.07 | BZ38: =BQ38-BY38 -> 0.55 | CD38: 50 | CE38: 0.203 | CF38: =CE38*20 -> 4.06 | CG38: =CG37+CF38 -> 9.52 | CH38: =BY38-CG38 -> -3.45 | CL38: 50 | CM38: 0.187 | CN38: =CM38*20 -> 3.74 | CO38: =CO37+CN38 -> 8.3 | CP38: =CG38-CO38 -> 1.22 | CT38: 50 | CU38: 0.155 | CV38: =CU38*20 -> 3.1 | CW38: =CW37+CV38 -> 6.52 | CX38: =CO38-CW38 -> 1.78 | DB38: 50 | DC38: #N/A | DD38: =DC38*20 -> #N/A | DE38: =DE37+DD38 -> #N/A | DF38: =CW38-DE38 -> #N/A | DJ38: 50 | DK38: #N/A | DL38: =DK38*20 -> #N/A | DM38: =DM37+DL38 -> #N/A | DN38: =DE38-DM38 -> #N/A | DR38: 50 | DS38: 0.133 | DT38: =DS38*20 -> 2.66 | DU38: =DU37+DT38 -> 5.39 | DV38: =CW38-DU38 -> 1.13 | DZ38: 50 | EA38: 0.118 | EB38: =EA38*20 -> 2.36 | EC38: =EC37+EB38 -> 5.3 | ED38: =DU38-EC38 -> 0.09 | EH38: 50 | EI38: 0.216 | EJ38: =EI38*20 -> 4.32 | EK38: =EK37+EJ38 -> 10.41 | EL38: =EC38-EK38 -> -5.11 | EP38: 50 | EQ38: 0.212 | ER38: =EQ38*20 -> 4.24 | ES38: =ES37+ER38 -> 10.12 | ET38: =EK38-ES38 -> 0.29 | EX38: 50 | EY38: #N/A | EZ38: =EY38*20 -> #N/A | FA38: =FA37+EZ38 -> #N/A | FB38: =ES38-FA38 -> #N/A | FF38: 50 | FG38: 0.169 | FH38: =FG38*20 -> 3.38 | FI38: =FI37+FH38 -> 7.7 | FJ38: =ES38-FI38 -> 2.42 | FN38: 50 | FO38: #N/A | FP38: =FO38*20 -> #N/A | FQ38: =FQ37+FP38 -> #N/A | FR38: =FA38-FQ38 -> #N/A | FV38: 50 | FW38: 0.141 | FX38: =FW38*20 -> 2.82 | FY38: =FY37+FX38 -> 6 | FZ38: =FI38-FY38 -> 1.7 | GD38: 50 | GE38: #N/A | GF38: =GE38*20 -> #N/A | GG38: =GG37+GF38 -> #N/A | GH38: =FQ38-GG38 -> #N/A | GL38: 50 | GM38: 0.201 | GN38: =GM38*20 -> 4.02 | GO38: =GO37+GN38 -> 9.6 | GP38: =FY38-GO38 -> -3.6 | GT38: 50 | GU38: #N/A | GV38: =GU38*20 -> #N/A | GW38: =GW37+GV38 -> #N/A | GX38: =GG38-GW38 -> #N/A | HB38: 50 | HC38: #N/A | HD38: =HC38*20 -> #N/A | HE38: =HE37+HD38 -> #N/A | HF38: =GO38-HE38 -> #N/A | HJ38: 50 | HK38: 0.142 | HL38: =HK38*20 -> 2.84 | HM38: =HM37+HL38 -> 6.17 | HN38: =GO38-HM38 -> 3.43 | HP38: 50 | HQ38: =MAX(D38,S38,AA38,AY38, BO38, BW38, CE38, CM38, CU38, DS38,EA38,EI38,EQ38,FG38,FW38, GM38,HK38) -> 0.216 | HR38: 0.206 | HS38: =MAX(HQ38,HR38) -> 0.216 | HT38: =HS38*20 -> 4.32 | HU38: =HU37+HT38 -> 11.04 | HX38: 50 | HY38: =MIN(D38,S38,AA38,AY38, BO38, BW38, CE38, CM38, CU38, DS38, EA38,EI38,EQ38,FG38,FW38,GM38,HK38) -> 0.118 | HZ38: 0.106 | IA38: =MIN(HY38,HZ38) -> 0.106 | IB38: =IA38*20 -> 2.12 | IC38: =IC37+IB38 -> 3.98
J39: 70 | K39: 0.187 | L39: =K39*20 -> 3.74 | M39: =M38+L39 -> 11.99 | N39: =F39-M39 -> -11.99 | R39: 70 | S39: 0.193 | T39: =S39*20 -> 3.86 | U39: =U38+T39 -> 14.05 | V39: =M39-U39 -> -2.06 | Z39: 70 | AA39: 0.185 | AB39: =AA39*20 -> 3.7 | AC39: =AC38+AB39 -> 12.72 | AD39: =U39-AC39 -> 1.33 | AH39: 70 | AI39: #N/A | AJ39: =AI39*20 -> #N/A | AK39: =AK38+AJ39 -> #N/A | AL39: =AC39-AK39 -> #N/A | AP39: 70 | AQ39: #N/A | AR39: =AQ39*20 -> #N/A | AS39: =AS38+AR39 -> #N/A | AT39: =AK39-AS39 -> #N/A | AX39: 70 | AY39: 0.171 | AZ39: =AY39*20 -> 3.42 | BA39: =BA38+AZ39 -> 10.83 | BB39: =AC39-BA39 -> 1.89 | BF39: 70 | BG39: #N/A | BH39: =BG39*20 -> #N/A | BI39: =BI38+BH39 -> #N/A | BJ39: =AK39-BI39 -> #N/A | BN39: 70 | BO39: 0.175 | BP39: =BO39*20 -> 3.5 | BQ39: =BQ38+BP39 -> 10.12 | BR39: =BA39-BQ39 -> 0.71 | BV39: 70 | BW39: 0.164 | BX39: =BW39*20 -> 3.28 | BY39: =BY38+BX39 -> 9.35 | BZ39: =BQ39-BY39 -> 0.77 | CD39: 70 | CE39: 0.194 | CF39: =CE39*20 -> 3.88 | CG39: =CG38+CF39 -> 13.4 | CH39: =BY39-CG39 -> -4.05 | CL39: 70 | CM39: 0.182 | CN39: =CM39*20 -> 3.64 | CO39: =CO38+CN39 -> 11.94 | CP39: =CG39-CO39 -> 1.46 | CT39: 70 | CU39: 0.159 | CV39: =CU39*20 -> 3.18 | CW39: =CW38+CV39 -> 9.7 | CX39: =CO39-CW39 -> 2.24 | DB39: 70 | DC39: #N/A | DD39: =DC39*20 -> #N/A | DE39: =DE38+DD39 -> #N/A | DF39: =CW39-DE39 -> #N/A | DJ39: 70 | DK39: #N/A | DL39: =DK39*20 -> #N/A | DM39: =DM38+DL39 -> #N/A | DN39: =DE39-DM39 -> #N/A | DR39: 70 | DS39: 0.127 | DT39: =DS39*20 -> 2.54 | DU39: =DU38+DT39 -> 7.93 | DV39: =CW39-DU39 -> 1.77 | DZ39: 70 | EA39: 0.123 | EB39: =EA39*20 -> 2.46 | EC39: =EC38+EB39 -> 7.76 | ED39: =DU39-EC39 -> 0.17 | EH39: 70 | EI39: 0.2 | EJ39: =EI39*20 -> 4 | EK39: =EK38+EJ39 -> 14.41 | EL39: =EC39-EK39 -> -6.65 | EP39: 70 | EQ39: 0.19 | ER39: =EQ39*20 -> 3.8 | ES39: =ES38+ER39 -> 13.92 | ET39: =EK39-ES39 -> 0.49 | EX39: 70 | EY39: #N/A | EZ39: =EY39*20 -> #N/A | FA39: =FA38+EZ39 -> #N/A | FB39: =ES39-FA39 -> #N/A | FF39: 70 | FG39: 0.158 | FH39: =FG39*20 -> 3.16 | FI39: =FI38+FH39 -> 10.86 | FJ39: =ES39-FI39 -> 3.06 | FN39: 70 | FO39: #N/A | FP39: =FO39*20 -> #N/A | FQ39: =FQ38+FP39 -> #N/A | FR39: =FA39-FQ39 -> #N/A | FV39: 70 | FW39: 0.143 | FX39: =FW39*20 -> 2.86 | FY39: =FY38+FX39 -> 8.86 | FZ39: =FI39-FY39 -> 2 | GD39: 70 | GE39: #N/A | GF39: =GE39*20 -> #N/A | GG39: =GG38+GF39 -> #N/A | GH39: =FQ39-GG39 -> #N/A | GL39: 70 | GM39: 0.193 | GN39: =GM39*20 -> 3.86 | GO39: =GO38+GN39 -> 13.46 | GP39: =FY39-GO39 -> -4.6 | GT39: 70 | GU39: #N/A | GV39: =GU39*20 -> #N/A | GW39: =GW38+GV39 -> #N/A | GX39: =GG39-GW39 -> #N/A | HB39: 70 | HC39: #N/A | HD39: =HC39*20 -> #N/A | HE39: =HE38+HD39 -> #N/A | HF39: =GO39-HE39 -> #N/A | HJ39: 70 | HK39: 0.146 | HL39: =HK39*20 -> 2.92 | HM39: =HM38+HL39 -> 9.09 | HN39: =GO39-HM39 -> 4.37 | HP39: 70 | HQ39: =MAX(D39,S39,AA39,AY39, BO39, BW39, CE39, CM39, CU39, DS39,EA39,EI39,EQ39,FG39,FW39, GM39,HK39) -> 0.2 | HR39: 0.19 | HS39: =MAX(HQ39,HR39) -> 0.2 | HT39: =HS39*20 -> 4 | HU39: =HU38+HT39 -> 15.04 | HX39: 70 | HY39: =MIN(D39,S39,AA39,AY39, BO39, BW39, CE39, CM39, CU39, DS39, EA39,EI39,EQ39,FG39,FW39,GM39,HK39) -> 0.123 | HZ39: 0.101 | IA39: =MIN(HY39,HZ39) -> 0.101 | IB39: =IA39*20 -> 2.02 | IC39: =IC38+IB39 -> 6
J40: 90 | K40: 0.214 | L40: =K40*20 -> 4.28 | M40: =M39+L40 -> 16.27 | N40: =F40-M40 -> -16.27 | R40: 90 | S40: 0.219 | T40: =S40*20 -> 4.38 | U40: =U39+T40 -> 18.43 | V40: =M40-U40 -> -2.16 | Z40: 90 | AA40: 0.21 | AB40: =AA40*20 -> 4.2 | AC40: =AC39+AB40 -> 16.92 | AD40: =U40-AC40 -> 1.51 | AH40: 90 | AI40: #N/A | AJ40: =AI40*20 -> #N/A | AK40: =AK39+AJ40 -> #N/A | AL40: =AC40-AK40 -> #N/A | AP40: 90 | AQ40: #N/A | AR40: =AQ40*20 -> #N/A | AS40: =AS39+AR40 -> #N/A | AT40: =AK40-AS40 -> #N/A | AX40: 90 | AY40: 0.206 | AZ40: =AY40*20 -> 4.12 | BA40: =BA39+AZ40 -> 14.95 | BB40: =AC40-BA40 -> 1.97 | BF40: 90 | BG40: #N/A | BH40: =BG40*20 -> #N/A | BI40: =BI39+BH40 -> #N/A | BJ40: =AK40-BI40 -> #N/A | BN40: 90 | BO40: 0.2 | BP40: =BO40*20 -> 4 | BQ40: =BQ39+BP40 -> 14.12 | BR40: =BA40-BQ40 -> 0.83 | BV40: 90 | BW40: 0.2 | BX40: =BW40*20 -> 4 | BY40: =BY39+BX40 -> 13.35 | BZ40: =BQ40-BY40 -> 0.77 | CD40: 90 | CE40: 0.217 | CF40: =CE40*20 -> 4.34 | CG40: =CG39+CF40 -> 17.74 | CH40: =BY40-CG40 -> -4.39 | CL40: 90 | CM40: 0.211 | CN40: =CM40*20 -> 4.22 | CO40: =CO39+CN40 -> 16.16 | CP40: =CG40-CO40 -> 1.58 | CT40: 90 | CU40: 0.195 | CV40: =CU40*20 -> 3.9 | CW40: =CW39+CV40 -> 13.6 | CX40: =CO40-CW40 -> 2.56 | DB40: 90 | DC40: #N/A | DD40: =DC40*20 -> #N/A | DE40: =DE39+DD40 -> #N/A | DF40: =CW40-DE40 -> #N/A | DJ40: 90 | DK40: #N/A | DL40: =DK40*20 -> #N/A | DM40: =DM39+DL40 -> #N/A | DN40: =DE40-DM40 -> #N/A | DR40: 90 | DS40: 0.157 | DT40: =DS40*20 -> 3.14 | DU40: =DU39+DT40 -> 11.07 | DV40: =CW40-DU40 -> 2.53 | DZ40: 90 | EA40: 0.149 | EB40: =EA40*20 -> 2.98 | EC40: =EC39+EB40 -> 10.74 | ED40: =DU40-EC40 -> 0.33 | EH40: 90 | EI40: 0.223 | EJ40: =EI40*20 -> 4.46 | EK40: =EK39+EJ40 -> 18.87 | EL40: =EC40-EK40 -> -8.13 | EP40: 90 | EQ40: 0.212 | ER40: =EQ40*20 -> 4.24 | ES40: =ES39+ER40 -> 18.16 | ET40: =EK40-ES40 -> 0.71 | EX40: 90 | EY40: #N/A | EZ40: =EY40*20 -> #N/A | FA40: =FA39+EZ40 -> #N/A | FB40: =ES40-FA40 -> #N/A | FF40: 90 | FG40: 0.184 | FH40: =FG40*20 -> 3.68 | FI40: =FI39+FH40 -> 14.54 | FJ40: =ES40-FI40 -> 3.62 | FN40: 90 | FO40: #N/A | FP40: =FO40*20 -> #N/A | FQ40: =FQ39+FP40 -> #N/A | FR40: =FA40-FQ40 -> #N/A | FV40: 90 | FW40: 0.158 | FX40: =FW40*20 -> 3.16 | FY40: =FY39+FX40 -> 12.02 | FZ40: =FI40-FY40 -> 2.52 | GD40: 90 | GE40: #N/A | GF40: =GE40*20 -> #N/A | GG40: =GG39+GF40 -> #N/A | GH40: =FQ40-GG40 -> #N/A | GL40: 90 | GM40: 0.212 | GN40: =GM40*20 -> 4.24 | GO40: =GO39+GN40 -> 17.7 | GP40: =FY40-GO40 -> -5.68 | GT40: 90 | GU40: #N/A | GV40: =GU40*20 -> #N/A | GW40: =GW39+GV40 -> #N/A | GX40: =GG40-GW40 -> #N/A | HB40: 90 | HC40: #N/A | HD40: =HC40*20 -> #N/A | HE40: =HE39+HD40 -> #N/A | HF40: =GO40-HE40 -> #N/A | HJ40: 90 | HK40: 0.168 | HL40: =HK40*20 -> 3.36 | HM40: =HM39+HL40 -> 12.45 | HN40: =GO40-HM40 -> 5.25 | HP40: 90 | HQ40: =MAX(D40,S40,AA40,AY40, BO40, BW40, CE40, CM40, CU40, DS40,EA40,EI40,EQ40,FG40,FW40, GM40,HK40) -> 0.223 | HR40: 0.204 | HS40: =MAX(HQ40,HR40) -> 0.223 | HT40: =HS40*20 -> 4.46 | HU40: =HU39+HT40 -> 19.5 | HX40: 90 | HY40: =MIN(D40,S40,AA40,AY40, BO40, BW40, CE40, CM40, CU40, DS40, EA40,EI40,EQ40,FG40,FW40,GM40,HK40) -> 0.149 | HZ40: 0.104 | IA40: =MIN(HY40,HZ40) -> 0.104 | IB40: =IA40*20 -> 2.08 | IC40: =IC39+IB40 -> 8.08
J41: 110 | K41: 0.25 | L41: =K41*20 -> 5 | M41: =M40+L41 -> 21.27 | N41: =F41-M41 -> -21.27 | R41: 110 | S41: 0.25 | T41: =S41*20 -> 5 | U41: =U40+T41 -> 23.43 | V41: =M41-U41 -> -2.16 | Z41: 110 | AA41: 0.24 | AB41: =AA41*20 -> 4.8 | AC41: =AC40+AB41 -> 21.72 | AD41: =U41-AC41 -> 1.71 | AH41: 110 | AI41: #N/A | AJ41: =AI41*20 -> #N/A | AK41: =AK40+AJ41 -> #N/A | AL41: =AC41-AK41 -> #N/A | AP41: 110 | AQ41: #N/A | AR41: =AQ41*20 -> #N/A | AS41: =AS40+AR41 -> #N/A | AT41: =AK41-AS41 -> #N/A | AX41: 110 | AY41: 0.24 | AZ41: =AY41*20 -> 4.8 | BA41: =BA40+AZ41 -> 19.75 | BB41: =AC41-BA41 -> 1.97 | BF41: 110 | BG41: #N/A | BH41: =BG41*20 -> #N/A | BI41: =BI40+BH41 -> #N/A | BJ41: =AK41-BI41 -> #N/A | BN41: 110 | BO41: 0.246 | BP41: =BO41*20 -> 4.92 | BQ41: =BQ40+BP41 -> 19.04 | BR41: =BA41-BQ41 -> 0.71 | BV41: 110 | BW41: 0.238 | BX41: =BW41*20 -> 4.76 | BY41: =BY40+BX41 -> 18.11 | BZ41: =BQ41-BY41 -> 0.93 | CD41: 110 | CE41: 0.243 | CF41: =CE41*20 -> 4.86 | CG41: =CG40+CF41 -> 22.6 | CH41: =BY41-CG41 -> -4.49 | CL41: 110 | CM41: 0.245 | CN41: =CM41*20 -> 4.9 | CO41: =CO40+CN41 -> 21.06 | CP41: =CG41-CO41 -> 1.54 | CT41: 110 | CU41: 0.244 | CV41: =CU41*20 -> 4.88 | CW41: =CW40+CV41 -> 18.48 | CX41: =CO41-CW41 -> 2.58 | DB41: 110 | DC41: #N/A | DD41: =DC41*20 -> #N/A | DE41: =DE40+DD41 -> #N/A | DF41: =CW41-DE41 -> #N/A | DJ41: 110 | DK41: #N/A | DL41: =DK41*20 -> #N/A | DM41: =DM40+DL41 -> #N/A | DN41: =DE41-DM41 -> #N/A | DR41: 110 | DS41: 0.227 | DT41: =DS41*20 -> 4.54 | DU41: =DU40+DT41 -> 15.61 | DV41: =CW41-DU41 -> 2.87 | DZ41: 110 | EA41: 0.206 | EB41: =EA41*20 -> 4.12 | EC41: =EC40+EB41 -> 14.86 | ED41: =DU41-EC41 -> 0.75 | EH41: 110 | EI41: 0.251 | EJ41: =EI41*20 -> 5.02 | EK41: =EK40+EJ41 -> 23.89 | EL41: =EC41-EK41 -> -9.03 | EP41: 110 | EQ41: 0.248 | ER41: =EQ41*20 -> 4.96 | ES41: =ES40+ER41 -> 23.12 | ET41: =EK41-ES41 -> 0.77 | EX41: 110 | EY41: #N/A | EZ41: =EY41*20 -> #N/A | FA41: =FA40+EZ41 -> #N/A | FB41: =ES41-FA41 -> #N/A | FF41: 110 | FG41: 0.228 | FH41: =FG41*20 -> 4.56 | FI41: =FI40+FH41 -> 19.1 | FJ41: =ES41-FI41 -> 4.02 | FN41: 110 | FO41: #N/A | FP41: =FO41*20 -> #N/A | FQ41: =FQ40+FP41 -> #N/A | FR41: =FA41-FQ41 -> #N/A | FV41: 110 | FW41: 0.205 | FX41: =FW41*20 -> 4.1 | FY41: =FY40+FX41 -> 16.12 | FZ41: =FI41-FY41 -> 2.98 | GD41: 110 | GE41: #N/A | GF41: =GE41*20 -> #N/A | GG41: =GG40+GF41 -> #N/A | GH41: =FQ41-GG41 -> #N/A | GL41: 110 | GM41: 0.24 | GN41: =GM41*20 -> 4.8 | GO41: =GO40+GN41 -> 22.5 | GP41: =FY41-GO41 -> -6.38 | GT41: 110 | GU41: #N/A | GV41: =GU41*20 -> #N/A | GW41: =GW40+GV41 -> #N/A | GX41: =GG41-GW41 -> #N/A | HB41: 110 | HC41: #N/A | HD41: =HC41*20 -> #N/A | HE41: =HE40+HD41 -> #N/A | HF41: =GO41-HE41 -> #N/A | HJ41: 110 | HK41: 0.206 | HL41: =HK41*20 -> 4.12 | HM41: =HM40+HL41 -> 16.57 | HN41: =GO41-HM41 -> 5.93 | HP41: 110 | HQ41: =MAX(D41,S41,AA41,AY41, BO41, BW41, CE41, CM41, CU41, DS41,EA41,EI41,EQ41,FG41,FW41, GM41,HK41) -> 0.251 | HR41: 0.211 | HS41: =MAX(HQ41,HR41) -> 0.251 | HT41: =HS41*20 -> 5.02 | HU41: =HU40+HT41 -> 24.52 | HX41: 110 | HY41: =MIN(D41,S41,AA41,AY41, BO41, BW41, CE41, CM41, CU41, DS41, EA41,EI41,EQ41,FG41,FW41,GM41,HK41) -> 0.205 | HZ41: 0.132 | IA41: =MIN(HY41,HZ41) -> 0.132 | IB41: =IA41*20 -> 2.64 | IC41: =IC40+IB41 -> 10.72
J42: 130 | K42: 0.245 | L42: =K42*20 -> 4.9 | M42: =M41+L42 -> 26.17 | N42: =F42-M42 -> -26.17 | R42: 130 | S42: 0.245 | T42: =S42*20 -> 4.9 | U42: =U41+T42 -> 28.33 | V42: =M42-U42 -> -2.16 | Z42: 130 | AA42: 0.238 | AB42: =AA42*20 -> 4.76 | AC42: =AC41+AB42 -> 26.48 | AD42: =U42-AC42 -> 1.85 | AH42: 130 | AI42: #N/A | AJ42: =AI42*20 -> #N/A | AK42: =AK41+AJ42 -> #N/A | AL42: =AC42-AK42 -> #N/A | AP42: 130 | AQ42: #N/A | AR42: =AQ42*20 -> #N/A | AS42: =AS41+AR42 -> #N/A | AT42: =AK42-AS42 -> #N/A | AX42: 130 | AY42: 0.239 | AZ42: =AY42*20 -> 4.78 | BA42: =BA41+AZ42 -> 24.53 | BB42: =AC42-BA42 -> 1.95 | BF42: 130 | BG42: #N/A | BH42: =BG42*20 -> #N/A | BI42: =BI41+BH42 -> #N/A | BJ42: =AK42-BI42 -> #N/A | BN42: 130 | BO42: 0.24 | BP42: =BO42*20 -> 4.8 | BQ42: =BQ41+BP42 -> 23.84 | BR42: =BA42-BQ42 -> 0.69 | BV42: 130 | BW42: 0.24 | BX42: =BW42*20 -> 4.8 | BY42: =BY41+BX42 -> 22.91 | BZ42: =BQ42-BY42 -> 0.93 | CD42: 130 | CE42: 0.242 | CF42: =CE42*20 -> 4.84 | CG42: =CG41+CF42 -> 27.44 | CH42: =BY42-CG42 -> -4.53 | CL42: 130 | CM42: 0.24 | CN42: =CM42*20 -> 4.8 | CO42: =CO41+CN42 -> 25.86 | CP42: =CG42-CO42 -> 1.58 | CT42: 130 | CU42: 0.242 | CV42: =CU42*20 -> 4.84 | CW42: =CW41+CV42 -> 23.32 | CX42: =CO42-CW42 -> 2.54 | DB42: 130 | DC42: #N/A | DD42: =DC42*20 -> #N/A | DE42: =DE41+DD42 -> #N/A | DF42: =CW42-DE42 -> #N/A | DJ42: 130 | DK42: #N/A | DL42: =DK42*20 -> #N/A | DM42: =DM41+DL42 -> #N/A | DN42: =DE42-DM42 -> #N/A | DR42: 130 | DS42: 0.243 | DT42: =DS42*20 -> 4.86 | DU42: =DU41+DT42 -> 20.47 | DV42: =CW42-DU42 -> 2.85 | DZ42: 130 | EA42: 0.232 | EB42: =EA42*20 -> 4.64 | EC42: =EC41+EB42 -> 19.5 | ED42: =DU42-EC42 -> 0.97 | EH42: 130 | EI42: 0.236 | EJ42: =EI42*20 -> 4.72 | EK42: =EK41+EJ42 -> 28.61 | EL42: =EC42-EK42 -> -9.11 | EP42: 130 | EQ42: 0.234 | ER42: =EQ42*20 -> 4.68 | ES42: =ES41+ER42 -> 27.8 | ET42: =EK42-ES42 -> 0.81 | EX42: 130 | EY42: #N/A | EZ42: =EY42*20 -> #N/A | FA42: =FA41+EZ42 -> #N/A | FB42: =ES42-FA42 -> #N/A | FF42: 130 | FG42: 0.227 | FH42: =FG42*20 -> 4.54 | FI42: =FI41+FH42 -> 23.64 | FJ42: =ES42-FI42 -> 4.16 | FN42: 130 | FO42: #N/A | FP42: =FO42*20 -> #N/A | FQ42: =FQ41+FP42 -> #N/A | FR42: =FA42-FQ42 -> #N/A | FV42: 130 | FW42: 0.227 | FX42: =FW42*20 -> 4.54 | FY42: =FY41+FX42 -> 20.66 | FZ42: =FI42-FY42 -> 2.98 | GD42: 130 | GE42: #N/A | GF42: =GE42*20 -> #N/A | GG42: =GG41+GF42 -> #N/A | GH42: =FQ42-GG42 -> #N/A | GL42: 130 | GM42: 0.232 | GN42: =GM42*20 -> 4.64 | GO42: =GO41+GN42 -> 27.14 | GP42: =FY42-GO42 -> -6.48 | GT42: 130 | GU42: #N/A | GV42: =GU42*20 -> #N/A | GW42: =GW41+GV42 -> #N/A | GX42: =GG42-GW42 -> #N/A | HB42: 130 | HC42: #N/A | HD42: =HC42*20 -> #N/A | HE42: =HE41+HD42 -> #N/A | HF42: =GO42-HE42 -> #N/A | HJ42: 130 | HK42: 0.223 | HL42: =HK42*20 -> 4.46 | HM42: =HM41+HL42 -> 21.03 | HN42: =GO42-HM42 -> 6.11 | HP42: 130 | HQ42: =MAX(D42,S42,AA42,AY42, BO42, BW42, CE42, CM42, CU42, DS42,EA42,EI42,EQ42,FG42,FW42, GM42,HK42) -> 0.245 | HR42: 0.214 | HS42: =MAX(HQ42,HR42) -> 0.245 | HT42: =HS42*20 -> 4.9 | HU42: =HU41+HT42 -> 29.42 | HX42: 130 | HY42: =MIN(D42,S42,AA42,AY42, BO42, BW42, CE42, CM42, CU42, DS42, EA42,EI42,EQ42,FG42,FW42,GM42,HK42) -> 0.223 | HZ42: 0.144 | IA42: =MIN(HY42,HZ42) -> 0.144 | IB42: =IA42*20 -> 2.88 | IC42: =IC41+IB42 -> 13.6
J43: 150 | K43: 0.238 | L43: =K43*20 -> 4.76 | M43: =M42+L43 -> 30.93 | N43: =F43-M43 -> -30.93 | R43: 150 | S43: 0.229 | T43: =S43*20 -> 4.58 | U43: =U42+T43 -> 32.91 | V43: =M43-U43 -> -1.98 | Z43: 150 | AA43: 0.226 | AB43: =AA43*20 -> 4.52 | AC43: =AC42+AB43 -> 31 | AD43: =U43-AC43 -> 1.91 | AH43: 150 | AI43: #N/A | AJ43: =AI43*20 -> #N/A | AK43: =AK42+AJ43 -> #N/A | AL43: =AC43-AK43 -> #N/A | AP43: 150 | AQ43: #N/A | AR43: =AQ43*20 -> #N/A | AS43: =AS42+AR43 -> #N/A | AT43: =AK43-AS43 -> #N/A | AX43: 150 | AY43: 0.23 | AZ43: =AY43*20 -> 4.6 | BA43: =BA42+AZ43 -> 29.13 | BB43: =AC43-BA43 -> 1.87 | BF43: 150 | BG43: #N/A | BH43: =BG43*20 -> #N/A | BI43: =BI42+BH43 -> #N/A | BJ43: =AK43-BI43 -> #N/A | BN43: 150 | BO43: 0.232 | BP43: =BO43*20 -> 4.64 | BQ43: =BQ42+BP43 -> 28.48 | BR43: =BA43-BQ43 -> 0.65 | BV43: 150 | BW43: 0.232 | BX43: =BW43*20 -> 4.64 | BY43: =BY42+BX43 -> 27.55 | BZ43: =BQ43-BY43 -> 0.93 | CD43: 150 | CE43: 0.238 | CF43: =CE43*20 -> 4.76 | CG43: =CG42+CF43 -> 32.2 | CH43: =BY43-CG43 -> -4.65 | CL43: 150 | CM43: 0.238 | CN43: =CM43*20 -> 4.76 | CO43: =CO42+CN43 -> 30.62 | CP43: =CG43-CO43 -> 1.58 | CT43: 150 | CU43: 0.235 | CV43: =CU43*20 -> 4.7 | CW43: =CW42+CV43 -> 28.02 | CX43: =CO43-CW43 -> 2.6 | DB43: 150 | DC43: #N/A | DD43: =DC43*20 -> #N/A | DE43: =DE42+DD43 -> #N/A | DF43: =CW43-DE43 -> #N/A | DJ43: 150 | DK43: #N/A | DL43: =DK43*20 -> #N/A | DM43: =DM42+DL43 -> #N/A | DN43: =DE43-DM43 -> #N/A | DR43: 150 | DS43: 0.24 | DT43: =DS43*20 -> 4.8 | DU43: =DU42+DT43 -> 25.27 | DV43: =CW43-DU43 -> 2.75 | DZ43: 150 | EA43: 0.222 | EB43: =EA43*20 -> 4.44 | EC43: =EC42+EB43 -> 23.94 | ED43: =DU43-EC43 -> 1.33 | EH43: 150 | EI43: 0.227 | EJ43: =EI43*20 -> 4.54 | EK43: =EK42+EJ43 -> 33.15 | EL43: =EC43-EK43 -> -9.21 | EP43: 150 | EQ43: 0.226 | ER43: =EQ43*20 -> 4.52 | ES43: =ES42+ER43 -> 32.32 | ET43: =EK43-ES43 -> 0.83 | EX43: 150 | EY43: #N/A | EZ43: =EY43*20 -> #N/A | FA43: =FA42+EZ43 -> #N/A | FB43: =ES43-FA43 -> #N/A | FF43: 150 | FG43: 0.223 | FH43: =FG43*20 -> 4.46 | FI43: =FI42+FH43 -> 28.1 | FJ43: =ES43-FI43 -> 4.22 | FN43: 150 | FO43: #N/A | FP43: =FO43*20 -> #N/A | FQ43: =FQ42+FP43 -> #N/A | FR43: =FA43-FQ43 -> #N/A | FV43: 150 | FW43: 0.219 | FX43: =FW43*20 -> 4.38 | FY43: =FY42+FX43 -> 25.04 | FZ43: =FI43-FY43 -> 3.06 | GD43: 150 | GE43: #N/A | GF43: =GE43*20 -> #N/A | GG43: =GG42+GF43 -> #N/A | GH43: =FQ43-GG43 -> #N/A | GL43: 150 | GM43: 0.215 | GN43: =GM43*20 -> 4.3 | GO43: =GO42+GN43 -> 31.44 | GP43: =FY43-GO43 -> -6.4 | GT43: 150 | GU43: #N/A | GV43: =GU43*20 -> #N/A | GW43: =GW42+GV43 -> #N/A | GX43: =GG43-GW43 -> #N/A | HB43: 150 | HC43: #N/A | HD43: =HC43*20 -> #N/A | HE43: =HE42+HD43 -> #N/A | HF43: =GO43-HE43 -> #N/A | HJ43: 150 | HK43: 0.217 | HL43: =HK43*20 -> 4.34 | HM43: =HM42+HL43 -> 25.37 | HN43: =GO43-HM43 -> 6.07 | HP43: 150 | HQ43: =MAX(D43,S43,AA43,AY43, BO43, BW43, CE43, CM43, CU43, DS43,EA43,EI43,EQ43,FG43,FW43, GM43,HK43) -> 0.24 | HR43: 0.21 | HS43: =MAX(HQ43,HR43) -> 0.24 | HT43: =HS43*20 -> 4.8 | HU43: =HU42+HT43 -> 34.22 | HX43: 150 | HY43: =MIN(D43,S43,AA43,AY43, BO43, BW43, CE43, CM43, CU43, DS43, EA43,EI43,EQ43,FG43,FW43,GM43,HK43) -> 0.215 | HZ43: 0.173 | IA43: =MIN(HY43,HZ43) -> 0.173 | IB43: =IA43*20 -> 3.46 | IC43: =IC42+IB43 -> 17.06
J44: 170 | K44: 0.232 | L44: =K44*20 -> 4.64 | M44: =M43+L44 -> 35.57 | N44: =F44-M44 -> -35.57 | R44: 170 | S44: 0.234 | T44: =S44*20 -> 4.68 | U44: =U43+T44 -> 37.59 | V44: =M44-U44 -> -2.02 | Z44: 170 | AA44: 0.228 | AB44: =AA44*20 -> 4.56 | AC44: =AC43+AB44 -> 35.56 | AD44: =U44-AC44 -> 2.03 | AH44: 170 | AI44: #N/A | AJ44: =AI44*20 -> #N/A | AK44: =AK43+AJ44 -> #N/A | AL44: =AC44-AK44 -> #N/A | AP44: 170 | AQ44: #N/A | AR44: =AQ44*20 -> #N/A | AS44: =AS43+AR44 -> #N/A | AT44: =AK44-AS44 -> #N/A | AX44: 170 | AY44: 0.227 | AZ44: =AY44*20 -> 4.54 | BA44: =BA43+AZ44 -> 33.67 | BB44: =AC44-BA44 -> 1.89 | BF44: 170 | BG44: #N/A | BH44: =BG44*20 -> #N/A | BI44: =BI43+BH44 -> #N/A | BJ44: =AK44-BI44 -> #N/A | BN44: 170 | BO44: 0.227 | BP44: =BO44*20 -> 4.54 | BQ44: =BQ43+BP44 -> 33.02 | BR44: =BA44-BQ44 -> 0.65 | BV44: 170 | BW44: 0.229 | BX44: =BW44*20 -> 4.58 | BY44: =BY43+BX44 -> 32.13 | BZ44: =BQ44-BY44 -> 0.89 | CD44: 170 | CE44: 0.231 | CF44: =CE44*20 -> 4.62 | CG44: =CG43+CF44 -> 36.82 | CH44: =BY44-CG44 -> -4.69 | CL44: 170 | CM44: 0.228 | CN44: =CM44*20 -> 4.56 | CO44: =CO43+CN44 -> 35.18 | CP44: =CG44-CO44 -> 1.64 | CT44: 170 | CU44: 0.228 | CV44: =CU44*20 -> 4.56 | CW44: =CW43+CV44 -> 32.58 | CX44: =CO44-CW44 -> 2.6 | DB44: 170 | DC44: #N/A | DD44: =DC44*20 -> #N/A | DE44: =DE43+DD44 -> #N/A | DF44: =CW44-DE44 -> #N/A | DJ44: 170 | DK44: #N/A | DL44: =DK44*20 -> #N/A | DM44: =DM43+DL44 -> #N/A | DN44: =DE44-DM44 -> #N/A | DR44: 170 | DS44: 0.231 | DT44: =DS44*20 -> 4.62 | DU44: =DU43+DT44 -> 29.89 | DV44: =CW44-DU44 -> 2.69 | DZ44: 170 | EA44: 0.223 | EB44: =EA44*20 -> 4.46 | EC44: =EC43+EB44 -> 28.4 | ED44: =DU44-EC44 -> 1.49 | EH44: 170 | EI44: 0.219 | EJ44: =EI44*20 -> 4.38 | EK44: =EK43+EJ44 -> 37.53 | EL44: =EC44-EK44 -> -9.13 | EP44: 170 | EQ44: 0.22 | ER44: =EQ44*20 -> 4.4 | ES44: =ES43+ER44 -> 36.72 | ET44: =EK44-ES44 -> 0.81 | EX44: 170 | EY44: #N/A | EZ44: =EY44*20 -> #N/A | FA44: =FA43+EZ44 -> #N/A | FB44: =ES44-FA44 -> #N/A | FF44: 170 | FG44: 0.218 | FH44: =FG44*20 -> 4.36 | FI44: =FI43+FH44 -> 32.46 | FJ44: =ES44-FI44 -> 4.26 | FN44: 170 | FO44: #N/A | FP44: =FO44*20 -> #N/A | FQ44: =FQ43+FP44 -> #N/A | FR44: =FA44-FQ44 -> #N/A | FV44: 170 | FW44: 0.215 | FX44: =FW44*20 -> 4.3 | FY44: =FY43+FX44 -> 29.34 | FZ44: =FI44-FY44 -> 3.12 | GD44: 170 | GE44: #N/A | GF44: =GE44*20 -> #N/A | GG44: =GG43+GF44 -> #N/A | GH44: =FQ44-GG44 -> #N/A | GL44: 170 | GM44: 0.214 | GN44: =GM44*20 -> 4.28 | GO44: =GO43+GN44 -> 35.72 | GP44: =FY44-GO44 -> -6.38 | GT44: 170 | GU44: #N/A | GV44: =GU44*20 -> #N/A | GW44: =GW43+GV44 -> #N/A | GX44: =GG44-GW44 -> #N/A | HB44: 170 | HC44: #N/A | HD44: =HC44*20 -> #N/A | HE44: =HE43+HD44 -> #N/A | HF44: =GO44-HE44 -> #N/A | HJ44: 170 | HK44: 0.217 | HL44: =HK44*20 -> 4.34 | HM44: =HM43+HL44 -> 29.71 | HN44: =GO44-HM44 -> 6.01 | HP44: 170 | HQ44: =MAX(D44,S44,AA44,AY44, BO44, BW44, CE44, CM44, CU44, DS44,EA44,EI44,EQ44,FG44,FW44, GM44,HK44) -> 0.234 | HR44: 0.213 | HS44: =MAX(HQ44,HR44) -> 0.234 | HT44: =HS44*20 -> 4.68 | HU44: =HU43+HT44 -> 38.9 | HX44: 170 | HY44: =MIN(D44,S44,AA44,AY44, BO44, BW44, CE44, CM44, CU44, DS44, EA44,EI44,EQ44,FG44,FW44,GM44,HK44) -> 0.214 | HZ44: 0.176 | IA44: =MIN(HY44,HZ44) -> 0.176 | IB44: =IA44*20 -> 3.52 | IC44: =IC43+IB44 -> 20.58
J45: 190 | K45: 0.215 | L45: =K45*20 -> 4.3 | M45: =M44+L45 -> 39.87 | N45: =F45-M45 -> -39.87 | R45: 190 | S45: 0.207 | T45: =S45*20 -> 4.14 | U45: =U44+T45 -> 41.73 | V45: =M45-U45 -> -1.86 | Z45: 190 | AA45: 0.209 | AB45: =AA45*20 -> 4.18 | AC45: =AC44+AB45 -> 39.74 | AD45: =U45-AC45 -> 1.99 | AH45: 190 | AI45: #N/A | AJ45: =AI45*20 -> #N/A | AK45: =AK44+AJ45 -> #N/A | AL45: =AC45-AK45 -> #N/A | AP45: 190 | AQ45: #N/A | AR45: =AQ45*20 -> #N/A | AS45: =AS44+AR45 -> #N/A | AT45: =AK45-AS45 -> #N/A | AX45: 190 | AY45: 0.204 | AZ45: =AY45*20 -> 4.08 | BA45: =BA44+AZ45 -> 37.75 | BB45: =AC45-BA45 -> 1.99 | BF45: 190 | BG45: #N/A | BH45: =BG45*20 -> #N/A | BI45: =BI44+BH45 -> #N/A | BJ45: =AK45-BI45 -> #N/A | BN45: 190 | BO45: 0.205 | BP45: =BO45*20 -> 4.1 | BQ45: =BQ44+BP45 -> 37.12 | BR45: =BA45-BQ45 -> 0.63 | BV45: 190 | BW45: 0.208 | BX45: =BW45*20 -> 4.16 | BY45: =BY44+BX45 -> 36.29 | BZ45: =BQ45-BY45 -> 0.83 | CD45: 190 | CE45: 0.205 | CF45: =CE45*20 -> 4.1 | CG45: =CG44+CF45 -> 40.92 | CH45: =BY45-CG45 -> -4.63 | CL45: 190 | CM45: 0.212 | CN45: =CM45*20 -> 4.24 | CO45: =CO44+CN45 -> 39.42 | CP45: =CG45-CO45 -> 1.5 | CT45: 190 | CU45: 0.208 | CV45: =CU45*20 -> 4.16 | CW45: =CW44+CV45 -> 36.74 | CX45: =CO45-CW45 -> 2.68 | DB45: 190 | DC45: #N/A | DD45: =DC45*20 -> #N/A | DE45: =DE44+DD45 -> #N/A | DF45: =CW45-DE45 -> #N/A | DJ45: 190 | DK45: #N/A | DL45: =DK45*20 -> #N/A | DM45: =DM44+DL45 -> #N/A | DN45: =DE45-DM45 -> #N/A | DR45: 190 | DS45: 0.21 | DT45: =DS45*20 -> 4.2 | DU45: =DU44+DT45 -> 34.09 | DV45: =CW45-DU45 -> 2.65 | DZ45: 190 | EA45: 0.205 | EB45: =EA45*20 -> 4.1 | EC45: =EC44+EB45 -> 32.5 | ED45: =DU45-EC45 -> 1.59 | EH45: 190 | EI45: 0.203 | EJ45: =EI45*20 -> 4.06 | EK45: =EK44+EJ45 -> 41.59 | EL45: =EC45-EK45 -> -9.09 | EP45: 190 | EQ45: 0.202 | ER45: =EQ45*20 -> 4.04 | ES45: =ES44+ER45 -> 40.76 | ET45: =EK45-ES45 -> 0.83 | EX45: 190 | EY45: #N/A | EZ45: =EY45*20 -> #N/A | FA45: =FA44+EZ45 -> #N/A | FB45: =ES45-FA45 -> #N/A | FF45: 190 | FG45: 0.2 | FH45: =FG45*20 -> 4 | FI45: =FI44+FH45 -> 36.46 | FJ45: =ES45-FI45 -> 4.3 | FN45: 190 | FO45: #N/A | FP45: =FO45*20 -> #N/A | FQ45: =FQ44+FP45 -> #N/A | FR45: =FA45-FQ45 -> #N/A | FV45: 190 | FW45: 0.199 | FX45: =FW45*20 -> 3.98 | FY45: =FY44+FX45 -> 33.32 | FZ45: =FI45-FY45 -> 3.14 | GD45: 190 | GE45: #N/A | GF45: =GE45*20 -> #N/A | GG45: =GG44+GF45 -> #N/A | GH45: =FQ45-GG45 -> #N/A | GL45: 190 | GM45: 0.197 | GN45: =GM45*20 -> 3.94 | GO45: =GO44+GN45 -> 39.66 | GP45: =FY45-GO45 -> -6.34 | GT45: 190 | GU45: #N/A | GV45: =GU45*20 -> #N/A | GW45: =GW44+GV45 -> #N/A | GX45: =GG45-GW45 -> #N/A | HB45: 190 | HC45: #N/A | HD45: =HC45*20 -> #N/A | HE45: =HE44+HD45 -> #N/A | HF45: =GO45-HE45 -> #N/A | HJ45: 190 | HK45: 0.2 | HL45: =HK45*20 -> 4 | HM45: =HM44+HL45 -> 33.71 | HN45: =GO45-HM45 -> 5.95 | HP45: 190 | HQ45: =MAX(D45,S45,AA45,AY45, BO45, BW45, CE45, CM45, CU45, DS45,EA45,EI45,EQ45,FG45,FW45, GM45,HK45) -> 0.212 | HR45: 0.188 | HS45: =MAX(HQ45,HR45) -> 0.212 | HT45: =HS45*20 -> 4.24 | HU45: =HU44+HT45 -> 43.14 | HX45: 190 | HY45: =MIN(D45,S45,AA45,AY45, BO45, BW45, CE45, CM45, CU45, DS45, EA45,EI45,EQ45,FG45,FW45,GM45,HK45) -> 0.197 | HZ45: 0.166 | IA45: =MIN(HY45,HZ45) -> 0.166 | IB45: =IA45*20 -> 3.32 | IC45: =IC44+IB45 -> 23.9
J46: 210 | K46: 0.151 | L46: =K46*20 -> 3.02 | M46: =M45+L46 -> 42.89 | N46: =F46-M46 -> -42.89 | R46: 210 | S46: 0.144 | T46: =S46*20 -> 2.88 | U46: =U45+T46 -> 44.61 | V46: =M46-U46 -> -1.72 | Z46: 210 | AA46: 0.144 | AB46: =AA46*20 -> 2.88 | AC46: =AC45+AB46 -> 42.62 | AD46: =U46-AC46 -> 1.99 | AH46: 210 | AI46: #N/A | AJ46: =AI46*20 -> #N/A | AK46: =AK45+AJ46 -> #N/A | AL46: =AC46-AK46 -> #N/A | AP46: 210 | AQ46: #N/A | AR46: =AQ46*20 -> #N/A | AS46: =AS45+AR46 -> #N/A | AT46: =AK46-AS46 -> #N/A | AX46: 210 | AY46: 0.145 | AZ46: =AY46*20 -> 2.9 | BA46: =BA45+AZ46 -> 40.65 | BB46: =AC46-BA46 -> 1.97 | BF46: 210 | BG46: #N/A | BH46: =BG46*20 -> #N/A | BI46: =BI45+BH46 -> #N/A | BJ46: =AK46-BI46 -> #N/A | BN46: 210 | BO46: 0.144 | BP46: =BO46*20 -> 2.88 | BQ46: =BQ45+BP46 -> 40 | BR46: =BA46-BQ46 -> 0.65 | BV46: 210 | BW46: 0.144 | BX46: =BW46*20 -> 2.88 | BY46: =BY45+BX46 -> 39.17 | BZ46: =BQ46-BY46 -> 0.83 | CD46: 210 | CE46: 0.148 | CF46: =CE46*20 -> 2.96 | CG46: =CG45+CF46 -> 43.88 | CH46: =BY46-CG46 -> -4.71 | CL46: 210 | CM46: 0.153 | CN46: =CM46*20 -> 3.06 | CO46: =CO45+CN46 -> 42.48 | CP46: =CG46-CO46 -> 1.4 | CT46: 210 | CU46: 0.15 | CV46: =CU46*20 -> 3 | CW46: =CW45+CV46 -> 39.74 | CX46: =CO46-CW46 -> 2.74 | DB46: 210 | DC46: #N/A | DD46: =DC46*20 -> #N/A | DE46: =DE45+DD46 -> #N/A | DF46: =CW46-DE46 -> #N/A | DJ46: 210 | DK46: #N/A | DL46: =DK46*20 -> #N/A | DM46: =DM45+DL46 -> #N/A | DN46: =DE46-DM46 -> #N/A | DR46: 210 | DS46: 0.153 | DT46: =DS46*20 -> 3.06 | DU46: =DU45+DT46 -> 37.15 | DV46: =CW46-DU46 -> 2.59 | DZ46: 210 | EA46: 0.144 | EB46: =EA46*20 -> 2.88 | EC46: =EC45+EB46 -> 35.38 | ED46: =DU46-EC46 -> 1.77 | EH46: 210 | EI46: 0.14 | EJ46: =EI46*20 -> 2.8 | EK46: =EK45+EJ46 -> 44.39 | EL46: =EC46-EK46 -> -9.01 | EP46: 210 | EQ46: 0.141 | ER46: =EQ46*20 -> 2.82 | ES46: =ES45+ER46 -> 43.58 | ET46: =EK46-ES46 -> 0.81 | EX46: 210 | EY46: #N/A | EZ46: =EY46*20 -> #N/A | FA46: =FA45+EZ46 -> #N/A | FB46: =ES46-FA46 -> #N/A | FF46: 210 | FG46: 0.142 | FH46: =FG46*20 -> 2.84 | FI46: =FI45+FH46 -> 39.3 | FJ46: =ES46-FI46 -> 4.28 | FN46: 210 | FO46: #N/A | FP46: =FO46*20 -> #N/A | FQ46: =FQ45+FP46 -> #N/A | FR46: =FA46-FQ46 -> #N/A | FV46: 210 | FW46: 0.136 | FX46: =FW46*20 -> 2.72 | FY46: =FY45+FX46 -> 36.04 | FZ46: =FI46-FY46 -> 3.26 | GD46: 210 | GE46: #N/A | GF46: =GE46*20 -> #N/A | GG46: =GG45+GF46 -> #N/A | GH46: =FQ46-GG46 -> #N/A | GL46: 210 | GM46: 0.137 | GN46: =GM46*20 -> 2.74 | GO46: =GO45+GN46 -> 42.4 | GP46: =FY46-GO46 -> -6.36 | GT46: 210 | GU46: #N/A | GV46: =GU46*20 -> #N/A | GW46: =GW45+GV46 -> #N/A | GX46: =GG46-GW46 -> #N/A | HB46: 210 | HC46: #N/A | HD46: =HC46*20 -> #N/A | HE46: =HE45+HD46 -> #N/A | HF46: =GO46-HE46 -> #N/A | HJ46: 210 | HK46: 0.138 | HL46: =HK46*20 -> 2.76 | HM46: =HM45+HL46 -> 36.47 | HN46: =GO46-HM46 -> 5.93 | HP46: 210 | HQ46: =MAX(D46,S46,AA46,AY46, BO46, BW46, CE46, CM46, CU46, DS46,EA46,EI46,EQ46,FG46,FW46, GM46,HK46) -> 0.153 | HR46: 0.131 | HS46: =MAX(HQ46,HR46) -> 0.153 | HT46: =HS46*20 -> 3.06 | HU46: =HU45+HT46 -> 46.2 | HX46: 210 | HY46: =MIN(D46,S46,AA46,AY46, BO46, BW46, CE46, CM46, CU46, DS46, EA46,EI46,EQ46,FG46,FW46,GM46,HK46) -> 0.136 | HZ46: 0.115 | IA46: =MIN(HY46,HZ46) -> 0.115 | IB46: =IA46*20 -> 2.3 | IC46: =IC45+IB46 -> 26.2
J47: 230 | K47: 0.131 | L47: =K47*20 -> 2.62 | M47: =M46+L47 -> 45.51 | N47: =F47-M47 -> -45.51 | R47: 230 | S47: 0.126 | T47: =S47*20 -> 2.52 | U47: =U46+T47 -> 47.13 | V47: =M47-U47 -> -1.62 | Z47: 230 | AA47: 0.126 | AB47: =AA47*20 -> 2.52 | AC47: =AC46+AB47 -> 45.14 | AD47: =U47-AC47 -> 1.99 | AH47: 230 | AI47: #N/A | AJ47: =AI47*20 -> #N/A | AK47: =AK46+AJ47 -> #N/A | AL47: =AC47-AK47 -> #N/A | AP47: 230 | AQ47: #N/A | AR47: =AQ47*20 -> #N/A | AS47: =AS46+AR47 -> #N/A | AT47: =AK47-AS47 -> #N/A | AX47: 230 | AY47: 0.126 | AZ47: =AY47*20 -> 2.52 | BA47: =BA46+AZ47 -> 43.17 | BB47: =AC47-BA47 -> 1.97 | BF47: 230 | BG47: #N/A | BH47: =BG47*20 -> #N/A | BI47: =BI46+BH47 -> #N/A | BJ47: =AK47-BI47 -> #N/A | BN47: 230 | BO47: 0.125 | BP47: =BO47*20 -> 2.5 | BQ47: =BQ46+BP47 -> 42.5 | BR47: =BA47-BQ47 -> 0.67 | BV47: 230 | BW47: 0.126 | BX47: =BW47*20 -> 2.52 | BY47: =BY46+BX47 -> 41.69 | BZ47: =BQ47-BY47 -> 0.81 | CD47: 230 | CE47: 0.128 | CF47: =CE47*20 -> 2.56 | CG47: =CG46+CF47 -> 46.44 | CH47: =BY47-CG47 -> -4.75 | CL47: 230 | CM47: 0.132 | CN47: =CM47*20 -> 2.64 | CO47: =CO46+CN47 -> 45.12 | CP47: =CG47-CO47 -> 1.32 | CT47: 230 | CU47: 0.128 | CV47: =CU47*20 -> 2.56 | CW47: =CW46+CV47 -> 42.3 | CX47: =CO47-CW47 -> 2.82 | DB47: 230 | DC47: #N/A | DD47: =DC47*20 -> #N/A | DE47: =DE46+DD47 -> #N/A | DF47: =CW47-DE47 -> #N/A | DJ47: 230 | DK47: #N/A | DL47: =DK47*20 -> #N/A | DM47: =DM46+DL47 -> #N/A | DN47: =DE47-DM47 -> #N/A | DR47: 230 | DS47: 0.132 | DT47: =DS47*20 -> 2.64 | DU47: =DU46+DT47 -> 39.79 | DV47: =CW47-DU47 -> 2.51 | DZ47: 230 | EA47: 0.125 | EB47: =EA47*20 -> 2.5 | EC47: =EC46+EB47 -> 37.88 | ED47: =DU47-EC47 -> 1.91 | EH47: 230 | EI47: 0.123 | EJ47: =EI47*20 -> 2.46 | EK47: =EK46+EJ47 -> 46.85 | EL47: =EC47-EK47 -> -8.97 | EP47: 230 | EQ47: 0.124 | ER47: =EQ47*20 -> 2.48 | ES47: =ES46+ER47 -> 46.06 | ET47: =EK47-ES47 -> 0.79 | EX47: 230 | EY47: #N/A | EZ47: =EY47*20 -> #N/A | FA47: =FA46+EZ47 -> #N/A | FB47: =ES47-FA47 -> #N/A | FF47: 230 | FG47: 0.122 | FH47: =FG47*20 -> 2.44 | FI47: =FI46+FH47 -> 41.74 | FJ47: =ES47-FI47 -> 4.32 | FN47: 230 | FO47: #N/A | FP47: =FO47*20 -> #N/A | FQ47: =FQ46+FP47 -> #N/A | FR47: =FA47-FQ47 -> #N/A | FV47: 230 | FW47: 0.121 | FX47: =FW47*20 -> 2.42 | FY47: =FY46+FX47 -> 38.46 | FZ47: =FI47-FY47 -> 3.28 | GD47: 230 | GE47: #N/A | GF47: =GE47*20 -> #N/A | GG47: =GG46+GF47 -> #N/A | GH47: =FQ47-GG47 -> #N/A | GL47: 230 | GM47: 0.12 | GN47: =GM47*20 -> 2.4 | GO47: =GO46+GN47 -> 44.8 | GP47: =FY47-GO47 -> -6.34 | GT47: 230 | GU47: #N/A | GV47: =GU47*20 -> #N/A | GW47: =GW46+GV47 -> #N/A | GX47: =GG47-GW47 -> #N/A | HB47: 230 | HC47: #N/A | HD47: =HC47*20 -> #N/A | HE47: =HE46+HD47 -> #N/A | HF47: =GO47-HE47 -> #N/A | HJ47: 230 | HK47: 0.122 | HL47: =HK47*20 -> 2.44 | HM47: =HM46+HL47 -> 38.91 | HN47: =GO47-HM47 -> 5.89 | HP47: 230 | HQ47: =MAX(D47,S47,AA47,AY47, BO47, BW47, CE47, CM47, CU47, DS47,EA47,EI47,EQ47,FG47,FW47, GM47,HK47) -> 0.132 | HR47: 0.116 | HS47: =MAX(HQ47,HR47) -> 0.132 | HT47: =HS47*20 -> 2.64 | HU47: =HU46+HT47 -> 48.84 | HX47: 230 | HY47: =MIN(D47,S47,AA47,AY47, BO47, BW47, CE47, CM47, CU47, DS47, EA47,EI47,EQ47,FG47,FW47,GM47,HK47) -> 0.12 | HZ47: 0.104 | IA47: =MIN(HY47,HZ47) -> 0.104 | IB47: =IA47*20 -> 2.08 | IC47: =IC46+IB47 -> 28.28
J48: 250 | K48: 0.114 | L48: =K48*20 -> 2.28 | M48: =M47+L48 -> 47.79 | N48: =F48-M48 -> -47.79 | R48: 250 | S48: 0.115 | T48: =S48*20 -> 2.3 | U48: =U47+T48 -> 49.43 | V48: =M48-U48 -> -1.64 | Z48: 250 | AA48: 0.118 | AB48: =AA48*20 -> 2.36 | AC48: =AC47+AB48 -> 47.5 | AD48: =U48-AC48 -> 1.93 | AH48: 250 | AI48: #N/A | AJ48: =AI48*20 -> #N/A | AK48: =AK47+AJ48 -> #N/A | AL48: =AC48-AK48 -> #N/A | AP48: 250 | AQ48: #N/A | AR48: =AQ48*20 -> #N/A | AS48: =AS47+AR48 -> #N/A | AT48: =AK48-AS48 -> #N/A | AX48: 250 | AY48: 0.117 | AZ48: =AY48*20 -> 2.34 | BA48: =BA47+AZ48 -> 45.51 | BB48: =AC48-BA48 -> 1.99 | BF48: 250 | BG48: #N/A | BH48: =BG48*20 -> #N/A | BI48: =BI47+BH48 -> #N/A | BJ48: =AK48-BI48 -> #N/A | BN48: 250 | BO48: 0.12 | BP48: =BO48*20 -> 2.4 | BQ48: =BQ47+BP48 -> 44.9 | BR48: =BA48-BQ48 -> 0.61 | BV48: 250 | BW48: 0.117 | BX48: =BW48*20 -> 2.34 | BY48: =BY47+BX48 -> 44.03 | BZ48: =BQ48-BY48 -> 0.87 | CD48: 250 | CE48: 0.119 | CF48: =CE48*20 -> 2.38 | CG48: =CG47+CF48 -> 48.82 | CH48: =BY48-CG48 -> -4.79 | CL48: 250 | CM48: 0.12 | CN48: =CM48*20 -> 2.4 | CO48: =CO47+CN48 -> 47.52 | CP48: =CG48-CO48 -> 1.3 | CT48: 250 | CU48: 0.116 | CV48: =CU48*20 -> 2.32 | CW48: =CW47+CV48 -> 44.62 | CX48: =CO48-CW48 -> 2.9 | DB48: 250 | DC48: #N/A | DD48: =DC48*20 -> #N/A | DE48: =DE47+DD48 -> #N/A | DF48: =CW48-DE48 -> #N/A | DJ48: 250 | DK48: #N/A | DL48: =DK48*20 -> #N/A | DM48: =DM47+DL48 -> #N/A | DN48: =DE48-DM48 -> #N/A | DR48: 250 | DS48: 0.124 | DT48: =DS48*20 -> 2.48 | DU48: =DU47+DT48 -> 42.27 | DV48: =CW48-DU48 -> 2.35 | DZ48: 250 | EA48: 0.114 | EB48: =EA48*20 -> 2.28 | EC48: =EC47+EB48 -> 40.16 | ED48: =DU48-EC48 -> 2.11 | EH48: 250 | EI48: 0.111 | EJ48: =EI48*20 -> 2.22 | EK48: =EK47+EJ48 -> 49.07 | EL48: =EC48-EK48 -> -8.91 | EP48: 250 | EQ48: 0.116 | ER48: =EQ48*20 -> 2.32 | ES48: =ES47+ER48 -> 48.38 | ET48: =EK48-ES48 -> 0.69 | EX48: 250 | EY48: #N/A | EZ48: =EY48*20 -> #N/A | FA48: =FA47+EZ48 -> #N/A | FB48: =ES48-FA48 -> #N/A | FF48: 250 | FG48: 0.114 | FH48: =FG48*20 -> 2.28 | FI48: =FI47+FH48 -> 44.02 | FJ48: =ES48-FI48 -> 4.36 | FN48: 250 | FO48: #N/A | FP48: =FO48*20 -> #N/A | FQ48: =FQ47+FP48 -> #N/A | FR48: =FA48-FQ48 -> #N/A | FV48: 250 | FW48: 0.108 | FX48: =FW48*20 -> 2.16 | FY48: =FY47+FX48 -> 40.62 | FZ48: =FI48-FY48 -> 3.4 | GD48: 250 | GE48: #N/A | GF48: =GE48*20 -> #N/A | GG48: =GG47+GF48 -> #N/A | GH48: =FQ48-GG48 -> #N/A | GL48: 250 | GM48: 0.112 | GN48: =GM48*20 -> 2.24 | GO48: =GO47+GN48 -> 47.04 | GP48: =FY48-GO48 -> -6.42 | GT48: 250 | GU48: #N/A | GV48: =GU48*20 -> #N/A | GW48: =GW47+GV48 -> #N/A | GX48: =GG48-GW48 -> #N/A | HB48: 250 | HC48: #N/A | HD48: =HC48*20 -> #N/A | HE48: =HE47+HD48 -> #N/A | HF48: =GO48-HE48 -> #N/A | HJ48: 250 | HK48: 0.116 | HL48: =HK48*20 -> 2.32 | HM48: =HM47+HL48 -> 41.23 | HN48: =GO48-HM48 -> 5.81 | HP48: 250 | HQ48: =MAX(D48,S48,AA48,AY48, BO48, BW48, CE48, CM48, CU48, DS48,EA48,EI48,EQ48,FG48,FW48, GM48,HK48) -> 0.124 | HR48: 0.109 | HS48: =MAX(HQ48,HR48) -> 0.124 | HT48: =HS48*20 -> 2.48 | HU48: =HU47+HT48 -> 51.32 | HX48: 250 | HY48: =MIN(D48,S48,AA48,AY48, BO48, BW48, CE48, CM48, CU48, DS48, EA48,EI48,EQ48,FG48,FW48,GM48,HK48) -> 0.108 | HZ48: 0.098 | IA48: =MIN(HY48,HZ48) -> 0.098 | IB48: =IA48*20 -> 1.96 | IC48: =IC47+IB48 -> 30.24
J49: 270 | K49: 0.103 | L49: =K49*20 -> 2.06 | M49: =M48+L49 -> 49.85 | N49: =F49-M49 -> -49.85 | R49: 270 | S49: 0.106 | T49: =S49*20 -> 2.12 | U49: =U48+T49 -> 51.55 | V49: =M49-U49 -> -1.7 | Z49: 270 | AA49: 0.108 | AB49: =AA49*20 -> 2.16 | AC49: =AC48+AB49 -> 49.66 | AD49: =U49-AC49 -> 1.89 | AH49: 270 | AI49: #N/A | AJ49: =AI49*20 -> #N/A | AK49: =AK48+AJ49 -> #N/A | AL49: =AC49-AK49 -> #N/A | AP49: 270 | AQ49: #N/A | AR49: =AQ49*20 -> #N/A | AS49: =AS48+AR49 -> #N/A | AT49: =AK49-AS49 -> #N/A | AX49: 270 | AY49: 0.109 | AZ49: =AY49*20 -> 2.18 | BA49: =BA48+AZ49 -> 47.69 | BB49: =AC49-BA49 -> 1.97 | BF49: 270 | BG49: #N/A | BH49: =BG49*20 -> #N/A | BI49: =BI48+BH49 -> #N/A | BJ49: =AK49-BI49 -> #N/A | BN49: 270 | BO49: 0.112 | BP49: =BO49*20 -> 2.24 | BQ49: =BQ48+BP49 -> 47.14 | BR49: =BA49-BQ49 -> 0.55 | BV49: 270 | BW49: 0.115 | BX49: =BW49*20 -> 2.3 | BY49: =BY48+BX49 -> 46.33 | BZ49: =BQ49-BY49 -> 0.81 | CD49: 270 | CE49: 0.113 | CF49: =CE49*20 -> 2.26 | CG49: =CG48+CF49 -> 51.08 | CH49: =BY49-CG49 -> -4.75 | CL49: 270 | CM49: 0.113 | CN49: =CM49*20 -> 2.26 | CO49: =CO48+CN49 -> 49.78 | CP49: =CG49-CO49 -> 1.3 | CT49: 270 | CU49: 0.113 | CV49: =CU49*20 -> 2.26 | CW49: =CW48+CV49 -> 46.88 | CX49: =CO49-CW49 -> 2.9 | DB49: 270 | DC49: #N/A | DD49: =DC49*20 -> #N/A | DE49: =DE48+DD49 -> #N/A | DF49: =CW49-DE49 -> #N/A | DJ49: 270 | DK49: #N/A | DL49: =DK49*20 -> #N/A | DM49: =DM48+DL49 -> #N/A | DN49: =DE49-DM49 -> #N/A | DR49: 270 | DS49: 0.118 | DT49: =DS49*20 -> 2.36 | DU49: =DU48+DT49 -> 44.63 | DV49: =CW49-DU49 -> 2.25 | DZ49: 270 | EA49: 0.116 | EB49: =EA49*20 -> 2.32 | EC49: =EC48+EB49 -> 42.48 | ED49: =DU49-EC49 -> 2.15 | EH49: 270 | EI49: 0.109 | EJ49: =EI49*20 -> 2.18 | EK49: =EK48+EJ49 -> 51.25 | EL49: =EC49-EK49 -> -8.77 | EP49: 270 | EQ49: 0.11 | ER49: =EQ49*20 -> 2.2 | ES49: =ES48+ER49 -> 50.58 | ET49: =EK49-ES49 -> 0.67 | EX49: 270 | EY49: #N/A | EZ49: =EY49*20 -> #N/A | FA49: =FA48+EZ49 -> #N/A | FB49: =ES49-FA49 -> #N/A | FF49: 270 | FG49: 0.108 | FH49: =FG49*20 -> 2.16 | FI49: =FI48+FH49 -> 46.18 | FJ49: =ES49-FI49 -> 4.4 | FN49: 270 | FO49: #N/A | FP49: =FO49*20 -> #N/A | FQ49: =FQ48+FP49 -> #N/A | FR49: =FA49-FQ49 -> #N/A | FV49: 270 | FW49: 0.107 | FX49: =FW49*20 -> 2.14 | FY49: =FY48+FX49 -> 42.76 | FZ49: =FI49-FY49 -> 3.42 | GD49: 270 | GE49: #N/A | GF49: =GE49*20 -> #N/A | GG49: =GG48+GF49 -> #N/A | GH49: =FQ49-GG49 -> #N/A | GL49: 270 | GM49: 0.108 | GN49: =GM49*20 -> 2.16 | GO49: =GO48+GN49 -> 49.2 | GP49: =FY49-GO49 -> -6.44 | GT49: 270 | GU49: #N/A | GV49: =GU49*20 -> #N/A | GW49: =GW48+GV49 -> #N/A | GX49: =GG49-GW49 -> #N/A | HB49: 270 | HC49: #N/A | HD49: =HC49*20 -> #N/A | HE49: =HE48+HD49 -> #N/A | HF49: =GO49-HE49 -> #N/A | HJ49: 270 | HK49: 0.109 | HL49: =HK49*20 -> 2.18 | HM49: =HM48+HL49 -> 43.41 | HN49: =GO49-HM49 -> 5.79 | HP49: 270 | HQ49: =MAX(D49,S49,AA49,AY49, BO49, BW49, CE49, CM49, CU49, DS49,EA49,EI49,EQ49,FG49,FW49, GM49,HK49) -> 0.118 | HR49: 0.105 | HS49: =MAX(HQ49,HR49) -> 0.118 | HT49: =HS49*20 -> 2.36 | HU49: =HU48+HT49 -> 53.68 | HX49: 270 | HY49: =MIN(D49,S49,AA49,AY49, BO49, BW49, CE49, CM49, CU49, DS49, EA49,EI49,EQ49,FG49,FW49,GM49,HK49) -> 0.106 | HZ49: 0.093 | IA49: =MIN(HY49,HZ49) -> 0.093 | IB49: =IA49*20 -> 1.86 | IC49: =IC48+IB49 -> 32.1
J50: 290 | K50: 0.112 | L50: =K50*20 -> 2.24 | M50: =M49+L50 -> 52.09 | N50: =F50-M50 -> -52.09 | R50: 290 | S50: 0.114 | T50: =S50*20 -> 2.28 | U50: =U49+T50 -> 53.83 | V50: =M50-U50 -> -1.74 | Z50: 290 | AA50: 0.122 | AB50: =AA50*20 -> 2.44 | AC50: =AC49+AB50 -> 52.1 | AD50: =U50-AC50 -> 1.73 | AH50: 290 | AI50: #N/A | AJ50: =AI50*20 -> #N/A | AK50: =AK49+AJ50 -> #N/A | AL50: =AC50-AK50 -> #N/A | AP50: 290 | AQ50: #N/A | AR50: =AQ50*20 -> #N/A | AS50: =AS49+AR50 -> #N/A | AT50: =AK50-AS50 -> #N/A | AX50: 290 | AY50: 0.125 | AZ50: =AY50*20 -> 2.5 | BA50: =BA49+AZ50 -> 50.19 | BB50: =AC50-BA50 -> 1.91 | BF50: 290 | BG50: #N/A | BH50: =BG50*20 -> #N/A | BI50: =BI49+BH50 -> #N/A | BJ50: =AK50-BI50 -> #N/A | BN50: 290 | BO50: 0.127 | BP50: =BO50*20 -> 2.54 | BQ50: =BQ49+BP50 -> 49.68 | BR50: =BA50-BQ50 -> 0.51 | BV50: 290 | BW50: 0.128 | BX50: =BW50*20 -> 2.56 | BY50: =BY49+BX50 -> 48.89 | BZ50: =BQ50-BY50 -> 0.79 | CD50: 290 | CE50: 0.132 | CF50: =CE50*20 -> 2.64 | CG50: =CG49+CF50 -> 53.72 | CH50: =BY50-CG50 -> -4.83 | CL50: 290 | CM50: 0.134 | CN50: =CM50*20 -> 2.68 | CO50: =CO49+CN50 -> 52.46 | CP50: =CG50-CO50 -> 1.26 | CT50: 290 | CU50: 0.137 | CV50: =CU50*20 -> 2.74 | CW50: =CW49+CV50 -> 49.62 | CX50: =CO50-CW50 -> 2.84 | DB50: 290 | DC50: #N/A | DD50: =DC50*20 -> #N/A | DE50: =DE49+DD50 -> #N/A | DF50: =CW50-DE50 -> #N/A | DJ50: 290 | DK50: #N/A | DL50: =DK50*20 -> #N/A | DM50: =DM49+DL50 -> #N/A | DN50: =DE50-DM50 -> #N/A | DR50: 290 | DS50: 0.137 | DT50: =DS50*20 -> 2.74 | DU50: =DU49+DT50 -> 47.37 | DV50: =CW50-DU50 -> 2.25 | DZ50: 290 | EA50: 0.132 | EB50: =EA50*20 -> 2.64 | EC50: =EC49+EB50 -> 45.12 | ED50: =DU50-EC50 -> 2.25 | EH50: 290 | EI50: 0.132 | EJ50: =EI50*20 -> 2.64 | EK50: =EK49+EJ50 -> 53.89 | EL50: =EC50-EK50 -> -8.77 | EP50: 290 | EQ50: 0.129 | ER50: =EQ50*20 -> 2.58 | ES50: =ES49+ER50 -> 53.16 | ET50: =EK50-ES50 -> 0.73 | EX50: 290 | EY50: #N/A | EZ50: =EY50*20 -> #N/A | FA50: =FA49+EZ50 -> #N/A | FB50: =ES50-FA50 -> #N/A | FF50: 290 | FG50: 0.128 | FH50: =FG50*20 -> 2.56 | FI50: =FI49+FH50 -> 48.74 | FJ50: =ES50-FI50 -> 4.42 | FN50: 290 | FO50: #N/A | FP50: =FO50*20 -> #N/A | FQ50: =FQ49+FP50 -> #N/A | FR50: =FA50-FQ50 -> #N/A | FV50: 290 | FW50: 0.128 | FX50: =FW50*20 -> 2.56 | FY50: =FY49+FX50 -> 45.32 | FZ50: =FI50-FY50 -> 3.42 | GD50: 290 | GE50: #N/A | GF50: =GE50*20 -> #N/A | GG50: =GG49+GF50 -> #N/A | GH50: =FQ50-GG50 -> #N/A | GL50: 290 | GM50: 0.126 | GN50: =GM50*20 -> 2.52 | GO50: =GO49+GN50 -> 51.72 | GP50: =FY50-GO50 -> -6.4 | GT50: 290 | GU50: #N/A | GV50: =GU50*20 -> #N/A | GW50: =GW49+GV50 -> #N/A | GX50: =GG50-GW50 -> #N/A | HB50: 290 | HC50: #N/A | HD50: =HC50*20 -> #N/A | HE50: =HE49+HD50 -> #N/A | HF50: =GO50-HE50 -> #N/A | HJ50: 290 | HK50: 0.128 | HL50: =HK50*20 -> 2.56 | HM50: =HM49+HL50 -> 45.97 | HN50: =GO50-HM50 -> 5.75 | HP50: 290 | HQ50: =MAX(D50,S50,AA50,AY50, BO50, BW50, CE50, CM50, CU50, DS50,EA50,EI50,EQ50,FG50,FW50, GM50,HK50) -> 0.137 | HR50: 0.125 | HS50: =MAX(HQ50,HR50) -> 0.137 | HT50: =HS50*20 -> 2.74 | HU50: =HU49+HT50 -> 56.42 | HX50: 290 | HY50: =MIN(D50,S50,AA50,AY50, BO50, BW50, CE50, CM50, CU50, DS50, EA50,EI50,EQ50,FG50,FW50,GM50,HK50) -> 0.114 | HZ50: 0.109 | IA50: =MIN(HY50,HZ50) -> 0.109 | IB50: =IA50*20 -> 2.18 | IC50: =IC49+IB50 -> 34.28
A52: 6 | B52: STR4 | H52: 6 | I52: STR4 | J52: 30 | K52: 0.13 | L52: =K52*30 -> 3.9 | M52: =L52 -> 3.9 | N52: =F52-M52 -> -3.9 | P52: =A52 -> 6 | Q52: =B52 -> STR4 | R52: 30 | S52: 0.185 | T52: =S52*30 -> 5.55 | U52: =T52 -> 5.55 | V52: =M52-U52 -> -1.65 | X52: =P52 -> 6 | Y52: =Q52 -> STR4 | Z52: 30 | AA52: 0.162 | AB52: =AA52*30 -> 4.86 | AC52: =AB52 -> 4.86 | AD52: =U52-AC52 -> 0.69 | AF52: =X52 -> 6 | AG52: =Y52 -> STR4 | AH52: 30 | AI52: #N/A | AJ52: =AI52*30 -> #N/A | AK52: =AJ52 -> #N/A | AL52: =AC52-AK52 -> #N/A | AN52: =AF52 -> 6 | AO52: =AG52 -> STR4 | AP52: 30 | AQ52: 0.138 | AR52: =AQ52*30 -> 4.14 | AS52: =AR52 -> 4.14 | AT52: =AC52-AS52 -> 0.72 | AV52: =AN52 -> 6 | AW52: =AO52 -> STR4 | AX52: 30 | AY52: #N/A | AZ52: =AY52*30 -> #N/A | BA52: =AZ52 -> #N/A | BB52: =AK52-BA52 -> #N/A | BD52: =AV52 -> 6 | BE52: =AW52 -> STR4 | BF52: 30 | BG52: 0.19 | BH52: =BG52*30 -> 5.7 | BI52: =BH52 -> 5.7 | BJ52: =AS52-BI52 -> -1.56 | BL52: =BD52 -> 6 | BM52: =BE52 -> STR4 | BN52: 30 | BO52: 0.159 | BP52: =BO52*30 -> 4.77 | BQ52: =BP52 -> 4.77 | BR52: =BI52-BQ52 -> 0.93 | BT52: =BL52 -> 6 | BU52: =BM52 -> STR4 | BV52: 30 | BW52: 0.127 | BX52: =BW52*30 -> 3.81 | BY52: =BX52 -> 3.81 | BZ52: =BQ52-BY52 -> 0.96 | CB52: =BT52 -> 6 | CC52: =BU52 -> STR4 | CD52: 30 | CE52: 0.164 | CF52: =CE52*30 -> 4.92 | CG52: =CF52 -> 4.92 | CH52: =BY52-CG52 -> -1.11 | CJ52: =CB52 -> 6 | CK52: =CC52 -> STR4 | CL52: 30 | CM52: 0.125 | CN52: =CM52*30 -> 3.75 | CO52: =CN52 -> 3.75 | CP52: =CG52-CO52 -> 1.17 | CR52: =CJ52 -> 6 | CS52: =CK52 -> STR4 | CT52: 30 | CU52: 0.1 | CV52: =CU52*30 -> 3 | CW52: =CV52 -> 3 | CX52: =CO52-CW52 -> 0.75 | CZ52: =CR52 -> 6 | DA52: =CS52 -> STR4 | DB52: 30 | DC52: #N/A | DD52: =DC52*30 -> #N/A | DE52: =DD52 -> #N/A | DF52: =CW52-DE52 -> #N/A | DH52: =CZ52 -> 6 | DI52: =DA52 -> STR4 | DJ52: 30 | DK52: 0.194 | DL52: =DK52*30 -> 5.82 | DM52: =DL52 -> 5.82 | DN52: =CW52-DM52 -> -2.82 | DP52: =DH52 -> 6 | DQ52: =DI52 -> STR4 | DR52: 30 | DS52: #N/A | DT52: =DS52*30 -> #N/A | DU52: =DT52 -> #N/A | DV52: =DE52-DU52 -> #N/A | DX52: =DP52 -> 6 | DY52: =DQ52 -> STR4 | DZ52: 30 | EA52: 0.131 | EB52: =EA52*30 -> 3.93 | EC52: =EB52 -> 3.93 | ED52: =DM52-EC52 -> 1.89 | EF52: =DX52 -> 6 | EG52: =DY52 -> STR4 | EH52: 30 | EI52: #N/A | EJ52: =EI52*30 -> #N/A | EK52: =EJ52 -> #N/A | EL52: =DU52-EK52 -> #N/A | EN52: =EF52 -> 6 | EO52: =EG52 -> STR4 | EP52: 30 | EQ52: 0.109 | ER52: =EQ52*30 -> 3.27 | ES52: =ER52 -> 3.27 | ET52: =EC52-ES52 -> 0.66 | EV52: =EN52 -> 6 | EW52: =EO52 -> STR4 | EX52: 30 | EY52: #N/A | EZ52: =EY52*30 -> #N/A | FA52: =EZ52 -> #N/A | FB52: =EK52-FA52 -> #N/A | FD52: =EV52 -> 6 | FE52: =EW52 -> STR4 | FF52: 30 | FG52: 0.106 | FH52: =FG52*30 -> 3.18 | FI52: =FH52 -> 3.18 | FJ52: =ES52-FI52 -> 0.09 | FL52: =FD52 -> 6 | FM52: =FE52 -> STR4 | FN52: 30 | FO52: 0.191 | FP52: =FO52*30 -> 5.73 | FQ52: =FP52 -> 5.73 | FR52: =FI52-FQ52 -> -2.55 | FT52: =FL52 -> 6 | FU52: =FM52 -> STR4 | FV52: 30 | FW52: #N/A | FX52: =FW52*30 -> #N/A | FY52: =FX52 -> #N/A | FZ52: =FQ52-FY52 -> #N/A | GB52: =FT52 -> 6 | GC52: =FU52 -> STR4 | GD52: 30 | GE52: #N/A | GF52: =GE52*30 -> #N/A | GG52: =GF52 -> #N/A | GH52: =FY52-GG52 -> #N/A | GJ52: =GB52 -> 6 | GK52: =GC52 -> STR4 | GL52: 30 | GM52: 0.122 | GN52: =GM52*30 -> 3.66 | GO52: =GN52 -> 3.66 | GP52: =FQ52-GO52 -> 2.07 | GR52: =GJ52 -> 6 | GS52: =GK52 -> STR4 | GT52: 30 | GU52: #N/A | GV52: =GU52*30 -> #N/A | GW52: =GV52 -> #N/A | GX52: =FY52-GW52 -> #N/A | GZ52: =GR52 -> 6 | HA52: =GS52 -> STR4 | HB52: 30 | HC52: #N/A | HD52: =HC52*30 -> #N/A | HE52: =HD52 -> #N/A | HF52: =GG52-HE52 -> #N/A | HH52: =GZ52 -> 6 | HI52: =HA52 -> STR4 | HJ52: 30 | HK52: 0.094 | HL52: =HK52*30 -> 2.82 | HM52: =HL52 -> 2.82 | HN52: =GO52-HM52 -> 0.84 | HP52: 30 | HQ52: =MAX(D52,S52,AA52,AQ52, BG52, BO52, BW52, CE52, CM52, CU52, DK52,EA52,EQ52,FG52,FO52, GM52,HK52) -> 0.194 | HR52: 0.22 | HS52: =MAX(HQ52,HR52) -> 0.22 | HT52: =HS52*30 -> 6.6 | HU52: =HT52 -> 6.6 | HV52: =HH52 -> 6 | HX52: 30 | HY52: =MIN(D52,S52,AA52,AQ52,BG52, BO52, BW52, CE52, CM52, CU52, DK52, EA52,EQ52,FG52,FO52,GM52,HK52) -> 0.094 | HZ52: 0.078 | IA52: =MIN(HY52,HZ52) -> 0.078 | IB52: =IA52*30 -> 2.34 | IC52: =IB52 -> 2.34
J53: 50 | K53: 0.183 | L53: =K53*20 -> 3.66 | M53: =M52+L53 -> 7.56 | N53: =F53-M53 -> -7.56 | R53: 50 | S53: 0.197 | T53: =S53*20 -> 3.94 | U53: =U52+T53 -> 9.49 | V53: =M53-U53 -> -1.93 | Z53: 50 | AA53: 0.184 | AB53: =AA53*20 -> 3.68 | AC53: =AC52+AB53 -> 8.54 | AD53: =U53-AC53 -> 0.95 | AH53: 50 | AI53: #N/A | AJ53: =AI53*20 -> #N/A | AK53: =AK52+AJ53 -> #N/A | AL53: =AC53-AK53 -> #N/A | AP53: 50 | AQ53: 0.168 | AR53: =AQ53*20 -> 3.36 | AS53: =AS52+AR53 -> 7.5 | AT53: =AC53-AS53 -> 1.04 | AX53: 50 | AY53: #N/A | AZ53: =AY53*20 -> #N/A | BA53: =BA52+AZ53 -> #N/A | BB53: =AK53-BA53 -> #N/A | BF53: 50 | BG53: 0.207 | BH53: =BG53*20 -> 4.14 | BI53: =BI52+BH53 -> 9.84 | BJ53: =AS53-BI53 -> -2.34 | BN53: 50 | BO53: 0.191 | BP53: =BO53*20 -> 3.82 | BQ53: =BQ52+BP53 -> 8.59 | BR53: =BI53-BQ53 -> 1.25 | BV53: 50 | BW53: 0.158 | BX53: =BW53*20 -> 3.16 | BY53: =BY52+BX53 -> 6.97 | BZ53: =BQ53-BY53 -> 1.62 | CD53: 50 | CE53: 0.187 | CF53: =CE53*20 -> 3.74 | CG53: =CG52+CF53 -> 8.66 | CH53: =BY53-CG53 -> -1.69 | CL53: 50 | CM53: 0.15 | CN53: =CM53*20 -> 3 | CO53: =CO52+CN53 -> 6.75 | CP53: =CG53-CO53 -> 1.91 | CT53: 50 | CU53: 0.12 | CV53: =CU53*20 -> 2.4 | CW53: =CW52+CV53 -> 5.4 | CX53: =CO53-CW53 -> 1.35 | DB53: 50 | DC53: #N/A | DD53: =DC53*20 -> #N/A | DE53: =DE52+DD53 -> #N/A | DF53: =CW53-DE53 -> #N/A | DJ53: 50 | DK53: 0.204 | DL53: =DK53*20 -> 4.08 | DM53: =DM52+DL53 -> 9.9 | DN53: =CW53-DM53 -> -4.5 | DR53: 50 | DS53: #N/A | DT53: =DS53*20 -> #N/A | DU53: =DU52+DT53 -> #N/A | DV53: =DE53-DU53 -> #N/A | DZ53: 50 | EA53: 0.142 | EB53: =EA53*20 -> 2.84 | EC53: =EC52+EB53 -> 6.77 | ED53: =DM53-EC53 -> 3.13 | EH53: 50 | EI53: #N/A | EJ53: =EI53*20 -> #N/A | EK53: =EK52+EJ53 -> #N/A | EL53: =DU53-EK53 -> #N/A | EP53: 50 | EQ53: 0.125 | ER53: =EQ53*20 -> 2.5 | ES53: =ES52+ER53 -> 5.77 | ET53: =EC53-ES53 -> 1 | EX53: 50 | EY53: #N/A | EZ53: =EY53*20 -> #N/A | FA53: =FA52+EZ53 -> #N/A | FB53: =EK53-FA53 -> #N/A | FF53: 50 | FG53: 0.135 | FH53: =FG53*20 -> 2.7 | FI53: =FI52+FH53 -> 5.88 | FJ53: =ES53-FI53 -> -0.11 | FN53: 50 | FO53: 0.2 | FP53: =FO53*20 -> 4 | FQ53: =FQ52+FP53 -> 9.73 | FR53: =FI53-FQ53 -> -3.85 | FV53: 50 | FW53: #N/A | FX53: =FW53*20 -> #N/A | FY53: =FY52+FX53 -> #N/A | FZ53: =FQ53-FY53 -> #N/A | GD53: 50 | GE53: #N/A | GF53: =GE53*20 -> #N/A | GG53: =GG52+GF53 -> #N/A | GH53: =FY53-GG53 -> #N/A | GL53: 50 | GM53: 0.15 | GN53: =GM53*20 -> 3 | GO53: =GO52+GN53 -> 6.66 | GP53: =FQ53-GO53 -> 3.07 | GT53: 50 | GU53: #N/A | GV53: =GU53*20 -> #N/A | GW53: =GW52+GV53 -> #N/A | GX53: =FY53-GW53 -> #N/A | HB53: 50 | HC53: #N/A | HD53: =HC53*20 -> #N/A | HE53: =HE52+HD53 -> #N/A | HF53: =GG53-HE53 -> #N/A | HJ53: 50 | HK53: 0.122 | HL53: =HK53*20 -> 2.44 | HM53: =HM52+HL53 -> 5.26 | HN53: =GO53-HM53 -> 1.4 | HP53: 50 | HQ53: =MAX(D53,S53,AA53,AQ53, BG53, BO53, BW53, CE53, CM53, CU53, DK53,EA53,EQ53,FG53,FO53, GM53,HK53) -> 0.207 | HR53: 0.206 | HS53: =MAX(HQ53,HR53) -> 0.207 | HT53: =HS53*20 -> 4.14 | HU53: =HU52+HT53 -> 10.74 | HX53: 50 | HY53: =MIN(D53,S53,AA53,AQ53,BG53, BO53, BW53, CE53, CM53, CU53, DK53, EA53,EQ53,FG53,FO53,GM53,HK53) -> 0.12 | HZ53: 0.105 | IA53: =MIN(HY53,HZ53) -> 0.105 | IB53: =IA53*20 -> 2.1 | IC53: =IC52+IB53 -> 4.44
J54: 70 | K54: 0.178 | L54: =K54*20 -> 3.56 | M54: =M53+L54 -> 11.12 | N54: =F54-M54 -> -11.12 | R54: 70 | S54: 0.176 | T54: =S54*20 -> 3.52 | U54: =U53+T54 -> 13.01 | V54: =M54-U54 -> -1.89 | Z54: 70 | AA54: 0.172 | AB54: =AA54*20 -> 3.44 | AC54: =AC53+AB54 -> 11.98 | AD54: =U54-AC54 -> 1.03 | AH54: 70 | AI54: #N/A | AJ54: =AI54*20 -> #N/A | AK54: =AK53+AJ54 -> #N/A | AL54: =AC54-AK54 -> #N/A | AP54: 70 | AQ54: 0.161 | AR54: =AQ54*20 -> 3.22 | AS54: =AS53+AR54 -> 10.72 | AT54: =AC54-AS54 -> 1.26 | AX54: 70 | AY54: #N/A | AZ54: =AY54*20 -> #N/A | BA54: =BA53+AZ54 -> #N/A | BB54: =AK54-BA54 -> #N/A | BF54: 70 | BG54: 0.177 | BH54: =BG54*20 -> 3.54 | BI54: =BI53+BH54 -> 13.38 | BJ54: =AS54-BI54 -> -2.66 | BN54: 70 | BO54: 0.173 | BP54: =BO54*20 -> 3.46 | BQ54: =BQ53+BP54 -> 12.05 | BR54: =BI54-BQ54 -> 1.33 | BV54: 70 | BW54: 0.16 | BX54: =BW54*20 -> 3.2 | BY54: =BY53+BX54 -> 10.17 | BZ54: =BQ54-BY54 -> 1.88 | CD54: 70 | CE54: 0.175 | CF54: =CE54*20 -> 3.5 | CG54: =CG53+CF54 -> 12.16 | CH54: =BY54-CG54 -> -1.99 | CL54: 70 | CM54: 0.153 | CN54: =CM54*20 -> 3.06 | CO54: =CO53+CN54 -> 9.81 | CP54: =CG54-CO54 -> 2.35 | CT54: 70 | CU54: 0.131 | CV54: =CU54*20 -> 2.62 | CW54: =CW53+CV54 -> 8.02 | CX54: =CO54-CW54 -> 1.79 | DB54: 70 | DC54: #N/A | DD54: =DC54*20 -> #N/A | DE54: =DE53+DD54 -> #N/A | DF54: =CW54-DE54 -> #N/A | DJ54: 70 | DK54: 0.2 | DL54: =DK54*20 -> 4 | DM54: =DM53+DL54 -> 13.9 | DN54: =CW54-DM54 -> -5.88 | DR54: 70 | DS54: #N/A | DT54: =DS54*20 -> #N/A | DU54: =DU53+DT54 -> #N/A | DV54: =DE54-DU54 -> #N/A | DZ54: 70 | EA54: 0.146 | EB54: =EA54*20 -> 2.92 | EC54: =EC53+EB54 -> 9.69 | ED54: =DM54-EC54 -> 4.21 | EH54: 70 | EI54: #N/A | EJ54: =EI54*20 -> #N/A | EK54: =EK53+EJ54 -> #N/A | EL54: =DU54-EK54 -> #N/A | EP54: 70 | EQ54: 0.136 | ER54: =EQ54*20 -> 2.72 | ES54: =ES53+ER54 -> 8.49 | ET54: =EC54-ES54 -> 1.2 | EX54: 70 | EY54: #N/A | EZ54: =EY54*20 -> #N/A | FA54: =FA53+EZ54 -> #N/A | FB54: =EK54-FA54 -> #N/A | FF54: 70 | FG54: 0.119 | FH54: =FG54*20 -> 2.38 | FI54: =FI53+FH54 -> 8.26 | FJ54: =ES54-FI54 -> 0.23 | FN54: 70 | FO54: 0.19 | FP54: =FO54*20 -> 3.8 | FQ54: =FQ53+FP54 -> 13.53 | FR54: =FI54-FQ54 -> -5.27 | FV54: 70 | FW54: #N/A | FX54: =FW54*20 -> #N/A | FY54: =FY53+FX54 -> #N/A | FZ54: =FQ54-FY54 -> #N/A | GD54: 70 | GE54: #N/A | GF54: =GE54*20 -> #N/A | GG54: =GG53+GF54 -> #N/A | GH54: =FY54-GG54 -> #N/A | GL54: 70 | GM54: 0.156 | GN54: =GM54*20 -> 3.12 | GO54: =GO53+GN54 -> 9.78 | GP54: =FQ54-GO54 -> 3.75 | GT54: 70 | GU54: #N/A | GV54: =GU54*20 -> #N/A | GW54: =GW53+GV54 -> #N/A | GX54: =FY54-GW54 -> #N/A | HB54: 70 | HC54: #N/A | HD54: =HC54*20 -> #N/A | HE54: =HE53+HD54 -> #N/A | HF54: =GG54-HE54 -> #N/A | HJ54: 70 | HK54: 0.123 | HL54: =HK54*20 -> 2.46 | HM54: =HM53+HL54 -> 7.72 | HN54: =GO54-HM54 -> 2.06 | HP54: 70 | HQ54: =MAX(D54,S54,AA54,AQ54, BG54, BO54, BW54, CE54, CM54, CU54, DK54,EA54,EQ54,FG54,FO54, GM54,HK54) -> 0.2 | HR54: 0.194 | HS54: =MAX(HQ54,HR54) -> 0.2 | HT54: =HS54*20 -> 4 | HU54: =HU53+HT54 -> 14.74 | HX54: 70 | HY54: =MIN(D54,S54,AA54,AQ54,BG54, BO54, BW54, CE54, CM54, CU54, DK54, EA54,EQ54,FG54,FO54,GM54,HK54) -> 0.119 | HZ54: 0.104 | IA54: =MIN(HY54,HZ54) -> 0.104 | IB54: =IA54*20 -> 2.08 | IC54: =IC53+IB54 -> 6.52
J55: 90 | K55: 0.173 | L55: =K55*20 -> 3.46 | M55: =M54+L55 -> 14.58 | N55: =F55-M55 -> -14.58 | R55: 90 | S55: 0.166 | T55: =S55*20 -> 3.32 | U55: =U54+T55 -> 16.33 | V55: =M55-U55 -> -1.75 | Z55: 90 | AA55: 0.168 | AB55: =AA55*20 -> 3.36 | AC55: =AC54+AB55 -> 15.34 | AD55: =U55-AC55 -> 0.99 | AH55: 90 | AI55: #N/A | AJ55: =AI55*20 -> #N/A | AK55: =AK54+AJ55 -> #N/A | AL55: =AC55-AK55 -> #N/A | AP55: 90 | AQ55: 0.166 | AR55: =AQ55*20 -> 3.32 | AS55: =AS54+AR55 -> 14.04 | AT55: =AC55-AS55 -> 1.3 | AX55: 90 | AY55: #N/A | AZ55: =AY55*20 -> #N/A | BA55: =BA54+AZ55 -> #N/A | BB55: =AK55-BA55 -> #N/A | BF55: 90 | BG55: 0.173 | BH55: =BG55*20 -> 3.46 | BI55: =BI54+BH55 -> 16.84 | BJ55: =AS55-BI55 -> -2.8 | BN55: 90 | BO55: 0.169 | BP55: =BO55*20 -> 3.38 | BQ55: =BQ54+BP55 -> 15.43 | BR55: =BI55-BQ55 -> 1.41 | BV55: 90 | BW55: 0.168 | BX55: =BW55*20 -> 3.36 | BY55: =BY54+BX55 -> 13.53 | BZ55: =BQ55-BY55 -> 1.9 | CD55: 90 | CE55: 0.163 | CF55: =CE55*20 -> 3.26 | CG55: =CG54+CF55 -> 15.42 | CH55: =BY55-CG55 -> -1.89 | CL55: 90 | CM55: 0.163 | CN55: =CM55*20 -> 3.26 | CO55: =CO54+CN55 -> 13.07 | CP55: =CG55-CO55 -> 2.35 | CT55: 90 | CU55: 0.153 | CV55: =CU55*20 -> 3.06 | CW55: =CW54+CV55 -> 11.08 | CX55: =CO55-CW55 -> 1.99 | DB55: 90 | DC55: #N/A | DD55: =DC55*20 -> #N/A | DE55: =DE54+DD55 -> #N/A | DF55: =CW55-DE55 -> #N/A | DJ55: 90 | DK55: 0.203 | DL55: =DK55*20 -> 4.06 | DM55: =DM54+DL55 -> 17.96 | DN55: =CW55-DM55 -> -6.88 | DR55: 90 | DS55: #N/A | DT55: =DS55*20 -> #N/A | DU55: =DU54+DT55 -> #N/A | DV55: =DE55-DU55 -> #N/A | DZ55: 90 | EA55: 0.163 | EB55: =EA55*20 -> 3.26 | EC55: =EC54+EB55 -> 12.95 | ED55: =DM55-EC55 -> 5.01 | EH55: 90 | EI55: #N/A | EJ55: =EI55*20 -> #N/A | EK55: =EK54+EJ55 -> #N/A | EL55: =DU55-EK55 -> #N/A | EP55: 90 | EQ55: 0.142 | ER55: =EQ55*20 -> 2.84 | ES55: =ES54+ER55 -> 11.33 | ET55: =EC55-ES55 -> 1.62 | EX55: 90 | EY55: #N/A | EZ55: =EY55*20 -> #N/A | FA55: =FA54+EZ55 -> #N/A | FB55: =EK55-FA55 -> #N/A | FF55: 90 | FG55: 0.117 | FH55: =FG55*20 -> 2.34 | FI55: =FI54+FH55 -> 10.6 | FJ55: =ES55-FI55 -> 0.73 | FN55: 90 | FO55: 0.189 | FP55: =FO55*20 -> 3.78 | FQ55: =FQ54+FP55 -> 17.31 | FR55: =FI55-FQ55 -> -6.71 | FV55: 90 | FW55: #N/A | FX55: =FW55*20 -> #N/A | FY55: =FY54+FX55 -> #N/A | FZ55: =FQ55-FY55 -> #N/A | GD55: 90 | GE55: #N/A | GF55: =GE55*20 -> #N/A | GG55: =GG54+GF55 -> #N/A | GH55: =FY55-GG55 -> #N/A | GL55: 90 | GM55: 0.158 | GN55: =GM55*20 -> 3.16 | GO55: =GO54+GN55 -> 12.94 | GP55: =FQ55-GO55 -> 4.37 | GT55: 90 | GU55: #N/A | GV55: =GU55*20 -> #N/A | GW55: =GW54+GV55 -> #N/A | GX55: =FY55-GW55 -> #N/A | HB55: 90 | HC55: #N/A | HD55: =HC55*20 -> #N/A | HE55: =HE54+HD55 -> #N/A | HF55: =GG55-HE55 -> #N/A | HJ55: 90 | HK55: 0.126 | HL55: =HK55*20 -> 2.52 | HM55: =HM54+HL55 -> 10.24 | HN55: =GO55-HM55 -> 2.7 | HP55: 90 | HQ55: =MAX(D55,S55,AA55,AQ55, BG55, BO55, BW55, CE55, CM55, CU55, DK55,EA55,EQ55,FG55,FO55, GM55,HK55) -> 0.203 | HR55: 0.191 | HS55: =MAX(HQ55,HR55) -> 0.203 | HT55: =HS55*20 -> 4.06 | HU55: =HU54+HT55 -> 18.8 | HX55: 90 | HY55: =MIN(D55,S55,AA55,AQ55,BG55, BO55, BW55, CE55, CM55, CU55, DK55, EA55,EQ55,FG55,FO55,GM55,HK55) -> 0.117 | HZ55: 0.099 | IA55: =MIN(HY55,HZ55) -> 0.099 | IB55: =IA55*20 -> 1.98 | IC55: =IC54+IB55 -> 8.5
J56: 110 | K56: 0.2 | L56: =K56*20 -> 4 | M56: =M55+L56 -> 18.58 | N56: =F56-M56 -> -18.58 | R56: 110 | S56: 0.197 | T56: =S56*20 -> 3.94 | U56: =U55+T56 -> 20.27 | V56: =M56-U56 -> -1.69 | Z56: 110 | AA56: 0.194 | AB56: =AA56*20 -> 3.88 | AC56: =AC55+AB56 -> 19.22 | AD56: =U56-AC56 -> 1.05 | AH56: 110 | AI56: #N/A | AJ56: =AI56*20 -> #N/A | AK56: =AK55+AJ56 -> #N/A | AL56: =AC56-AK56 -> #N/A | AP56: 110 | AQ56: 0.196 | AR56: =AQ56*20 -> 3.92 | AS56: =AS55+AR56 -> 17.96 | AT56: =AC56-AS56 -> 1.26 | AX56: 110 | AY56: #N/A | AZ56: =AY56*20 -> #N/A | BA56: =BA55+AZ56 -> #N/A | BB56: =AK56-BA56 -> #N/A | BF56: 110 | BG56: 0.201 | BH56: =BG56*20 -> 4.02 | BI56: =BI55+BH56 -> 20.86 | BJ56: =AS56-BI56 -> -2.9 | BN56: 110 | BO56: 0.198 | BP56: =BO56*20 -> 3.96 | BQ56: =BQ55+BP56 -> 19.39 | BR56: =BI56-BQ56 -> 1.47 | BV56: 110 | BW56: 0.199 | BX56: =BW56*20 -> 3.98 | BY56: =BY55+BX56 -> 17.51 | BZ56: =BQ56-BY56 -> 1.88 | CD56: 110 | CE56: 0.199 | CF56: =CE56*20 -> 3.98 | CG56: =CG55+CF56 -> 19.4 | CH56: =BY56-CG56 -> -1.89 | CL56: 110 | CM56: 0.199 | CN56: =CM56*20 -> 3.98 | CO56: =CO55+CN56 -> 17.05 | CP56: =CG56-CO56 -> 2.35 | CT56: 110 | CU56: 0.192 | CV56: =CU56*20 -> 3.84 | CW56: =CW55+CV56 -> 14.92 | CX56: =CO56-CW56 -> 2.13 | DB56: 110 | DC56: #N/A | DD56: =DC56*20 -> #N/A | DE56: =DE55+DD56 -> #N/A | DF56: =CW56-DE56 -> #N/A | DJ56: 110 | DK56: 0.224 | DL56: =DK56*20 -> 4.48 | DM56: =DM55+DL56 -> 22.44 | DN56: =CW56-DM56 -> -7.52 | DR56: 110 | DS56: #N/A | DT56: =DS56*20 -> #N/A | DU56: =DU55+DT56 -> #N/A | DV56: =DE56-DU56 -> #N/A | DZ56: 110 | EA56: 0.202 | EB56: =EA56*20 -> 4.04 | EC56: =EC55+EB56 -> 16.99 | ED56: =DM56-EC56 -> 5.45 | EH56: 110 | EI56: #N/A | EJ56: =EI56*20 -> #N/A | EK56: =EK55+EJ56 -> #N/A | EL56: =DU56-EK56 -> #N/A | EP56: 110 | EQ56: 0.176 | ER56: =EQ56*20 -> 3.52 | ES56: =ES55+ER56 -> 14.85 | ET56: =EC56-ES56 -> 2.14 | EX56: 110 | EY56: #N/A | EZ56: =EY56*20 -> #N/A | FA56: =FA55+EZ56 -> #N/A | FB56: =EK56-FA56 -> #N/A | FF56: 110 | FG56: 0.155 | FH56: =FG56*20 -> 3.1 | FI56: =FI55+FH56 -> 13.7 | FJ56: =ES56-FI56 -> 1.15 | FN56: 110 | FO56: 0.206 | FP56: =FO56*20 -> 4.12 | FQ56: =FQ55+FP56 -> 21.43 | FR56: =FI56-FQ56 -> -7.73 | FV56: 110 | FW56: #N/A | FX56: =FW56*20 -> #N/A | FY56: =FY55+FX56 -> #N/A | FZ56: =FQ56-FY56 -> #N/A | GD56: 110 | GE56: #N/A | GF56: =GE56*20 -> #N/A | GG56: =GG55+GF56 -> #N/A | GH56: =FY56-GG56 -> #N/A | GL56: 110 | GM56: 0.196 | GN56: =GM56*20 -> 3.92 | GO56: =GO55+GN56 -> 16.86 | GP56: =FQ56-GO56 -> 4.57 | GT56: 110 | GU56: #N/A | GV56: =GU56*20 -> #N/A | GW56: =GW55+GV56 -> #N/A | GX56: =FY56-GW56 -> #N/A | HB56: 110 | HC56: #N/A | HD56: =HC56*20 -> #N/A | HE56: =HE55+HD56 -> #N/A | HF56: =GG56-HE56 -> #N/A | HJ56: 110 | HK56: 0.163 | HL56: =HK56*20 -> 3.26 | HM56: =HM55+HL56 -> 13.5 | HN56: =GO56-HM56 -> 3.36 | HP56: 110 | HQ56: =MAX(D56,S56,AA56,AQ56, BG56, BO56, BW56, CE56, CM56, CU56, DK56,EA56,EQ56,FG56,FO56, GM56,HK56) -> 0.224 | HR56: 0.187 | HS56: =MAX(HQ56,HR56) -> 0.224 | HT56: =HS56*20 -> 4.48 | HU56: =HU55+HT56 -> 23.28 | HX56: 110 | HY56: =MIN(D56,S56,AA56,AQ56,BG56, BO56, BW56, CE56, CM56, CU56, DK56, EA56,EQ56,FG56,FO56,GM56,HK56) -> 0.155 | HZ56: 0.118 | IA56: =MIN(HY56,HZ56) -> 0.118 | IB56: =IA56*20 -> 2.36 | IC56: =IC55+IB56 -> 10.86
J57: 130 | K57: 0.201 | L57: =K57*20 -> 4.02 | M57: =M56+L57 -> 22.6 | N57: =F57-M57 -> -22.6 | R57: 130 | S57: 0.198 | T57: =S57*20 -> 3.96 | U57: =U56+T57 -> 24.23 | V57: =M57-U57 -> -1.63 | Z57: 130 | AA57: 0.192 | AB57: =AA57*20 -> 3.84 | AC57: =AC56+AB57 -> 23.06 | AD57: =U57-AC57 -> 1.17 | AH57: 130 | AI57: #N/A | AJ57: =AI57*20 -> #N/A | AK57: =AK56+AJ57 -> #N/A | AL57: =AC57-AK57 -> #N/A | AP57: 130 | AQ57: 0.199 | AR57: =AQ57*20 -> 3.98 | AS57: =AS56+AR57 -> 21.94 | AT57: =AC57-AS57 -> 1.12 | AX57: 130 | AY57: #N/A | AZ57: =AY57*20 -> #N/A | BA57: =BA56+AZ57 -> #N/A | BB57: =AK57-BA57 -> #N/A | BF57: 130 | BG57: 0.196 | BH57: =BG57*20 -> 3.92 | BI57: =BI56+BH57 -> 24.78 | BJ57: =AS57-BI57 -> -2.84 | BN57: 130 | BO57: 0.204 | BP57: =BO57*20 -> 4.08 | BQ57: =BQ56+BP57 -> 23.47 | BR57: =BI57-BQ57 -> 1.31 | BV57: 130 | BW57: 0.194 | BX57: =BW57*20 -> 3.88 | BY57: =BY56+BX57 -> 21.39 | BZ57: =BQ57-BY57 -> 2.08 | CD57: 130 | CE57: 0.2 | CF57: =CE57*20 -> 4 | CG57: =CG56+CF57 -> 23.4 | CH57: =BY57-CG57 -> -2.01 | CL57: 130 | CM57: 0.201 | CN57: =CM57*20 -> 4.02 | CO57: =CO56+CN57 -> 21.07 | CP57: =CG57-CO57 -> 2.33 | CT57: 130 | CU57: 0.2 | CV57: =CU57*20 -> 4 | CW57: =CW56+CV57 -> 18.92 | CX57: =CO57-CW57 -> 2.15 | DB57: 130 | DC57: #N/A | DD57: =DC57*20 -> #N/A | DE57: =DE56+DD57 -> #N/A | DF57: =CW57-DE57 -> #N/A | DJ57: 130 | DK57: 0.21 | DL57: =DK57*20 -> 4.2 | DM57: =DM56+DL57 -> 26.64 | DN57: =CW57-DM57 -> -7.72 | DR57: 130 | DS57: #N/A | DT57: =DS57*20 -> #N/A | DU57: =DU56+DT57 -> #N/A | DV57: =DE57-DU57 -> #N/A | DZ57: 130 | EA57: 0.198 | EB57: =EA57*20 -> 3.96 | EC57: =EC56+EB57 -> 20.95 | ED57: =DM57-EC57 -> 5.69 | EH57: 130 | EI57: #N/A | EJ57: =EI57*20 -> #N/A | EK57: =EK56+EJ57 -> #N/A | EL57: =DU57-EK57 -> #N/A | EP57: 130 | EQ57: 0.188 | ER57: =EQ57*20 -> 3.76 | ES57: =ES56+ER57 -> 18.61 | ET57: =EC57-ES57 -> 2.34 | EX57: 130 | EY57: #N/A | EZ57: =EY57*20 -> #N/A | FA57: =FA56+EZ57 -> #N/A | FB57: =EK57-FA57 -> #N/A | FF57: 130 | FG57: 0.159 | FH57: =FG57*20 -> 3.18 | FI57: =FI56+FH57 -> 16.88 | FJ57: =ES57-FI57 -> 1.73 | FN57: 130 | FO57: 0.179 | FP57: =FO57*20 -> 3.58 | FQ57: =FQ56+FP57 -> 25.01 | FR57: =FI57-FQ57 -> -8.13 | FV57: 130 | FW57: #N/A | FX57: =FW57*20 -> #N/A | FY57: =FY56+FX57 -> #N/A | FZ57: =FQ57-FY57 -> #N/A | GD57: 130 | GE57: #N/A | GF57: =GE57*20 -> #N/A | GG57: =GG56+GF57 -> #N/A | GH57: =FY57-GG57 -> #N/A | GL57: 130 | GM57: 0.183 | GN57: =GM57*20 -> 3.66 | GO57: =GO56+GN57 -> 20.52 | GP57: =FQ57-GO57 -> 4.49 | GT57: 130 | GU57: #N/A | GV57: =GU57*20 -> #N/A | GW57: =GW56+GV57 -> #N/A | GX57: =FY57-GW57 -> #N/A | HB57: 130 | HC57: #N/A | HD57: =HC57*20 -> #N/A | HE57: =HE56+HD57 -> #N/A | HF57: =GG57-HE57 -> #N/A | HJ57: 130 | HK57: 0.167 | HL57: =HK57*20 -> 3.34 | HM57: =HM56+HL57 -> 16.84 | HN57: =GO57-HM57 -> 3.68 | HP57: 130 | HQ57: =MAX(D57,S57,AA57,AQ57, BG57, BO57, BW57, CE57, CM57, CU57, DK57,EA57,EQ57,FG57,FO57, GM57,HK57) -> 0.21 | HR57: 0.155 | HS57: =MAX(HQ57,HR57) -> 0.21 | HT57: =HS57*20 -> 4.2 | HU57: =HU56+HT57 -> 27.48 | HX57: 130 | HY57: =MIN(D57,S57,AA57,AQ57,BG57, BO57, BW57, CE57, CM57, CU57, DK57, EA57,EQ57,FG57,FO57,GM57,HK57) -> 0.159 | HZ57: 0.111 | IA57: =MIN(HY57,HZ57) -> 0.111 | IB57: =IA57*20 -> 2.22 | IC57: =IC56+IB57 -> 13.08
J58: 150 | K58: 0.184 | L58: =K58*20 -> 3.68 | M58: =M57+L58 -> 26.28 | N58: =F58-M58 -> -26.28 | R58: 150 | S58: 0.178 | T58: =S58*20 -> 3.56 | U58: =U57+T58 -> 27.79 | V58: =M58-U58 -> -1.51 | Z58: 150 | AA58: 0.178 | AB58: =AA58*20 -> 3.56 | AC58: =AC57+AB58 -> 26.62 | AD58: =U58-AC58 -> 1.17 | AH58: 150 | AI58: #N/A | AJ58: =AI58*20 -> #N/A | AK58: =AK57+AJ58 -> #N/A | AL58: =AC58-AK58 -> #N/A | AP58: 150 | AQ58: 0.173 | AR58: =AQ58*20 -> 3.46 | AS58: =AS57+AR58 -> 25.4 | AT58: =AC58-AS58 -> 1.22 | AX58: 150 | AY58: #N/A | AZ58: =AY58*20 -> #N/A | BA58: =BA57+AZ58 -> #N/A | BB58: =AK58-BA58 -> #N/A | BF58: 150 | BG58: 0.176 | BH58: =BG58*20 -> 3.52 | BI58: =BI57+BH58 -> 28.3 | BJ58: =AS58-BI58 -> -2.9 | BN58: 150 | BO58: 0.179 | BP58: =BO58*20 -> 3.58 | BQ58: =BQ57+BP58 -> 27.05 | BR58: =BI58-BQ58 -> 1.25 | BV58: 150 | BW58: 0.18 | BX58: =BW58*20 -> 3.6 | BY58: =BY57+BX58 -> 24.99 | BZ58: =BQ58-BY58 -> 2.06 | CD58: 150 | CE58: 0.182 | CF58: =CE58*20 -> 3.64 | CG58: =CG57+CF58 -> 27.04 | CH58: =BY58-CG58 -> -2.05 | CL58: 150 | CM58: 0.183 | CN58: =CM58*20 -> 3.66 | CO58: =CO57+CN58 -> 24.73 | CP58: =CG58-CO58 -> 2.31 | CT58: 150 | CU58: 0.181 | CV58: =CU58*20 -> 3.62 | CW58: =CW57+CV58 -> 22.54 | CX58: =CO58-CW58 -> 2.19 | DB58: 150 | DC58: #N/A | DD58: =DC58*20 -> #N/A | DE58: =DE57+DD58 -> #N/A | DF58: =CW58-DE58 -> #N/A | DJ58: 150 | DK58: 0.196 | DL58: =DK58*20 -> 3.92 | DM58: =DM57+DL58 -> 30.56 | DN58: =CW58-DM58 -> -8.02 | DR58: 150 | DS58: #N/A | DT58: =DS58*20 -> #N/A | DU58: =DU57+DT58 -> #N/A | DV58: =DE58-DU58 -> #N/A | DZ58: 150 | EA58: 0.189 | EB58: =EA58*20 -> 3.78 | EC58: =EC57+EB58 -> 24.73 | ED58: =DM58-EC58 -> 5.83 | EH58: 150 | EI58: #N/A | EJ58: =EI58*20 -> #N/A | EK58: =EK57+EJ58 -> #N/A | EL58: =DU58-EK58 -> #N/A | EP58: 150 | EQ58: 0.174 | ER58: =EQ58*20 -> 3.48 | ES58: =ES57+ER58 -> 22.09 | ET58: =EC58-ES58 -> 2.64 | EX58: 150 | EY58: #N/A | EZ58: =EY58*20 -> #N/A | FA58: =FA57+EZ58 -> #N/A | FB58: =EK58-FA58 -> #N/A | FF58: 150 | FG58: 0.153 | FH58: =FG58*20 -> 3.06 | FI58: =FI57+FH58 -> 19.94 | FJ58: =ES58-FI58 -> 2.15 | FN58: 150 | FO58: 0.151 | FP58: =FO58*20 -> 3.02 | FQ58: =FQ57+FP58 -> 28.03 | FR58: =FI58-FQ58 -> -8.09 | FV58: 150 | FW58: #N/A | FX58: =FW58*20 -> #N/A | FY58: =FY57+FX58 -> #N/A | FZ58: =FQ58-FY58 -> #N/A | GD58: 150 | GE58: #N/A | GF58: =GE58*20 -> #N/A | GG58: =GG57+GF58 -> #N/A | GH58: =FY58-GG58 -> #N/A | GL58: 150 | GM58: 0.16 | GN58: =GM58*20 -> 3.2 | GO58: =GO57+GN58 -> 23.72 | GP58: =FQ58-GO58 -> 4.31 | GT58: 150 | GU58: #N/A | GV58: =GU58*20 -> #N/A | GW58: =GW57+GV58 -> #N/A | GX58: =FY58-GW58 -> #N/A | HB58: 150 | HC58: #N/A | HD58: =HC58*20 -> #N/A | HE58: =HE57+HD58 -> #N/A | HF58: =GG58-HE58 -> #N/A | HJ58: 150 | HK58: 0.144 | HL58: =HK58*20 -> 2.88 | HM58: =HM57+HL58 -> 19.72 | HN58: =GO58-HM58 -> 4 | HP58: 150 | HQ58: =MAX(D58,S58,AA58,AQ58, BG58, BO58, BW58, CE58, CM58, CU58, DK58,EA58,EQ58,FG58,FO58, GM58,HK58) -> 0.196 | HR58: 0.135 | HS58: =MAX(HQ58,HR58) -> 0.196 | HT58: =HS58*20 -> 3.92 | HU58: =HU57+HT58 -> 31.4 | HX58: 150 | HY58: =MIN(D58,S58,AA58,AQ58,BG58, BO58, BW58, CE58, CM58, CU58, DK58, EA58,EQ58,FG58,FO58,GM58,HK58) -> 0.144 | HZ58: 0.096 | IA58: =MIN(HY58,HZ58) -> 0.096 | IB58: =IA58*20 -> 1.92 | IC58: =IC57+IB58 -> 15
J59: 170 | K59: 0.173 | L59: =K59*20 -> 3.46 | M59: =M58+L59 -> 29.74 | N59: =F59-M59 -> -29.74 | R59: 170 | S59: 0.17 | T59: =S59*20 -> 3.4 | U59: =U58+T59 -> 31.19 | V59: =M59-U59 -> -1.45 | Z59: 170 | AA59: 0.169 | AB59: =AA59*20 -> 3.38 | AC59: =AC58+AB59 -> 30 | AD59: =U59-AC59 -> 1.19 | AH59: 170 | AI59: #N/A | AJ59: =AI59*20 -> #N/A | AK59: =AK58+AJ59 -> #N/A | AL59: =AC59-AK59 -> #N/A | AP59: 170 | AQ59: 0.176 | AR59: =AQ59*20 -> 3.52 | AS59: =AS58+AR59 -> 28.92 | AT59: =AC59-AS59 -> 1.08 | AX59: 170 | AY59: #N/A | AZ59: =AY59*20 -> #N/A | BA59: =BA58+AZ59 -> #N/A | BB59: =AK59-BA59 -> #N/A | BF59: 170 | BG59: 0.178 | BH59: =BG59*20 -> 3.56 | BI59: =BI58+BH59 -> 31.86 | BJ59: =AS59-BI59 -> -2.94 | BN59: 170 | BO59: 0.176 | BP59: =BO59*20 -> 3.52 | BQ59: =BQ58+BP59 -> 30.57 | BR59: =BI59-BQ59 -> 1.29 | BV59: 170 | BW59: 0.18 | BX59: =BW59*20 -> 3.6 | BY59: =BY58+BX59 -> 28.59 | BZ59: =BQ59-BY59 -> 1.98 | CD59: 170 | CE59: 0.179 | CF59: =CE59*20 -> 3.58 | CG59: =CG58+CF59 -> 30.62 | CH59: =BY59-CG59 -> -2.03 | CL59: 170 | CM59: 0.182 | CN59: =CM59*20 -> 3.64 | CO59: =CO58+CN59 -> 28.37 | CP59: =CG59-CO59 -> 2.25 | CT59: 170 | CU59: 0.185 | CV59: =CU59*20 -> 3.7 | CW59: =CW58+CV59 -> 26.24 | CX59: =CO59-CW59 -> 2.13 | DB59: 170 | DC59: #N/A | DD59: =DC59*20 -> #N/A | DE59: =DE58+DD59 -> #N/A | DF59: =CW59-DE59 -> #N/A | DJ59: 170 | DK59: 0.197 | DL59: =DK59*20 -> 3.94 | DM59: =DM58+DL59 -> 34.5 | DN59: =CW59-DM59 -> -8.26 | DR59: 170 | DS59: #N/A | DT59: =DS59*20 -> #N/A | DU59: =DU58+DT59 -> #N/A | DV59: =DE59-DU59 -> #N/A | DZ59: 170 | EA59: 0.196 | EB59: =EA59*20 -> 3.92 | EC59: =EC58+EB59 -> 28.65 | ED59: =DM59-EC59 -> 5.85 | EH59: 170 | EI59: #N/A | EJ59: =EI59*20 -> #N/A | EK59: =EK58+EJ59 -> #N/A | EL59: =DU59-EK59 -> #N/A | EP59: 170 | EQ59: 0.186 | ER59: =EQ59*20 -> 3.72 | ES59: =ES58+ER59 -> 25.81 | ET59: =EC59-ES59 -> 2.84 | EX59: 170 | EY59: #N/A | EZ59: =EY59*20 -> #N/A | FA59: =FA58+EZ59 -> #N/A | FB59: =EK59-FA59 -> #N/A | FF59: 170 | FG59: 0.166 | FH59: =FG59*20 -> 3.32 | FI59: =FI58+FH59 -> 23.26 | FJ59: =ES59-FI59 -> 2.55 | FN59: 170 | FO59: 0.165 | FP59: =FO59*20 -> 3.3 | FQ59: =FQ58+FP59 -> 31.33 | FR59: =FI59-FQ59 -> -8.07 | FV59: 170 | FW59: #N/A | FX59: =FW59*20 -> #N/A | FY59: =FY58+FX59 -> #N/A | FZ59: =FQ59-FY59 -> #N/A | GD59: 170 | GE59: #N/A | GF59: =GE59*20 -> #N/A | GG59: =GG58+GF59 -> #N/A | GH59: =FY59-GG59 -> #N/A | GL59: 170 | GM59: 0.17 | GN59: =GM59*20 -> 3.4 | GO59: =GO58+GN59 -> 27.12 | GP59: =FQ59-GO59 -> 4.21 | GT59: 170 | GU59: #N/A | GV59: =GU59*20 -> #N/A | GW59: =GW58+GV59 -> #N/A | GX59: =FY59-GW59 -> #N/A | HB59: 170 | HC59: #N/A | HD59: =HC59*20 -> #N/A | HE59: =HE58+HD59 -> #N/A | HF59: =GG59-HE59 -> #N/A | HJ59: 170 | HK59: 0.148 | HL59: =HK59*20 -> 2.96 | HM59: =HM58+HL59 -> 22.68 | HN59: =GO59-HM59 -> 4.44 | HP59: 170 | HQ59: =MAX(D59,S59,AA59,AQ59, BG59, BO59, BW59, CE59, CM59, CU59, DK59,EA59,EQ59,FG59,FO59, GM59,HK59) -> 0.197 | HR59: 0.142 | HS59: =MAX(HQ59,HR59) -> 0.197 | HT59: =HS59*20 -> 3.94 | HU59: =HU58+HT59 -> 35.34 | HX59: 170 | HY59: =MIN(D59,S59,AA59,AQ59,BG59, BO59, BW59, CE59, CM59, CU59, DK59, EA59,EQ59,FG59,FO59,GM59,HK59) -> 0.148 | HZ59: 0.098 | IA59: =MIN(HY59,HZ59) -> 0.098 | IB59: =IA59*20 -> 1.96 | IC59: =IC58+IB59 -> 16.96
