Workbook

Sheet Height
A1: CCID | B1: DOY152 | C1: DOY158 | D1: DOY168 | E1: DOY175 | F1: DOY182 | G1: DOY194 | H1: DOY200 | I1: DOY217 | J1: DOY224 | K1: DOY231 | L1: DOY250
A2: p01-1N | B2: 18 | C2: 23 | D2: 31 | E2: 37 | F2: 53 | G2: 85 | H2: 100 | I2: 118 | K2: 162 | L2: 170
A3: p01-1M | B3: 17 | C3: 25 | D3: 32 | E3: 43 | F3: 61 | G3: 95 | H3: 113 | I3: 130 | J3: 139 | K3: 147
A4: p01-1S | B4: 12 | C4: 17 | D4: 22 | E4: 30 | F4: 43 | G4: 70 | H4: 93 | I4: 114 | J4: 138 | K4: 155
A5: p01-2N | B5: 12 | C5: 19 | D5: 25 | E5: 36 | F5: 42 | G5: 52 | H5: 70 | I5: 88 | J5: 114 | K5: 136
A6: p01-2M | B6: 10 | C6: 19 | D6: 26 | E6: 38 | F6: 41 | G6: 46 | H6: 68 | I6: 89 | J6: 119 | K6: 142
A7: p01-2S | B7: 9 | C7: 14 | D7: 21 | E7: 28 | F7: 34 | G7: 45 | H7: 55 | I7: 68 | J7: 84 | K7: 100
A8: p01-3N | B8: 12 | C8: 18 | D8: 26 | E8: 33 | F8: 38 | G8: 53 | H8: 68 | I8: 82 | J8: 105 | K8: 126
A9: p01-3M | B9: 12 | C9: 22 | D9: 33 | E9: 45 | F9: 53 | G9: 71 | H9: 87 | I9: 103 | J9: 131 | K9: 154
A10: p01-3S | B10: 13 | C10: 19 | D10: 26 | E10: 31 | F10: 42 | G10: 67 | H10: 79 | I10: 90 | J10: 113 | K10: 134
A11: p01-4N | B11: 9 | C11: 12 | D11: 15 | E11: 20 | F11: 30 | G11: 48 | H11: 63 | I11: 80 | J11: 102 | K11: 119
A12: p01-4M | B12: 10 | C12: 14 | D12: 17 | E12: 23 | F12: 38 | G12: 70 | H12: 85 | I12: 101 | J12: 125 | K12: 144
A13: p01-4S | B13: 15 | C13: 23 | D13: 31 | E13: 42 | F13: 64 | G13: 103 | H13: 121 | I13: 137 | J13: 153 | K13: 169 | L13: 193
A14: p02-1N | B14: 18 | C14: 28 | D14: 41 | E14: 52 | F14: 68 | G14: 97 | H14: 115 | I14: 133 | J14: 160 | K14: 185 | L14: 97
A15: p02-1M | B15: 17 | C15: 26 | D15: 35 | E15: 48 | F15: 58 | G15: 78 | H15: 91 | I15: 106 | J15: 141 | K15: 167 | L15: 186
A16: p02-1S | B16: 19 | C16: 30 | D16: 43 | E16: 56 | F16: 68 | G16: 95 | H16: 113 | I16: 130 | J16: 160 | K16: 184 | L16: 196
A17: p02-2N | B17: 21 | C17: 33 | D17: 45 | E17: 58 | F17: 68 | G17: 86 | H17: 101 | I17: 117 | J17: 140 | K17: 159 | L17: 179
A18: p02-2M | B18: 23 | C18: 32 | D18: 42 | E18: 55 | F18: 62 | G18: 76 | H18: 97 | I18: 117 | J18: 142 | K18: 165 | L18: 184
A19: p02-2S | B19: 18 | C19: 28 | D19: 40 | E19: 53 | F19: 59 | G19: 70 | H19: 84 | I19: 98 | J19: 122 | K19: 141
A20: p02-3N | B20: 17 | C20: 26 | D20: 32 | E20: 40 | F20: 51 | G20: 73 | H20: 88 | I20: 102 | J20: 130 | K20: 151
A21: p02-3M | B21: 17 | C21: 24 | D21: 30 | E21: 37 | F21: 49 | G21: 74 | H21: 91 | I21: 105 | J21: 126 | K21: 143
A22: p02-3S | B22: 15 | C22: 23 | D22: 30 | E22: 38 | F22: 50 | G22: 71 | H22: 86 | I22: 99 | J22: 128 | K22: 152
A23: p02-4N | B23: 15 | C23: 22 | D23: 30 | E23: 41 | F23: 56 | G23: 89 | H23: 100 | I23: 115 | J23: 142 | K23: 162 | L23: 182
A24: p02-4M | B24: 16 | C24: 23 | D24: 32 | E24: 42 | F24: 60 | G24: 97 | H24: 111 | I24: 133 | J24: 156 | K24: 175 | L24: 183
A25: p02-4S | B25: 16 | C25: 26 | D25: 37 | E25: 48 | F25: 63 | G25: 99 | H25: 114 | I25: 131 | J25: 151 | K25: 167 | L25: 187
A26: p03-1N | B26: 23 | C26: 34 | D26: 48 | E26: 63 | F26: 73 | G26: 96 | H26: 113 | I26: 129 | J26: 151 | K26: 171 | L26: 191
A27: p03-1M | B27: 15 | C27: 25 | D27: 37 | E27: 51 | F27: 62 | G27: 79 | H27: 95 | I27: 111 | J27: 136 | K27: 157 | L27: 178
A28: p03-1S | B28: 18 | C28: 30 | D28: 44 | E28: 59 | F28: 71 | G28: 99 | H28: 122 | I28: 143 | J28: 160 | K28: 174 | L28: 190
A29: p03-2N | B29: 21 | C29: 21 | D29: 21 | E29: 58 | F29: 73 | G29: 100 | H29: 139 | I29: 159 | J29: 183 | K29: 203 | L29: 200
A30: p03-2M | B30: 20 | C30: 32 | D30: 44 | E30: 54 | F30: 69 | G30: 98 | H30: 115 | I30: 132 | J30: 169 | K30: 197 | L30: 201
A31: p03-2S | B31: 22 | C31: 35 | D31: 49 | E31: 62 | F31: 75 | G31: 103 | H31: 118 | I31: 133 | J31: 165 | K31: 191 | L31: 193
A32: p03-3N | B32: 19 | C32: 29 | D32: 38 | E32: 48 | F32: 62 | G32: 92 | H32: 104 | I32: 117 | J32: 165 | K32: 205 | L32: 195
A33: p03-3M | B33: 19 | C33: 29 | D33: 42 | E33: 51 | F33: 68 | G33: 104 | H33: 125 | I33: 147 | J33: 173 | K33: 197 | L33: 194
A34: p03-3S | B34: 19 | C34: 31 | D34: 43 | E34: 54 | F34: 69 | G34: 103 | H34: 125 | I34: 146 | J34: 172 | K34: 195 | L34: 201
A35: p03-4N | B35: 18 | C35: 18 | D35: 39 | E35: 48 | F35: 62 | G35: 91 | H35: 102 | I35: 114 | J35: 144 | K35: 170 | L35: 185
A36: p03-4M | B36: 13 | C36: 17 | D36: 25 | E36: 32 | F36: 41 | G36: 63 | H36: 79 | I36: 95 | J36: 118 | K36: 132
A37: p03-4S | B37: 16 | C37: 26 | D37: 39 | E37: 52 | F37: 67 | G37: 98 | H37: 119 | I37: 137 | J37: 163 | K37: 185 | L37: 198
A38: p04-1N | B38: 15 | C38: 23 | D38: 33 | E38: 45 | F38: 61 | G38: 92 | H38: 116 | I38: 143 | J38: 174 | K38: 200 | L38: 192
A39: p04-1M | B39: 11 | C39: 21 | D39: 30 | E39: 40 | F39: 57 | G39: 91 | H39: 109 | I39: 126 | J39: 163 | K39: 196 | L39: 199
A40: p04-1S | B40: 11 | C40: 11 | D40: 11 | E40: 38 | F40: 54 | G40: 83 | H40: 106 | I40: 129 | J40: 163 | K40: 191 | L40: 200
A41: p04-2N | B41: 10 | C41: 10 | D41: 10 | E41: 37 | F41: 52 | G41: 80 | H41: 110 | I41: 139 | J41: 173 | K41: 203 | L41: 197
A42: p04-2M | B42: 11 | C42: 11 | D42: 11 | E42: 35 | F42: 54 | G42: 90 | H42: 112 | I42: 134 | J42: 168 | K42: 195 | L42: 185
A43: p04-2S | B43: 13 | C43: 22 | D43: 31 | E43: 38 | F43: 52 | G43: 79 | H43: 104 | I43: 129 | J43: 158 | K43: 182 | L43: 189
A44: p04-3N | B44: 12 | C44: 22 | D44: 34 | E44: 46 | F44: 61 | G44: 93 | H44: 107 | I44: 125 | J44: 157 | K44: 183 | L44: 194
A45: p04-3M | B45: 15 | C45: 25 | D45: 36 | E45: 49 | F45: 63 | G45: 95 | H45: 111 | I45: 127 | J45: 160 | K45: 187 | L45: 191
A46: p04-3S | B46: 12 | C46: 12 | D46: 12 | E46: 33 | F46: 41 | G46: 59 | H46: 76 | I46: 92 | J46: 121 | K46: 143
A47: p04-4N | B47: 11 | C47: 20 | D47: 27 | E47: 37 | F47: 54 | G47: 88 | H47: 107 | I47: 125 | J47: 144 | K47: 159 | L47: 179
A48: p04-4M | B48: 15 | C48: 24 | D48: 33 | E48: 41 | F48: 56 | G48: 85 | H48: 104 | I48: 121 | J48: 146 | K48: 166 | L48: 190
A49: p04-4S | B49: 17 | C49: 23 | D49: 30 | E49: 38 | F49: 54 | G49: 85 | H49: 105 | I49: 123 | J49: 141 | K49: 156 | L49: 182
A50: p05-1N | B50: 21 | C50: 31 | D50: 44 | E50: 57 | F50: 71 | G50: 99 | H50: 119 | I50: 140 | K50: 166 | L50: 184
A51: p05-1M | B51: 20 | C51: 30 | D51: 42 | E51: 53 | F51: 70 | G51: 101 | H51: 119 | I51: 137 | K51: 160 | L51: 175
A52: p05-1S | B52: 19 | C52: 28 | D52: 39 | E52: 50 | F52: 62 | G52: 87 | H52: 103 | I52: 119 | K52: 141 | L52: 160
A53: p05-2N | B53: 21 | C53: 30 | D53: 41 | E53: 50 | F53: 62 | G53: 87 | H53: 117 | I53: 145 | K53: 182 | L53: 195
A54: p05-2M | B54: 18 | C54: 29 | D54: 42 | E54: 54 | F54: 69 | G54: 99 | H54: 119 | I54: 139 | K54: 165 | L54: 183
A55: p05-2S | B55: 17 | C55: 26 | D55: 35 | E55: 44 | F55: 57 | G55: 88 | H55: 102 | I55: 115 | K55: 133 | L55: 158
A56: p05-3N | B56: 17 | C56: 26 | D56: 25 | E56: 46 | F56: 56 | G56: 77 | H56: 92 | I56: 106 | K56: 125
A57: p05-3M | B57: 13 | C57: 16 | D57: 18 | E57: 23 | F57: 36 | G57: 59 | H57: 74 | I57: 89 | K57: 111
A58: p05-3S | B58: 15 | C58: 28 | D58: 42 | E58: 55 | F58: 64 | G58: 83 | H58: 102 | I58: 122 | K58: 148
A59: p05-4N | B59: 15 | C59: 15 | D59: 15 | E59: 45 | F59: 57 | G59: 84 | H59: 100 | I59: 115 | K59: 136
A60: p05-4M | B60: 18 | C60: 30 | D60: 41 | E60: 52 | F60: 64 | G60: 89 | H60: 102 | I60: 115 | K60: 133
A61: p05-4S | B61: 16 | C61: 25 | D61: 35 | E61: 47 | F61: 56 | G61: 73 | H61: 87 | I61: 101 | K61: 120
A62: p06-1N | B62: 16 | C62: 27 | D62: 38 | E62: 49 | F62: 58 | G62: 88 | H62: 108 | I62: 127 | K62: 141
A63: p06-1M | B63: 14 | C63: 22 | D63: 33 | E63: 42 | F63: 63 | G63: 105 | H63: 125 | I63: 147 | K63: 177 | L63: 195
A64: p06-1S | B64: 13 | C64: 22 | D64: 32 | E64: 42 | F64: 64 | G64: 98 | H64: 119 | I64: 139 | K64: 166 | L64: 186
A65: p06-2N | B65: 11 | C65: 26 | D65: 41 | E65: 54 | F65: 62 | G65: 102 | H65: 122 | I65: 142 | K65: 167 | L65: 184
A66: p06-2M | B66: 12 | C66: 20 | D66: 31 | E66: 40 | F66: 64 | G66: 100 | H66: 122 | I66: 144 | K66: 172 | L66: 199
A67: p06-2S | B67: 13 | C67: 20 | D67: 32 | E67: 41 | F67: 64 | G67: 92 | H67: 111 | I67: 130 | K67: 156 | L67: 175
A68: p06-3N | B68: 12 | C68: 20 | D68: 30 | E68: 39 | F68: 61 | G68: 99 | H68: 120 | I68: 143 | K68: 175 | L68: 191
A69: p06-3M | B69: 10 | C69: 17 | D69: 25 | E69: 33 | F69: 50 | G69: 87 | H69: 109 | I69: 131 | K69: 160 | L69: 184
A70: p06-3S | B70: 14 | C70: 23 | D70: 34 | E70: 43 | F70: 65 | G70: 98 | H70: 113 | I70: 127 | K70: 147
A71: p06-4N | B71: 11 | C71: 22 | D71: 34 | E71: 45 | F71: 61 | G71: 93 | H71: 113 | I71: 133 | K71: 161 | L71: 189
A72: p06-4M | B72: 10 | C72: 20 | D72: 29 | E72: 38 | F72: 52 | G72: 78 | H72: 92 | I72: 106 | K72: 125
A73: p06-4S | B73: 15 | C73: 25 | D73: 36 | E73: 46 | F73: 58 | G73: 80 | H73: 92 | I73: 103 | K73: 117
A74: p07-1N | B74: 12 | C74: 21 | D74: 32 | E74: 42 | F74: 52 | G74: 70 | H74: 86 | I74: 102 | K74: 124
A75: p07-1M | B75: 13 | C75: 22 | D75: 33 | E75: 44 | F75: 54 | G75: 75 | H75: 90 | I75: 105 | K75: 126
A76: p07-1S | B76: 12 | C76: 23 | D76: 32 | E76: 43 | F76: 54 | G76: 75 | H76: 88 | I76: 98 | K76: 111
A77: p07-2N | B77: 11 | C77: 19 | D77: 28 | E77: 38 | F77: 51 | G77: 81 | H77: 105 | I77: 126 | K77: 155
A78: p07-2M | B78: 9 | C78: 13 | D78: 20 | E78: 26 | F78: 40 | G78: 72 | H78: 91 | I78: 109 | K78: 132
A79: p07-2S | B79: 12 | C79: 19 | D79: 30 | E79: 40 | F79: 54 | G79: 81 | H79: 98 | I79: 114 | K79: 136
A80: p07-3N | B80: 12 | C80: 20 | D80: 27 | E80: 38 | F80: 49 | G80: 74 | H80: 90 | I80: 105 | K80: 125
A81: p07-3M | B81: 13 | C81: 20 | D81: 31 | E81: 39 | F81: 49 | G81: 70 | H81: 87 | I81: 104 | K81: 127
A82: p07-3S | B82: 11 | C82: 19 | D82: 25 | E82: 32 | F82: 45 | G82: 71 | H82: 83 | I82: 95 | K82: 112
A83: p07-4N | B83: 11 | C83: 15 | D83: 21 | E83: 28 | F83: 48 | G83: 87 | H83: 103 | I83: 117 | K83: 134
A84: p07-4M | B84: 13 | C84: 21 | D84: 28 | E84: 37 | F84: 56 | G84: 93 | H84: 112 | I84: 132 | K84: 160 | L84: 176
A85: p07-4S | B85: 13 | C85: 25 | D85: 38 | E85: 50 | F85: 68 | G85: 103 | H85: 114 | I85: 124 | K85: 140 | L85: 160
A86: p08-1N | B86: 17 | C86: 27 | D86: 36 | E86: 49 | F86: 55 | G86: 64 | H86: 83 | I86: 104 | K86: 131
A87: p08-1M | B87: 16 | C87: 28 | D87: 42 | E87: 55 | F87: 64 | G87: 83 | H87: 98 | I87: 113 | K87: 133
A88: p08-1S | B88: 15 | C88: 26 | D88: 35 | E88: 47 | F88: 58 | G88: 77 | H88: 98 | I88: 121 | K88: 153
A89: p08-2N | B89: 15 | C89: 29 | D89: 41 | E89: 56 | F89: 71 | G89: 102 | H89: 112 | I89: 124 | K89: 170 | L89: 188
A90: p08-2M | B90: 15 | C90: 25 | D90: 35 | E90: 46 | F90: 61 | G90: 88 | H90: 108 | I90: 126 | K90: 151
A91: p08-2S | B91: 13 | C91: 24 | D91: 35 | E91: 47 | F91: 59 | G91: 83 | H91: 102 | I91: 120 | K91: 144
A92: p08-3N | B92: 17 | C92: 25 | D92: 35 | E92: 46 | F92: 58 | G92: 82 | H92: 94 | I92: 107 | K92: 125
A93: p08-3M | B93: 14 | C93: 22 | D93: 31 | E93: 42 | F93: 54 | G93: 84 | H93: 98 | I93: 112 | K93: 130
A94: p08-3S | B94: 13 | C94: 22 | D94: 30 | E94: 39 | F94: 49 | G94: 70 | H94: 79 | I94: 90 | K94: 105
A95: p08-4N | B95: 15 | C95: 24 | D95: 34 | E95: 45 | F95: 61 | G95: 94 | H95: 110 | I95: 126 | K95: 148
A96: p08-4M | B96: 17 | C96: 26 | D96: 37 | E96: 49 | F96: 64 | G96: 93 | H96: 106 | I96: 119 | K96: 168 | L96: 180
A97: p08-4S | B97: 14 | C97: 23 | D97: 34 | E97: 43 | F97: 58 | G97: 89 | H97: 105 | I97: 123 | K97: 146 | L97: 166
A98: p09-1N | B98: 16 | C98: 24 | D98: 33 | E98: 41 | F98: 56 | G98: 85 | H98: 109 | I98: 132 | K98: 163 | L98: 180
A99: p09-1M | B99: 17 | C99: 25 | D99: 33 | E99: 42 | F99: 55 | G99: 86 | H99: 107 | I99: 127 | K99: 156 | L99: 174
A100: p09-1S | B100: 12 | C100: 18 | D100: 23 | E100: 30 | F100: 52 | G100: 88 | H100: 116 | I100: 141 | K100: 175 | L100: 182
...

Sheet Width
A1: CCID | B1: DOY152 | C1: DOY158 | D1: DOY168 | E1: DOY175 | F1: DOY182 | G1: DOY194 | H1: DOY200 | I1: DOY217 | J1: DOY224 | K1: DOY231 | L1: DOY250
A2: p01-1N | B2: 14 | C2: 22 | D2: 32 | E2: 40 | F2: 54 | G2: 76 | H2: 81 | I2: 89 | J2: 102 | K2: 102 | L2: 102
A3: p01-1M | B3: 12 | C3: 23 | D3: 36 | E3: 46 | F3: 61 | G3: 83 | H3: 87 | I3: 95 | J3: 102 | K3: 102 | L3: 102
A4: p01-1S | B4: 10 | C4: 17 | D4: 25 | E4: 33 | F4: 47 | G4: 68 | H4: 81 | I4: 80 | J4: 98 | K4: 102 | L4: 102
A5: p01-2N | B5: 11 | C5: 18 | D5: 26 | E5: 33 | F5: 38 | G5: 46 | H5: 57 | I5: 77 | J5: 86 | K5: 102 | L5: 102
A6: p01-2M | B6: 10 | C6: 18 | D6: 27 | E6: 35 | F6: 37 | G6: 41 | H6: 56 | I6: 82 | J6: 93 | K6: 102 | L6: 102
A7: p01-2S | B7: 7 | C7: 14 | D7: 21 | E7: 26 | F7: 31 | G7: 41 | H7: 48 | I7: 64 | J7: 86 | K7: 91 | L7: 102
A8: p01-3N | B8: 9 | C8: 18 | D8: 29 | E8: 38 | F8: 44 | G8: 52 | H8: 58 | I8: 73 | J8: 81 | K8: 94 | L8: 102
A9: p01-3M | B9: 12 | C9: 19 | D9: 28 | E9: 35 | F9: 46 | G9: 63 | H9: 72 | I9: 88 | J9: 102 | K9: 102 | L9: 102
A10: p01-3S | B10: 12 | C10: 19 | D10: 29 | E10: 36 | F10: 45 | G10: 59 | H10: 62 | I10: 74 | J10: 83 | K10: 102 | L10: 102
A11: p01-4N | B11: 9 | C11: 13 | D11: 17 | E11: 21 | F11: 30 | G11: 43 | H11: 51 | I11: 65 | J11: 77 | K11: 102 | L11: 102
A12: p01-4M | B12: 9 | C12: 14 | D12: 23 | E12: 30 | F12: 11 | G12: 67 | H12: 73 | I12: 84 | J12: 90 | K12: 102 | L12: 102
A13: p01-4S | B13: 14 | C13: 25 | D13: 38 | E13: 50 | F13: 62 | G13: 80 | H13: 87 | I13: 95 | J13: 102 | K13: 102 | L13: 102
... A145: p12-4S | B145: 11 | C145: 22 | D145: 35 | E145: 45 | F145: 57 | G145: 76 | H145: 70 | I145: 60 | J145: 63 | K145: 92 | L145: 102

Sheet Density
A1: CCID | B1: PLPD
A2: p01-1M | B2: 8.0927384
A3: p01-2M | B3: 8.967629
A4: p01-3M | B4: 7.2178478
A5: p01-4M | B5: 7.4365704
A6: p02-1M | B6: 8.0927384
A7: p02-2M | B7: 7.8740157
A8: p02-3M | B8: 9.8425197
A9: p02-4M | B9: 9.1863517
A10: p03-1M | B10: 10.498688
A11: p03-2M | B11: 10.061242
A12: p03-3M | B12: 9.4050744
A13: p03-4M | B13: 8.5301837
... A49: p12-4M | B49: 6.7804024

Sheet Develop
A1: CCID | B1: EDATE | C1: PLYRE | D1: PLDOE | E1: LF1D | F1: ADAT | G1: ADOY | H1: NAWF182 | I1: NAWF194 | J1: NAWF200 | K1: NAWF217 | L1: NAWF224 | M1: NAWF238 | N1: NAWF250
A2: p01-1E | B2: 44317 | C2: 2021 | D2: 120.8 | E2: 44332
A3: p01-1M | F3: 44377 | G3: 180.5 | H3: 8.375 | I3: 6.5555556 | J3: 4.4444444 | K3: 4.6666667 | L3: 4.8888889 | M3: 6.1111111 | N3: 2.7777778
A4: p01-2E | B4: 44318 | C4: 2021 | D4: 122 | E4: 44330
A5: p01-2M | F5: 44374 | G5: 178 | H5: 8 | I5: 4.4444444 | J5: 5.2222222 | K5: 5.4444444 | L5: 5.7777778 | M5: 5.8888889 | N5: 3.1111111
A6: p01-3E | B6: 44317 | C6: 2021 | D6: 120.8 | E6: 44331
A7: p01-3M | F7: 44375 | G7: 179 | H7: 8.5555556 | I7: 4.8888889 | J7: 5.6666667 | K7: 5.3333333 | L7: 5.2222222 | M7: 4.4444444 | N7: 3
A8: p01-4E | B8: 44318 | C8: 2021 | D8: 121.625 | E8: 44331
A9: p01-4M | F9: 44377 | G9: 181.25 | H9: 8.5555556 | I9: 5.8888889 | J9: 5.5555556 | K9: 5.5555556 | L9: 5.4444444 | M9: 5.1111111 | N9: 3.6666667
A10: p02-1E | B10: 44317 | C10: 2021 | D10: 120.5 | E10: 44330
A11: p02-1M | F11: 44376 | G11: 180 | H11: 8.7777778 | I11: 5.4444444 | J11: 6 | K11: 5.4444444 | L11: 5.2222222 | M11: 5.4444444 | N11: 3.6666667
A12: p02-2E | B12: 44317 | C12: 2021 | D12: 120.5 | E12: 44331
A13: p02-2M | F13: 44378 | G13: 182 | H13: 8.2222222 | I13: 4.7777778 | J13: 5.6666667 | K13: 6 | L13: 5.3333333 | M13: 4.8888889 | N13: 3.2222222
A14: p02-3E | B14: 44316 | C14: 2021 | D14: 120.2 | E14: 44331
A15: p02-3M | F15: 44376 | G15: 180 | H15: 8 | I15: 4.3333333 | J15: 5.3333333 | K15: 5.1111111 | L15: 5.6666667 | M15: 4.6666667 | N15: 3.4444444
A16: p02-4E | B16: 44317 | C16: 2021 | D16: 121.1 | E16: 44330
A17: p02-4M | F17: 44375 | G17: 179 | H17: 8.3333333 | I17: 6.2222222 | J17: 5 | K17: 5.6666667 | L17: 5.3333333 | M17: 4.3333333 | N17: 3
A18: p03-1E | B18: 44317 | C18: 2021 | D18: 120.92857 | E18: 44331
A19: p03-1M | F19: 44377 | G19: 181 | H19: 7.8888889 | I19: 5.5555556 | J19: 5.7777778 | K19: 5.6666667 | L19: 5.5555556 | M19: 5.2222222 | N19: 3.7777778
A20: p03-2E | B20: 44317 | C20: 2021 | D20: 121 | E20: 44331
A21: p03-2M | F21: 44377 | G21: 181 | H21: 8.7777778 | I21: 6.5555556 | J21: 5.2222222 | K21: 5.6666667 | L21: 5.2222222 | M21: 5 | N21: 3.5555556
A22: p03-3E | B22: 44317 | C22: 2021 | D22: 121.14286 | E22: 44331
A23: p03-3M | F23: 44377 | G23: 180.8 | H23: 8.7777778 | I23: 6.6666667 | J23: 5.4444444 | K23: 6.2222222 | L23: 4.8888889 | M23: 4.6666667 | N23: 3.1111111
A24: p03-4E | B24: 44317 | C24: 2021 | D24: 121 | E24: 44331
A25: p03-4M | F25: 44375 | G25: 179 | H25: 7.7777778 | I25: 5.5555556 | J25: 5 | K25: 4.8888889 | L25: 5.1111111 | M25: 4.8888889 | N25: 3.1111111
A26: p04-1E | B26: 44317 | C26: 2021 | D26: 120.75 | E26: 44332
A27: p04-1M | F27: 44376 | G27: 180 | H27: 8.2222222 | I27: 6.8888889 | J27: 5.5555556 | K27: 6.3333333 | L27: 5.2222222 | M27: 5.2222222 | N27: 3.6666667
A28: p04-2E | B28: 44318 | C28: 2021 | D28: 122 | E28: 44331
A29: p04-2M | F29: 44377 | G29: 180.5 | H29: 8.3333333 | I29: 7.1111111 | J29: 5.6666667 | K29: 6 | L29: 5.1111111 | M29: 4.8888889 | N29: 3.6666667
A30: p04-3E | B30: 44319 | C30: 2021 | D30: 122.5 | E30: 44333
A31: p04-3M | F31: 44372 | G31: 176 | H31: 8.7777778 | I31: 7.2222222 | J31: 6 | K31: 5.6666667 | L31: 4.6666667 | M31: 4.1111111 | N31: 2.6666667
A32: p04-4E | B32: 44319 | C32: 2021 | D32: 123.4 | E32: 44332
A33: p04-4M | F33: 44377 | G33: 181 | H33: 8.4444444 | I33: 6.6666667 | J33: 5.2222222 | K33: 4.8888889 | L33: 4.6666667 | M33: 3.3333333 | N33: 3
A34: p05-1E | B34: 44317 | C34: 2021 | D34: 121.1 | E34: 44330
A35: p05-1M | F35: 44377 | G35: 181 | H35: 8.1111111 | I35: 6.2222222 | J35: 5.6666667 | K35: 5.7777778 | L35: 4.7777778 | M35: 4.2222222 | N35: 2.8888889
A36: p05-2E | B36: 44318 | C36: 2021 | D36: 121.75 | E36: 44331
A37: p05-2M | F37: 44378 | G37: 182 | H37: 8.4444444 | I37: 6.6666667 | J37: 5.6666667 | K37: 6.1111111 | L37: 5.1111111 | M37: 4.5555556 | N37: 3
A38: p05-3E | B38: 44318 | C38: 2021 | D38: 121.625 | E38: 44332
A39: p05-3M | F39: 44377 | G39: 180.5 | H39: 8.6666667 | I39: 5.6666667 | J39: 6.4444444 | K39: 5 | L39: 5.3333333 | M39: 4.8888889 | N39: 3.1111111
A40: p05-4E | B40: 44317 | C40: 2021 | D40: 120.5 | E40: 44330
A41: p05-4M | F41: 44376 | G41: 179.75 | H41: 7.8888889 | I41: 6.1111111 | J41: 5.7777778 | K41: 5.5555556 | L41: 5.4444444 | M41: 4.8888889 | N41: 3.4444444
A42: p06-1E | B42: 44318 | C42: 2021 | D42: 122 | E42: 44330
A43: p06-1M | F43: 44375 | G43: 179 | H43: 8.8888889 | I43: 8 | J43: 6 | K43: 6 | L43: 5.1111111 | M43: 5.2222222 | N43: 3.1111111
A44: p06-1N | F44: 44375 | G44: 179
A45: p06-1S | F45: 44372 | G45: 176
A46: p06-2E | B46: 44318 | C46: 2021 | D46: 122.25 | E46: 44332
A47: p06-2M | F47: 44378 | G47: 182 | H47: 8.7777778 | I47: 7.4444444 | J47: 6.4444444 | K47: 5.8888889 | L47: 4.8888889 | M47: 4.1111111 | N47: 2.5555556
A48: p06-2N | F48: 44375 | G48: 179
A49: p06-2S | F49: 44376 | G49: 180
A50: p06-3E | B50: 44318 | C50: 2021 | D50: 121.5 | E50: 44330
A51: p06-3M | F51: 44377 | G51: 181 | H51: 8.3333333 | I51: 7.2222222 | J51: 6.3333333 | K51: 5 | L51: 5.2222222 | M51: 4.7777778 | N51: 3.3333333
A52: p06-4E | B52: 44317 | C52: 2021 | D52: 121 | E52: 44331
A53: p06-4M | F53: 44375 | G53: 179 | H53: 7.8888889 | I53: 6.2222222 | J53: 5.6666667 | K53: 5.8888889 | L53: 5.7777778 | M53: 5.6666667 | N53: 3.7777778
A54: p07-1E | B54: 44318 | C54: 2021 | D54: 122 | E54: 44332
A55: p07-1M | F55: 44378 | G55: 182 | H55: 7.6666667 | I55: 5.5555556 | J55: 5.8888889 | K55: 5.7777778 | L55: 5.7777778 | M55: 5.6666667 | N55: 3.6666667
A56: p07-2E | B56: 44317 | C56: 2021 | D56: 120.875 | E56: 44330
A57: p07-2M | F57: 44377 | G57: 181 | H57: 8 | I57: 6.8888889 | J57: 5.8888889 | K57: 5.7777778 | L57: 5.3333333 | M57: 5.2222222 | N57: 3.3333333
A58: p07-3E | B58: 44322 | C58: 2021 | D58: 126.33333 | E58: 44334
A59: p07-3M | F59: 44377 | G59: 181.25 | H59: 8.1111111 | I59: 5.5555556 | J59: 5.8888889 | K59: 4.8888889 | L59: 5.4444444 | M59: 4.7777778 | N59: 3.2222222
A60: p07-4E | B60: 44321 | C60: 2021 | D60: 124.5 | E60: 44334
A61: p07-4M | F61: 44377 | G61: 180.5 | H61: 8.3333333 | I61: 7.1111111 | J61: 6 | K61: 5.8888889 | L61: 4.7777778 | M61: 4.4444444 | N61: 2.6666667
A62: p08-1E | B62: 44317 | C62: 2021 | D62: 120.5 | E62: 44331
A63: p08-1M | F63: 44378 | G63: 182 | H63: 7.4444444 | I63: 5.7777778 | J63: 6.4444444 | K63: 5.3333333 | L63: 5 | M63: 4.7777778 | N63: 3.1111111
A64: p08-2E | B64: 44317 | C64: 2021 | D64: 121.14286 | E64: 44329
A65: p08-2M | F65: 44377 | G65: 180.5 | H65: 7.5555556 | I65: 6 | J65: 6 | K65: 6.3333333 | L65: 5.5555556 | M65: 4.7777778 | N65: 3.1111111
A66: p08-3E | B66: 44318 | C66: 2021 | D66: 122 | E66: 44331
A67: p08-3M | F67: 44377 | G67: 180.5 | H67: 8.2222222 | I67: 5.7777778 | J67: 5.8888889 | K67: 5 | L67: 5.2222222 | M67: 4.7777778 | N67: 2.7777778
A68: p08-4E | B68: 44317 | C68: 2021 | D68: 121.25 | E68: 44330
A69: p08-4M | F69: 44375 | G69: 179 | H69: 7.7777778 | I69: 7.3333333 | J69: 5.6666667 | K69: 5.8888889 | L69: 5.4444444 | M69: 4.6666667 | N69: 3.1111111
A70: p09-1E | B70: 44317 | C70: 2021 | D70: 121.4 | E70: 44332
A71: p09-1M | F71: 44375 | G71: 179 | H71: 8.4444444 | I71: 7.3333333 | J71: 6.5555556 | K71: 5.4444444 | L71: 4.8888889 | M71: 4.5555556 | N71: 2.6666667
A72: p09-1N | F72: 44377 | G72: 181.25
A73: p09-1S | F73: 44378 | G73: 182
A74: p09-2E | B74: 44317 | C74: 2021 | D74: 121.14286 | E74: 44330
A75: p09-2M | F75: 44377 | G75: 181 | H75: 8.2222222 | I75: 6.2222222 | J75: 6.5555556 | K75: 5 | L75: 5.1111111 | M75: 5.2222222 | N75: 2.6666667
A76: p09-3E | B76: 44318 | C76: 2021 | D76: 122 | E76: 44331
A77: p09-3M | F77: 44377 | G77: 181 | H77: 8.5555556 | I77: 7.4444444 | J77: 6.2222222 | K77: 6.3333333 | L77: 5.2222222 | M77: 5.1111111 | N77: 2.6666667
A78: p09-4E | B78: 44317 | C78: 2021 | D78: 121.25 | E78: 44332
A79: p09-4M | F79: 44377 | G79: 180.5 | H79: 8 | I79: 7 | J79: 5.8888889 | K79: 5.1111111 | L79: 5.7777778 | M79: 5.4444444 | N79: 3.3333333
A80: p10-1E | B80: 44317 | C80: 2021 | D80: 121.25 | E80: 44332
A81: p10-1M | F81: 44374 | G81: 177.66667 | H81: 8 | I81: 6.6666667 | J81: 6 | K81: 5.7777778 | L81: 5.2222222 | M81: 5.3333333 | N81: 3.1111111
A82: p10-2E | B82: 44317 | C82: 2021 | D82: 121.1 | E82: 44331
A83: p10-2M | F83: 44375 | G83: 179 | H83: 8.1111111 | I83: 6.1111111 | J83: 6.2222222 | K83: 5.5555556 | L83: 5.4444444 | M83: 5.3333333 | N83: 3
A84: p10-3E | B84: 44317 | C84: 2021 | D84: 120.5 | E84: 44331
A85: p10-3M | F85: 44377 | G85: 181 | H85: 8.1111111 | I85: 7 | J85: 5.7777778 | K85: 5.2222222 | L85: 4.7777778 | M85: 4.2222222 | N85: 2.7777778
A86: p10-4E | B86: 44317 | C86: 2021 | D86: 120.5 | E86: 44330
A87: p10-4M | F87: 44375 | G87: 179 | H87: 7.6666667 | I87: 5.7777778 | J87: 5.2222222 | K87: 4.5555556 | L87: 5.3333333 | M87: 5 | N87: 3
A88: p11-1E | B88: 44320 | C88: 2021 | D88: 123.5 | E88: 44332
A89: p11-1M | F89: 44378 | G89: 182 | H89: 8.4444444 | I89: 6.5555556 | J89: 6.1111111 | K89: 4.8888889 | L89: 4.8888889 | M89: 5.1111111 | N89: 2.4444444
A90: p11-2E | B90: 44317 | C90: 2021 | D90: 120.83333 | E90: 44330
A91: p11-2M | F91: 44378 | G91: 182 | H91: 8.1111111 | I91: 6.3333333 | J91: 5.8888889 | K91: 4.8888889 | L91: 4.5555556 | M91: 4.5555556 | N91: 2.5555556
A92: p11-3E | B92: 44319 | C92: 2021 | D92: 123.4 | E92: 44331
A93: p11-3M | F93: 44377 | G93: 181 | H93: 8.1111111 | I93: 7 | J93: 6.1111111 | K93: 4.5555556 | L93: 4.8888889 | M93: 4.5555556 | N93: 2.7777778
A94: p11-4E | B94: 44319 | C94: 2021 | D94: 122.5 | E94: 44334
A95: p11-4M | F95: 44374 | G95: 178 | H95: 7.5555556 | I95: 5.8888889 | J95: 6 | K95: 3.7777778 | L95: 5.4444444 | M95: 5 | N95: 2.8888889
A96: p12-1E | B96: 44318 | C96: 2021 | D96: 122 | E96: 44331
A97: p12-1M | F97: 44377 | G97: 180.5 | H97: 8.1111111 | I97: 7.5555556 | J97: 6.3333333 | K97: 5.2222222 | L97: 4.875 | M97: 3.7777778 | N97: 2.6666667
A98: p12-2E | B98: 44318 | C98: 2021 | D98: 122.25 | E98: 44332
A99: p12-2M | F99: 44377 | G99: 181 | H99: 7.7777778 | I99: 7.2222222 | J99: 6.2222222 | K99: 4.5555556 | L99: 5.2222222 | M99: 5 | N99: 3.4444444
A100: p12-3E | B100: 44318 | C100: 2021 | D100: 121.5 | E100: 44331
...

Sheet Ordering
A1: 1 | B1: 1 | C1: N | D1: =_xlfn.CONCAT("p",TEXT(A1,"00"),"-",TEXT(B1,"0"),C1) -> p01-1N | F1: 1
A2: 1 | B2: 1 | C2: M | D2: =_xlfn.CONCAT("p",TEXT(A2,"00"),"-",TEXT(B2,"0"),C2) -> p01-1M | F2: 2
A3: 1 | B3: 1 | C3: S | D3: =_xlfn.CONCAT("p",TEXT(A3,"00"),"-",TEXT(B3,"0"),C3) -> p01-1S | F3: 3
A4: 1 | B4: 2 | C4: N | D4: =_xlfn.CONCAT("p",TEXT(A4,"00"),"-",TEXT(B4,"0"),C4) -> p01-2N | F4: 4
A5: 1 | B5: 2 | C5: M | D5: =_xlfn.CONCAT("p",TEXT(A5,"00"),"-",TEXT(B5,"0"),C5) -> p01-2M | F5: 5
A6: 1 | B6: 2 | C6: S | D6: =_xlfn.CONCAT("p",TEXT(A6,"00"),"-",TEXT(B6,"0"),C6) -> p01-2S | F6: 6
A7: 1 | B7: 3 | C7: N | D7: =_xlfn.CONCAT("p",TEXT(A7,"00"),"-",TEXT(B7,"0"),C7) -> p01-3N | F7: 7
A8: 1 | B8: 3 | C8: M | D8: =_xlfn.CONCAT("p",TEXT(A8,"00"),"-",TEXT(B8,"0"),C8) -> p01-3M | F8: 8
A9: 1 | B9: 3 | C9: S | D9: =_xlfn.CONCAT("p",TEXT(A9,"00"),"-",TEXT(B9,"0"),C9) -> p01-3S | F9: 9
A10: 1 | B10: 4 | C10: N | D10: =_xlfn.CONCAT("p",TEXT(A10,"00"),"-",TEXT(B10,"0"),C10) -> p01-4N | F10: 10
A11: 1 | B11: 4 | C11: M | D11: =_xlfn.CONCAT("p",TEXT(A11,"00"),"-",TEXT(B11,"0"),C11) -> p01-4M | F11: 11
A12: 1 | B12: 4 | C12: S | D12: =_xlfn.CONCAT("p",TEXT(A12,"00"),"-",TEXT(B12,"0"),C12) -> p01-4S | F12: 12
... A144: 12 | B144: 1 | C144: N | D144: =_xlfn.CONCAT("p",TEXT(A144,"00"),"-",TEXT(B144,"0"),C144) -> p12-1N | F144: 133

Sheet Blank Data Sheet
A1: 2022 | B1: F13b4 | E1: date: | I1: doy:
B2: Cotton | F2: time:
A3: Canopy Heights & Widths | F3: by:
B5: Canopy Heights/LAI in row 5. Three measurements per plot.
B6: At both the Canopy Measurement points and the LAI measurement point.
B7: Canopy Height & LAI flags may not be exactly at the GPS points - I adjusted depending on skips in rows. SMM
B8: Plot | D8: Flag | E8: Canopy Height (cm) | F8: Canopy Width (cm) | G8: NAWF | H8: NAWF | I8: NAWF
B9: 01- | C9: 1 | D9: North
D10: Mid
D11: South
B12: 01- | C12: 2 | D12: North
D13: Mid
D14: South
B15: 01- | C15: 3 | D15: North
D16: Mid
D17: South
B18: 01- | C18: 4 | D18: North
D19: Mid
D20: South
B21: 02- | C21: 4 | D21: South
D22: Mid
D23: North
B24: 02- | C24: 3 | D24: South
D25: Mid
D26: North
B27: 02- | C27: 2 | D27: South
D28: Mid
D29: North
B30: 02- | C30: 1 | D30: South
D31: Mid
D32: North
B33: 03- | C33: 1 | D33: North
D34: Mid
D35: South
B36: 03- | C36: 2 | D36: North
D37: Mid
D38: South
B39: 03- | C39: 3 | D39: North
D40: Mid
D41: South
B42: 03- | C42: 4 | D42: North
D43: Mid
D44: South
B45: 04- | C45: 4 | D45: South
D46: Mid
D47: North
B48: 04- | C48: 3 | D48: South
D49: Mid
D50: North
B51: 04- | C51: 2 | D51: South
D52: Mid
D53: North
B54: 04- | C54: 1 | D54: South
D55: Mid
D56: North
B57: 05- | C57: 1 | D57: North
D58: Mid
D59: South
B60: 05- | C60: 2 | D60: North
D61: Mid
D62: South
B63: 05- | C63: 3 | D63: North
D64: Mid
D65: South
B66: 05- | C66: 4 | D66: North
D67: Mid
D68: South
B69: 06- | C69: 4 | D69: South
D70: Mid
D71: North
B72: 06- | C72: 3 | D72: South
D73: Mid
D74: North
B75: 06- | C75: 2 | D75: South
D76: Mid
D77: North
B78: 06- | C78: 1 | D78: South
D79: Mid
D80: North
B81: 07- | C81: 1 | D81: North
D82: Mid
D83: South
B84: 07- | C84: 2 | D84: North
D85: Mid
D86: South
B87: 07- | C87: 3 | D87: North
D88: Mid
D89: South
B90: 07- | C90: 4 | D90: North
D91: Mid
D92: South
B93: 08- | C93: 4 | D93: South
D94: Mid
D95: North
B96: 08- | C96: 3 | D96: South
D97: Mid
D98: North
B99: 08- | C99: 2 | D99: South
D100: Mid
D101: North
...

Sheet Height Summary
A1: Summary | B1: 2021 | D1: F13b4 | O1: Removed
O2: calculated
B3: Canopy Heights - Summary | O3: data 9/18/2024
D8: Initials: | G8: SMM | H8: SMM | I8: SMM | J8: SMM | K8: SMM | L8: SMM | M8: SMM | N8: SMM | O8: SMM | P8: SMM | Q8: SMM
D9: Date: | G9: 44348 | H9: 44354 | I9: 44364 | J9: 44371 | K9: 44378 | L9: 44390 | M9: 44396 | N9: 44413 | O9: 44420 | P9: 44427 | Q9: 44446
D10: DOY: | G10: 152 | H10: 158 | I10: 168 | J10: 175 | K10: 182 | L10: 194 | M10: 200 | N10: 217 | O10: 224 | P10: 238 | Q10: 250
D11: Time: | G11: 1430-1600 | H11: 1000-1130 | I11: 0945-1145 | J11: 1130-1245 | K11: 1015-1130 | L11: 1000-1245 | M11: 0930-1230 | N11: 1000-1315 | O11: 0930-1245 | P11: 0915-1300 | Q11: 0900-1330
B12: Plot | D12: Flag | E12: TRT | F12: Variety | G12: Height (cm) | H12: Height (cm) | I12: Height (cm) | J12: Height (cm) | K12: Height (cm) | L12: Height (cm) | M12: Height (cm) | N12: Height (cm) | O12: Height (cm) | P12: Height (cm) | Q12: Height (cm) | R12: Height (cm) | S12: Height (cm) | T12: Height (cm) | U12: Height (cm) | V12: Height (cm) | W12: Height (cm) | X12: Height (cm)
B13: 01- | C13: 1 | D13: North | E13: FAO | F13: NG4936 | G13: 18 | H13: 23 | I13: 31 | J13: 37 | K13: 53 | L13: 85 | M13: 100 | N13: 118 | P13: 162 | Q13: 170
D14: Mid | E14: FAO | F14: NG4936 | G14: 17 | H14: 25 | I14: 32 | J14: 43 | K14: 61 | L14: 95 | M14: 113 | N14: 130 | O14: 139 | P14: 147
D15: South | E15: FAO | F15: NG4936 | G15: 12 | H15: 17 | I15: 22 | J15: 30 | K15: 43 | L15: 70 | M15: 93 | N15: 114 | O15: 138 | P15: 155
B16: 01- | C16: 2 | D16: North | E16: CSM-N | F16: NG4936 | G16: 12 | H16: 19 | I16: 25 | J16: 36 | K16: 42 | L16: 52 | M16: 70 | N16: 88 | O16: 114 | P16: 136
D17: Mid | E17: CSM-N | F17: NG4936 | G17: 10 | H17: 19 | I17: 26 | J17: 38 | K17: 41 | L17: 46 | M17: 68 | N17: 89 | O17: 119 | P17: 142
D18: South | E18: CSM-N | F18: NG4936 | G18: 9 | H18: 14 | I18: 21 | J18: 28 | K18: 34 | L18: 45 | M18: 55 | N18: 68 | O18: 84 | P18: 100
B19: 01- | C19: 3 | D19: North | E19: AQC-N | F19: NG4936 | G19: 12 | H19: 18 | I19: 26 | J19: 33 | K19: 38 | L19: 53 | M19: 68 | N19: 82 | O19: 105 | P19: 126
D20: Mid | E20: AQC-N | F20: NG4936 | G20: 12 | H20: 22 | I20: 33 | J20: 45 | K20: 53 | L20: 71 | M20: 87 | N20: 103 | O20: 131 | P20: 154
D21: South | E21: AQC-N | F21: NG4936 | G21: 13 | H21: 19 | I21: 26 | J21: 31 | K21: 42 | L21: 67 | M21: 79 | N21: 90 | O21: 113 | P21: 134
B22: 01- | C22: 4 | D22: North | E22: AQC | F22: NG4936 | G22: 9 | H22: 12 | I22: 15 | J22: 20 | K22: 30 | L22: 48 | M22: 63 | N22: 80 | O22: 102 | P22: 119
D23: Mid | E23: AQC | F23: NG4936 | G23: 10 | H23: 14 | I23: 17 | J23: 23 | K23: 38 | L23: 70 | M23: 85 | N23: 101 | O23: 125 | P23: 144
D24: South | E24: AQC | F24: NG4936 | G24: 15 | H24: 23 | I24: 31 | J24: 42 | K24: 64 | L24: 103 | M24: 121 | N24: 137 | O24: 153 | P24: 169 | Q24: 193
B25: 02- | C25: 4 | D25: South | E25: AQC | F25: NG3195 | G25: 16 | H25: 26 | I25: 37 | J25: 48 | K25: 63 | L25: 99 | M25: 114 | N25: 131 | O25: 151 | P25: 167 | Q25: 187
D26: Mid | E26: AQC | F26: NG3195 | G26: 16 | H26: 23 | I26: 32 | J26: 42 | K26: 60 | L26: 97 | M26: 111 | N26: 133 | O26: 156 | P26: 175 | Q26: 183
D27: North | E27: AQC | F27: NG3195 | G27: 15 | H27: 22 | I27: 30 | J27: 41 | K27: 56 | L27: 89 | M27: 100 | N27: 115 | O27: 142 | P27: 162 | Q27: 182
B28: 02- | C28: 3 | D28: South | E28: AQC-N | F28: NG3195 | G28: 15 | H28: 23 | I28: 30 | J28: 38 | K28: 50 | L28: 71 | M28: 86 | N28: 99 | O28: 128 | P28: 152
D29: Mid | E29: AQC-N | F29: NG3195 | G29: 17 | H29: 24 | I29: 30 | J29: 37 | K29: 49 | L29: 74 | M29: 91 | N29: 105 | O29: 126 | P29: 143
D30: North | E30: AQC-N | F30: NG3195 | G30: 17 | H30: 26 | I30: 32 | J30: 40 | K30: 51 | L30: 73 | M30: 88 | N30: 102 | O30: 130 | P30: 151
B31: 02- | C31: 2 | D31: South | E31: CSM-N | F31: NG3195 | G31: 18 | H31: 28 | I31: 40 | J31: 53 | K31: 59 | L31: 70 | M31: 84 | N31: 98 | O31: 122 | P31: 141
D32: Mid | E32: CSM-N | F32: NG3195 | G32: 23 | H32: 32 | I32: 42 | J32: 55 | K32: 62 | L32: 76 | M32: 97 | N32: 117 | O32: 142 | P32: 165 | Q32: 184
D33: North | E33: CSM-N | F33: NG3195 | G33: 21 | H33: 33 | I33: 45 | J33: 58 | K33: 68 | L33: 86 | M33: 101 | N33: 117 | O33: 140 | P33: 159 | Q33: 179
B34: 02- | C34: 1 | D34: South | E34: FAO | F34: NG3195 | G34: 19 | H34: 30 | I34: 43 | J34: 56 | K34: 68 | L34: 95 | M34: 113 | N34: 130 | O34: 160 | P34: 184 | Q34: 196
D35: Mid | E35: FAO | F35: NG3195 | G35: 17 | H35: 26 | I35: 35 | J35: 48 | K35: 58 | L35: 78 | M35: 91 | N35: 106 | O35: 141 | P35: 167 | Q35: 186
D36: North | E36: FAO | F36: NG3195 | G36: 18 | H36: 28 | I36: 41 | J36: 52 | K36: 68 | L36: 97 | M36: 115 | N36: 133 | O36: 160 | P36: 185 | Q36: 97
B37: 03- | C37: 1 | D37: North | E37: AQC-N | F37: NG3195 | G37: 23 | H37: 34 | I37: 48 | J37: 63 | K37: 73 | L37: 96 | M37: 113 | N37: 129 | O37: 151 | P37: 171 | Q37: 191
D38: Mid | E38: AQC-N | F38: NG3195 | G38: 15 | H38: 25 | I38: 37 | J38: 51 | K38: 62 | L38: 79 | M38: 95 | N38: 111 | O38: 136 | P38: 157 | Q38: 178
D39: South | E39: AQC-N | F39: NG3195 | G39: 18 | H39: 30 | I39: 44 | J39: 59 | K39: 71 | L39: 99 | M39: 122 | N39: 143 | O39: 160 | P39: 174 | Q39: 190
B40: 03- | C40: 2 | D40: North | E40: FAO-N | F40: NG3195 | G40: 21 | H40: 21 | I40: 21 | J40: 58 | K40: 73 | L40: 100 | M40: 139 | N40: 159 | O40: 183 | P40: 203 | Q40: 200
D41: Mid | E41: FAO-N | F41: NG3195 | G41: 20 | H41: 32 | I41: 44 | J41: 54 | K41: 69 | L41: 98 | M41: 115 | N41: 132 | O41: 169 | P41: 197 | Q41: 201
D42: South | E42: FAO-N | F42: NG3195 | G42: 22 | H42: 35 | I42: 49 | J42: 62 | K42: 75 | L42: 103 | M42: 118 | N42: 133 | O42: 165 | P42: 191 | Q42: 193
B43: 03- | C43: 3 | D43: North | E43: CSM | F43: NG3195 | G43: 19 | H43: 29 | I43: 38 | J43: 48 | K43: 62 | L43: 92 | M43: 104 | N43: 117 | O43: 165 | P43: 205 | Q43: 195
D44: Mid | E44: CSM | F44: NG3195 | G44: 19 | H44: 29 | I44: 42 | J44: 51 | K44: 68 | L44: 104 | M44: 125 | N44: 147 | O44: 173 | P44: 197 | Q44: 194
D45: South | E45: CSM | F45: NG3195 | G45: 19 | H45: 31 | I45: 43 | J45: 54 | K45: 69 | L45: 103 | M45: 125 | N45: 146 | O45: 172 | P45: 195 | Q45: 201
B46: 03- | C46: 4 | D46: North | E46: FAO | F46: NG3195 | G46: 18 | H46: 18 | I46: 39 | J46: 48 | K46: 62 | L46: 91 | M46: 102 | N46: 114 | O46: 144 | P46: 170 | Q46: 185
D47: Mid | E47: FAO | F47: NG3195 | G47: 13 | H47: 17 | I47: 25 | J47: 32 | K47: 41 | L47: 63 | M47: 79 | N47: 95 | O47: 118 | P47: 132
D48: South | E48: FAO | F48: NG3195 | G48: 16 | H48: 26 | I48: 39 | J48: 52 | K48: 67 | L48: 98 | M48: 119 | N48: 137 | O48: 163 | P48: 185 | Q48: 198
B49: 04- | C49: 4 | D49: South | E49: FAO | F49: NG4936 | G49: 17 | H49: 23 | I49: 30 | J49: 38 | K49: 54 | L49: 85 | M49: 105 | N49: 123 | O49: 141 | P49: 156 | Q49: 182
D50: Mid | E50: FAO | F50: NG4936 | G50: 15 | H50: 24 | I50: 33 | J50: 41 | K50: 56 | L50: 85 | M50: 104 | N50: 121 | O50: 146 | P50: 166 | Q50: 190
D51: North | E51: FAO | F51: NG4936 | G51: 11 | H51: 20 | I51: 27 | J51: 37 | K51: 54 | L51: 88 | M51: 107 | N51: 125 | O51: 144 | P51: 159 | Q51: 179
B52: 04- | C52: 3 | D52: South | E52: CSM | F52: NG4936 | G52: 12 | H52: 12 | I52: 12 | J52: 33 | K52: 41 | L52: 59 | M52: 76 | N52: 92 | O52: 121 | P52: 143
D53: Mid | E53: CSM | F53: NG4936 | G53: 15 | H53: 25 | I53: 36 | J53: 49 | K53: 63 | L53: 95 | M53: 111 | N53: 127 | O53: 160 | P53: 187 | Q53: 191
D54: North | E54: CSM | F54: NG4936 | G54: 12 | H54: 22 | I54: 34 | J54: 46 | K54: 61 | L54: 93 | M54: 107 | N54: 125 | O54: 157 | P54: 183 | Q54: 194
B55: 04- | C55: 2 | D55: South | E55: FAO-N | F55: NG4936 | G55: 13 | H55: 22 | I55: 31 | J55: 38 | K55: 52 | L55: 79 | M55: 104 | N55: 129 | O55: 158 | P55: 182 | Q55: 189
D56: Mid | E56: FAO-N | F56: NG4936 | G56: 11 | H56: 11 | I56: 11 | J56: 35 | K56: 54 | L56: 90 | M56: 112 | N56: 134 | O56: 168 | P56: 195 | Q56: 185
D57: North | E57: FAO-N | F57: NG4936 | G57: 10 | H57: 10 | I57: 10 | J57: 37 | K57: 52 | L57: 80 | M57: 110 | N57: 139 | O57: 173 | P57: 203 | Q57: 197
B58: 04- | C58: 1 | D58: South | E58: AQC-N | F58: NG4936 | G58: 11 | H58: 11 | I58: 11 | J58: 38 | K58: 54 | L58: 83 | M58: 106 | N58: 129 | O58: 163 | P58: 191 | Q58: 200
D59: Mid | E59: AQC-N | F59: NG4936 | G59: 11 | H59: 21 | I59: 30 | J59: 40 | K59: 57 | L59: 91 | M59: 109 | N59: 126 | O59: 163 | P59: 196 | Q59: 199
D60: North | E60: AQC-N | F60: NG4936 | G60: 15 | H60: 23 | I60: 33 | J60: 45 | K60: 61 | L60: 92 | M60: 116 | N60: 143 | O60: 174 | P60: 200 | Q60: 192
B61: 05- | C61: 1 | D61: North | E61: AQC | F61: NG3195 | G61: 21 | H61: 31 | I61: 44 | J61: 57 | K61: 71 | L61: 99 | M61: 119 | N61: 140 | P61: 166 | Q61: 184
D62: Mid | E62: AQC | F62: NG3195 | G62: 20 | H62: 30 | I62: 42 | J62: 53 | K62: 70 | L62: 101 | M62: 119 | N62: 137 | P62: 160 | Q62: 175
D63: South | E63: AQC | F63: NG3195 | G63: 19 | H63: 28 | I63: 39 | J63: 50 | K63: 62 | L63: 87 | M63: 103 | N63: 119 | P63: 141 | Q63: 160
B64: 05- | C64: 2 | D64: North | E64: CSM | F64: NG3195 | G64: 21 | H64: 30 | I64: 41 | J64: 50 | K64: 62 | L64: 87 | M64: 117 | N64: 145 | P64: 182 | Q64: 195
D65: Mid | E65: CSM | F65: NG3195 | G65: 18 | H65: 29 | I65: 42 | J65: 54 | K65: 69 | L65: 99 | M65: 119 | N65: 139 | P65: 165 | Q65: 183
D66: South | E66: CSM | F66: NG3195 | G66: 17 | H66: 26 | I66: 35 | J66: 44 | K66: 57 | L66: 88 | M66: 102 | N66: 115 | P66: 133 | Q66: 158
B67: 05- | C67: 3 | D67: North | E67: FAO-N | F67: NG3195 | G67: 17 | H67: 26 | I67: 25 | J67: 46 | K67: 56 | L67: 77 | M67: 92 | N67: 106 | P67: 125
D68: Mid | E68: FAO-N | F68: NG3195 | G68: 13 | H68: 16 | I68: 18 | J68: 23 | K68: 36 | L68: 59 | M68: 74 | N68: 89 | P68: 111
D69: South | E69: FAO-N | F69: NG3195 | G69: 15 | H69: 28 | I69: 42 | J69: 55 | K69: 64 | L69: 83 | M69: 102 | N69: 122 | P69: 148
B70: 05- | C70: 4 | D70: North | E70: CSM-N | F70: NG3195 | G70: 15 | H70: 15 | I70: 15 | J70: 45 | K70: 57 | L70: 84 | M70: 100 | N70: 115 | P70: 136
D71: Mid | E71: CSM-N | F71: NG3195 | G71: 18 | H71: 30 | I71: 41 | J71: 52 | K71: 64 | L71: 89 | M71: 102 | N71: 115 | P71: 133
D72: South | E72: CSM-N | F72: NG3195 | G72: 16 | H72: 25 | I72: 35 | J72: 47 | K72: 56 | L72: 73 | M72: 87 | N72: 101 | P72: 120
B73: 06- | C73: 4 | D73: South | E73: CSM-N | F73: NG4936 | G73: 15 | H73: 25 | I73: 36 | J73: 46 | K73: 58 | L73: 80 | M73: 92 | N73: 103 | P73: 117
D74: Mid | E74: CSM-N | F74: NG4936 | G74: 10 | H74: 20 | I74: 29 | J74: 38 | K74: 52 | L74: 78 | M74: 92 | N74: 106 | P74: 125
D75: North | E75: CSM-N | F75: NG4936 | G75: 11 | H75: 22 | I75: 34 | J75: 45 | K75: 61 | L75: 93 | M75: 113 | N75: 133 | P75: 161 | Q75: 189
B76: 06- | C76: 3 | D76: South | E76: FAO-N | F76: NG4936 | G76: 14 | H76: 23 | I76: 34 | J76: 43 | K76: 65 | L76: 98 | M76: 113 | N76: 127 | P76: 147
D77: Mid | E77: FAO-N | F77: NG4936 | G77: 10 | H77: 17 | I77: 25 | J77: 33 | K77: 50 | L77: 87 | M77: 109 | N77: 131 | P77: 160 | Q77: 184
D78: North | E78: FAO-N | F78: NG4936 | G78: 12 | H78: 20 | I78: 30 | J78: 39 | K78: 61 | L78: 99 | M78: 120 | N78: 143 | P78: 175 | Q78: 191
B79: 06- | C79: 2 | D79: South | E79: CSM | F79: NG4936 | G79: 13 | H79: 20 | I79: 32 | J79: 41 | K79: 64 | L79: 92 | M79: 111 | N79: 130 | P79: 156 | Q79: 175
D80: Mid | E80: CSM | F80: NG4936 | G80: 12 | H80: 20 | I80: 31 | J80: 40 | K80: 64 | L80: 100 | M80: 122 | N80: 144 | P80: 172 | Q80: 199
D81: North | E81: CSM | F81: NG4936 | G81: 11 | H81: 26 | I81: 41 | J81: 54 | K81: 62 | L81: 102 | M81: 122 | N81: 142 | P81: 167 | Q81: 184
B82: 06- | C82: 1 | D82: South | E82: AQC | F82: NG4936 | G82: 13 | H82: 22 | I82: 32 | J82: 42 | K82: 64 | L82: 98 | M82: 119 | N82: 139 | P82: 166 | Q82: 186
D83: Mid | E83: AQC | F83: NG4936 | G83: 14 | H83: 22 | I83: 33 | J83: 42 | K83: 63 | L83: 105 | M83: 125 | N83: 147 | P83: 177 | Q83: 195
D84: North | E84: AQC | F84: NG4936 | G84: 16 | H84: 27 | I84: 38 | J84: 49 | K84: 58 | L84: 88 | M84: 108 | N84: 127 | P84: 141
B85: 07- | C85: 1 | D85: North | E85: CSM-N | F85: NG4936 | G85: 12 | H85: 21 | I85: 32 | J85: 42 | K85: 52 | L85: 70 | M85: 86 | N85: 102 | P85: 124
D86: Mid | E86: CSM-N | F86: NG4936 | G86: 13 | H86: 22 | I86: 33 | J86: 44 | K86: 54 | L86: 75 | M86: 90 | N86: 105 | P86: 126
D87: South | E87: CSM-N | F87: NG4936 | G87: 12 | H87: 23 | I87: 32 | J87: 43 | K87: 54 | L87: 75 | M87: 88 | N87: 98 | P87: 111
B88: 07- | C88: 2 | D88: North | E88: AQC-N | F88: NG4936 | G88: 11 | H88: 19 | I88: 28 | J88: 38 | K88: 51 | L88: 81 | M88: 105 | N88: 126 | P88: 155
D89: Mid | E89: AQC-N | F89: NG4936 | G89: 9 | H89: 13 | I89: 20 | J89: 26 | K89: 40 | L89: 72 | M89: 91 | N89: 109 | P89: 132
D90: South | E90: AQC-N | F90: NG4936 | G90: 12 | H90: 19 | I90: 30 | J90: 40 | K90: 54 | L90: 81 | M90: 98 | N90: 114 | P90: 136
B91: 07- | C91: 3 | D91: North | E91: FAO-N | F91: NG4936 | G91: 12 | H91: 20 | I91: 27 | J91: 38 | K91: 49 | L91: 74 | M91: 90 | N91: 105 | P91: 125
D92: Mid | E92: FAO-N | F92: NG4936 | G92: 13 | H92: 20 | I92: 31 | J92: 39 | K92: 49 | L92: 70 | M92: 87 | N92: 104 | P92: 127
D93: South | E93: FAO-N | F93: NG4936 | G93: 11 | H93: 19 | I93: 25 | J93: 32 | K93: 45 | L93: 71 | M93: 83 | N93: 95 | P93: 112
B94: 07- | C94: 4 | D94: North | E94: FAO | F94: NG4936 | G94: 11 | H94: 15 | I94: 21 | J94: 28 | K94: 48 | L94: 87 | M94: 103 | N94: 117 | P94: 134
D95: Mid | E95: FAO | F95: NG4936 | G95: 13 | H95: 21 | I95: 28 | J95: 37 | K95: 56 | L95: 93 | M95: 112 | N95: 132 | P95: 160 | Q95: 176
D96: South | E96: FAO | F96: NG4936 | G96: 13 | H96: 25 | I96: 38 | J96: 50 | K96: 68 | L96: 103 | M96: 114 | N96: 124 | P96: 140 | Q96: =P96+20 -> 160
B97: 08- | C97: 4 | D97: South | E97: FAO | F97: NG3195 | G97: 14 | H97: 23 | I97: 34 | J97: 43 | K97: 58 | L97: 89 | M97: 105 | N97: 123 | P97: 146 | Q97: =P97+20 -> 166
D98: Mid | E98: FAO | F98: NG3195 | G98: 17 | H98: 26 | I98: 37 | J98: 49 | K98: 64 | L98: 93 | M98: 106 | N98: 119 | P98: 168 | Q98: 180
D99: North | E99: FAO | F99: NG3195 | G99: 15 | H99: 24 | I99: 34 | J99: 45 | K99: 61 | L99: 94 | M99: 110 | N99: 126 | P99: 148
B100: 08- | C100: 3 | D100: South | E100: FAO-N | F100: NG3195 | G100: 13 | H100: 22 | I100: 30 | J100: 39 | K100: 49 | L100: 70 | M100: 79 | N100: 90 | P100: 105
D101: Mid | E101: FAO-N | F101: NG3195 | G101: 14 | H101: 22 | I101: 31 | J101: 42 | K101: 54 | L101: 84 | M101: 98 | N101: 112 | P101: 130
D102: North | E102: FAO-N | F102: NG3195 | G102: 17 | H102: 25 | I102: 35 | J102: 46 | K102: 58 | L102: 82 | M102: 94 | N102: 107 | P102: 125
B103: 08- | C103: 2 | D103: South | E103: AQC-N | F103: NG3195 | G103: 13 | H103: 24 | I103: 35 | J103: 47 | K103: 59 | L103: 83 | M103: 102 | N103: 120 | P103: 144
D104: Mid | E104: AQC-N | F104: NG3195 | G104: 15 | H104: 25 | I104: 35 | J104: 46 | K104: 61 | L104: 88 | M104: 108 | N104: 126 | P104: 151
...

Sheet Cover Summary
A1: Summary | B1: 2021 | D1: F13b4 | H1: Cotton
B3: Canopy Heights - Summary | J3: "--" = closed canopy
D8: Initials: | G8: SMM | H8: SMM | I8: SMM | J8: SMM | K8: SMM | L8: SMM | M8: SMM | N8: SMM | O8: SMM | P8: SMM | Q8: SMM
D9: Date: | G9: 44348 | H9: 44354 | I9: 44364 | J9: 44371 | K9: 44378 | L9: 44390 | M9: 44396 | N9: 44413 | O9: 44420 | P9: 44427 | Q9: 44446
D10: DOY: | G10: 152 | H10: 158 | I10: 168 | J10: 175 | K10: 182 | L10: 194 | M10: 200 | N10: 217 | O10: 224 | P10: 238 | Q10: 250
D11: Time: | G11: 1430-1600 | H11: 1030-1200 | I11: 1000-1115 | J11: 1130-1245 | K11: 1015-1130 | L11: 1000-1245 | M11: 0930-1230 | N11: 1000-1315 | O11: 0930-1245 | P11: 0915-1300 | Q11: 0900-1330
B12: Plot | D12: Flag | E12: TRT | F12: Variety | G12: Canopy Width (cm) | H12: Canopy Width (cm) | I12: Canopy Width (cm) | J12: Canopy Width (cm) | K12: Canopy Width (cm) | L12: Canopy Width (cm) | M12: Canopy Width (cm) | N12: Canopy Width (cm) | O12: Canopy Width (cm) | P12: Canopy Width (cm) | Q12: Canopy Width (cm) | R12: Canopy Width (cm) | S12: Canopy Width (cm) | T12: Canopy Width (cm)
B13: 01- | C13: 1 | D13: North | E13: FAO | F13: NG4936 | G13: 14 | H13: 22 | I13: 32 | J13: 40 | K13: 54 | L13: 76 | M13: 81 | N13: 89 | O13: -- | P13: -- | Q13: --
D14: Mid | E14: FAO | F14: NG4936 | G14: 12 | H14: 23 | I14: 36 | J14: 46 | K14: 61 | L14: 83 | M14: 87 | N14: 95 | O14: -- | P14: -- | Q14: --
D15: South | E15: FAO | F15: NG4936 | G15: 10 | H15: 17 | I15: 25 | J15: 33 | K15: 47 | L15: 68 | M15: 81 | N15: 80 | O15: 98 | P15: -- | Q15: --
B16: 01- | C16: 2 | D16: North | E16: CSM-N | F16: NG4936 | G16: 11 | H16: 18 | I16: 26 | J16: 33 | K16: 38 | L16: 46 | M16: 57 | N16: 77 | O16: 86 | P16: -- | Q16: --
D17: Mid | E17: CSM-N | F17: NG4936 | G17: 10 | H17: 18 | I17: 27 | J17: 35 | K17: 37 | L17: 41 | M17: 56 | N17: 82 | O17: 93 | P17: -- | Q17: --
D18: South | E18: CSM-N | F18: NG4936 | G18: 7 | H18: 14 | I18: 21 | J18: 26 | K18: 31 | L18: 41 | M18: 48 | N18: 64 | O18: 86 | P18: 91 | Q18: --
B19: 01- | C19: 3 | D19: North | E19: AQC-N | F19: NG4936 | G19: 9 | H19: 18 | I19: 29 | J19: 38 | K19: 44 | L19: 52 | M19: 58 | N19: 73 | O19: 81 | P19: 94 | Q19: --
D20: Mid | E20: AQC-N | F20: NG4936 | G20: 12 | H20: 19 | I20: 28 | J20: 35 | K20: 46 | L20: 63 | M20: 72 | N20: 88 | O20: -- | P20: -- | Q20: --
D21: South | E21: AQC-N | F21: NG4936 | G21: 12 | H21: 19 | I21: 29 | J21: 36 | K21: 45 | L21: 59 | M21: 62 | N21: 74 | O21: 83 | P21: -- | Q21: --
B22: 01- | C22: 4 | D22: North | E22: AQC | F22: NG4936 | G22: 9 | H22: 13 | I22: 17 | J22: 21 | K22: 30 | L22: 43 | M22: 51 | N22: 65 | O22: 77 | P22: -- | Q22: --
D23: Mid | E23: AQC | F23: NG4936 | G23: 9 | H23: 14 | I23: 23 | J23: 30 | K23: 11 | L23: 67 | M23: 73 | N23: 84 | O23: 90 | P23: -- | Q23: --
D24: South | E24: AQC | F24: NG4936 | G24: 14 | H24: 25 | I24: 38 | J24: 50 | K24: 62 | L24: 80 | M24: 87 | N24: 95 | O24: -- | P24: -- | Q24: --
B25: 02- | C25: 4 | D25: South | E25: AQC | F25: NG3195 | G25: 15 | H25: 26 | I25: 39 | J25: 49 | K25: 58 | L25: 72 | M25: 79 | N25: 93 | O25: -- | P25: -- | Q25: --
D26: Mid | E26: AQC | F26: NG3195 | G26: 14 | H26: 24 | I26: 35 | J26: 46 | K26: 56 | L26: 72 | M26: 80 | N26: 95 | O26: -- | P26: -- | Q26: --
D27: North | E27: AQC | F27: NG3195 | G27: 13 | H27: 23 | I27: 34 | J27: 45 | K27: 55 | L27: 71 | M27: 79 | N27: 93 | O27: -- | P27: -- | Q27: --
B28: 02- | C28: 3 | D28: South | E28: AQC-N | F28: NG3195 | G28: 15 | H28: 21 | I28: 29 | J28: 35 | K28: 43 | L28: 56 | M28: 65 | N28: 84 | O28: 93 | P28: -- | Q28: --
D29: Mid | E29: AQC-N | F29: NG3195 | G29: 15 | H29: 21 | I29: 30 | J29: 37 | K29: 46 | L29: 63 | M29: 70 | N29: 83 | O29: 91 | P29: -- | Q29: --
D30: North | E30: AQC-N | F30: NG3195 | G30: 16 | H30: 21 | I30: 27 | J30: 33 | K30: 43 | L30: 59 | M30: 66 | N30: 82 | O30: 90 | P30: -- | Q30: --
B31: 02- | C31: 2 | D31: South | E31: CSM-N | F31: NG3195 | G31: 19 | H31: 24 | I31: 30 | J31: 35 | K31: 44 | L31: 57 | M31: 65 | N31: 81 | O31: 90 | P31: -- | Q31: --
D32: Mid | E32: CSM-N | F32: NG3195 | G32: 21 | H32: 27 | I32: 33 | J32: 40 | K32: 50 | L32: 66 | M32: 74 | N32: 90 | O32: 99 | P32: -- | Q32: --
D33: North | E33: CSM-N | F33: NG3195 | G33: 20 | H33: 27 | I33: 33 | J33: 42 | K33: 51 | L33: 67 | M33: 78 | N33: 98 | O33: -- | P33: -- | Q33: --
B34: 02- | C34: 1 | D34: South | E34: FAO | F34: NG3195 | G34: 17 | H34: 27 | I34: 40 | J34: 50 | K34: 59 | L34: 72 | M34: 83 | N34: -- | O34: -- | P34: -- | Q34: --
D35: Mid | E35: FAO | F35: NG3195 | G35: 15 | H35: 24 | I35: 36 | J35: 45 | K35: 55 | L35: 70 | M35: 81 | N35: -- | O35: -- | P35: -- | Q35: --
D36: North | E36: FAO | F36: NG3195 | G36: 18 | H36: 26 | I36: 35 | J36: 44 | K36: 57 | L36: 77 | M36: 86 | N36: -- | O36: -- | P36: -- | Q36: --
B37: 03- | C37: 1 | D37: North | E37: AQC-N | F37: NG3195 | G37: 20 | H37: 33 | I37: 48 | J37: 61 | K37: 69 | L37: 82 | M37: 88 | N37: -- | O37: -- | P37: -- | Q37: --
D38: Mid | E38: AQC-N | F38: NG3195 | G38: 14 | H38: 22 | I38: 34 | J38: 44 | K38: 55 | L38: 72 | M38: 79 | N38: 91 | O38: -- | P38: -- | Q38: --
D39: South | E39: AQC-N | F39: NG3195 | G39: 16 | H39: 28 | I39: 43 | J39: 54 | K39: 68 | L39: 85 | M39: 91 | N39: -- | O39: -- | P39: -- | Q39: --
B40: 03- | C40: 2 | D40: North | E40: FAO-N | F40: NG3195 | G40: 18 | H40: 30 | I40: 44 | J40: 56 | K40: 66 | L40: 82 | M40: 87 | N40: -- | O40: -- | P40: -- | Q40: --
D41: Mid | E41: FAO-N | F41: NG3195 | G41: 17 | H41: 29 | I41: 44 | J41: 56 | K41: 66 | L41: 81 | M41: 86 | N41: -- | O41: -- | P41: -- | Q41: --
D42: South | E42: FAO-N | F42: NG3195 | G42: 18 | H42: 30 | I42: 46 | J42: 59 | K42: 73 | L42: 93 | M42: -- | N42: -- | O42: -- | P42: -- | Q42: --
B43: 03- | C43: 3 | D43: North | E43: CSM | F43: NG3195 | G43: 17 | H43: 27 | I43: 39 | J43: 49 | K43: 60 | L43: 77 | M43: 85 | N43: -- | O43: -- | P43: -- | Q43: --
D44: Mid | E44: CSM | F44: NG3195 | G44: 17 | H44: 27 | I44: 39 | J44: 48 | K44: 52 | L44: 81 | M44: 89 | N44: -- | O44: -- | P44: -- | Q44: --
D45: South | E45: CSM | F45: NG3195 | G45: 18 | H45: 30 | I45: 44 | J45: 55 | K45: 70 | L45: 92 | M45: 86 | N45: -- | O45: -- | P45: -- | Q45: --
B46: 03- | C46: 4 | D46: North | E46: FAO | F46: NG3195 | G46: 18 | H46: 26 | I46: 35 | J46: 43 | K46: 56 | L46: 75 | M46: 82 | N46: 96 | O46: -- | P46: -- | Q46: --
D47: Mid | E47: FAO | F47: NG3195 | G47: 12 | H47: 14 | I47: 22 | J47: 28 | K47: 36 | L47: 51 | M47: 61 | N47: 78 | O47: 90 | P47: -- | Q47: --
D48: South | E48: FAO | F48: NG3195 | G48: 14 | H48: 24 | I48: 39 | J48: 50 | K48: 61 | L48: 78 | M48: 84 | N48: 95 | O48: -- | P48: -- | Q48: --
B49: 04- | C49: 4 | D49: South | E49: FAO | F49: NG4936 | G49: 14 | H49: 22 | I49: 32 | J49: 39 | K49: 52 | L49: 72 | M49: 82 | N49: 96 | O49: -- | P49: -- | Q49: --
D50: Mid | E50: FAO | F50: NG4936 | G50: 13 | H50: 21 | I50: 31 | J50: 39 | K50: 52 | L50: 71 | M50: 83 | N50: -- | O50: -- | P50: -- | Q50: --
D51: North | E51: FAO | F51: NG4936 | G51: 9 | H51: 17 | I51: 29 | J51: 38 | K51: 53 | L51: 76 | M51: 85 | N51: -- | O51: -- | P51: -- | Q51: --
B52: 04- | C52: 3 | D52: South | E52: CSM | F52: NG4936 | G52: 11 | H52: 15 | I52: 21 | J52: 25 | K52: 35 | L52: 51 | M52: 60 | N52: 80 | O52: 93 | P52: -- | Q52: --
D53: Mid | E53: CSM | F53: NG4936 | G53: 15 | H53: 25 | I53: 37 | J53: 44 | K53: 56 | L53: 74 | M53: 84 | N53: -- | O53: -- | P53: -- | Q53: --
D54: North | E54: CSM | F54: NG4936 | G54: 10 | H54: 21 | I54: 35 | J54: 45 | K54: 58 | L54: 78 | M54: 88 | N54: -- | O54: -- | P54: -- | Q54: --
B55: 04- | C55: 2 | D55: South | E55: FAO-N | F55: NG4936 | G55: 13 | H55: 24 | I55: 37 | J55: 47 | K55: 60 | L55: 78 | M55: 86 | N55: -- | O55: -- | P55: -- | Q55: --
D56: Mid | E56: FAO-N | F56: NG4936 | G56: 11 | H56: 20 | I56: 30 | J56: 38 | K56: 51 | L56: 71 | M56: 81 | N56: -- | O56: -- | P56: -- | Q56: --
D57: North | E57: FAO-N | F57: NG4936 | G57: 9 | H57: 17 | I57: 30 | J57: 41 | K57: 54 | L57: 74 | M57: 84 | N57: -- | O57: -- | P57: -- | Q57: --
B58: 04- | C58: 1 | D58: South | E58: AQC-N | F58: NG4936 | G58: 10 | H58: 19 | I58: 30 | J58: 38 | K58: 53 | L58: 75 | M58: 83 | N58: 97 | O58: -- | P58: -- | Q58: --
D59: Mid | E59: AQC-N | F59: NG4936 | G59: 11 | H59: 21 | I59: 33 | J59: 42 | K59: 55 | L59: 73 | M59: 85 | N59: -- | O59: -- | P59: -- | Q59: --
D60: North | E60: AQC-N | F60: NG4936 | G60: 14 | H60: 24 | I60: 37 | J60: 47 | K60: 57 | L60: 72 | M60: 82 | N60: -- | O60: -- | P60: -- | Q60: --
B61: 05- | C61: 1 | D61: North | E61: AQC | F61: NG3195 | G61: 21 | H61: 33 | I61: 48 | J61: 60 | K61: 71 | L61: 87 | M61: __ | N61: -- | O61: -- | P61: -- | Q61: --
D62: Mid | E62: AQC | F62: NG3195 | G62: 18 | H62: 29 | I62: 45 | J62: 57 | K62: 69 | L62: 89 | M62: 94 | N62: -- | O62: -- | P62: -- | Q62: --
D63: South | E63: AQC | F63: NG3195 | G63: 17 | H63: 28 | I63: 42 | J63: 52 | K63: 64 | L63: 83 | M63: 88 | N63: -- | O63: -- | P63: -- | Q63: --
B64: 05- | C64: 2 | D64: North | E64: CSM | F64: NG3195 | G64: 19 | H64: 29 | I64: 42 | J64: 52 | K64: 64 | L64: 84 | M64: 91 | N64: -- | O64: -- | P64: -- | Q64: --
D65: Mid | E65: CSM | F65: NG3195 | G65: 15 | H65: 26 | I65: 40 | J65: 51 | K65: 63 | L65: 81 | M65: 88 | N65: -- | O65: -- | P65: -- | Q65: --
D66: South | E66: CSM | F66: NG3195 | G66: 15 | H66: 23 | I66: 32 | J66: 39 | K66: 53 | L66: 76 | M66: 83 | N66: 95 | O66: -- | P66: -- | Q66: --
B67: 05- | C67: 3 | D67: North | E67: FAO-N | F67: NG3195 | G67: 16 | H67: 24 | I67: 34 | J67: 42 | K67: 53 | L67: 73 | M67: 79 | N67: 91 | O67: -- | P67: -- | Q67: --
D68: Mid | E68: FAO-N | F68: NG3195 | G68: 10 | H68: 13 | I68: 19 | J68: 23 | K68: 31 | L68: 43 | M68: 52 | N68: 68 | O68: 78 | P68: 94 | Q68: --
D69: South | E69: FAO-N | F69: NG3195 | G69: 15 | H69: 27 | I69: 41 | J69: 53 | K69: 63 | L69: 77 | M69: 85 | N69: 99 | O69: -- | P69: -- | Q69: --
B70: 05- | C70: 4 | D70: North | E70: CSM-N | F70: NG3195 | G70: 14 | H70: 23 | I70: 34 | J70: 43 | K70: 55 | L70: 74 | M70: 80 | N70: 91 | O70: -- | P70: -- | Q70: --
D71: Mid | E71: CSM-N | F71: NG3195 | G71: 16 | H71: 27 | I71: 39 | J71: 50 | K71: 63 | L71: 83 | M71: 86 | N71: 97 | O71: -- | P71: -- | Q71: --
D72: South | E72: CSM-N | F72: NG3195 | G72: 13 | H72: 21 | I72: 29 | J72: 37 | K72: 49 | L72: 65 | M72: 71 | N72: 82 | O72: 90 | P72: -- | Q72: --
B73: 06- | C73: 4 | D73: South | E73: CSM-N | F73: NG4936 | G73: 15 | H73: 24 | I73: 35 | J73: 44 | K73: 56 | L73: 74 | M73: 77 | N73: 83 | O73: 89 | P73: -- | Q73: --
D74: Mid | E74: CSM-N | F74: NG4936 | G74: 11 | H74: 18 | I74: 26 | J74: 33 | K74: 47 | L74: 67 | M74: 73 | N74: 84 | O74: 93 | P74: -- | Q74: --
D75: North | E75: CSM-N | F75: NG4936 | G75: 10 | H75: 19 | I75: 31 | J75: 42 | K75: 57 | L75: 79 | M75: 80 | N75: 85 | O75: 90 | P75: -- | Q75: --
B76: 06- | C76: 3 | D76: South | E76: FAO-N | F76: NG4936 | G76: 13 | H76: 25 | I76: 39 | J76: 51 | K76: 64 | L76: 83 | M76: 90 | N76: -- | O76: -- | P76: -- | Q76: --
D77: Mid | E77: FAO-N | F77: NG4936 | G77: 10 | H77: 18 | I77: 29 | J77: 37 | K77: 54 | L77: 78 | M77: 84 | N77: 95 | O77: -- | P77: -- | Q77: --
D78: North | E78: FAO-N | F78: NG4936 | G78: 12 | H78: 23 | I78: 37 | J78: 48 | K78: 62 | L78: 83 | M78: 89 | N78: -- | O78: -- | P78: -- | Q78: --
B79: 06- | C79: 2 | D79: South | E79: CSM | F79: NG4936 | G79: 13 | H79: 23 | I79: 34 | J79: 44 | K79: 57 | L79: 76 | M79: 85 | N79: 96 | O79: -- | P79: -- | Q79: --
D80: Mid | E80: CSM | F80: NG4936 | G80: 11 | H80: 22 | I80: 36 | J80: 47 | K80: 61 | L80: 81 | M80: 87 | N80: 98 | O80: -- | P80: -- | Q80: --
D81: North | E81: CSM | F81: NG4936 | G81: 12 | H81: 24 | I81: 38 | J81: 50 | K81: 66 | L81: 89 | M81: 95 | N81: -- | O81: -- | P81: -- | Q81: --
B82: 06- | C82: 1 | D82: South | E82: AQC | F82: NG4936 | G82: 12 | H82: 25 | I82: 40 | J82: 52 | K82: 65 | L82: 85 | M82: 89 | N82: 97 | O82: -- | P82: -- | Q82: --
D83: Mid | E83: AQC | F83: NG4936 | G83: 13 | H83: 26 | I83: 41 | J83: 54 | K83: 67 | L83: 87 | M83: 93 | N83: -- | O83: -- | P83: -- | Q83: --
D84: North | E84: AQC | F84: NG4936 | G84: 15 | H84: 26 | I84: 39 | J84: 49 | K84: 59 | L84: 76 | M84: 83 | N84: 97 | O84: -- | P84: -- | Q84: --
B85: 07- | C85: 1 | D85: North | E85: CSM-N | F85: NG4936 | G85: 10 | H85: 20 | I85: 32 | J85: 41 | K85: 52 | L85: 71 | M85: 76 | N85: 89 | O85: 95 | P85: -- | Q85: --
D86: Mid | E86: CSM-N | F86: NG4936 | G86: 12 | H86: 19 | I86: 30 | J86: 39 | K86: 51 | L86: 71 | M86: 74 | N86: 82 | O86: 90 | P86: -- | Q86: --
D87: South | E87: CSM-N | F87: NG4936 | G87: 11 | H87: 20 | I87: 31 | J87: 40 | K87: 49 | L87: 63 | M87: 70 | N87: 82 | O87: 89 | P87: -- | Q87: --
B88: 07- | C88: 2 | D88: North | E88: AQC-N | F88: NG4936 | G88: 11 | H88: 20 | I88: 32 | J88: 40 | K88: 52 | L88: 71 | M88: 80 | N88: 95 | O88: -- | P88: -- | Q88: --
D89: Mid | E89: AQC-N | F89: NG4936 | G89: 10 | H89: 17 | I89: 25 | J89: 32 | K89: 49 | L89: 72 | M89: 81 | N89: 98 | O89: -- | P89: -- | Q89: --
D90: South | E90: AQC-N | F90: NG4936 | G90: 11 | H90: 21 | I90: 31 | J90: 45 | K90: 56 | L90: 76 | M90: 80 | N90: 88 | O90: 97 | P90: -- | Q90: --
B91: 07- | C91: 3 | D91: North | E91: FAO-N | F91: NG4936 | G91: 13 | H91: 22 | I91: 33 | J91: 42 | K91: 54 | L91: 71 | M91: 79 | N91: 90 | O91: -- | P91: -- | Q91: --
D92: Mid | E92: FAO-N | F92: NG4936 | G92: 12 | H92: 22 | I92: 34 | J92: 45 | K92: 53 | L92: 65 | M92: 74 | N92: 92 | O92: -- | P92: -- | Q92: --
D93: South | E93: FAO-N | F93: NG4936 | G93: 11 | H93: 19 | I93: 30 | J93: 38 | K93: 50 | L93: 67 | M93: 72 | N93: 84 | O93: 91 | P93: -- | Q93: --
B94: 07- | C94: 4 | D94: North | E94: FAO | F94: NG4936 | G94: 10 | H94: 17 | I94: 26 | J94: 33 | K94: 49 | L94: 72 | M94: 85 | N94: -- | O94: -- | P94: -- | Q94: --
D95: Mid | E95: FAO | F95: NG4936 | G95: 12 | H95: 22 | I95: 33 | J95: 42 | K95: 56 | L95: 77 | M95: 87 | N95: -- | O95: -- | P95: -- | Q95: --
D96: South | E96: FAO | F96: NG4936 | G96: 13 | H96: 26 | I96: 43 | J96: 54 | K96: 66 | L96: 83 | M96: 84 | N96: 89 | O96: -- | P96: -- | Q96: --
B97: 08- | C97: 4 | D97: South | E97: FAO | F97: NG3195 | G97: 11 | H97: 21 | I97: 34 | J97: 44 | K97: 58 | L97: 80 | M97: 85 | N97: 96 | O97: -- | P97: -- | Q97: --
D98: Mid | E98: FAO | F98: NG3195 | G98: 16 | H98: 25 | I98: 36 | J98: 45 | K98: 56 | L98: 76 | M98: 86 | N98: -- | O98: -- | P98: -- | Q98: --
D99: North | E99: FAO | F99: NG3195 | G99: 12 | H99: 22 | I99: 34 | J99: 43 | K99: 57 | L99: 79 | M99: 89 | N99: -- | O99: -- | P99: -- | Q99: --
B100: 08- | C100: 3 | D100: South | E100: FAO-N | F100: NG3195 | G100: 12 | H100: 21 | I100: 32 | J100: 40 | K100: 53 | L100: 72 | M100: 76 | N100: 85 | O100: 91 | P100: -- | Q100: --
D101: Mid | E101: FAO-N | F101: NG3195 | G101: 15 | H101: 24 | I101: 36 | J101: 45 | K101: 58 | L101: 78 | M101: 87 | N101: -- | O101: -- | P101: -- | Q101: --
D102: North | E102: FAO-N | F102: NG3195 | G102: 16 | H102: 27 | I102: 39 | J102: 49 | K102: 61 | L102: 77 | M102: 86 | N102: -- | O102: -- | P102: -- | Q102: --
B103: 08- | C103: 2 | D103: South | E103: AQC-N | F103: NG3195 | G103: 12 | H103: 24 | I103: 41 | J103: 52 | K103: 61 | L103: 73 | M103: 83 | N103: -- | O103: -- | P103: -- | Q103: --
D104: Mid | E104: AQC-N | F104: NG3195 | G104: 13 | H104: 24 | I104: 37 | J104: 47 | K104: 59 | L104: 76 | M104: 85 | N104: -- | O104: -- | P104: -- | Q104: --
D105: North | E105: AQC-N | F105: NG3195 | G105: 13 | H105: 24 | I105: 37 | J105: 48 | K105: 61 | L105: 79 | M105: 88 | N105: -- | O105: -- | P105: -- | Q105: --
...

Sheet Averages
A1: Averages by treatments | E1: 2021
A4: Average Canopy Heights | P4: Average Canopy Heights
D5: ='Height Summary'!G9 -> 44348 | E5: ='Height Summary'!H9 -> 44354 | F5: ='Height Summary'!I9 -> 44364 | G5: ='Height Summary'!J9 -> 44371 | H5: ='Height Summary'!K9 -> 44378 | I5: ='Height Summary'!L9 -> 44390 | J5: ='Height Summary'!M9 -> 44396 | K5: ='Height Summary'!N9 -> 44413 | ... N5: ='Height Summary'!Q9 -> 44446 | S5: ='Height Summary'!G9 -> 44348 | T5: ='Height Summary'!H9 -> 44354 | U5: ='Height Summary'!I9 -> 44364 | V5: ='Height Summary'!J9 -> 44371 | W5: ='Height Summary'!K9 -> 44378 | X5: ='Height Summary'!L9 -> 44390 | Y5: ='Height Summary'!M9 -> 44396 | Z5: ='Height Summary'!N9 -> 44413 | ... AC5: ='Height Summary'!Q9 -> 44446
A6: NG3195 | D6: ='Height Summary'!G10 -> 152 | E6: ='Height Summary'!H10 -> 158 | F6: ='Height Summary'!I10 -> 168 | G6: ='Height Summary'!J10 -> 175 | H6: ='Height Summary'!K10 -> 182 | I6: ='Height Summary'!L10 -> 194 | J6: ='Height Summary'!M10 -> 200 | K6: ='Height Summary'!N10 -> 217 | ... N6: ='Height Summary'!Q10 -> 250 | P6: NG4936 | S6: ='Height Summary'!G10 -> 152 | T6: ='Height Summary'!H10 -> 158 | U6: ='Height Summary'!I10 -> 168 | V6: ='Height Summary'!J10 -> 175 | W6: ='Height Summary'!K10 -> 182 | X6: ='Height Summary'!L10 -> 194 | Y6: ='Height Summary'!M10 -> 200 | Z6: ='Height Summary'!N10 -> 217 | ... AC6: ='Height Summary'!Q10 -> 250
B7: AQC | D7: =AVERAGEIFS('Height Summary'!G$13:G$156,'Height Summary'!$F$13:$F$156, "NG3195",'Height Summary'!$E$13:$E$156, "AQC") -> 16.666667 | E7: =AVERAGEIFS('Height Summary'!H$13:H$156,'Height Summary'!$F$13:$F$156, "NG3195",'Height Summary'!$E$13:$E$156, "AQC") -> 26.083333 | F7: =AVERAGEIFS('Height Summary'!I$13:I$156,'Height Summary'!$F$13:$F$156, "NG3195",'Height Summary'!$E$13:$E$156, "AQC") -> 36.916667 | G7: =AVERAGEIFS('Height Summary'!J$13:J$156,'Height Summary'!$F$13:$F$156, "NG3195",'Height Summary'!$E$13:$E$156, "AQC") -> 47.833333 | H7: =AVERAGEIFS('Height Summary'!K$13:K$156,'Height Summary'!$F$13:$F$156, "NG3195",'Height Summary'!$E$13:$E$156, "AQC") -> 64 | I7: =AVERAGEIFS('Height Summary'!L$13:L$156,'Height Summary'!$F$13:$F$156, "NG3195",'Height Summary'!$E$13:$E$156, "AQC") -> 95 | J7: =AVERAGEIFS('Height Summary'!M$13:M$156,'Height Summary'!$F$13:$F$156, "NG3195",'Height Summary'!$E$13:$E$156, "AQC") -> 110.41667 | K7: =AVERAGEIFS('Height Summary'!N$13:N$156,'Height Summary'!$F$13:$F$156, "NG3195",'Height Summary'!$E$13:$E$156, "AQC") -> 127.16667 | ... N7: =AVERAGEIFS('Height Summary'!Q$13:Q$156,'Height Summary'!$F$13:$F$156, "NG3195",'Height Summary'!$E$13:$E$156, "AQC") -> 180.375 | Q7: AQC | S7: =AVERAGEIFS('Height Summary'!G$13:G$156,'Height Summary'!$F$13:$F$156, "NG4936",'Height Summary'!$E$13:$E$156, "AQC") -> 12.166667 | T7: =AVERAGEIFS('Height Summary'!H$13:H$156,'Height Summary'!$F$13:$F$156, "NG4936",'Height Summary'!$E$13:$E$156, "AQC") -> 20.083333 | U7: =AVERAGEIFS('Height Summary'!I$13:I$156,'Height Summary'!$F$13:$F$156, "NG4936",'Height Summary'!$E$13:$E$156, "AQC") -> 28.75 | V7: =AVERAGEIFS('Height Summary'!J$13:J$156,'Height Summary'!$F$13:$F$156, "NG4936",'Height Summary'!$E$13:$E$156, "AQC") -> 37.916667 | W7: =AVERAGEIFS('Height Summary'!K$13:K$156,'Height Summary'!$F$13:$F$156, "NG4936",'Height Summary'!$E$13:$E$156, "AQC") -> 53.916667 | X7: =AVERAGEIFS('Height Summary'!L$13:L$156,'Height Summary'!$F$13:$F$156, "NG4936",'Height Summary'!$E$13:$E$156, "AQC") -> 86.416667 | Y7: =AVERAGEIFS('Height Summary'!M$13:M$156,'Height Summary'!$F$13:$F$156, "NG4936",'Height Summary'!$E$13:$E$156, "AQC") -> 105.25 | Z7: =AVERAGEIFS('Height Summary'!N$13:N$156,'Height Summary'!$F$13:$F$156, "NG4936",'Height Summary'!$E$13:$E$156, "AQC") -> 124.16667 | ... AC7: =AVERAGEIFS('Height Summary'!Q$13:Q$156,'Height Summary'!$F$13:$F$156, "NG4936",'Height Summary'!$E$13:$E$156, "AQC") -> 187.66667
B9: AQC-N | D9: =AVERAGEIFS('Height Summary'!G$13:G$156,'Height Summary'!$F$13:$F$156, "NG3195",'Height Summary'!$E$13:$E$156, "AQC-N") -> 16 | E9: =AVERAGEIFS('Height Summary'!H$13:H$156,'Height Summary'!$F$13:$F$156, "NG3195",'Height Summary'!$E$13:$E$156, "AQC-N") -> 26.083333 | F9: =AVERAGEIFS('Height Summary'!I$13:I$156,'Height Summary'!$F$13:$F$156, "NG3195",'Height Summary'!$E$13:$E$156, "AQC-N") -> 36.083333 | G9: =AVERAGEIFS('Height Summary'!J$13:J$156,'Height Summary'!$F$13:$F$156, "NG3195",'Height Summary'!$E$13:$E$156, "AQC-N") -> 47.166667 | H9: =AVERAGEIFS('Height Summary'!K$13:K$156,'Height Summary'!$F$13:$F$156, "NG3195",'Height Summary'!$E$13:$E$156, "AQC-N") -> 59.25 | I9: =AVERAGEIFS('Height Summary'!L$13:L$156,'Height Summary'!$F$13:$F$156, "NG3195",'Height Summary'!$E$13:$E$156, "AQC-N") -> 83.75 | J9: =AVERAGEIFS('Height Summary'!M$13:M$156,'Height Summary'!$F$13:$F$156, "NG3195",'Height Summary'!$E$13:$E$156, "AQC-N") -> 98.333333 | K9: =AVERAGEIFS('Height Summary'!N$13:N$156,'Height Summary'!$F$13:$F$156, "NG3195",'Height Summary'!$E$13:$E$156, "AQC-N") -> 112.75 | ... N9: =AVERAGEIFS('Height Summary'!Q$13:Q$156,'Height Summary'!$F$13:$F$156, "NG3195",'Height Summary'!$E$13:$E$156, "AQC-N") -> 175 | Q9: AQC-N | S9: =AVERAGEIFS('Height Summary'!G$13:G$156,'Height Summary'!$F$13:$F$156, "NG4936",'Height Summary'!$E$13:$E$156, "AQC-N") -> 11.583333 | T9: =AVERAGEIFS('Height Summary'!H$13:H$156,'Height Summary'!$F$13:$F$156, "NG4936",'Height Summary'!$E$13:$E$156, "AQC-N") -> 17.833333 | U9: =AVERAGEIFS('Height Summary'!I$13:I$156,'Height Summary'!$F$13:$F$156, "NG4936",'Height Summary'!$E$13:$E$156, "AQC-N") -> 25.416667 | V9: =AVERAGEIFS('Height Summary'!J$13:J$156,'Height Summary'!$F$13:$F$156, "NG4936",'Height Summary'!$E$13:$E$156, "AQC-N") -> 35.25 | W9: =AVERAGEIFS('Height Summary'!K$13:K$156,'Height Summary'!$F$13:$F$156, "NG4936",'Height Summary'!$E$13:$E$156, "AQC-N") -> 48.5 | X9: =AVERAGEIFS('Height Summary'!L$13:L$156,'Height Summary'!$F$13:$F$156, "NG4936",'Height Summary'!$E$13:$E$156, "AQC-N") -> 75.75 | Y9: =AVERAGEIFS('Height Summary'!M$13:M$156,'Height Summary'!$F$13:$F$156, "NG4936",'Height Summary'!$E$13:$E$156, "AQC-N") -> 92.333333 | Z9: =AVERAGEIFS('Height Summary'!N$13:N$156,'Height Summary'!$F$13:$F$156, "NG4936",'Height Summary'!$E$13:$E$156, "AQC-N") -> 108.66667 | ... AC9: =AVERAGEIFS('Height Summary'!Q$13:Q$156,'Height Summary'!$F$13:$F$156, "NG4936",'Height Summary'!$E$13:$E$156, "AQC-N") -> 173.4
B11: CSM | D11: =AVERAGEIFS('Height Summary'!G$13:G$156,'Height Summary'!$F$13:$F$156, "NG3195",'Height Summary'!$E$13:$E$156, "CSM") -> 18.25 | E11: =AVERAGEIFS('Height Summary'!H$13:H$156,'Height Summary'!$F$13:$F$156, "NG3195",'Height Summary'!$E$13:$E$156, "CSM") -> 28.5 | F11: =AVERAGEIFS('Height Summary'!I$13:I$156,'Height Summary'!$F$13:$F$156, "NG3195",'Height Summary'!$E$13:$E$156, "CSM") -> 38.75 | G11: =AVERAGEIFS('Height Summary'!J$13:J$156,'Height Summary'!$F$13:$F$156, "NG3195",'Height Summary'!$E$13:$E$156, "CSM") -> 48.916667 | H11: =AVERAGEIFS('Height Summary'!K$13:K$156,'Height Summary'!$F$13:$F$156, "NG3195",'Height Summary'!$E$13:$E$156, "CSM") -> 62.583333 | I11: =AVERAGEIFS('Height Summary'!L$13:L$156,'Height Summary'!$F$13:$F$156, "NG3195",'Height Summary'!$E$13:$E$156, "CSM") -> 90.833333 | J11: =AVERAGEIFS('Height Summary'!M$13:M$156,'Height Summary'!$F$13:$F$156, "NG3195",'Height Summary'!$E$13:$E$156, "CSM") -> 108.91667 | K11: =AVERAGEIFS('Height Summary'!N$13:N$156,'Height Summary'!$F$13:$F$156, "NG3195",'Height Summary'!$E$13:$E$156, "CSM") -> 126.5 | ... N11: =AVERAGEIFS('Height Summary'!Q$13:Q$156,'Height Summary'!$F$13:$F$156, "NG3195",'Height Summary'!$E$13:$E$156, "CSM") -> 187.66667 | Q11: CSM | S11: =AVERAGEIFS('Height Summary'!G$13:G$156,'Height Summary'!$F$13:$F$156, "NG4936",'Height Summary'!$E$13:$E$156, "CSM") -> 11.416667 | T11: =AVERAGEIFS('Height Summary'!H$13:H$156,'Height Summary'!$F$13:$F$156, "NG4936",'Height Summary'!$E$13:$E$156, "CSM") -> 17.583333 | U11: =AVERAGEIFS('Height Summary'!I$13:I$156,'Height Summary'!$F$13:$F$156, "NG4936",'Height Summary'!$E$13:$E$156, "CSM") -> 25.5 | V11: =AVERAGEIFS('Height Summary'!J$13:J$156,'Height Summary'!$F$13:$F$156, "NG4936",'Height Summary'!$E$13:$E$156, "CSM") -> 34.75 | W11: =AVERAGEIFS('Height Summary'!K$13:K$156,'Height Summary'!$F$13:$F$156, "NG4936",'Height Summary'!$E$13:$E$156, "CSM") -> 52.583333 | X11: =AVERAGEIFS('Height Summary'!L$13:L$156,'Height Summary'!$F$13:$F$156, "NG4936",'Height Summary'!$E$13:$E$156, "CSM") -> 80.666667 | Y11: =AVERAGEIFS('Height Summary'!M$13:M$156,'Height Summary'!$F$13:$F$156, "NG4936",'Height Summary'!$E$13:$E$156, "CSM") -> 97.25 | Z11: =AVERAGEIFS('Height Summary'!N$13:N$156,'Height Summary'!$F$13:$F$156, "NG4936",'Height Summary'!$E$13:$E$156, "CSM") -> 114.08333 | ... AC11: =AVERAGEIFS('Height Summary'!Q$13:Q$156,'Height Summary'!$F$13:$F$156, "NG4936",'Height Summary'!$E$13:$E$156, "CSM") -> 177
B13: CSM-N | D13: =AVERAGEIFS('Height Summary'!G$13:G$156,'Height Summary'!$F$13:$F$156, "NG3195",'Height Summary'!$E$13:$E$156, "CSM-N") -> 16.583333 | E13: =AVERAGEIFS('Height Summary'!H$13:H$156,'Height Summary'!$F$13:$F$156, "NG3195",'Height Summary'!$E$13:$E$156, "CSM-N") -> 26 | F13: =AVERAGEIFS('Height Summary'!I$13:I$156,'Height Summary'!$F$13:$F$156, "NG3195",'Height Summary'!$E$13:$E$156, "CSM-N") -> 35.833333 | G13: =AVERAGEIFS('Height Summary'!J$13:J$156,'Height Summary'!$F$13:$F$156, "NG3195",'Height Summary'!$E$13:$E$156, "CSM-N") -> 49.166667 | H13: =AVERAGEIFS('Height Summary'!K$13:K$156,'Height Summary'!$F$13:$F$156, "NG3195",'Height Summary'!$E$13:$E$156, "CSM-N") -> 59 | I13: =AVERAGEIFS('Height Summary'!L$13:L$156,'Height Summary'!$F$13:$F$156, "NG3195",'Height Summary'!$E$13:$E$156, "CSM-N") -> 77.583333 | J13: =AVERAGEIFS('Height Summary'!M$13:M$156,'Height Summary'!$F$13:$F$156, "NG3195",'Height Summary'!$E$13:$E$156, "CSM-N") -> 92.833333 | K13: =AVERAGEIFS('Height Summary'!N$13:N$156,'Height Summary'!$F$13:$F$156, "NG3195",'Height Summary'!$E$13:$E$156, "CSM-N") -> 108.25 | ... N13: =AVERAGEIFS('Height Summary'!Q$13:Q$156,'Height Summary'!$F$13:$F$156, "NG3195",'Height Summary'!$E$13:$E$156, "CSM-N") -> 162 | Q13: CSM-N | S13: =AVERAGEIFS('Height Summary'!G$13:G$156,'Height Summary'!$F$13:$F$156, "NG4936",'Height Summary'!$E$13:$E$156, "CSM-N") -> 11.75 | T13: =AVERAGEIFS('Height Summary'!H$13:H$156,'Height Summary'!$F$13:$F$156, "NG4936",'Height Summary'!$E$13:$E$156, "CSM-N") -> 20.75 | U13: =AVERAGEIFS('Height Summary'!I$13:I$156,'Height Summary'!$F$13:$F$156, "NG4936",'Height Summary'!$E$13:$E$156, "CSM-N") -> 30.166667 | V13: =AVERAGEIFS('Height Summary'!J$13:J$156,'Height Summary'!$F$13:$F$156, "NG4936",'Height Summary'!$E$13:$E$156, "CSM-N") -> 40.583333 | W13: =AVERAGEIFS('Height Summary'!K$13:K$156,'Height Summary'!$F$13:$F$156, "NG4936",'Height Summary'!$E$13:$E$156, "CSM-N") -> 51.25 | X13: =AVERAGEIFS('Height Summary'!L$13:L$156,'Height Summary'!$F$13:$F$156, "NG4936",'Height Summary'!$E$13:$E$156, "CSM-N") -> 72.083333 | Y13: =AVERAGEIFS('Height Summary'!M$13:M$156,'Height Summary'!$F$13:$F$156, "NG4936",'Height Summary'!$E$13:$E$156, "CSM-N") -> 87.333333 | Z13: =AVERAGEIFS('Height Summary'!N$13:N$156,'Height Summary'!$F$13:$F$156, "NG4936",'Height Summary'!$E$13:$E$156, "CSM-N") -> 102.66667 | ... AC13: =AVERAGEIFS('Height Summary'!Q$13:Q$156,'Height Summary'!$F$13:$F$156, "NG4936",'Height Summary'!$E$13:$E$156, "CSM-N") -> 189
B15: FAO | D15: =AVERAGEIFS('Height Summary'!G$13:G$156,'Height Summary'!$F$13:$F$156, "NG3195",'Height Summary'!$E$13:$E$156, "FAO") -> 16.166667 | E15: =AVERAGEIFS('Height Summary'!H$13:H$156,'Height Summary'!$F$13:$F$156, "NG3195",'Height Summary'!$E$13:$E$156, "FAO") -> 25 | F15: =AVERAGEIFS('Height Summary'!I$13:I$156,'Height Summary'!$F$13:$F$156, "NG3195",'Height Summary'!$E$13:$E$156, "FAO") -> 37.083333 | G15: =AVERAGEIFS('Height Summary'!J$13:J$156,'Height Summary'!$F$13:$F$156, "NG3195",'Height Summary'!$E$13:$E$156, "FAO") -> 48.083333 | H15: =AVERAGEIFS('Height Summary'!K$13:K$156,'Height Summary'!$F$13:$F$156, "NG3195",'Height Summary'!$E$13:$E$156, "FAO") -> 61.25 | I15: =AVERAGEIFS('Height Summary'!L$13:L$156,'Height Summary'!$F$13:$F$156, "NG3195",'Height Summary'!$E$13:$E$156, "FAO") -> 88.833333 | J15: =AVERAGEIFS('Height Summary'!M$13:M$156,'Height Summary'!$F$13:$F$156, "NG3195",'Height Summary'!$E$13:$E$156, "FAO") -> 106.08333 | K15: =AVERAGEIFS('Height Summary'!N$13:N$156,'Height Summary'!$F$13:$F$156, "NG3195",'Height Summary'!$E$13:$E$156, "FAO") -> 123.25 | ... N15: =AVERAGEIFS('Height Summary'!Q$13:Q$156,'Height Summary'!$F$13:$F$156, "NG3195",'Height Summary'!$E$13:$E$156, "FAO") -> 175.22222 | Q15: FAO | S15: =AVERAGEIFS('Height Summary'!G$13:G$156,'Height Summary'!$F$13:$F$156, "NG4936",'Height Summary'!$E$13:$E$156, "FAO") -> 14.333333 | T15: =AVERAGEIFS('Height Summary'!H$13:H$156,'Height Summary'!$F$13:$F$156, "NG4936",'Height Summary'!$E$13:$E$156, "FAO") -> 21.666667 | U15: =AVERAGEIFS('Height Summary'!I$13:I$156,'Height Summary'!$F$13:$F$156, "NG4936",'Height Summary'!$E$13:$E$156, "FAO") -> 29.25 | V15: =AVERAGEIFS('Height Summary'!J$13:J$156,'Height Summary'!$F$13:$F$156, "NG4936",'Height Summary'!$E$13:$E$156, "FAO") -> 37.833333 | W15: =AVERAGEIFS('Height Summary'!K$13:K$156,'Height Summary'!$F$13:$F$156, "NG4936",'Height Summary'!$E$13:$E$156, "FAO") -> 54.666667 | X15: =AVERAGEIFS('Height Summary'!L$13:L$156,'Height Summary'!$F$13:$F$156, "NG4936",'Height Summary'!$E$13:$E$156, "FAO") -> 87.5 | Y15: =AVERAGEIFS('Height Summary'!M$13:M$156,'Height Summary'!$F$13:$F$156, "NG4936",'Height Summary'!$E$13:$E$156, "FAO") -> 106.91667 | Z15: =AVERAGEIFS('Height Summary'!N$13:N$156,'Height Summary'!$F$13:$F$156, "NG4936",'Height Summary'!$E$13:$E$156, "FAO") -> 125.33333 | ... AC15: =AVERAGEIFS('Height Summary'!Q$13:Q$156,'Height Summary'!$F$13:$F$156, "NG4936",'Height Summary'!$E$13:$E$156, "FAO") -> 177
B17: FAO-N | D17: =AVERAGEIFS('Height Summary'!G$13:G$156,'Height Summary'!$F$13:$F$156, "NG3195",'Height Summary'!$E$13:$E$156, "FAO-N") -> 16.666667 | E17: =AVERAGEIFS('Height Summary'!H$13:H$156,'Height Summary'!$F$13:$F$156, "NG3195",'Height Summary'!$E$13:$E$156, "FAO-N") -> 25.833333 | F17: =AVERAGEIFS('Height Summary'!I$13:I$156,'Height Summary'!$F$13:$F$156, "NG3195",'Height Summary'!$E$13:$E$156, "FAO-N") -> 34.583333 | G17: =AVERAGEIFS('Height Summary'!J$13:J$156,'Height Summary'!$F$13:$F$156, "NG3195",'Height Summary'!$E$13:$E$156, "FAO-N") -> 48.5 | H17: =AVERAGEIFS('Height Summary'!K$13:K$156,'Height Summary'!$F$13:$F$156, "NG3195",'Height Summary'!$E$13:$E$156, "FAO-N") -> 60.916667 | I17: =AVERAGEIFS('Height Summary'!L$13:L$156,'Height Summary'!$F$13:$F$156, "NG3195",'Height Summary'!$E$13:$E$156, "FAO-N") -> 86.083333 | J17: =AVERAGEIFS('Height Summary'!M$13:M$156,'Height Summary'!$F$13:$F$156, "NG3195",'Height Summary'!$E$13:$E$156, "FAO-N") -> 103.33333 | K17: =AVERAGEIFS('Height Summary'!N$13:N$156,'Height Summary'!$F$13:$F$156, "NG3195",'Height Summary'!$E$13:$E$156, "FAO-N") -> 119.41667 | ... N17: =AVERAGEIFS('Height Summary'!Q$13:Q$156,'Height Summary'!$F$13:$F$156, "NG3195",'Height Summary'!$E$13:$E$156, "FAO-N") -> 194.5 | Q17: FAO-N | S17: =AVERAGEIFS('Height Summary'!G$13:G$156,'Height Summary'!$F$13:$F$156, "NG4936",'Height Summary'!$E$13:$E$156, "FAO-N") -> 12 | T17: =AVERAGEIFS('Height Summary'!H$13:H$156,'Height Summary'!$F$13:$F$156, "NG4936",'Height Summary'!$E$13:$E$156, "FAO-N") -> 18.416667 | U17: =AVERAGEIFS('Height Summary'!I$13:I$156,'Height Summary'!$F$13:$F$156, "NG4936",'Height Summary'!$E$13:$E$156, "FAO-N") -> 25.166667 | V17: =AVERAGEIFS('Height Summary'!J$13:J$156,'Height Summary'!$F$13:$F$156, "NG4936",'Height Summary'!$E$13:$E$156, "FAO-N") -> 36.25 | W17: =AVERAGEIFS('Height Summary'!K$13:K$156,'Height Summary'!$F$13:$F$156, "NG4936",'Height Summary'!$E$13:$E$156, "FAO-N") -> 51.5 | X17: =AVERAGEIFS('Height Summary'!L$13:L$156,'Height Summary'!$F$13:$F$156, "NG4936",'Height Summary'!$E$13:$E$156, "FAO-N") -> 80.833333 | Y17: =AVERAGEIFS('Height Summary'!M$13:M$156,'Height Summary'!$F$13:$F$156, "NG4936",'Height Summary'!$E$13:$E$156, "FAO-N") -> 100.16667 | Z17: =AVERAGEIFS('Height Summary'!N$13:N$156,'Height Summary'!$F$13:$F$156, "NG4936",'Height Summary'!$E$13:$E$156, "FAO-N") -> 119.41667 | ... AC17: =AVERAGEIFS('Height Summary'!Q$13:Q$156,'Height Summary'!$F$13:$F$156, "NG4936",'Height Summary'!$E$13:$E$156, "FAO-N") -> 188.16667
A20: Average Canopy Widths | P20: Average Canopy Widths
D22: ='Cover Summary'!G9 -> 44348 | E22: ='Cover Summary'!H9 -> 44354 | F22: ='Cover Summary'!I9 -> 44364 | G22: ='Cover Summary'!J9 -> 44371 | H22: ='Cover Summary'!K9 -> 44378 | I22: ='Cover Summary'!L9 -> 44390 | J22: ='Cover Summary'!M9 -> 44396 | K22: ='Cover Summary'!N9 -> 44413 | ... N22: ='Cover Summary'!Q9 -> 44446 | S22: ='Cover Summary'!G9 -> 44348 | T22: ='Cover Summary'!H9 -> 44354 | U22: ='Cover Summary'!I9 -> 44364 | V22: ='Cover Summary'!J9 -> 44371 | W22: ='Cover Summary'!K9 -> 44378 | X22: ='Cover Summary'!L9 -> 44390 | Y22: ='Cover Summary'!M9 -> 44396 | Z22: ='Cover Summary'!N9 -> 44413 | ... AC22: ='Cover Summary'!Q9 -> 44446
A23: NG3195 | D23: ='Cover Summary'!G10 -> 152 | E23: ='Cover Summary'!H10 -> 158 | F23: ='Cover Summary'!I10 -> 168 | G23: ='Cover Summary'!J10 -> 175 | H23: ='Cover Summary'!K10 -> 182 | I23: ='Cover Summary'!L10 -> 194 | J23: ='Cover Summary'!M10 -> 200 | K23: ='Cover Summary'!N10 -> 217 | ... N23: ='Cover Summary'!Q10 -> 250 | P23: NG4936 | S23: ='Cover Summary'!G10 -> 152 | T23: ='Cover Summary'!H10 -> 158 | U23: ='Cover Summary'!I10 -> 168 | V23: ='Cover Summary'!J10 -> 175 | W23: ='Cover Summary'!K10 -> 182 | X23: ='Cover Summary'!L10 -> 194 | Y23: ='Cover Summary'!M10 -> 200 | Z23: ='Cover Summary'!N10 -> 217 | ... AC23: ='Cover Summary'!Q10 -> 250
B24: AQC | D24: =AVERAGEIFS('Cover Summary'!G$13:G$156,'Cover Summary'!$F$13:$F$156, "NG3195",'Cover Summary'!$E$13:$E$156, "AQC") -> 15 | E24: =AVERAGEIFS('Cover Summary'!H$13:H$156,'Cover Summary'!$F$13:$F$156, "NG3195",'Cover Summary'!$E$13:$E$156, "AQC") -> 26.083333 | F24: =AVERAGEIFS('Cover Summary'!I$13:I$156,'Cover Summary'!$F$13:$F$156, "NG3195",'Cover Summary'!$E$13:$E$156, "AQC") -> 39.916667 | G24: =AVERAGEIFS('Cover Summary'!J$13:J$156,'Cover Summary'!$F$13:$F$156, "NG3195",'Cover Summary'!$E$13:$E$156, "AQC") -> 51.166667 | H24: =AVERAGEIFS('Cover Summary'!K$13:K$156,'Cover Summary'!$F$13:$F$156, "NG3195",'Cover Summary'!$E$13:$E$156, "AQC") -> 62.5 | I24: =AVERAGEIFS('Cover Summary'!L$13:L$156,'Cover Summary'!$F$13:$F$156, "NG3195",'Cover Summary'!$E$13:$E$156, "AQC") -> 79.75 | J24: =AVERAGEIFS('Cover Summary'!M$13:M$156,'Cover Summary'!$F$13:$F$156, "NG3195",'Cover Summary'!$E$13:$E$156, "AQC") -> 82.333333 | K24: =AVERAGEIFS('Cover Summary'!N$13:N$156,'Cover Summary'!$F$13:$F$156, "NG3195",'Cover Summary'!$E$13:$E$156, "AQC") -> 89.6 | ... N24: =AVERAGEIFS('Cover Summary'!Q$13:Q$156,'Cover Summary'!$F$13:$F$156, "NG3195",'Cover Summary'!$E$13:$E$156, "AQC") -> #DIV/0! | Q24: AQC | S24: =AVERAGEIFS('Cover Summary'!G$13:G$156,'Cover Summary'!$F$13:$F$156, "NG4936",'Cover Summary'!$E$13:$E$156, "AQC") -> 11.333333 | T24: =AVERAGEIFS('Cover Summary'!H$13:H$156,'Cover Summary'!$F$13:$F$156, "NG4936",'Cover Summary'!$E$13:$E$156, "AQC") -> 21.166667 | U24: =AVERAGEIFS('Cover Summary'!I$13:I$156,'Cover Summary'!$F$13:$F$156, "NG4936",'Cover Summary'!$E$13:$E$156, "AQC") -> 33.833333 | V24: =AVERAGEIFS('Cover Summary'!J$13:J$156,'Cover Summary'!$F$13:$F$156, "NG4936",'Cover Summary'!$E$13:$E$156, "AQC") -> 43.75 | W24: =AVERAGEIFS('Cover Summary'!K$13:K$156,'Cover Summary'!$F$13:$F$156, "NG4936",'Cover Summary'!$E$13:$E$156, "AQC") -> 53.083333 | X24: =AVERAGEIFS('Cover Summary'!L$13:L$156,'Cover Summary'!$F$13:$F$156, "NG4936",'Cover Summary'!$E$13:$E$156, "AQC") -> 74.083333 | Y24: =AVERAGEIFS('Cover Summary'!M$13:M$156,'Cover Summary'!$F$13:$F$156, "NG4936",'Cover Summary'!$E$13:$E$156, "AQC") -> 81.75 | Z24: =AVERAGEIFS('Cover Summary'!N$13:N$156,'Cover Summary'!$F$13:$F$156, "NG4936",'Cover Summary'!$E$13:$E$156, "AQC") -> 89.333333 | ... AC24: =AVERAGEIFS('Cover Summary'!Q$13:Q$156,'Cover Summary'!$F$13:$F$156, "NG4936",'Cover Summary'!$E$13:$E$156, "AQC") -> #DIV/0!
B26: AQC-N | D26: =AVERAGEIFS('Cover Summary'!G$13:G$156,'Cover Summary'!$F$13:$F$156, "NG3195",'Cover Summary'!$E$13:$E$156, "AQC-N") -> 14.5 | E26: =AVERAGEIFS('Cover Summary'!H$13:H$156,'Cover Summary'!$F$13:$F$156, "NG3195",'Cover Summary'!$E$13:$E$156, "AQC-N") -> 23.833333 | F26: =AVERAGEIFS('Cover Summary'!I$13:I$156,'Cover Summary'!$F$13:$F$156, "NG3195",'Cover Summary'!$E$13:$E$156, "AQC-N") -> 35.583333 | G26: =AVERAGEIFS('Cover Summary'!J$13:J$156,'Cover Summary'!$F$13:$F$156, "NG3195",'Cover Summary'!$E$13:$E$156, "AQC-N") -> 44.833333 | H26: =AVERAGEIFS('Cover Summary'!K$13:K$156,'Cover Summary'!$F$13:$F$156, "NG3195",'Cover Summary'!$E$13:$E$156, "AQC-N") -> 54.833333 | I26: =AVERAGEIFS('Cover Summary'!L$13:L$156,'Cover Summary'!$F$13:$F$156, "NG3195",'Cover Summary'!$E$13:$E$156, "AQC-N") -> 69.666667 | J26: =AVERAGEIFS('Cover Summary'!M$13:M$156,'Cover Summary'!$F$13:$F$156, "NG3195",'Cover Summary'!$E$13:$E$156, "AQC-N") -> 76.416667 | K26: =AVERAGEIFS('Cover Summary'!N$13:N$156,'Cover Summary'!$F$13:$F$156, "NG3195",'Cover Summary'!$E$13:$E$156, "AQC-N") -> 80.285714 | ... N26: =AVERAGEIFS('Cover Summary'!Q$13:Q$156,'Cover Summary'!$F$13:$F$156, "NG3195",'Cover Summary'!$E$13:$E$156, "AQC-N") -> #DIV/0! | Q26: AQC-N | S26: =AVERAGEIFS('Cover Summary'!G$13:G$156,'Cover Summary'!$F$13:$F$156, "NG4936",'Cover Summary'!$E$13:$E$156, "AQC-N") -> 10.833333 | T26: =AVERAGEIFS('Cover Summary'!H$13:H$156,'Cover Summary'!$F$13:$F$156, "NG4936",'Cover Summary'!$E$13:$E$156, "AQC-N") -> 19.416667 | U26: =AVERAGEIFS('Cover Summary'!I$13:I$156,'Cover Summary'!$F$13:$F$156, "NG4936",'Cover Summary'!$E$13:$E$156, "AQC-N") -> 29.833333 | V26: =AVERAGEIFS('Cover Summary'!J$13:J$156,'Cover Summary'!$F$13:$F$156, "NG4936",'Cover Summary'!$E$13:$E$156, "AQC-N") -> 38.416667 | W26: =AVERAGEIFS('Cover Summary'!K$13:K$156,'Cover Summary'!$F$13:$F$156, "NG4936",'Cover Summary'!$E$13:$E$156, "AQC-N") -> 49.583333 | X26: =AVERAGEIFS('Cover Summary'!L$13:L$156,'Cover Summary'!$F$13:$F$156, "NG4936",'Cover Summary'!$E$13:$E$156, "AQC-N") -> 66.416667 | Y26: =AVERAGEIFS('Cover Summary'!M$13:M$156,'Cover Summary'!$F$13:$F$156, "NG4936",'Cover Summary'!$E$13:$E$156, "AQC-N") -> 72.333333 | Z26: =AVERAGEIFS('Cover Summary'!N$13:N$156,'Cover Summary'!$F$13:$F$156, "NG4936",'Cover Summary'!$E$13:$E$156, "AQC-N") -> 80.2 | ... AC26: =AVERAGEIFS('Cover Summary'!Q$13:Q$156,'Cover Summary'!$F$13:$F$156, "NG4936",'Cover Summary'!$E$13:$E$156, "AQC-N") -> #DIV/0!
B28: CSM | D28: =AVERAGEIFS('Cover Summary'!G$13:G$156,'Cover Summary'!$F$13:$F$156, "NG3195",'Cover Summary'!$E$13:$E$156, "CSM") -> 16.166667 | E28: =AVERAGEIFS('Cover Summary'!H$13:H$156,'Cover Summary'!$F$13:$F$156, "NG3195",'Cover Summary'!$E$13:$E$156, "CSM") -> 26.583333 | F28: =AVERAGEIFS('Cover Summary'!I$13:I$156,'Cover Summary'!$F$13:$F$156, "NG3195",'Cover Summary'!$E$13:$E$156, "CSM") -> 39.166667 | G28: =AVERAGEIFS('Cover Summary'!J$13:J$156,'Cover Summary'!$F$13:$F$156, "NG3195",'Cover Summary'!$E$13:$E$156, "CSM") -> 49.333333 | H28: =AVERAGEIFS('Cover Summary'!K$13:K$156,'Cover Summary'!$F$13:$F$156, "NG3195",'Cover Summary'!$E$13:$E$156, "CSM") -> 60.916667 | I28: =AVERAGEIFS('Cover Summary'!L$13:L$156,'Cover Summary'!$F$13:$F$156, "NG3195",'Cover Summary'!$E$13:$E$156, "CSM") -> 79.833333 | J28: =AVERAGEIFS('Cover Summary'!M$13:M$156,'Cover Summary'!$F$13:$F$156, "NG3195",'Cover Summary'!$E$13:$E$156, "CSM") -> 86 | K28: =AVERAGEIFS('Cover Summary'!N$13:N$156,'Cover Summary'!$F$13:$F$156, "NG3195",'Cover Summary'!$E$13:$E$156, "CSM") -> 94.5 | ... N28: =AVERAGEIFS('Cover Summary'!Q$13:Q$156,'Cover Summary'!$F$13:$F$156, "NG3195",'Cover Summary'!$E$13:$E$156, "CSM") -> #DIV/0! | Q28: CSM | S28: =AVERAGEIFS('Cover Summary'!G$13:G$156,'Cover Summary'!$F$13:$F$156, "NG4936",'Cover Summary'!$E$13:$E$156, "CSM") -> 10.333333 | T28: =AVERAGEIFS('Cover Summary'!H$13:H$156,'Cover Summary'!$F$13:$F$156, "NG4936",'Cover Summary'!$E$13:$E$156, "CSM") -> 18.416667 | U28: =AVERAGEIFS('Cover Summary'!I$13:I$156,'Cover Summary'!$F$13:$F$156, "NG4936",'Cover Summary'!$E$13:$E$156, "CSM") -> 30.916667 | V28: =AVERAGEIFS('Cover Summary'!J$13:J$156,'Cover Summary'!$F$13:$F$156, "NG4936",'Cover Summary'!$E$13:$E$156, "CSM") -> 37.666667 | W28: =AVERAGEIFS('Cover Summary'!K$13:K$156,'Cover Summary'!$F$13:$F$156, "NG4936",'Cover Summary'!$E$13:$E$156, "CSM") -> 49.916667 | X28: =AVERAGEIFS('Cover Summary'!L$13:L$156,'Cover Summary'!$F$13:$F$156, "NG4936",'Cover Summary'!$E$13:$E$156, "CSM") -> 68.75 | Y28: =AVERAGEIFS('Cover Summary'!M$13:M$156,'Cover Summary'!$F$13:$F$156, "NG4936",'Cover Summary'!$E$13:$E$156, "CSM") -> 77.25 | Z28: =AVERAGEIFS('Cover Summary'!N$13:N$156,'Cover Summary'!$F$13:$F$156, "NG4936",'Cover Summary'!$E$13:$E$156, "CSM") -> 87.333333 | ... AC28: =AVERAGEIFS('Cover Summary'!Q$13:Q$156,'Cover Summary'!$F$13:$F$156, "NG4936",'Cover Summary'!$E$13:$E$156, "CSM") -> #DIV/0!
B30: CSM-N | D30: =AVERAGEIFS('Cover Summary'!G$13:G$156,'Cover Summary'!$F$13:$F$156, "NG3195",'Cover Summary'!$E$13:$E$156, "CSM-N") -> 15.083333 | E30: =AVERAGEIFS('Cover Summary'!H$13:H$156,'Cover Summary'!$F$13:$F$156, "NG3195",'Cover Summary'!$E$13:$E$156, "CSM-N") -> 23.583333 | F30: =AVERAGEIFS('Cover Summary'!I$13:I$156,'Cover Summary'!$F$13:$F$156, "NG3195",'Cover Summary'!$E$13:$E$156, "CSM-N") -> 33.583333 | G30: =AVERAGEIFS('Cover Summary'!J$13:J$156,'Cover Summary'!$F$13:$F$156, "NG3195",'Cover Summary'!$E$13:$E$156, "CSM-N") -> 42 | H30: =AVERAGEIFS('Cover Summary'!K$13:K$156,'Cover Summary'!$F$13:$F$156, "NG3195",'Cover Summary'!$E$13:$E$156, "CSM-N") -> 55.166667 | I30: =AVERAGEIFS('Cover Summary'!L$13:L$156,'Cover Summary'!$F$13:$F$156, "NG3195",'Cover Summary'!$E$13:$E$156, "CSM-N") -> 69 | J30: =AVERAGEIFS('Cover Summary'!M$13:M$156,'Cover Summary'!$F$13:$F$156, "NG3195",'Cover Summary'!$E$13:$E$156, "CSM-N") -> 76.083333 | K30: =AVERAGEIFS('Cover Summary'!N$13:N$156,'Cover Summary'!$F$13:$F$156, "NG3195",'Cover Summary'!$E$13:$E$156, "CSM-N") -> 88.545455 | ... N30: =AVERAGEIFS('Cover Summary'!Q$13:Q$156,'Cover Summary'!$F$13:$F$156, "NG3195",'Cover Summary'!$E$13:$E$156, "CSM-N") -> #DIV/0! | Q30: CSM-N | S30: =AVERAGEIFS('Cover Summary'!G$13:G$156,'Cover Summary'!$F$13:$F$156, "NG4936",'Cover Summary'!$E$13:$E$156, "CSM-N") -> 10.75 | T30: =AVERAGEIFS('Cover Summary'!H$13:H$156,'Cover Summary'!$F$13:$F$156, "NG4936",'Cover Summary'!$E$13:$E$156, "CSM-N") -> 19 | U30: =AVERAGEIFS('Cover Summary'!I$13:I$156,'Cover Summary'!$F$13:$F$156, "NG4936",'Cover Summary'!$E$13:$E$156, "CSM-N") -> 29.333333 | V30: =AVERAGEIFS('Cover Summary'!J$13:J$156,'Cover Summary'!$F$13:$F$156, "NG4936",'Cover Summary'!$E$13:$E$156, "CSM-N") -> 37.75 | W30: =AVERAGEIFS('Cover Summary'!K$13:K$156,'Cover Summary'!$F$13:$F$156, "NG4936",'Cover Summary'!$E$13:$E$156, "CSM-N") -> 47.583333 | X30: =AVERAGEIFS('Cover Summary'!L$13:L$156,'Cover Summary'!$F$13:$F$156, "NG4936",'Cover Summary'!$E$13:$E$156, "CSM-N") -> 63.166667 | Y30: =AVERAGEIFS('Cover Summary'!M$13:M$156,'Cover Summary'!$F$13:$F$156, "NG4936",'Cover Summary'!$E$13:$E$156, "CSM-N") -> 69.5 | Z30: =AVERAGEIFS('Cover Summary'!N$13:N$156,'Cover Summary'!$F$13:$F$156, "NG4936",'Cover Summary'!$E$13:$E$156, "CSM-N") -> 82.25 | ... AC30: =AVERAGEIFS('Cover Summary'!Q$13:Q$156,'Cover Summary'!$F$13:$F$156, "NG4936",'Cover Summary'!$E$13:$E$156, "CSM-N") -> #DIV/0!
B32: FAO | D32: =AVERAGEIFS('Cover Summary'!G$13:G$156,'Cover Summary'!$F$13:$F$156, "NG3195",'Cover Summary'!$E$13:$E$156, "FAO") -> 14.5 | E32: =AVERAGEIFS('Cover Summary'!H$13:H$156,'Cover Summary'!$F$13:$F$156, "NG3195",'Cover Summary'!$E$13:$E$156, "FAO") -> 23.833333 | F32: =AVERAGEIFS('Cover Summary'!I$13:I$156,'Cover Summary'!$F$13:$F$156, "NG3195",'Cover Summary'!$E$13:$E$156, "FAO") -> 36 | G32: =AVERAGEIFS('Cover Summary'!J$13:J$156,'Cover Summary'!$F$13:$F$156, "NG3195",'Cover Summary'!$E$13:$E$156, "FAO") -> 45.833333 | H32: =AVERAGEIFS('Cover Summary'!K$13:K$156,'Cover Summary'!$F$13:$F$156, "NG3195",'Cover Summary'!$E$13:$E$156, "FAO") -> 57.416667 | I32: =AVERAGEIFS('Cover Summary'!L$13:L$156,'Cover Summary'!$F$13:$F$156, "NG3195",'Cover Summary'!$E$13:$E$156, "FAO") -> 75.416667 | J32: =AVERAGEIFS('Cover Summary'!M$13:M$156,'Cover Summary'!$F$13:$F$156, "NG3195",'Cover Summary'!$E$13:$E$156, "FAO") -> 82.454545 | K32: =AVERAGEIFS('Cover Summary'!N$13:N$156,'Cover Summary'!$F$13:$F$156, "NG3195",'Cover Summary'!$E$13:$E$156, "FAO") -> 91.25 | ... N32: =AVERAGEIFS('Cover Summary'!Q$13:Q$156,'Cover Summary'!$F$13:$F$156, "NG3195",'Cover Summary'!$E$13:$E$156, "FAO") -> #DIV/0! | Q32: FAO | S32: =AVERAGEIFS('Cover Summary'!G$13:G$156,'Cover Summary'!$F$13:$F$156, "NG4936",'Cover Summary'!$E$13:$E$156, "FAO") -> 12.166667 | T32: =AVERAGEIFS('Cover Summary'!H$13:H$156,'Cover Summary'!$F$13:$F$156, "NG4936",'Cover Summary'!$E$13:$E$156, "FAO") -> 20.833333 | U32: =AVERAGEIFS('Cover Summary'!I$13:I$156,'Cover Summary'!$F$13:$F$156, "NG4936",'Cover Summary'!$E$13:$E$156, "FAO") -> 31.75 | V32: =AVERAGEIFS('Cover Summary'!J$13:J$156,'Cover Summary'!$F$13:$F$156, "NG4936",'Cover Summary'!$E$13:$E$156, "FAO") -> 40.166667 | W32: =AVERAGEIFS('Cover Summary'!K$13:K$156,'Cover Summary'!$F$13:$F$156, "NG4936",'Cover Summary'!$E$13:$E$156, "FAO") -> 53.5 | X32: =AVERAGEIFS('Cover Summary'!L$13:L$156,'Cover Summary'!$F$13:$F$156, "NG4936",'Cover Summary'!$E$13:$E$156, "FAO") -> 74.833333 | Y32: =AVERAGEIFS('Cover Summary'!M$13:M$156,'Cover Summary'!$F$13:$F$156, "NG4936",'Cover Summary'!$E$13:$E$156, "FAO") -> 83.416667 | Z32: =AVERAGEIFS('Cover Summary'!N$13:N$156,'Cover Summary'!$F$13:$F$156, "NG4936",'Cover Summary'!$E$13:$E$156, "FAO") -> 91.571429 | ... AC32: =AVERAGEIFS('Cover Summary'!Q$13:Q$156,'Cover Summary'!$F$13:$F$156, "NG4936",'Cover Summary'!$E$13:$E$156, "FAO") -> #DIV/0!
B34: FAO-N | D34: =AVERAGEIFS('Cover Summary'!G$13:G$156,'Cover Summary'!$F$13:$F$156, "NG3195",'Cover Summary'!$E$13:$E$156, "FAO-N") -> 14.666667 | E34: =AVERAGEIFS('Cover Summary'!H$13:H$156,'Cover Summary'!$F$13:$F$156, "NG3195",'Cover Summary'!$E$13:$E$156, "FAO-N") -> 25.083333 | F34: =AVERAGEIFS('Cover Summary'!I$13:I$156,'Cover Summary'!$F$13:$F$156, "NG3195",'Cover Summary'!$E$13:$E$156, "FAO-N") -> 38 | G34: =AVERAGEIFS('Cover Summary'!J$13:J$156,'Cover Summary'!$F$13:$F$156, "NG3195",'Cover Summary'!$E$13:$E$156, "FAO-N") -> 48.25 | H34: =AVERAGEIFS('Cover Summary'!K$13:K$156,'Cover Summary'!$F$13:$F$156, "NG3195",'Cover Summary'!$E$13:$E$156, "FAO-N") -> 59.583333 | I34: =AVERAGEIFS('Cover Summary'!L$13:L$156,'Cover Summary'!$F$13:$F$156, "NG3195",'Cover Summary'!$E$13:$E$156, "FAO-N") -> 76.666667 | J34: =AVERAGEIFS('Cover Summary'!M$13:M$156,'Cover Summary'!$F$13:$F$156, "NG3195",'Cover Summary'!$E$13:$E$156, "FAO-N") -> 80.2 | K34: =AVERAGEIFS('Cover Summary'!N$13:N$156,'Cover Summary'!$F$13:$F$156, "NG3195",'Cover Summary'!$E$13:$E$156, "FAO-N") -> 89.5 | ... N34: =AVERAGEIFS('Cover Summary'!Q$13:Q$156,'Cover Summary'!$F$13:$F$156, "NG3195",'Cover Summary'!$E$13:$E$156, "FAO-N") -> #DIV/0! | Q34: FAO-N | S34: =AVERAGEIFS('Cover Summary'!G$13:G$156,'Cover Summary'!$F$13:$F$156, "NG4936",'Cover Summary'!$E$13:$E$156, "FAO-N") -> 11.666667 | T34: =AVERAGEIFS('Cover Summary'!H$13:H$156,'Cover Summary'!$F$13:$F$156, "NG4936",'Cover Summary'!$E$13:$E$156, "FAO-N") -> 20.666667 | U34: =AVERAGEIFS('Cover Summary'!I$13:I$156,'Cover Summary'!$F$13:$F$156, "NG4936",'Cover Summary'!$E$13:$E$156, "FAO-N") -> 32.083333 | V34: =AVERAGEIFS('Cover Summary'!J$13:J$156,'Cover Summary'!$F$13:$F$156, "NG4936",'Cover Summary'!$E$13:$E$156, "FAO-N") -> 41.25 | W34: =AVERAGEIFS('Cover Summary'!K$13:K$156,'Cover Summary'!$F$13:$F$156, "NG4936",'Cover Summary'!$E$13:$E$156, "FAO-N") -> 53.333333 | X34: =AVERAGEIFS('Cover Summary'!L$13:L$156,'Cover Summary'!$F$13:$F$156, "NG4936",'Cover Summary'!$E$13:$E$156, "FAO-N") -> 71.083333 | Y34: =AVERAGEIFS('Cover Summary'!M$13:M$156,'Cover Summary'!$F$13:$F$156, "NG4936",'Cover Summary'!$E$13:$E$156, "FAO-N") -> 78.916667 | Z34: =AVERAGEIFS('Cover Summary'!N$13:N$156,'Cover Summary'!$F$13:$F$156, "NG4936",'Cover Summary'!$E$13:$E$156, "FAO-N") -> 85.333333 | ... AC34: =AVERAGEIFS('Cover Summary'!Q$13:Q$156,'Cover Summary'!$F$13:$F$156, "NG4936",'Cover Summary'!$E$13:$E$156, "FAO-N") -> #DIV/0!

Sheet Emergence
A1: 2021 | B1: F13 b4 | D1: Cotton
B3: Emergence
A4: Emergence counts taken at a flag placed in each plot for emergence.
A5: Flags placed 1 row East of the neutron tubes, and 1.5-2 meters North of the tube.
A6: Counting emerged plants 1 fro North of the flag.
A8: Flags zig-zag through the field.
E10: # plants per 1 meter (1 meter North of each flag) | K10: out sick 5 May
B11: Date: | E11: Th 29 April | G11: Sun 2 May | I11: 44319 | K11: 44323 | M11: 44326 | N11: 44328 | O11: 44333
B12: DOY: | E12: 119 | G12: 122 | I12: 123 | K12: 127 | M12: 130 | N12: 132 | O12: 137
B13: by: | E13: SMM | G13: SMM | I13: SMM | K13: SMM | M13: SMM | N13: SMM | O13: SMM
B14: flag point | E14: 1000-1100h | G14: 1000-1030h | I14: 0955-1030h | K14: 0930-1000h | M14: 1000-1030 | N14: 1100-11300 | O14: 1320-1355
A15: "a" = West "b" = East | C15: Plot | E15: plants/1 m | F15: plants starting to emerge | G15: plants/1 m | H15: plants starting to emerge | I15: plants/1 m | J15: plants starting to emerge | K15: plants/1 m | L15: plants starting to emerge | M15: plants/1 m | N15: plants/1 m | O15: plants/1 m
A16: Northwest corner span 6 | B16: 1a | C16: 01-1 | D16: NG4936 | E16: 0 | F16: 0 | G16: 5 | H16: 0 | I16: 5 | J16: 1 | K16: 6 | L16: 1 | M16: 6 | N16: 6 | O16: 6
B17: 1b | C17: 02-1 | D17: NG3195 | E17: 0 | F17: 2 | G17: 10 | H17: 0 | I17: 10 | J17: 0 | K17: 11 | L17: 0 | M17: 11 | N17: 11 | O17: 10
B18: 2b | C18: 02-2 | D18: NG3195 | E18: 0 | F18: 0 | G18: 5 | H18: 1 | I18: 5 | J18: 1 | K18: 6 | L18: 0 | M18: 6 | N18: 6 | O18: 5
B19: 2a | C19: 01-2 | D19: NG4936 | E19: 0 | F19: 1 | G19: 4 | H19: 2 | I19: 5 | J19: 1 | K19: 8 | L19: 0 | M19: 8 | N19: 8 | O19: 8
B20: 3a | C20: 01-3 | D20: NG4936 | E20: 0 | F20: 0 | G20: 5 | H20: 0 | I20: 5 | J20: 0 | K20: 6 | L20: 1 | M20: 7 | N20: 7 | O20: 6
B21: 3b | C21: 02-3 | D21: NG3195 | E21: 2 | F21: 0 | G21: 7 | H21: 0 | I21: 8 | J21: 0 | K21: 8 | L21: 1 | M21: 9 | N21: 8 | O21: 8
B22: 4b | C22: 02-4 | D22: NG3195 | E22: 1 | F22: 1 | G22: 6 | H22: 1 | I22: 7 | J22: 0 | K22: 8 | L22: 0 | M22: 8 | N22: 9 | O22: 9
A23: South | B23: 4a | C23: 01-4 | D23: NG4936 | E23: 1 | F23: 1 | G23: 5 | H23: 0 | I23: 5 | J23: 0 | K23: 7 | L23: 1 | M23: 8 | N23: 9 | O23: 9
A24: South | B24: 5a | C24: 03-4 | D24: NG3195 | E24: 1 | F24: 1 | G24: 7 | H24: 2 | I24: 8 | J24: 1 | K24: 9 | L24: 1 | M24: 10 | N24: 10 | O24: 10
B25: 5b | C25: 04-4 | D25: NG4936 | E25: 0 | F25: 0 | G25: 3 | H25: 1 | I25: 3 | J25: 1 | K25: 8 | L25: 0 | M25: 8 | N25: 8 | O25: 7
B26: 6b | C26: 04-3 | D26: NG4936 | E26: 0 | F26: 0 | G26: 4 | H26: 1 | I26: 5 | J26: 1 | K26: 7 | L26: 2 | M26: 8 | N26: 9 | O26: 9
B27: 6a | C27: 03-3 | D27: NG3195 | E27: 0 | F27: 1 | G27: 7 | H27: 0 | I27: 7 | J27: 0 | K27: 8 | L27: 1 | M27: 9 | N27: 9 | O27: 10
B28: 7a | C28: 03-2 | D28: NG3195 | E28: 0 | F28: 2 | G28: 9 | H28: 2 | I28: 9 | J28: 2 | K28: 11 | L28: 1 | M28: 12 | N28: 12 | O28: 12
B29: 7b | C29: 04-2 | D29: NG4936 | E29: 0 | F29: 0 | G29: 4 | H29: 3 | I29: 7 | J29: 1 | K29: 8 | L29: 0 | M29: 8 | N29: 8 | O29: 8
B30: 8b | C30: 04-1 | D30: NG4936 | E30: 0 | F30: 0 | G30: 6 | H30: 2 | I30: 8 | J30: 0 | K30: 8 | L30: 1 | M30: 8 | N30: 8 | O30: 7
A31: Northeast corner of span 6 | B31: 8a | C31: 03-1 | D31: NG3195 | E31: 1 | F31: 2 | G31: 8 | H31: 2 | I31: 10 | J31: 1 | K31: 11 | L31: 0 | M31: 11 | N31: 11 | O31: 11
A32: Northwest corner span 5 | B32: 9a | C32: 05-1 | D32: NG3195 | E32: 1 | F32: 0 | G32: 6 | H32: 0 | I32: 3 | J32: 0 | K32: 9 | L32: 0 | M32: 9 | N32: 9 | O32: 9
B33: 9b | C33: 06-1 | D33: NG4936 | E33: 0 | F33: 0 | G33: 5 | H33: 2 | I33: 3 | J33: 2 | K33: 10 | L33: 1 | M33: 11 | N33: 10 | O33: 10
B34: 10b | C34: 06-2 | D34: NG4936 | E34: 0 | F34: 1 | G34: 3 | H34: 3 | I34: 5 | J34: 1 | K34: 6 | L34: 1 | M34: 6 | N34: 7 | O34: 7
B35: 10a | C35: 05-2 | D35: NG3195 | E35: 0 | F35: 1 | G35: 6 | H35: 3 | I35: 9 | J35: 0 | K35: 9 | L35: 2 | M35: 10 | N35: 11 | O35: 11
B36: 11a | C36: 05-3 | D36: NG3195 | E36: 0 | F36: 0 | G36: 4 | H36: 2 | I36: 4 | J36: 2 | K36: 7 | L36: 0 | M36: 7 | N36: 7 | O36: 7
B37: 11b | C37: 06-3 | D37: NG4936 | E37: 0 | F37: 1 | G37: 6 | H37: 1 | I37: 9 | J37: 0 | K37: 10 | L37: 0 | M37: 10 | N37: 10 | O37: 10
B38: 12b | C38: 06-4 | D38: NG4936 | E38: 1 | F38: 1 | G38: 7 | H38: 0 | I38: 7 | J38: 0 | K38: 9 | L38: 1 | M38: 10 | N38: 10 | O38: 10
A39: South | B39: 12a | C39: 05-4 | D39: NG3195 | E39: 2 | F39: 2 | G39: 8 | H39: 1 | I39: 9 | J39: 0 | K39: 10 | L39: 0 | M39: 10 | N39: 11 | O39: 10
A40: South | B40: 13a | C40: 07-4 | D40: NG4936 | E40: 0 | F40: 0 | G40: 1 | H40: 2 | I40: 2 | J40: 1 | K40: 6 | L40: 2 | M40: 7 | N40: 7 | O40: 7
B41: 13b | C41: 08-4 | D41: NG3195 | E41: 0 | F41: 2 | G41: 6 | H41: 1 | I41: 8 | J41: 0 | K41: 8 | L41: 2 | M41: 9 | N41: 10 | O41: 9
B42: 14b | C42: 08-3 | D42: NG3195 | E42: 1 | F42: 0 | G42: 4 | H42: 1 | I42: 4 | J42: 1 | K42: 6 | L42: 2 | M42: 8 | N42: 8 | O42: 8
B43: 14a | C43: 07-3 | D43: NG4936 | E43: 0 | F43: 0 | G43: 0 | H43: 1 | I43: 0 | J43: 2 | K43: 3 | L43: 3 | M43: 4 | N43: 4 | O43: 5
B44: 15a | C44: 07-2 | D44: NG4936 | E44: 0 | F44: 1 | G44: 8 | H44: 1 | I44: 9 | J44: 0 | K44: 10 | L44: 0 | M44: 10 | N44: 10 | O44: 10
B45: 15b | C45: 08-2 | D45: NG3195 | E45: 0 | F45: 2 | G45: 7 | H45: 1 | I45: 9 | J45: 0 | K45: 10 | L45: 0 | M45: 10 | N45: 10 | O45: 10
B46: 16b | C46: 08-1 | D46: NG3195 | E46: 0 | F46: 1 | G46: 5 | H46: 0 | I46: 10 | J46: 0 | K46: 5 | L46: 2 | M46: 6 | N46: 6 | O46: 5
A47: Northeast corner of span 5 | B47: 16a | C47: 07-1 | D47: NG4936 | E47: 0 | F47: 0 | G47: 3 | H47: 2 | I47: 4 | J47: 1 | K47: 6 | L47: 0 | M47: 6 | N47: 10 | O47: 6
A48: Northwest corner span 4 | B48: 17a | C48: 09-1 | D48: NG4936 | E48: 0 | F48: 0 | G48: 5 | H48: 1 | I48: 5 | J48: 1 | K48: 9 | L48: 0 | M48: 9 | N48: 9 | O48: 8
B49: 17b | C49: 10-1 | D49: NG3195 | E49: 0 | F49: 1 | G49: 4 | H49: 1 | I49: 4 | J49: 1 | K49: 5 | L49: 2 | M49: 6 | N49: 6 | O49: 6
B50: 18b | C50: 10-2 | D50: NG3195 | E50: 1 | F50: 1 | G50: 6 | H50: 2 | I50: 7 | J50: 1 | K50: 9 | L50: 0 | M50: 9 | N50: 9 | O50: 9
B51: 18a | C51: 09-2 | D51: NG4936 | E51: 0 | F51: 1 | G51: 7 | H51: 2 | I51: 9 | J51: 1 | K51: 9 | L51: 1 | M51: 10 | N51: 10 | O51: 10
B52: 19a | C52: 09-3 | D52: NG4936 | E52: 0 | F52: 0 | G52: 4 | H52: 2 | I52: 5 | J52: 2 | K52: 8 | L52: 0 | M52: 8 | N52: 9 | O52: 8
B53: 19b | C53: 10-3 | D53: NG3195 | E53: 3 | F53: 0 | G53: 5 | H53: 2 | I53: 7 | J53: 1 | K53: 8 | L53: 0 | M53: 8 | N53: 8 | O53: 8
B54: 20b | C54: 10-4 | D54: NG3195 | E54: 2 | F54: 0 | G54: 7 | H54: 1 | I54: 8 | J54: 0 | K54: 8 | L54: 1 | M54: 8 | N54: 9 | O54: 9
A55: South | B55: 20a | C55: 09-4 | D55: NG4936 | E55: 0 | F55: 0 | G55: 4 | H55: 1 | I55: 4 | J55: 1 | K55: 4 | L55: 3 | M55: 5 | N55: 6 | O55: 6
A56: South | B56: 21a | C56: 11-4 | D56: NG3195 | E56: 0 | F56: 1 | G56: 4 | H56: 2 | I56: 5 | J56: 2 | K56: 8 | L56: 0 | M56: 8 | N56: 9 | O56: 9
B57: 21b | C57: 12-4 | D57: NG4936 | E57: 1 | F57: 0 | G57: 4 | H57: 1 | I57: 6 | J57: 0 | K57: 8 | L57: 1 | M57: 9 | N57: 9 | O57: 9
B58: 22b | C58: 12-3 | D58: NG4936 | E58: 0 | F58: 0 | G58: 6 | H58: 2 | I58: 8 | J58: 0 | K58: 8 | L58: 1 | M58: 9 | N58: 9 | O58: 10
B59: 22a | C59: 11-3 | D59: NG3195 | E59: 0 | F59: 1 | G59: 2 | H59: 3 | I59: 4 | J59: 3 | K59: 9 | L59: 0 | M59: 9 | N59: 9 | O59: 9
B60: 23a | C60: 11-2 | D60: NG3195 | E60: 0 | F60: 1 | G60: 9 | H60: 0 | I60: 9 | J60: 1 | K60: 11 | L60: 0 | M60: 11 | N60: 11 | O60: 11
B61: 23b | C61: 12-2 | D61: NG4936 | E61: 0 | F61: 1 | G61: 3 | H61: 2 | I61: 5 | J61: 2 | K61: 7 | L61: 2 | M61: 7 | N61: 8 | O61: 7
B62: 24b | C62: 12-1 | D62: NG4936 | E62: 0 | F62: 0 | G62: 2 | H62: 2 | I62: 4 | J62: 0 | K62: 4 | L62: 2 | M62: 5 | N62: 5 | O62: 4
A63: Northeast corner of span 4 | B63: 24a | C63: 11-1 | D63: NG3195 | E63: 0 | F63: 0 | G63: 2 | H63: 3 | I63: 4 | J63: 2 | K63: 8 | L63: 1 | M63: 8 | N63: 9 | O63: 9
D65: Ave: | E65: =AVERAGE(E16:E63) -> 0.375 | G65: =AVERAGE(G16:G63) -> 5.1666667 | I65: =AVERAGE(I16:I63) -> 6.1666667 | K65: =AVERAGE(K16:K63) -> 7.8541667 | M65: =AVERAGE(M16:M63) -> 8.3125 | N65: =AVERAGE(N16:N63) -> 8.625 | O65: =AVERAGE(O16:O63) -> 8.3541667
D66: Ave NG3195: | E66: =AVERAGEIFS(E$16:E$63, $D$16:$D$63, "NG3195") -> 0.625 | G66: =AVERAGEIFS(G$16:G$63, $D$16:$D$63, "NG3195") -> 6 | I66: =AVERAGEIFS(I$16:I$63, $D$16:$D$63, "NG3195") -> 7 | K66: =AVERAGEIFS(K$16:K$63, $D$16:$D$63, "NG3195") -> 8.4166667 | M66: =AVERAGEIFS(M$16:M$63, $D$16:$D$63, "NG3195") -> 8.8333333 | N66: =AVERAGEIFS(N$16:N$63, $D$16:$D$63, "NG3195") -> 9.0833333 | O66: =AVERAGEIFS(O$16:O$63, $D$16:$D$63, "NG3195") -> 8.9166667
D67: Ave NG4936: | E67: =AVERAGEIFS(E$16:E$63, $D$16:$D$63, "NG4936") -> 0.125 | G67: =AVERAGEIFS(G$16:G$63, $D$16:$D$63, "NG4936") -> 4.3333333 | I67: =AVERAGEIFS(I$16:I$63, $D$16:$D$63, "NG4936") -> 5.3333333 | K67: =AVERAGEIFS(K$16:K$63, $D$16:$D$63, "NG4936") -> 7.2916667 | M67: =AVERAGEIFS(M$16:M$63, $D$16:$D$63, "NG4936") -> 7.7916667 | N67: =AVERAGEIFS(N$16:N$63, $D$16:$D$63, "NG4936") -> 8.1666667 | O67: =AVERAGEIFS(O$16:O$63, $D$16:$D$63, "NG4936") -> 7.7916667
C71: 119 | D71: 122 | E71: 123 | F71: 127 | G71: 130 | H71: 132 | I71: 137 | J71: 0.5 | K71: 50% DOY
B72: 01-1 | C72: 0 | D72: 5 | E72: 5 | F72: 6 | G72: 6 | H72: 6 | I72: 6 | J72: =I72/2 -> 3 | K72: =C$71+(J72-C72)/(D72-C72)*(D$71-C$71) -> 120.8
B73: 02-1 | C73: 0 | D73: 10 | E73: 10 | F73: 11 | G73: 11 | H73: 11 | I73: 10 | J73: =I73/2 -> 5 | K73: =C$71+(J73-C73)/(D73-C73)*(D$71-C$71) -> 120.5
B74: 02-2 | C74: 0 | D74: 5 | E74: 5 | F74: 6 | G74: 6 | H74: 6 | I74: 5 | J74: =I74/2 -> 2.5 | K74: =C$71+(J74-C74)/(D74-C74)*(D$71-C$71) -> 120.5
B75: 01-2 | C75: 0 | D75: 4 | E75: 5 | F75: 8 | G75: 8 | H75: 8 | I75: 8 | J75: =I75/2 -> 4 | K75: =C$71+(J75-C75)/(D75-C75)*(D$71-C$71) -> 122
B76: 01-3 | C76: 0 | D76: 5 | E76: 5 | F76: 6 | G76: 7 | H76: 7 | I76: 6 | J76: =I76/2 -> 3 | K76: =C$71+(J76-C76)/(D76-C76)*(D$71-C$71) -> 120.8
B77: 02-3 | C77: 2 | D77: 7 | E77: 8 | F77: 8 | G77: 9 | H77: 8 | I77: 8 | J77: =I77/2 -> 4 | K77: =C$71+(J77-C77)/(D77-C77)*(D$71-C$71) -> 120.2
B78: 02-4 | C78: 1 | D78: 6 | E78: 7 | F78: 8 | G78: 8 | H78: 9 | I78: 9 | J78: =I78/2 -> 4.5 | K78: =C$71+(J78-C78)/(D78-C78)*(D$71-C$71) -> 121.1
B79: 01-4 | C79: 1 | D79: 5 | E79: 5 | F79: 7 | G79: 8 | H79: 9 | I79: 9 | J79: =I79/2 -> 4.5 | K79: =C$71+(J79-C79)/(D79-C79)*(D$71-C$71) -> 121.625
B80: 03-4 | C80: 1 | D80: 7 | E80: 8 | F80: 9 | G80: 10 | H80: 10 | I80: 10 | J80: =I80/2 -> 5 | K80: =C$71+(J80-C80)/(D80-C80)*(D$71-C$71) -> 121
B81: 04-4 | C81: 0 | D81: 3 | E81: 3 | F81: 8 | G81: 8 | H81: 8 | I81: 7 | J81: =I81/2 -> 3.5 | K81: =E$71+(J81-E81)/(F81-E81)*(F$71-E$71) -> 123.4
B82: 04-3 | C82: 0 | D82: 4 | E82: 5 | F82: 7 | G82: 8 | H82: 9 | I82: 9 | J82: =I82/2 -> 4.5 | K82: =D$71+(J82-D82)/(E82-D82)*(E$71-D$71) -> 122.5
B83: 03-3 | C83: 0 | D83: 7 | E83: 7 | F83: 8 | G83: 9 | H83: 9 | I83: 10 | J83: =I83/2 -> 5 | K83: =C$71+(J83-C83)/(D83-C83)*(D$71-C$71) -> 121.14286
B84: 03-2 | C84: 0 | D84: 9 | E84: 9 | F84: 11 | G84: 12 | H84: 12 | I84: 12 | J84: =I84/2 -> 6 | K84: =C$71+(J84-C84)/(D84-C84)*(D$71-C$71) -> 121
B85: 04-2 | C85: 0 | D85: 4 | E85: 7 | F85: 8 | G85: 8 | H85: 8 | I85: 8 | J85: =I85/2 -> 4 | K85: =C$71+(J85-C85)/(D85-C85)*(D$71-C$71) -> 122
B86: 04-1 | C86: 0 | D86: 6 | E86: 8 | F86: 8 | G86: 8 | H86: 8 | I86: 7 | J86: =I86/2 -> 3.5 | K86: =C$71+(J86-C86)/(D86-C86)*(D$71-C$71) -> 120.75
B87: 03-1 | C87: 1 | D87: 8 | E87: 10 | F87: 11 | G87: 11 | H87: 11 | I87: 11 | J87: =I87/2 -> 5.5 | K87: =C$71+(J87-C87)/(D87-C87)*(D$71-C$71) -> 120.92857
B88: 05-1 | C88: 1 | D88: 6 | E88: 3 | F88: 9 | G88: 9 | H88: 9 | I88: 9 | J88: =I88/2 -> 4.5 | K88: =C$71+(J88-C88)/(D88-C88)*(D$71-C$71) -> 121.1
B89: 06-1 | C89: 0 | D89: 5 | E89: 3 | F89: 10 | G89: 11 | H89: 10 | I89: 10 | J89: =I89/2 -> 5 | K89: =C$71+(J89-C89)/(D89-C89)*(D$71-C$71) -> 122
B90: 06-2 | C90: 0 | D90: 3 | E90: 5 | F90: 6 | G90: 6 | H90: 7 | I90: 7 | J90: =I90/2 -> 3.5 | K90: =D$71+(J90-D90)/(E90-D90)*(E$71-D$71) -> 122.25
B91: 05-2 | C91: 0 | D91: 6 | E91: 9 | F91: 9 | G91: 10 | H91: 11 | I91: 11 | J91: =I91/2 -> 5.5 | K91: =C$71+(J91-C91)/(D91-C91)*(D$71-C$71) -> 121.75
B92: 05-3 | C92: 0 | D92: 4 | E92: 4 | F92: 7 | G92: 7 | H92: 7 | I92: 7 | J92: =I92/2 -> 3.5 | K92: =C$71+(J92-C92)/(D92-C92)*(D$71-C$71) -> 121.625
B93: 06-3 | C93: 0 | D93: 6 | E93: 9 | F93: 10 | G93: 10 | H93: 10 | I93: 10 | J93: =I93/2 -> 5 | K93: =C$71+(J93-C93)/(D93-C93)*(D$71-C$71) -> 121.5
B94: 06-4 | C94: 1 | D94: 7 | E94: 7 | F94: 9 | G94: 10 | H94: 10 | I94: 10 | J94: =I94/2 -> 5 | K94: =C$71+(J94-C94)/(D94-C94)*(D$71-C$71) -> 121
B95: 05-4 | C95: 2 | D95: 8 | E95: 9 | F95: 10 | G95: 10 | H95: 11 | I95: 10 | J95: =I95/2 -> 5 | K95: =C$71+(J95-C95)/(D95-C95)*(D$71-C$71) -> 120.5
B96: 07-4 | C96: 0 | D96: 1 | E96: 2 | F96: 6 | G96: 7 | H96: 7 | I96: 7 | J96: =I96/2 -> 3.5 | K96: =E$71+(J96-E96)/(F96-E96)*(F$71-E$71) -> 124.5
B97: 08-4 | C97: 0 | D97: 6 | E97: 8 | F97: 8 | G97: 9 | H97: 10 | I97: 9 | J97: =I97/2 -> 4.5 | K97: =C$71+(J97-C97)/(D97-C97)*(D$71-C$71) -> 121.25
B98: 08-3 | C98: 1 | D98: 4 | E98: 4 | F98: 6 | G98: 8 | H98: 8 | I98: 8 | J98: =I98/2 -> 4 | K98: =C$71+(J98-C98)/(D98-C98)*(D$71-C$71) -> 122
B99: 07-3 | C99: 0 | D99: 0 | E99: 0 | F99: 3 | G99: 4 | H99: 4 | I99: 5 | J99: =I99/2 -> 2.5 | K99: =E$71+(J99-E99)/(F99-E99)*(F$71-E$71) -> 126.33333
B100: 07-2 | C100: 0 | D100: 8 | E100: 9 | F100: 10 | G100: 10 | H100: 10 | I100: 10 | J100: =I100/2 -> 5 | K100: =C$71+(J100-C100)/(D100-C100)*(D$71-C$71) -> 120.875
B101: 08-2 | C101: 0 | D101: 7 | E101: 9 | F101: 10 | G101: 10 | H101: 10 | I101: 10 | J101: =I101/2 -> 5 | K101: =C$71+(J101-C101)/(D101-C101)*(D$71-C$71) -> 121.14286
B102: 08-1 | C102: 0 | D102: 5 | E102: 10 | F102: 5 | G102: 6 | H102: 6 | I102: 5 | J102: =I102/2 -> 2.5 | K102: =C$71+(J102-C102)/(D102-C102)*(D$71-C$71) -> 120.5
B103: 07-1 | C103: 0 | D103: 3 | E103: 4 | F103: 6 | G103: 6 | H103: 10 | I103: 6 | J103: =I103/2 -> 3 | K103: =C$71+(J103-C103)/(D103-C103)*(D$71-C$71) -> 122
B104: 09-1 | C104: 0 | D104: 5 | E104: 5 | F104: 9 | G104: 9 | H104: 9 | I104: 8 | J104: =I104/2 -> 4 | K104: =C$71+(J104-C104)/(D104-C104)*(D$71-C$71) -> 121.4
B105: 10-1 | C105: 0 | D105: 4 | E105: 4 | F105: 5 | G105: 6 | H105: 6 | I105: 6 | J105: =I105/2 -> 3 | K105: =C$71+(J105-C105)/(D105-C105)*(D$71-C$71) -> 121.25
B106: 10-2 | C106: 1 | D106: 6 | E106: 7 | F106: 9 | G106: 9 | H106: 9 | I106: 9 | J106: =I106/2 -> 4.5 | K106: =C$71+(J106-C106)/(D106-C106)*(D$71-C$71) -> 121.1
B107: 09-2 | C107: 0 | D107: 7 | E107: 9 | F107: 9 | G107: 10 | H107: 10 | I107: 10 | J107: =I107/2 -> 5 | K107: =C$71+(J107-C107)/(D107-C107)*(D$71-C$71) -> 121.14286
...

Sheet 1stLeaf
A1: 2021 | B1: F13 b4 | D1: Cotton
B3: 1 True Leaf
A4: Emergence counts taken at a flag placed in each plot for emergence.
A5: Flags placed 1 row East of the neutron tubes, and 1.5-2 meters North of the tube.
A6: Counting emerged plants 1 fro North of the flag.
A8: Flags zig-zag through the field.
B11: Date: | F11: 44328 | G11: 44333
B12: DOY: | F12: 132 | G12: 137
B13: by: | F13: SMM | G13: SMM
B14: flag point
A15: "a" = West "b" = East | C15: Plot | E15: total plants/1 m | F15: plants w/ 1st leaf in 1 m | G15: plants w/ 1st leaf in 1 m | H15: plants w/ 1st leaf in 1 m | I15: plants w/ 1st leaf in 1 m | K15: 0.5 | L15: 50% DOY
A16: Northwest corner span 6 | B16: 1a | C16: 01-1 | D16: NG4936 | E16: 6 | F16: 0 | G16: 4 | K16: =E16/2 -> 3 | L16: =F$12+(K16-F16)/(G16-F16)*(G$12-F$12) -> 135.75
B17: 1b | C17: 02-1 | D17: NG3195 | E17: 10 | F17: 2 | G17: 10 | K17: =E17/2 -> 5 | L17: =F$12+(K17-F17)/(G17-F17)*(G$12-F$12) -> 133.875
B18: 2b | C18: 02-2 | D18: NG3195 | E18: 5 | F18: 0 | G18: 4 | K18: =E18/2 -> 2.5 | L18: =F$12+(K18-F18)/(G18-F18)*(G$12-F$12) -> 135.125
B19: 2a | C19: 01-2 | D19: NG4936 | E19: 8 | F19: 1 | G19: 8 | K19: =E19/2 -> 4 | L19: =F$12+(K19-F19)/(G19-F19)*(G$12-F$12) -> 134.14286
B20: 3a | C20: 01-3 | D20: NG4936 | E20: 6 | F20: 0 | G20: 5 | K20: =E20/2 -> 3 | L20: =F$12+(K20-F20)/(G20-F20)*(G$12-F$12) -> 135
B21: 3b | C21: 02-3 | D21: NG3195 | E21: 8 | F21: 1 | G21: 7 | K21: =E21/2 -> 4 | L21: =F$12+(K21-F21)/(G21-F21)*(G$12-F$12) -> 134.5
B22: 4b | C22: 02-4 | D22: NG3195 | E22: 9 | F22: 2 | G22: 8 | K22: =E22/2 -> 4.5 | L22: =F$12+(K22-F22)/(G22-F22)*(G$12-F$12) -> 134.08333
A23: South | B23: 4a | C23: 01-4 | D23: NG4936 | E23: 9 | F23: 1 | G23: 7 | K23: =E23/2 -> 4.5 | L23: =F$12+(K23-F23)/(G23-F23)*(G$12-F$12) -> 134.91667
A24: South | B24: 5a | C24: 03-4 | D24: NG3195 | E24: 10 | F24: 1 | G24: 9 | K24: =E24/2 -> 5 | L24: =F$12+(K24-F24)/(G24-F24)*(G$12-F$12) -> 134.5
B25: 5b | C25: 04-4 | D25: NG4936 | E25: 7 | F25: 0 | G25: 4 | K25: =E25/2 -> 3.5 | L25: =F$12+(K25-F25)/(G25-F25)*(G$12-F$12) -> 136.375
B26: 6b | C26: 04-3 | D26: NG4936 | E26: 9 | F26: 0 | G26: 5 | K26: =E26/2 -> 4.5 | L26: =F$12+(K26-F26)/(G26-F26)*(G$12-F$12) -> 136.5
B27: 6a | C27: 03-3 | D27: NG3195 | E27: 10 | F27: 1 | G27: 7 | K27: =E27/2 -> 5 | L27: =F$12+(K27-F27)/(G27-F27)*(G$12-F$12) -> 135.33333
B28: 7a | C28: 03-2 | D28: NG3195 | E28: 12 | F28: 2 | G28: 10 | K28: =E28/2 -> 6 | L28: =F$12+(K28-F28)/(G28-F28)*(G$12-F$12) -> 134.5
B29: 7b | C29: 04-2 | D29: NG4936 | E29: 8 | F29: 0 | G29: 6 | K29: =E29/2 -> 4 | L29: =F$12+(K29-F29)/(G29-F29)*(G$12-F$12) -> 135.33333
B30: 8b | C30: 04-1 | D30: NG4936 | E30: 7 | F30: 0 | G30: 5 | K30: =E30/2 -> 3.5 | L30: =F$12+(K30-F30)/(G30-F30)*(G$12-F$12) -> 135.5
A31: Northeast corner of span 6 | B31: 8a | C31: 03-1 | D31: NG3195 | E31: 11 | F31: 2 | G31: 9 | K31: =E31/2 -> 5.5 | L31: =F$12+(K31-F31)/(G31-F31)*(G$12-F$12) -> 134.5
A32: Northwest corner span 5 | B32: 9a | C32: 05-1 | D32: NG3195 | E32: 9 | F32: 2 | G32: 8 | K32: =E32/2 -> 4.5 | L32: =F$12+(K32-F32)/(G32-F32)*(G$12-F$12) -> 134.08333
B33: 9b | C33: 06-1 | D33: NG4936 | E33: 10 | F33: 2 | G33: 9 | K33: =E33/2 -> 5 | L33: =F$12+(K33-F33)/(G33-F33)*(G$12-F$12) -> 134.14286
B34: 10b | C34: 06-2 | D34: NG4936 | E34: 7 | F34: 0 | G34: 4 | K34: =E34/2 -> 3.5 | L34: =F$12+(K34-F34)/(G34-F34)*(G$12-F$12) -> 136.375
B35: 10a | C35: 05-2 | D35: NG3195 | E35: 11 | F35: 2 | G35: 8 | K35: =E35/2 -> 5.5 | L35: =F$12+(K35-F35)/(G35-F35)*(G$12-F$12) -> 134.91667
B36: 11a | C36: 05-3 | D36: NG3195 | E36: 7 | F36: 0 | G36: 4 | K36: =E36/2 -> 3.5 | L36: =F$12+(K36-F36)/(G36-F36)*(G$12-F$12) -> 136.375
B37: 11b | C37: 06-3 | D37: NG4936 | E37: 10 | F37: 3 | G37: 9 | K37: =E37/2 -> 5 | L37: =F$12+(K37-F37)/(G37-F37)*(G$12-F$12) -> 133.66667
B38: 12b | C38: 06-4 | D38: NG4936 | E38: 10 | F38: 2 | G38: 7 | K38: =E38/2 -> 5 | L38: =F$12+(K38-F38)/(G38-F38)*(G$12-F$12) -> 135
A39: South | B39: 12a | C39: 05-4 | D39: NG3195 | E39: 10 | F39: 3 | G39: 9 | K39: =E39/2 -> 5 | L39: =F$12+(K39-F39)/(G39-F39)*(G$12-F$12) -> 133.66667
A40: South | B40: 13a | C40: 07-4 | D40: NG4936 | E40: 7 | F40: 0 | G40: 3 | K40: =E40/2 -> 3.5 | L40: =F$12+(K40-F40)/(G40-F40)*(G$12-F$12) -> 137.83333
B41: 13b | C41: 08-4 | D41: NG3195 | E41: 9 | F41: 2 | G41: 8 | K41: =E41/2 -> 4.5 | L41: =F$12+(K41-F41)/(G41-F41)*(G$12-F$12) -> 134.08333
B42: 14b | C42: 08-3 | D42: NG3195 | E42: 8 | F42: 1 | G42: 6 | K42: =E42/2 -> 4 | L42: =F$12+(K42-F42)/(G42-F42)*(G$12-F$12) -> 135
B43: 14a | C43: 07-3 | D43: NG4936 | E43: 5 | F43: 0 | G43: 0 | K43: =E43/2 -> 2.5 | L43: 138
B44: 15a | C44: 07-2 | D44: NG4936 | E44: 10 | F44: 3 | G44: 9 | K44: =E44/2 -> 5 | L44: =F$12+(K44-F44)/(G44-F44)*(G$12-F$12) -> 133.66667
B45: 15b | C45: 08-2 | D45: NG3195 | E45: 10 | F45: 3 | G45: 10 | K45: =E45/2 -> 5 | L45: =F$12+(K45-F45)/(G45-F45)*(G$12-F$12) -> 133.42857
B46: 16b | C46: 08-1 | D46: NG3195 | E46: 5 | F46: 0 | G46: 5 | K46: =E46/2 -> 2.5 | L46: =F$12+(K46-F46)/(G46-F46)*(G$12-F$12) -> 134.5
A47: Northeast corner of span 5 | B47: 16a | C47: 07-1 | D47: NG4936 | E47: 6 | F47: 0 | G47: 4 | K47: =E47/2 -> 3 | L47: =F$12+(K47-F47)/(G47-F47)*(G$12-F$12) -> 135.75
A48: Northwest corner span 4 | B48: 17a | C48: 09-1 | D48: NG4936 | E48: 8 | F48: 1 | G48: 5 | K48: =E48/2 -> 4 | L48: =F$12+(K48-F48)/(G48-F48)*(G$12-F$12) -> 135.75
B49: 17b | C49: 10-1 | D49: NG3195 | E49: 6 | F49: 0 | G49: 4 | K49: =E49/2 -> 3 | L49: =F$12+(K49-F49)/(G49-F49)*(G$12-F$12) -> 135.75
B50: 18b | C50: 10-2 | D50: NG3195 | E50: 9 | F50: 2 | G50: 6 | K50: =E50/2 -> 4.5 | L50: =F$12+(K50-F50)/(G50-F50)*(G$12-F$12) -> 135.125
B51: 18a | C51: 09-2 | D51: NG4936 | E51: 10 | F51: 3 | G51: 8 | K51: =E51/2 -> 5 | L51: =F$12+(K51-F51)/(G51-F51)*(G$12-F$12) -> 134
B52: 19a | C52: 09-3 | D52: NG4936 | E52: 8 | F52: 1 | G52: 6 | K52: =E52/2 -> 4 | L52: =F$12+(K52-F52)/(G52-F52)*(G$12-F$12) -> 135
B53: 19b | C53: 10-3 | D53: NG3195 | E53: 8 | F53: 1 | G53: 6 | K53: =E53/2 -> 4 | L53: =F$12+(K53-F53)/(G53-F53)*(G$12-F$12) -> 135
B54: 20b | C54: 10-4 | D54: NG3195 | E54: 9 | F54: 3 | G54: 8 | K54: =E54/2 -> 4.5 | L54: =F$12+(K54-F54)/(G54-F54)*(G$12-F$12) -> 133.5
A55: South | B55: 20a | C55: 09-4 | D55: NG4936 | E55: 6 | F55: 0 | G55: 4 | K55: =E55/2 -> 3 | L55: =F$12+(K55-F55)/(G55-F55)*(G$12-F$12) -> 135.75
A56: South | B56: 21a | C56: 11-4 | D56: NG3195 | E56: 9 | F56: 0 | G56: 4 | K56: =E56/2 -> 4.5 | L56: =F$12+(K56-F56)/(G56-F56)*(G$12-F$12) -> 137.625
B57: 21b | C57: 12-4 | D57: NG4936 | E57: 9 | F57: 1 | G57: 6 | K57: =E57/2 -> 4.5 | L57: =F$12+(K57-F57)/(G57-F57)*(G$12-F$12) -> 135.5
B58: 22b | C58: 12-3 | D58: NG4936 | E58: 10 | F58: 3 | G58: 7 | K58: =E58/2 -> 5 | L58: =F$12+(K58-F58)/(G58-F58)*(G$12-F$12) -> 134.5
B59: 22a | C59: 11-3 | D59: NG3195 | E59: 9 | F59: 2 | G59: 6 | K59: =E59/2 -> 4.5 | L59: =F$12+(K59-F59)/(G59-F59)*(G$12-F$12) -> 135.125
B60: 23a | C60: 11-2 | D60: NG3195 | E60: 11 | F60: 3 | G60: 9 | K60: =E60/2 -> 5.5 | L60: =F$12+(K60-F60)/(G60-F60)*(G$12-F$12) -> 134.08333
B61: 23b | C61: 12-2 | D61: NG4936 | E61: 7 | F61: 0 | G61: 4 | K61: =E61/2 -> 3.5 | L61: =F$12+(K61-F61)/(G61-F61)*(G$12-F$12) -> 136.375
B62: 24b | C62: 12-1 | D62: NG4936 | E62: 4 | F62: 0 | G62: 4 | K62: =E62/2 -> 2 | L62: =F$12+(K62-F62)/(G62-F62)*(G$12-F$12) -> 134.5
A63: Northeast corner of span 4 | B63: 24a | C63: 11-1 | D63: NG3195 | E63: 9 | F63: 1 | G63: 5 | K63: =E63/2 -> 4.5 | L63: =F$12+(K63-F63)/(G63-F63)*(G$12-F$12) -> 136.375

Sheet Counts1
A1: 2021 | B1: F13b4 | D1: Cotton | I1: date: | J1: 24 May & 7 June
B3: Final density counts | I3: by: | J3: SMM
B4: Counted plants in 1.5 meter North of orange "LAI" flag (& same relative location in the rows to the East and West of the flagged row).
D5: 1 row East of flag | F5: 1 row West of flag | K5: 1 row East of flag | L5: At flag | M5: 1 row West of flag
B6: Plot | D6: # plants /1.5 m | E6: # plants /1.5 m | F6: # plants /1.5 m | G6: Ave plants/meter | I6: Plot | K6: # plants /1.5 m | L6: # plants /1.5 m | M6: # plants /1.5 m | N6: Ave plants/meter
B7: 01- | C7: 1 | D7: 12 | E7: 11 | F7: 14 | G7: =(AVERAGE(D7:F7))/1.5 -> 8.2222222 | I7: 07- | J7: 4 | K7: 12 | L7: 10 | M7: 9 | N7: =(AVERAGE(K7:M7))/1.5 -> 6.8888889
B8: 01- | C8: 2 | D8: 15 | E8: 13 | F8: 13 | G8: =(AVERAGE(D8:F8))/1.5 -> 9.1111111 | I8: 07- | J8: 3 | K8: 16 | L8: 14 | M8: 12 | N8: =(AVERAGE(K8:M8))/1.5 -> 9.3333333
B9: 01- | C9: 3 | D9: 11 | E9: 9 | F9: 13 | G9: =(AVERAGE(D9:F9))/1.5 -> 7.3333333 | I9: 07- | J9: 2 | K9: 13 | L9: 15 | M9: 14 | N9: =(AVERAGE(K9:M9))/1.5 -> 9.3333333
B10: 01- | C10: 4 | D10: 12 | E10: 14 | F10: 8 | G10: =(AVERAGE(D10:F10))/1.5 -> 7.5555556 | I10: 07- | J10: 1 | K10: 9 | L10: 13 | M10: 13 | N10: =(AVERAGE(K10:M10))/1.5 -> 7.7777778
B11: 02- | C11: 4 | D11: 10 | E11: 13 | F11: 19 | G11: =(AVERAGE(D11:F11))/1.5 -> 9.3333333 | I11: 08- | J11: 1 | K11: 14 | L11: 14 | M11: 15 | N11: =(AVERAGE(K11:M11))/1.5 -> 9.5555556
B12: 02- | C12: 3 | D12: 16 | E12: 16 | F12: 13 | G12: =(AVERAGE(D12:F12))/1.5 -> 10 | I12: 08- | J12: 2 | K12: 13 | L12: 17 | M12: 16 | N12: =(AVERAGE(K12:M12))/1.5 -> 10.222222
B13: 02- | C13: 2 | D13: 13 | E13: 12 | F13: 11 | G13: =(AVERAGE(D13:F13))/1.5 -> 8 | I13: 08- | J13: 3 | K13: 10 | L13: 14 | M13: 15 | N13: =(AVERAGE(K13:M13))/1.5 -> 8.6666667
B14: 02- | C14: 1 | D14: 14 | E14: 10 | F14: 13 | G14: =(AVERAGE(D14:F14))/1.5 -> 8.2222222 | I14: 08- | J14: 4 | K14: 15 | L14: 11 | M14: 14 | N14: =(AVERAGE(K14:M14))/1.5 -> 8.8888889
B15: 03- | C15: 1 | D15: 16 | E15: 18 | F15: 14 | G15: =(AVERAGE(D15:F15))/1.5 -> 10.666667 | I15: 09- | J15: 4 | K15: 17 | L15: 12 | M15: 13 | N15: =(AVERAGE(K15:M15))/1.5 -> 9.3333333
B16: 03- | C16: 2 | D16: 17 | E16: 14 | F16: 15 | G16: =(AVERAGE(D16:F16))/1.5 -> 10.222222 | I16: 09- | J16: 3 | K16: 13 | L16: 10 | M16: 14 | N16: =(AVERAGE(K16:M16))/1.5 -> 8.2222222
B17: 03- | C17: 3 | D17: 11 | E17: 17 | F17: 15 | G17: =(AVERAGE(D17:F17))/1.5 -> 9.5555556 | I17: 09- | J17: 2 | K17: 16 | L17: 14 | M17: 13 | N17: =(AVERAGE(K17:M17))/1.5 -> 9.5555556
B18: 03- | C18: 4 | D18: 13 | E18: 14 | F18: 12 | G18: =(AVERAGE(D18:F18))/1.5 -> 8.6666667 | I18: 09- | J18: 1 | K18: 11 | L18: 13 | M18: 14 | N18: =(AVERAGE(K18:M18))/1.5 -> 8.4444444
... B25: 05- | C25: 3 | D25: 18 | E25: 19 | F25: 14 | G25: =(AVERAGE(D25:F25))/1.5 -> 11.333333 | I25: 11- | J25: 3 | K25: 13 | L25: 10 | M25: 10 | N25: =(AVERAGE(K25:M25))/1.5 -> 7.3333333
B26: 05- | C26: 4 | D26: 11 | E26: 13 | F26: 14 | G26: =(AVERAGE(D26:F26))/1.5 -> 8.4444444 | I26: 11- | J26: 4 | K26: 12 | L26: 14 | M26: 12 | N26: =(AVERAGE(K26:M26))/1.5 -> 8.4444444 | Q26: NG4936 | R26: =AVERAGE(G7:G10,G19:G22,G27:G30,N7:N10,N15:N18,N27:N30) -> 8.6111111 | S26: =R26*1.016 -> 8.7488889
B27: 06- | C27: 4 | D27: 9 | E27: 15 | F27: 16 | G27: =(AVERAGE(D27:F27))/1.5 -> 8.8888889 | I27: 12- | J27: 4 | K27: 11 | L27: 11 | M27: 9 | N27: =(AVERAGE(K27:M27))/1.5 -> 6.8888889 | Q27: NG3195 | R27: =AVERAGE(G11:G14,G15:G18,G23:G26,N11:N14,N19:N22,N23:N26) -> 9.2777778 | S27: =R27*1.016 -> 9.4262222
B28: 06- | C28: 3 | D28: 10 | E28: 16 | F28: 13 | G28: =(AVERAGE(D28:F28))/1.5 -> 8.6666667 | I28: 12- | J28: 3 | K28: 10 | L28: 16 | M28: 13 | N28: =(AVERAGE(K28:M28))/1.5 -> 8.6666667
B29: 06- | C29: 2 | D29: 15 | E29: 13 | F29: 10 | G29: =(AVERAGE(D29:F29))/1.5 -> 8.4444444 | I29: 12- | J29: 2 | K29: 13 | L29: 14 | M29: 12 | N29: =(AVERAGE(K29:M29))/1.5 -> 8.6666667
B30: 06- | C30: 1 | D30: 14 | E30: 14 | F30: 12 | G30: =(AVERAGE(D30:F30))/1.5 -> 8.8888889 | I30: 12- | J30: 1 | K30: 14 | L30: 13 | M30: 11 | N30: =(AVERAGE(K30:M30))/1.5 -> 8.4444444
G32: =AVERAGE(G7:G30) -> 9.1296296 | N32: =AVERAGE(N7:N30) -> 8.7592593 | O32: =AVERAGE(G32,N32) -> 8.9444444 | P32: plant/m
O33: =O32*40*2.54/100 -> 9.0875556

Sheet Counts2
G2: PLAPD
A3: 01- | B3: 1 | C3: =_xlfn.CONCAT(A3,B3) -> 01-1 | D3: 12 | E3: 11 | F3: 14 | G3: =SUM(D3:F3)/(1.5*1.016*3) -> 8.0927384
A4: 01- | B4: 2 | C4: =_xlfn.CONCAT(A4,B4) -> 01-2 | D4: 15 | E4: 13 | F4: 13 | G4: =SUM(D4:F4)/(1.5*1.016*3) -> 8.967629
A5: 01- | B5: 3 | C5: =_xlfn.CONCAT(A5,B5) -> 01-3 | D5: 11 | E5: 9 | F5: 13 | G5: =SUM(D5:F5)/(1.5*1.016*3) -> 7.2178478
A6: 01- | B6: 4 | C6: =_xlfn.CONCAT(A6,B6) -> 01-4 | D6: 12 | E6: 14 | F6: 8 | G6: =SUM(D6:F6)/(1.5*1.016*3) -> 7.4365704
A7: 02- | B7: 4 | C7: =_xlfn.CONCAT(A7,B7) -> 02-4 | D7: 10 | E7: 13 | F7: 19 | G7: =SUM(D7:F7)/(1.5*1.016*3) -> 9.1863517
A8: 02- | B8: 3 | C8: =_xlfn.CONCAT(A8,B8) -> 02-3 | D8: 16 | E8: 16 | F8: 13 | G8: =SUM(D8:F8)/(1.5*1.016*3) -> 9.8425197
A9: 02- | B9: 2 | C9: =_xlfn.CONCAT(A9,B9) -> 02-2 | D9: 13 | E9: 12 | F9: 11 | G9: =SUM(D9:F9)/(1.5*1.016*3) -> 7.8740157
A10: 02- | B10: 1 | C10: =_xlfn.CONCAT(A10,B10) -> 02-1 | D10: 14 | E10: 10 | F10: 13 | G10: =SUM(D10:F10)/(1.5*1.016*3) -> 8.0927384
A11: 03- | B11: 1 | C11: =_xlfn.CONCAT(A11,B11) -> 03-1 | D11: 16 | E11: 18 | F11: 14 | G11: =SUM(D11:F11)/(1.5*1.016*3) -> 10.498688
A12: 03- | B12: 2 | C12: =_xlfn.CONCAT(A12,B12) -> 03-2 | D12: 17 | E12: 14 | F12: 15 | G12: =SUM(D12:F12)/(1.5*1.016*3) -> 10.061242
A13: 03- | B13: 3 | C13: =_xlfn.CONCAT(A13,B13) -> 03-3 | D13: 11 | E13: 17 | F13: 15 | G13: =SUM(D13:F13)/(1.5*1.016*3) -> 9.4050744
A14: 03- | B14: 4 | C14: =_xlfn.CONCAT(A14,B14) -> 03-4 | D14: 13 | E14: 14 | F14: 12 | G14: =SUM(D14:F14)/(1.5*1.016*3) -> 8.5301837
... A50: 12- | B50: 1 | C50: =_xlfn.CONCAT(A50,B50) -> 12-1 | D50: 14 | E50: 13 | F50: 11 | G50: =SUM(D50:F50)/(1.5*1.016*3) -> 8.3114611

Sheet Flowering
A1: 2021 | B1: F13b4
B2: Cotton
A3: Flowering
B5: # of plants flowering of 10 plants
B6: Counted North of the cent flag for Canopy Heights. Except for plots 6-1, 6-2 & 9-1 (taken at all 3 flag points for collaborators)
D9: date: | E9: 44368 | F9: 44371 | G9: 44375 | H9: 44378
D10: doy: | E10: 172 | F10: 175 | G10: 179 | H10: 182
B11: Plot | D11: Flag | E11: flowering plants/10 plants | F11: flowering plants/10 plants | G11: flowering plants/10 plants | H11: flowering plants/10 plants
B12: 01- | C12: 1 | D12: North | L12: 50% DOY
D13: Mid | E13: 0 | F13: 1 | G13: 3 | H13: 7 | K13: 5 | L13: =G$10+(K13-G13)/(H13-G13)*(H$10-G$10) -> 180.5 | M13: p01-1M
D14: South
B15: 01- | C15: 2 | D15: North
D16: Mid | E16: 0 | F16: 2 | G16: 6 | H16: 9 | K16: 5 | L16: =G$10+(K16-G16)/(H16-G16)*(H$10-G$10) -> 178 | M16: p01-2M
D17: South
B18: 01- | C18: 3 | D18: North
D19: Mid | E19: 1 | F19: 1 | G19: 5 | H19: 9 | K19: 5 | L19: =G$10+(K19-G19)/(H19-G19)*(H$10-G$10) -> 179 | M19: p01-3M
D20: South
B21: 01- | C21: 4 | D21: North
D22: Mid | E22: 0 | F22: 0 | G22: 2 | H22: 6 | K22: 5 | L22: =G$10+(K22-G22)/(H22-G22)*(H$10-G$10) -> 181.25 | M22: p01-4M
D23: South
B24: 02- | C24: 4 | D24: South
D25: Mid | E25: 1 | F25: 2 | G25: 5 | H25: 8 | K25: 5 | L25: =G$10+(K25-G25)/(H25-G25)*(H$10-G$10) -> 179 | M25: p02-4M
D26: North
B27: 02- | C27: 3 | D27: South
D28: Mid | E28: 1 | F28: 1 | G28: 4 | H28: 7 | K28: 5 | L28: =G$10+(K28-G28)/(H28-G28)*(H$10-G$10) -> 180 | M28: p02-3M
D29: North
B30: 02- | C30: 2 | D30: South
D31: Mid | E31: 1 | F31: 2 | G31: 3 | H31: 5 | K31: 5 | L31: =G$10+(K31-G31)/(H31-G31)*(H$10-G$10) -> 182 | M31: p02-2M
D32: North
B33: 02- | C33: 1 | D33: South
D34: Mid | E34: 1 | F34: 3 | G34: 4 | H34: 7 | K34: 5 | L34: =G$10+(K34-G34)/(H34-G34)*(H$10-G$10) -> 180 | M34: p02-1M
D35: North
B36: 03- | C36: 1 | D36: North
D37: Mid | E37: 0 | F37: 1 | G37: 3 | H37: 6 | K37: 5 | L37: =G$10+(K37-G37)/(H37-G37)*(H$10-G$10) -> 181 | M37: p03-1M
D38: South
B39: 03- | C39: 2 | D39: North
D40: Mid | E40: 0 | F40: 0 | G40: 3 | H40: 6 | K40: 5 | L40: =G$10+(K40-G40)/(H40-G40)*(H$10-G$10) -> 181 | M40: p03-2M
D41: South
B42: 03- | C42: 3 | D42: North
D43: Mid | E43: 0 | F43: 1 | G43: 2 | H43: 7 | K43: 5 | L43: =G$10+(K43-G43)/(H43-G43)*(H$10-G$10) -> 180.8 | M43: p03-3M
D44: South
B45: 03- | C45: 4 | D45: North
D46: Mid | E46: 1 | F46: 2 | G46: 5 | H46: 8 | K46: 5 | L46: =G$10+(K46-G46)/(H46-G46)*(H$10-G$10) -> 179 | M46: p03-4M
D47: South
B48: 04- | C48: 4 | D48: South
D49: Mid | E49: 0 | F49: 1 | G49: 3 | H49: 6 | K49: 5 | L49: =G$10+(K49-G49)/(H49-G49)*(H$10-G$10) -> 181 | M49: p04-4M
D50: North
B51: 04- | C51: 3 | D51: South
D52: Mid | E52: 1 | F52: 1 | G52: 6 | H52: 7 | K52: 5 | L52: =G$10+(K52-G52)/(H52-G52)*(H$10-G$10) -> 176 | M52: p04-3M
D53: North
B54: 04- | C54: 2 | D54: South
D55: Mid | E55: 1 | F55: 2 | G55: 4 | H55: 6 | K55: 5 | L55: =G$10+(K55-G55)/(H55-G55)*(H$10-G$10) -> 180.5 | M55: p04-2M
D56: North
B57: 04- | C57: 1 | D57: South
D58: Mid | E58: 0 | F58: 2 | G58: 4 | H58: 7 | K58: 5 | L58: =G$10+(K58-G58)/(H58-G58)*(H$10-G$10) -> 180 | M58: p04-1M
D59: North
B60: 05- | C60: 1 | D60: North
D61: Mid | E61: 0 | F61: 1 | G61: 3 | H61: 6 | K61: 5 | L61: =G$10+(K61-G61)/(H61-G61)*(H$10-G$10) -> 181 | M61: p05-1M
D62: South
B63: 05- | C63: 2 | D63: North
D64: Mid | E64: 0 | F64: 0 | G64: 1 | H64: 5 | K64: 5 | L64: =G$10+(K64-G64)/(H64-G64)*(H$10-G$10) -> 182 | M64: p05-2M
D65: South
B66: 05- | C66: 3 | D66: North
D67: Mid | E67: 0 | F67: 1 | G67: 4 | H67: 6 | K67: 5 | L67: =G$10+(K67-G67)/(H67-G67)*(H$10-G$10) -> 180.5 | M67: p05-3M
D68: South
B69: 05- | C69: 4 | D69: North
D70: Mid | E70: 1 | F70: 2 | G70: 4 | H70: 8 | K70: 5 | L70: =G$10+(K70-G70)/(H70-G70)*(H$10-G$10) -> 179.75 | M70: p05-4M
D71: South
B72: 06- | C72: 4 | D72: South
D73: Mid | E73: 1 | F73: 2 | G73: 5 | H73: 7 | K73: 5 | L73: =G$10+(K73-G73)/(H73-G73)*(H$10-G$10) -> 179 | M73: p06-4M
D74: North
B75: 06- | C75: 3 | D75: South
D76: Mid | E76: 0 | F76: 0 | G76: 3 | H76: 6 | K76: 5 | L76: =G$10+(K76-G76)/(H76-G76)*(H$10-G$10) -> 181 | M76: p06-3M
D77: North
B78: 06- | C78: 2 | D78: South | E78: 0 | F78: 1 | G78: 4 | H78: 7 | K78: 5 | L78: =G$10+(K78-G78)/(H78-G78)*(H$10-G$10) -> 180 | M78: p06-1S
D79: Mid | E79: 0 | F79: 1 | G79: 2 | H79: 5 | K79: 5 | L79: =G$10+(K79-G79)/(H79-G79)*(H$10-G$10) -> 182 | M79: p06-2M
D80: North | E80: 1 | F80: 2 | G80: 5 | H80: 7 | K80: 5 | L80: =G$10+(K80-G80)/(H80-G80)*(H$10-G$10) -> 179 | M80: p06-1N
B81: 06- | C81: 1 | D81: South | E81: 0 | F81: 2 | G81: 6 | H81: 7 | K81: 5 | L81: =G$10+(K81-G81)/(H81-G81)*(H$10-G$10) -> 176 | M81: p06-1S
D82: Mid | E82: 0 | F82: 1 | G82: 5 | H82: 6 | K82: 5 | L82: =G$10+(K82-G82)/(H82-G82)*(H$10-G$10) -> 179 | M82: p06-1M
D83: North | E83: 0 | F83: 1 | G83: 5 | H83: 6 | K83: 5 | L83: =G$10+(K83-G83)/(H83-G83)*(H$10-G$10) -> 179 | M83: p06-1N
B84: 07- | C84: 1 | D84: North
D85: Mid | E85: 0 | F85: 0 | G85: 1 | H85: 5 | K85: 5 | L85: =G$10+(K85-G85)/(H85-G85)*(H$10-G$10) -> 182 | M85: p07-1M
D86: South
B87: 07- | C87: 2 | D87: North
D88: Mid | E88: 0 | F88: 1 | G88: 3 | H88: 6 | K88: 5 | L88: =G$10+(K88-G88)/(H88-G88)*(H$10-G$10) -> 181 | M88: p07-2M
D89: South
B90: 07- | C90: 3 | D90: North
D91: Mid | E91: 0 | F91: 1 | G91: 2 | H91: 6 | K91: 5 | L91: =G$10+(K91-G91)/(H91-G91)*(H$10-G$10) -> 181.25 | M91: p07-3M
D92: South
B93: 07- | C93: 4 | D93: North
D94: Mid | E94: 1 | F94: 2 | G94: 4 | H94: 6 | K94: 5 | L94: =G$10+(K94-G94)/(H94-G94)*(H$10-G$10) -> 180.5 | M94: p07-4M
D95: South
B96: 08- | C96: 4 | D96: South
D97: Mid | E97: 1 | F97: 2 | G97: 5 | H97: 7 | K97: 5 | L97: =G$10+(K97-G97)/(H97-G97)*(H$10-G$10) -> 179 | M97: p08-4M
D98: North
B99: 08- | C99: 3 | D99: South
D100: Mid | E100: 0 | F100: 1 | G100: 4 | H100: 6 | K100: 5 | L100: =G$10+(K100-G100)/(H100-G100)*(H$10-G$10) -> 180.5 | M100: p08-3M
D101: North
B102: 08- | C102: 2 | D102: South
D103: Mid | E103: 0 | F103: 1 | G103: 3 | H103: 7 | K103: 5 | L103: =G$10+(K103-G103)/(H103-G103)*(H$10-G$10) -> 180.5 | M103: p08-2M
...

Sheet NAWFd182
A1: 2021 | B1: F13b4 | D1: Cotton | F1: date: | G1: 44378
B3: Nodes Above White Flower | F3: by: | G3: SMM
B4: Counting the nodes of the upermost white flower in the 1st position of 9 plants per plot - between the 2 pink flags that mark the location for the Northern and Southern plant heights in a plot.
B6: Plot | D6: NAWF | E6: NAWF | F6: NAWF | G6: NAWF | H6: NAWF | I6: NAWF | J6: NAWF | K6: NAWF | L6: NAWF | M6: Average
B7: 01- | C7: 1 | D7: 9 | E7: 9 | F7: 10 | G7: 8 | H7: 8 | I7: 9 | J7: 7 | K7: 8 | L7: 8 | M7: =AVERAGE(E7:L7) -> 8.375
B8: 01- | C8: 2 | D8: 8 | E8: 8 | F8: 9 | G8: 8 | H8: 7 | I8: 8 | J8: 7 | K8: 9 | L8: 8 | M8: =AVERAGE(D8:L8) -> 8
B9: 01- | C9: 3 | D9: 9 | E9: 8 | F9: 8 | G9: 8 | H9: 9 | I9: 9 | J9: 8 | K9: 8 | L9: 10 | M9: =AVERAGE(D9:L9) -> 8.5555556
B10: 01- | C10: 4 | D10: 10 | E10: 9 | F10: 9 | G10: 9 | H10: 8 | I10: 9 | J10: 8 | K10: 7 | L10: 8 | M10: =AVERAGE(D10:L10) -> 8.5555556
B11: 02- | C11: 4 | D11: 8 | E11: 9 | F11: 9 | G11: 10 | H11: 8 | I11: 7 | J11: 8 | K11: 9 | L11: 7 | M11: =AVERAGE(D11:L11) -> 8.3333333
B12: 02- | C12: 3 | D12: 8 | E12: 8 | F12: 9 | G12: 8 | H12: 8 | I12: 7 | J12: 8 | K12: 8 | L12: 8 | M12: =AVERAGE(D12:L12) -> 8
B13: 02- | C13: 2 | D13: 9 | E13: 8 | F13: 8 | G13: 9 | H13: 8 | I13: 8 | J13: 8 | K13: 9 | L13: 7 | M13: =AVERAGE(D13:L13) -> 8.2222222
B14: 02- | C14: 1 | D14: 9 | E14: 9 | F14: 10 | G14: 9 | H14: 9 | I14: 8 | J14: 9 | K14: 8 | L14: 8 | M14: =AVERAGE(D14:L14) -> 8.7777778
B15: 03- | C15: 1 | D15: 9 | E15: 7 | F15: 9 | G15: 8 | H15: 8 | I15: 8 | J15: 7 | K15: 7 | L15: 8 | M15: =AVERAGE(D15:L15) -> 7.8888889
B16: 03- | C16: 2 | D16: 8 | E16: 9 | F16: 8 | G16: 8 | H16: 10 | I16: 9 | J16: 9 | K16: 10 | L16: 8 | M16: =AVERAGE(D16:L16) -> 8.7777778
B17: 03- | C17: 3 | D17: 9 | E17: 10 | F17: 8 | G17: 8 | H17: 8 | I17: 9 | J17: 8 | K17: 9 | L17: 10 | M17: =AVERAGE(D17:L17) -> 8.7777778
B18: 03- | C18: 4 | D18: 9 | E18: 8 | F18: 8 | G18: 8 | H18: 8 | I18: 7 | J18: 7 | K18: 7 | L18: 8 | M18: =AVERAGE(D18:L18) -> 7.7777778
B19: 04- | C19: 4 | D19: 9 | E19: 8 | F19: 8 | G19: 8 | H19: 9 | I19: 9 | J19: 9 | K19: 8 | L19: 8 | M19: =AVERAGE(D19:L19) -> 8.4444444
... B54: 12- | C54: 1 | D54: 8 | E54: 9 | F54: 9 | G54: 7 | H54: 7 | I54: 7 | J54: 8 | K54: 9 | L54: 9 | M54: =AVERAGE(D54:L54) -> 8.1111111

Sheet NAWFd194
A1: 2021 | B1: F13b4 | D1: Cotton | F1: date: | G1: 44390
B3: Nodes Above White Flower | F3: by: | G3: SMM
B4: Counting the nodes of the upermost white flower in the 1st position of 9 plants per plot - between the 2 pink flags that mark the location for the Northern and Southern plant heights in a plot.
B6: Plot | D6: NAWF | E6: NAWF | F6: NAWF | G6: NAWF | H6: NAWF | I6: NAWF | J6: NAWF | K6: NAWF | L6: NAWF | M6: Average
B7: 01- | C7: 1 | D7: 6 | E7: 6 | F7: 6 | G7: 7 | H7: 7 | I7: 7 | J7: 7 | K7: 6 | L7: 7 | M7: =AVERAGE(D7:L7) -> 6.5555556
B8: 01- | C8: 2 | D8: 4 | E8: 4 | F8: 5 | G8: 5 | H8: 5 | I8: 4 | J8: 5 | K8: 4 | L8: 4 | M8: =AVERAGE(D8:L8) -> 4.4444444
B9: 01- | C9: 3 | D9: 4 | E9: 5 | F9: 6 | G9: 5 | H9: 5 | I9: 6 | J9: 5 | K9: 4 | L9: 4 | M9: =AVERAGE(D9:L9) -> 4.8888889
B10: 01- | C10: 4 | D10: 6 | E10: 5 | F10: 6 | G10: 6 | H10: 5 | I10: 5 | J10: 7 | K10: 7 | L10: 6 | M10: =AVERAGE(D10:L10) -> 5.8888889
B11: 02- | C11: 4 | D11: 6 | E11: 6 | F11: 8 | G11: 6 | H11: 7 | I11: 6 | J11: 5 | K11: 6 | L11: 6 | M11: =AVERAGE(D11:L11) -> 6.2222222
B12: 02- | C12: 3 | D12: 4 | E12: 4 | F12: 4 | G12: 4 | H12: 5 | I12: 5 | J12: 5 | K12: 4 | L12: 4 | M12: =AVERAGE(D12:L12) -> 4.3333333
B13: 02- | C13: 2 | D13: 5 | E13: 4 | F13: 5 | G13: 5 | H13: 5 | I13: 5 | J13: 5 | K13: 4 | L13: 5 | M13: =AVERAGE(D13:L13) -> 4.7777778
B14: 02- | C14: 1 | D14: 5 | E14: 5 | F14: 5 | G14: 6 | H14: 6 | I14: 5 | J14: 6 | K14: 6 | L14: 5 | M14: =AVERAGE(D14:L14) -> 5.4444444
B15: 03- | C15: 1 | D15: 6 | E15: 5 | F15: 5 | G15: 6 | H15: 5 | I15: 6 | J15: 6 | K15: 6 | L15: 5 | M15: =AVERAGE(D15:L15) -> 5.5555556
B16: 03- | C16: 2 | D16: 7 | E16: 6 | F16: 7 | G16: 6 | H16: 6 | I16: 7 | J16: 7 | K16: 7 | L16: 6 | M16: =AVERAGE(D16:L16) -> 6.5555556
B17: 03- | C17: 3 | D17: 7 | E17: 7 | F17: 7 | G17: 7 | H17: 6 | I17: 6 | J17: 7 | K17: 7 | L17: 6 | M17: =AVERAGE(D17:L17) -> 6.6666667
B18: 03- | C18: 4 | D18: 5 | E18: 6 | F18: 6 | G18: 5 | H18: 5 | I18: 5 | J18: 6 | K18: 6 | L18: 6 | M18: =AVERAGE(D18:L18) -> 5.5555556
... B54: 12- | C54: 1 | D54: 8 | E54: 7 | F54: 8 | G54: 7 | H54: 8 | I54: 7 | J54: 8 | K54: 7 | L54: 8 | M54: =AVERAGE(D54:L54) -> 7.5555556

Sheet NAWFd200
A1: 2021 | B1: F13b4 | D1: Cotton | F1: date: | G1: 44396
B3: Nodes Above White Flower | F3: by: | G3: SMM
B4: Counting the nodes of the upermost white flower in the 1st position of 9 plants per plot - between the 2 pink flags that mark the location for the Northern and Southern plant heights in a plot.
B6: Plot | D6: NAWF | E6: NAWF | F6: NAWF | G6: NAWF | H6: NAWF | I6: NAWF | J6: NAWF | K6: NAWF | L6: NAWF | M6: Average
B7: 01- | C7: 1 | D7: 5 | E7: 4 | F7: 4 | G7: 4 | H7: 4 | I7: 5 | J7: 5 | K7: 5 | L7: 4 | M7: =AVERAGE(D7:L7) -> 4.4444444
B8: 01- | C8: 2 | D8: 5 | E8: 5 | F8: 6 | G8: 4 | H8: 5 | I8: 5 | J8: 5 | K8: 6 | L8: 6 | M8: =AVERAGE(D8:L8) -> 5.2222222
B9: 01- | C9: 3 | D9: 6 | E9: 6 | F9: 5 | G9: 5 | H9: 5 | I9: 6 | J9: 5 | K9: 6 | L9: 7 | M9: =AVERAGE(D9:L9) -> 5.6666667
B10: 01- | C10: 4 | D10: 5 | E10: 6 | F10: 6 | G10: 6 | H10: 5 | I10: 5 | J10: 6 | K10: 5 | L10: 6 | M10: =AVERAGE(D10:L10) -> 5.5555556
B11: 02- | C11: 4 | D11: 5 | E11: 4 | F11: 5 | G11: 5 | H11: 6 | I11: 5 | J11: 5 | K11: 5 | L11: 5 | M11: =AVERAGE(D11:L11) -> 5
B12: 02- | C12: 3 | D12: 5 | E12: 5 | F12: 6 | G12: 4 | H12: 5 | I12: 6 | J12: 5 | K12: 6 | L12: 6 | M12: =AVERAGE(D12:L12) -> 5.3333333
B13: 02- | C13: 2 | D13: 6 | E13: 6 | F13: 6 | G13: 5 | H13: 5 | I13: 6 | J13: 5 | K13: 5 | L13: 7 | M13: =AVERAGE(D13:L13) -> 5.6666667
B14: 02- | C14: 1 | D14: 7 | E14: 6 | F14: 6 | G14: 5 | H14: 6 | I14: 6 | J14: 7 | K14: 6 | L14: 5 | M14: =AVERAGE(D14:L14) -> 6
B15: 03- | C15: 1 | D15: 6 | E15: 5 | F15: 6 | G15: 6 | H15: 5 | I15: 6 | J15: 6 | K15: 6 | L15: 6 | M15: =AVERAGE(D15:L15) -> 5.7777778
B16: 03- | C16: 2 | D16: 5 | E16: 5 | F16: 5 | G16: 5 | H16: 6 | I16: 5 | J16: 6 | K16: 5 | L16: 5 | M16: =AVERAGE(D16:L16) -> 5.2222222
B17: 03- | C17: 3 | D17: 5 | E17: 5 | F17: 7 | G17: 5 | H17: 5 | I17: 6 | J17: 5 | K17: 6 | L17: 5 | M17: =AVERAGE(D17:L17) -> 5.4444444
B18: 03- | C18: 4 | D18: 5 | E18: 5 | F18: 5 | G18: 4 | H18: 5 | I18: 5 | J18: 6 | K18: 5 | L18: 5 | M18: =AVERAGE(D18:L18) -> 5
... B54: 12- | C54: 1 | D54: 6 | E54: 5 | F54: 6 | G54: 7 | H54: 7 | I54: 7 | J54: 6 | K54: 7 | L54: 6 | M54: =AVERAGE(D54:L54) -> 6.3333333

Sheet NAWFd217
A1: 2021 | B1: F13b4 | D1: Cotton | F1: date: | G1: 44413
B3: Nodes Above White Flower | F3: by: | G3: SMM | H3: often hard to find WF, even on other nodes. Cohort abscised?
B4: Counting the nodes of the upermost white flower in the 1st position of 9 plants per plot - between the 2 pink flags that mark the location for the Northern and Southern plant heights in a plot.
B6: Plot | D6: NAWF | E6: NAWF | F6: NAWF | G6: NAWF | H6: NAWF | I6: NAWF | J6: NAWF | K6: NAWF | L6: NAWF | M6: Average
B7: 01- | C7: 1 | D7: 4 | E7: 5 | F7: 5 | G7: 5 | H7: 4 | I7: 5 | J7: 5 | K7: 5 | L7: 4 | M7: =AVERAGE(D7:L7) -> 4.6666667
B8: 01- | C8: 2 | D8: 6 | E8: 6 | F8: 5 | G8: 6 | H8: 6 | I8: 5 | J8: 5 | K8: 5 | L8: 5 | M8: =AVERAGE(D8:L8) -> 5.4444444
B9: 01- | C9: 3 | D9: 5 | E9: 6 | F9: 6 | G9: 5 | H9: 6 | I9: 5 | J9: 4 | K9: 6 | L9: 5 | M9: =AVERAGE(D9:L9) -> 5.3333333
B10: 01- | C10: 4 | D10: 5 | E10: 5 | F10: 5 | G10: 6 | H10: 6 | I10: 6 | J10: 5 | K10: 6 | L10: 6 | M10: =AVERAGE(D10:L10) -> 5.5555556
B11: 02- | C11: 4 | D11: 6 | E11: 6 | F11: 5 | G11: 6 | H11: 6 | I11: 6 | J11: 5 | K11: 5 | L11: 6 | M11: =AVERAGE(D11:L11) -> 5.6666667
B12: 02- | C12: 3 | D12: 5 | E12: 5 | F12: 5 | G12: 5 | H12: 5 | I12: 6 | J12: 6 | K12: 5 | L12: 4 | M12: =AVERAGE(D12:L12) -> 5.1111111
B13: 02- | C13: 2 | D13: 6 | E13: 6 | F13: 6 | G13: 5 | H13: 6 | I13: 7 | J13: 7 | K13: 6 | L13: 5 | M13: =AVERAGE(D13:L13) -> 6
B14: 02- | C14: 1 | D14: 6 | E14: 6 | F14: 6 | G14: 5 | H14: 5 | I14: 5 | J14: 5 | K14: 5 | L14: 6 | M14: =AVERAGE(D14:L14) -> 5.4444444
B15: 03- | C15: 1 | D15: 5 | E15: 6 | F15: 6 | G15: 5 | H15: 6 | I15: 6 | J15: 5 | K15: 6 | L15: 6 | M15: =AVERAGE(D15:L15) -> 5.6666667
B16: 03- | C16: 2 | D16: 7 | E16: 6 | F16: 6 | G16: 5 | H16: 6 | I16: 5 | J16: 5 | K16: 6 | L16: 5 | M16: =AVERAGE(D16:L16) -> 5.6666667
B17: 03- | C17: 3 | D17: 6 | E17: 6 | F17: 6 | G17: 6 | H17: 6 | I17: 6 | J17: 7 | K17: 6 | L17: 7 | M17: =AVERAGE(D17:L17) -> 6.2222222
B18: 03- | C18: 4 | D18: 5 | E18: 5 | F18: 5 | G18: 5 | H18: 4 | I18: 5 | J18: 5 | K18: 5 | L18: 5 | M18: =AVERAGE(D18:L18) -> 4.8888889
B19: 04- | C19: 4 | D19: 5 | E19: 5 | F19: 4 | G19: 5 | H19: 5 | I19: 5 | J19: 5 | K19: 5 | L19: 5 | M19: =AVERAGE(D19:L19) -> 4.8888889 | N19: Hard to find WF
B20: 04- | C20: 3 | D20: 5 | E20: 5 | F20: 6 | G20: 6 | H20: 6 | I20: 6 | J20: 5 | K20: 6 | L20: 6 | M20: =AVERAGE(D20:L20) -> 5.6666667
B21: 04- | C21: 2 | D21: 6 | E21: 6 | F21: 6 | G21: 5 | H21: 6 | I21: 6 | J21: 7 | K21: 6 | L21: 6 | M21: =AVERAGE(D21:L21) -> 6
B22: 04- | C22: 1 | D22: 6 | E22: 7 | F22: 6 | G22: 7 | H22: 6 | I22: 6 | J22: 6 | K22: 7 | L22: 6 | M22: =AVERAGE(D22:L22) -> 6.3333333
B23: 05- | C23: 1 | D23: 5 | E23: 6 | F23: 6 | G23: 5 | H23: 6 | I23: 6 | J23: 6 | K23: 6 | L23: 6 | M23: =AVERAGE(D23:L23) -> 5.7777778 | N23: Hard to find WF
B24: 05- | C24: 2 | D24: 6 | E24: 6 | F24: 6 | G24: 6 | H24: 6 | I24: 6 | J24: 7 | K24: 6 | L24: 6 | M24: =AVERAGE(D24:L24) -> 6.1111111
B25: 05- | C25: 3 | D25: 6 | E25: 5 | F25: 5 | G25: 5 | H25: 5 | I25: 5 | J25: 4 | K25: 5 | L25: 5 | M25: =AVERAGE(D25:L25) -> 5
B26: 05- | C26: 4 | D26: 5 | E26: 5 | F26: 6 | G26: 5 | H26: 6 | I26: 6 | J26: 6 | K26: 5 | L26: 6 | M26: =AVERAGE(D26:L26) -> 5.5555556
B27: 06- | C27: 4 | D27: 6 | E27: 6 | F27: 6 | G27: 5 | H27: 6 | I27: 6 | J27: 6 | K27: 6 | L27: 6 | M27: =AVERAGE(D27:L27) -> 5.8888889 | N27: Hard to find WF
B28: 06- | C28: 3 | D28: 5 | E28: 4 | F28: 6 | G28: 5 | H28: 5 | I28: 5 | J28: 5 | K28: 5 | L28: 5 | M28: =AVERAGE(D28:L28) -> 5
B29: 06- | C29: 2 | D29: 6 | E29: 6 | F29: 6 | G29: 6 | H29: 6 | I29: 5 | J29: 6 | K29: 6 | L29: 6 | M29: =AVERAGE(D29:L29) -> 5.8888889
B30: 06- | C30: 1 | D30: 6 | E30: 6 | F30: 7 | G30: 6 | H30: 6 | I30: 5 | J30: 6 | K30: 6 | L30: 6 | M30: =AVERAGE(D30:L30) -> 6
B31: 07- | C31: 1 | D31: 6 | E31: 6 | F31: 6 | G31: 6 | H31: 6 | I31: 6 | J31: 6 | K31: 5 | L31: 5 | M31: =AVERAGE(D31:L31) -> 5.7777778 | N31: Hard to find WF
B32: 07- | C32: 2 | D32: 6 | E32: 6 | F32: 6 | G32: 6 | H32: 5 | I32: 6 | J32: 6 | K32: 6 | L32: 5 | M32: =AVERAGE(D32:L32) -> 5.7777778
B33: 07- | C33: 3 | D33: 5 | E33: 5 | F33: 5 | G33: 5 | H33: 5 | I33: 5 | J33: 5 | K33: 5 | L33: 4 | M33: =AVERAGE(D33:L33) -> 4.8888889
B34: 07- | C34: 4 | D34: 6 | E34: 6 | F34: 6 | G34: 5 | H34: 6 | I34: 6 | J34: 7 | K34: 5 | L34: 6 | M34: =AVERAGE(D34:L34) -> 5.8888889
B35: 08- | C35: 4 | D35: 7 | E35: 6 | F35: 6 | G35: 7 | H35: 6 | I35: 5 | J35: 5 | K35: 5 | L35: 6 | M35: =AVERAGE(D35:L35) -> 5.8888889
B36: 08- | C36: 3 | D36: 5 | E36: 5 | F36: 4 | G36: 5 | H36: 5 | I36: 6 | J36: 5 | K36: 5 | L36: 5 | M36: =AVERAGE(D36:L36) -> 5
B37: 08- | C37: 2 | D37: 7 | E37: 6 | F37: 7 | G37: 6 | H37: 6 | I37: 6 | J37: 6 | K37: 7 | L37: 6 | M37: =AVERAGE(D37:L37) -> 6.3333333
B38: 08- | C38: 1 | D38: 6 | E38: 5 | F38: 5 | G38: 5 | H38: 5 | I38: 5 | J38: 5 | K38: 6 | L38: 6 | M38: =AVERAGE(D38:L38) -> 5.3333333
B39: 09- | C39: 1 | D39: 6 | E39: 6 | F39: 5 | G39: 5 | H39: 6 | I39: 5 | J39: 6 | K39: 5 | L39: 5 | M39: =AVERAGE(D39:L39) -> 5.4444444 | N39: Hard to find WF
B40: 09- | C40: 2 | D40: 5 | E40: 5 | F40: 6 | G40: 6 | H40: 5 | I40: 5 | J40: 5 | K40: 4 | L40: 4 | M40: =AVERAGE(D40:L40) -> 5
B41: 09- | C41: 3 | D41: 6 | E41: 7 | F41: 6 | G41: 6 | H41: 7 | I41: 6 | J41: 7 | K41: 6 | L41: 6 | M41: =AVERAGE(D41:L41) -> 6.3333333
B42: 09- | C42: 4 | D42: 5 | E42: 5 | F42: 4 | G42: 4 | H42: 5 | I42: 6 | J42: 6 | K42: 6 | L42: 5 | M42: =AVERAGE(D42:L42) -> 5.1111111
B43: 10- | C43: 4 | D43: 5 | E43: 5 | F43: 4 | G43: 4 | H43: 5 | I43: 5 | J43: 4 | K43: 5 | L43: 4 | M43: =AVERAGE(D43:L43) -> 4.5555556
B44: 10- | C44: 3 | D44: 5 | E44: 5 | F44: 6 | G44: 5 | H44: 6 | I44: 5 | J44: 5 | K44: 5 | L44: 5 | M44: =AVERAGE(D44:L44) -> 5.2222222
B45: 10- | C45: 2 | D45: 6 | E45: 5 | F45: 5 | G45: 6 | H45: 5 | I45: 6 | J45: 6 | K45: 7 | L45: 4 | M45: =AVERAGE(D45:L45) -> 5.5555556
B46: 10- | C46: 1 | D46: 6 | E46: 5 | F46: 5 | G46: 6 | H46: 6 | I46: 6 | J46: 6 | K46: 6 | L46: 6 | M46: =AVERAGE(D46:L46) -> 5.7777778
B47: 11- | C47: 1 | D47: 5 | E47: 5 | F47: 5 | G47: 5 | H47: 5 | I47: 5 | J47: 4 | K47: 5 | L47: 5 | M47: =AVERAGE(D47:L47) -> 4.8888889
B48: 11- | C48: 2 | D48: 5 | E48: 6 | F48: 5 | G48: 5 | H48: 5 | I48: 5 | J48: 4 | K48: 4 | L48: 5 | M48: =AVERAGE(D48:L48) -> 4.8888889
B49: 11- | C49: 3 | D49: 5 | E49: 5 | F49: 4 | G49: 4 | H49: 5 | I49: 4 | J49: 5 | K49: 5 | L49: 4 | M49: =AVERAGE(D49:L49) -> 4.5555556
B50: 11- | C50: 4 | D50: 4 | E50: 4 | F50: 4 | G50: 4 | H50: 4 | I50: 4 | J50: 3 | K50: 4 | L50: 3 | M50: =AVERAGE(D50:L50) -> 3.7777778
B51: 12- | C51: 4 | D51: 4 | E51: 4 | F51: 5 | G51: 5 | H51: 4 | I51: 4 | J51: 5 | K51: 4 | L51: 5 | M51: =AVERAGE(D51:L51) -> 4.4444444 | N51: Hard to find WF
B52: 12- | C52: 3 | D52: 6 | E52: 5 | F52: 6 | G52: 6 | H52: 5 | I52: 6 | J52: 6 | K52: 6 | L52: 6 | M52: =AVERAGE(D52:L52) -> 5.7777778
B53: 12- | C53: 2 | D53: 4 | E53: 4 | F53: 5 | G53: 4 | H53: 5 | I53: 5 | J53: 4 | K53: 5 | L53: 5 | M53: =AVERAGE(D53:L53) -> 4.5555556
B54: 12- | C54: 1 | D54: 5 | E54: 5 | F54: 5 | G54: 5 | H54: 5 | I54: 6 | J54: 5 | K54: 6 | L54: 5 | M54: =AVERAGE(D54:L54) -> 5.2222222

Sheet NAWFd224
A1: 2021 | B1: F13b4 | D1: Cotton | F1: date: | G1: 44420
B3: Nodes Above White Flower | F3: by: | G3: SMM
B4: Counting the nodes of the upermost white flower in the 1st position of 9 plants per plot - between the 2 pink flags that mark the location for the Northern and Southern plant heights in a plot.
B6: Plot | D6: NAWF | E6: NAWF | F6: NAWF | G6: NAWF | H6: NAWF | I6: NAWF | J6: NAWF | K6: NAWF | L6: NAWF | M6: Average
B7: 01- | C7: 1 | D7: 5 | E7: 6 | F7: 5 | G7: 5 | H7: 5 | I7: 4 | J7: 5 | K7: 5 | L7: 4 | M7: =AVERAGE(D7:L7) -> 4.8888889
B8: 01- | C8: 2 | D8: 6 | E8: 5 | F8: 6 | G8: 6 | H8: 6 | I8: 6 | J8: 6 | K8: 5 | L8: 6 | M8: =AVERAGE(D8:L8) -> 5.7777778
B9: 01- | C9: 3 | D9: 5 | E9: 5 | F9: 5 | G9: 6 | H9: 5 | I9: 6 | J9: 5 | K9: 5 | L9: =5 -> 5 | M9: =AVERAGE(D9:L9) -> 5.2222222
B10: 01- | C10: 4 | D10: 6 | E10: 6 | F10: 5 | G10: 5 | H10: 6 | I10: 6 | J10: 5 | K10: 5 | L10: 5 | M10: =AVERAGE(D10:L10) -> 5.4444444
B11: 02- | C11: 4 | D11: 5 | E11: 5 | F11: 6 | G11: 7 | H11: 5 | I11: 5 | J11: 5 | K11: 5 | L11: 5 | M11: =AVERAGE(D11:L11) -> 5.3333333
B12: 02- | C12: 3 | D12: 6 | E12: 6 | F12: 5 | G12: 6 | H12: 6 | I12: 5 | J12: 5 | K12: 6 | L12: 6 | M12: =AVERAGE(D12:L12) -> 5.6666667
B13: 02- | C13: 2 | D13: 5 | E13: 5 | F13: 5 | G13: 6 | H13: 6 | I13: 5 | J13: 5 | K13: 5 | L13: 6 | M13: =AVERAGE(D13:L13) -> 5.3333333
B14: 02- | C14: 1 | D14: 6 | E14: 5 | F14: 4 | G14: 6 | H14: 4 | I14: 5 | J14: 5 | K14: 6 | L14: 6 | M14: =AVERAGE(D14:L14) -> 5.2222222
B15: 03- | C15: 1 | D15: 6 | E15: 6 | F15: 6 | G15: 6 | H15: 5 | I15: 6 | J15: 5 | K15: 5 | L15: 5 | M15: =AVERAGE(D15:L15) -> 5.5555556
B16: 03- | C16: 2 | D16: 5 | E16: 6 | F16: 5 | G16: 5 | H16: 4 | I16: 6 | J16: 6 | K16: 5 | L16: 5 | M16: =AVERAGE(D16:L16) -> 5.2222222
B17: 03- | C17: 3 | D17: 5 | E17: 5 | F17: 5 | G17: 5 | H17: 5 | I17: 5 | J17: 5 | K17: 4 | L17: 5 | M17: =AVERAGE(D17:L17) -> 4.8888889
B18: 03- | C18: 4 | D18: 5 | E18: 6 | F18: 5 | G18: 5 | H18: 4 | I18: 5 | J18: 5 | K18: 5 | L18: 6 | M18: =AVERAGE(D18:L18) -> 5.1111111
B19: 04- | C19: 4 | D19: 4 | E19: 5 | F19: 4 | G19: 5 | H19: 5 | I19: 5 | J19: 5 | K19: 4 | L19: 5 | M19: =AVERAGE(D19:L19) -> 4.6666667
B20: 04- | C20: 3 | D20: 5 | E20: 5 | F20: 4 | G20: 4 | H20: 5 | I20: 5 | J20: 5 | K20: 5 | L20: 4 | M20: =AVERAGE(D20:L20) -> 4.6666667
B21: 04- | C21: 2 | D21: 6 | E21: 5 | F21: 5 | G21: 5 | H21: 5 | I21: 5 | J21: 6 | K21: 5 | L21: 4 | M21: =AVERAGE(D21:L21) -> 5.1111111
... B53: 12- | C53: 2 | D53: 5 | E53: 5 | F53: 5 | G53: 6 | H53: 5 | I53: 6 | J53: 5 | K53: 5 | L53: 5 | M53: =AVERAGE(D53:L53) -> 5.2222222
B54: 12- | C54: 1 | D54: 5 | E54: 4 | F54: 5 | G54: 5 | H54: 6 | I54: 5 | J54: 5 | K54: 4 | M54: =AVERAGE(D54:L54) -> 4.875

Sheet NAWFd238
A1: 2021 | B1: F13b4 | D1: Cotton | F1: date: | G1: 44427
B3: Nodes Above White Flower | F3: by: | G3: SMM
B4: Counting the nodes of the upermost white flower in the 1st position of 9 plants per plot - between the 2 pink flags that mark the location for the Northern and Southern plant heights in a plot.
B6: Plot | D6: NAWF | E6: NAWF | F6: NAWF | G6: NAWF | H6: NAWF | I6: NAWF | J6: NAWF | K6: NAWF | L6: NAWF | M6: Average
B7: 01- | C7: 1 | D7: 5 | E7: 6 | F7: 6 | G7: 7 | H7: 6 | I7: 6 | J7: 6 | K7: 7 | L7: 6 | M7: =AVERAGE(D7:L7) -> 6.1111111
B8: 01- | C8: 2 | D8: 6 | E8: 6 | F8: 6 | G8: 7 | H8: 5 | I8: 6 | J8: 5 | K8: 6 | L8: 6 | M8: =AVERAGE(D8:L8) -> 5.8888889
B9: 01- | C9: 3 | D9: 5 | E9: 4 | F9: 4 | G9: 5 | H9: 5 | I9: 4 | J9: 4 | K9: 4 | L9: 5 | M9: =AVERAGE(D9:L9) -> 4.4444444
B10: 01- | C10: 4 | D10: 4 | E10: 5 | F10: 5 | G10: 6 | H10: 5 | I10: 5 | J10: 5 | K10: 6 | L10: 5 | M10: =AVERAGE(D10:L10) -> 5.1111111
B11: 02- | C11: 4 | D11: 4 | E11: 4 | F11: 4 | G11: 4 | H11: 4 | I11: 5 | J11: 5 | K11: 4 | L11: 5 | M11: =AVERAGE(D11:L11) -> 4.3333333
B12: 02- | C12: 3 | D12: 5 | E12: 5 | F12: 5 | G12: 4 | H12: 4 | I12: 5 | J12: 4 | K12: 5 | L12: 5 | M12: =AVERAGE(D12:L12) -> 4.6666667
B13: 02- | C13: 2 | D13: 5 | E13: 5 | F13: 5 | G13: 5 | H13: 5 | I13: 5 | J13: 4 | K13: 5 | L13: 5 | M13: =AVERAGE(D13:L13) -> 4.8888889
B14: 02- | C14: 1 | D14: 6 | E14: 6 | F14: 5 | G14: 5 | H14: 5 | I14: 6 | J14: 6 | K14: 5 | L14: 5 | M14: =AVERAGE(D14:L14) -> 5.4444444
B15: 03- | C15: 1 | D15: 5 | E15: 5 | F15: 5 | G15: 5 | H15: 5 | I15: 6 | J15: 6 | K15: 5 | L15: 5 | M15: =AVERAGE(D15:L15) -> 5.2222222
B16: 03- | C16: 2 | D16: 5 | E16: 5 | F16: 5 | G16: 5 | H16: 5 | I16: 5 | J16: 5 | K16: 5 | L16: 5 | M16: =AVERAGE(D16:L16) -> 5
B17: 03- | C17: 3 | D17: 5 | E17: 5 | F17: 4 | G17: 4 | H17: 5 | I17: 5 | J17: 5 | K17: 4 | L17: 5 | M17: =AVERAGE(D17:L17) -> 4.6666667
B18: 03- | C18: 4 | D18: 3 | E18: 5 | F18: 5 | G18: 6 | H18: 6 | I18: 5 | J18: 4 | K18: 5 | L18: 5 | M18: =AVERAGE(D18:L18) -> 4.8888889
... B54: 12- | C54: 1 | D54: 4 | E54: 3 | F54: 5 | G54: 4 | H54: 3 | I54: 5 | J54: 3 | K54: 3 | L54: 4 | M54: =AVERAGE(D54:L54) -> 3.7777778

Sheet NAWFd250
A1: 2021 | B1: F13b4 | D1: Cotton | F1: date: | G1: 44446
B3: Nodes Above White Flower | F3: by: | G3: SMM
B4: Counting the nodes of the upermost white flower in the 1st position of 9 plants per plot - between the 2 pink flags that mark the location for the Northern and Southern plant heights in a plot.
B6: Plot | D6: NAWF | E6: NAWF | F6: NAWF | G6: NAWF | H6: NAWF | I6: NAWF | J6: NAWF | K6: NAWF | L6: NAWF | M6: Average
B7: 01- | C7: 1 | D7: 3 | E7: 3 | F7: 3 | G7: 2 | H7: 3 | I7: 2 | J7: 3 | K7: 3 | L7: 3 | M7: =AVERAGE(D7:L7) -> 2.7777778
B8: 01- | C8: 2 | D8: 4 | E8: 4 | F8: 3 | G8: 3 | H8: 2 | I8: 3 | J8: 3 | K8: 3 | L8: 3 | M8: =AVERAGE(D8:L8) -> 3.1111111
B9: 01- | C9: 3 | D9: 3 | E9: 4 | F9: 3 | G9: 3 | H9: 3 | I9: 3 | J9: 3 | K9: 2 | L9: 3 | M9: =AVERAGE(D9:L9) -> 3
B10: 01- | C10: 4 | D10: 4 | E10: 4 | F10: 4 | G10: 3 | H10: 3 | I10: 4 | J10: 3 | K10: 4 | L10: 4 | M10: =AVERAGE(D10:L10) -> 3.6666667
B11: 02- | C11: 4 | D11: 3 | E11: 3 | F11: 2 | G11: 4 | H11: 3 | I11: 3 | J11: 2 | K11: 3 | L11: 4 | M11: =AVERAGE(D11:L11) -> 3
B12: 02- | C12: 3 | D12: 3 | E12: 4 | F12: 3 | G12: 3 | H12: 4 | I12: 4 | J12: 4 | K12: 3 | L12: 3 | M12: =AVERAGE(D12:L12) -> 3.4444444
B13: 02- | C13: 2 | D13: 3 | E13: 3 | F13: 4 | G13: 3 | H13: 2 | I13: 3 | J13: 4 | K13: 4 | L13: 3 | M13: =AVERAGE(D13:L13) -> 3.2222222
B14: 02- | C14: 1 | D14: 4 | E14: 4 | F14: 3 | G14: 3 | H14: 4 | I14: 5 | J14: 3 | K14: 3 | L14: 4 | M14: =AVERAGE(D14:L14) -> 3.6666667
B15: 03- | C15: 1 | D15: 5 | E15: 4 | F15: 3 | G15: 4 | H15: 4 | I15: 3 | J15: 3 | K15: 4 | L15: 4 | M15: =AVERAGE(D15:L15) -> 3.7777778
B16: 03- | C16: 2 | D16: 4 | E16: 3 | F16: 3 | G16: 3 | H16: 3 | I16: 4 | J16: 4 | K16: 4 | L16: 4 | M16: =AVERAGE(D16:L16) -> 3.5555556
B17: 03- | C17: 3 | D17: 3 | E17: 3 | F17: 2 | G17: 3 | H17: 3 | I17: 4 | J17: 3 | K17: 4 | L17: 3 | M17: =AVERAGE(D17:L17) -> 3.1111111
B18: 03- | C18: 4 | D18: 4 | E18: 4 | F18: 4 | G18: 4 | H18: 3 | I18: 3 | J18: 2 | K18: 2 | L18: 2 | M18: =AVERAGE(D18:L18) -> 3.1111111
... B54: 12- | C54: 1 | D54: 3 | E54: 3 | F54: 2 | G54: 3 | H54: 3 | I54: 3 | J54: 2 | K54: 2 | L54: 3 | M54: =AVERAGE(D54:L54) -> 2.6666667
