Workbook

Sheet PlantDF
A1: Year | B1: DOY | C1: PSDATE | D1: SID | E1: NumPlts | F1: Height | G1: PHTD1 | H1: MSNODE1 | I1: PFNODE1 | J1: FRBNUM1 | K1: ABSNUM | L1: SQRNUM | M1: FLRNUM | N1: GBNUM | O1: MBNUM | P1: LWPD | Q1: SWPD | R1: CWPD | S1: LWAD | T1: SWAD | U1: MBWAD | V1: PWAD | W1: CWAD | X1: LAID_LAB
A2: 2020 | B2: 147 | C2: 43977 | D2: p11-S1 | E2: 1 | F2: 16 | G2: =F2/100 -> 0.16 | H2: 5 | J2: 0 | K2: 0 | L2: 0 | M2: 0 | N2: 0 | O2: 0 | P2: 0.96 | Q2: 0.39 | R2: 1.35 | S2: 96 | T2: 39 | U2: 0 | V2: 0 | W2: =SUM(S2,T2,V2) -> 135 | X2: 0.10037
A3: 2020 | B3: 147 | C3: 43977 | D3: p12-S1 | E3: 1 | F3: 15 | G3: =F3/100 -> 0.15 | H3: 5 | J3: 0 | K3: 0 | L3: 0 | M3: 0 | N3: 0 | O3: 0 | P3: 1.02 | Q3: 0.33 | R3: 1.35 | S3: 102 | T3: 33 | U3: 0 | V3: 0 | W3: =SUM(S3,T3,V3) -> 135 | X3: 0.09822
A4: 2020 | B4: 147 | C4: 43977 | D4: p13-S1 | E4: 1 | F4: 12 | G4: =F4/100 -> 0.12 | H4: 5 | J4: 0 | K4: 0 | L4: 0 | M4: 0 | N4: 0 | O4: 0 | P4: 0.46 | Q4: 0.16 | R4: 0.62 | S4: 46 | T4: 16 | U4: 0 | V4: 0 | W4: =SUM(S4,T4,V4) -> 62 | X4: 0.05279
A5: 2020 | B5: 147 | C5: 43977 | D5: p14-S1 | E5: 1 | F5: 14 | G5: =F5/100 -> 0.14 | H5: 6 | J5: 0 | K5: 0 | L5: 0 | M5: 0 | N5: 0 | O5: 0 | P5: 0.73 | Q5: 0.29 | R5: 1.02 | S5: 73 | T5: 29 | U5: 0 | V5: 0 | W5: =SUM(S5,T5,V5) -> 102 | X5: 0.0876
A6: 2020 | B6: 147 | C6: 43977 | D6: p21-S1 | E6: 1 | F6: 14 | G6: =F6/100 -> 0.14 | H6: 6 | J6: 0 | K6: 0 | L6: 0 | M6: 0 | N6: 0 | O6: 0 | P6: 0.66 | Q6: 0.24 | R6: 0.9 | S6: 66 | T6: 24 | U6: 0 | V6: 0 | W6: =SUM(S6,T6,V6) -> 90 | X6: 0.07044
A7: 2020 | B7: 147 | C7: 43977 | D7: p22-S1 | E7: 1 | F7: 14 | G7: =F7/100 -> 0.14 | H7: 5 | J7: 0 | K7: 0 | L7: 0 | M7: 0 | N7: 0 | O7: 0 | P7: 0.63 | Q7: 0.23 | R7: 0.86 | S7: 63 | T7: 23 | U7: 0 | V7: 0 | W7: =SUM(S7,T7,V7) -> 86 | X7: 0.07278
A8: 2020 | B8: 147 | C8: 43977 | D8: p23-S1 | E8: 1 | F8: 14 | G8: =F8/100 -> 0.14 | H8: 6 | J8: 0 | K8: 0 | L8: 0 | M8: 0 | N8: 0 | O8: 0 | P8: 0.9 | Q8: 0.29 | R8: 1.19 | S8: 90 | T8: 29 | U8: 0 | V8: 0 | W8: =SUM(S8,T8,V8) -> 119 | X8: 0.10442
A9: 2020 | B9: 147 | C9: 43977 | D9: p24-S1 | E9: 1 | F9: 13 | G9: =F9/100 -> 0.13 | H9: 6 | J9: 0 | K9: 0 | L9: 0 | M9: 0 | N9: 0 | O9: 0 | P9: 0.65 | Q9: 0.22 | R9: 0.87 | S9: 65 | T9: 22 | U9: 0 | V9: 0 | W9: =SUM(S9,T9,V9) -> 87 | X9: 0.07513
A10: 2020 | B10: 147 | C10: 43977 | D10: p31-S1 | E10: 1 | F10: 14 | G10: =F10/100 -> 0.14 | H10: 5 | J10: 0 | K10: 0 | L10: 0 | M10: 0 | N10: 0 | O10: 0 | P10: 0.57 | Q10: 0.2 | R10: 0.77 | S10: 57 | T10: 20 | U10: 0 | V10: 0 | W10: =SUM(S10,T10,V10) -> 77 | X10: 0.06676
A11: 2020 | B11: 147 | C11: 43977 | D11: p32-S1 | E11: 1 | F11: 12 | G11: =F11/100 -> 0.12 | H11: 4 | J11: 0 | K11: 0 | L11: 0 | M11: 0 | N11: 0 | O11: 0 | P11: 0.46 | Q11: 0.15 | R11: 0.61 | S11: 46 | T11: 15 | U11: 0 | V11: 0 | W11: =SUM(S11,T11,V11) -> 61 | X11: 0.05408
A12: 2020 | B12: 147 | C12: 43977 | D12: p33-S1 | E12: 1 | F12: 11 | G12: =F12/100 -> 0.11 | H12: 5 | J12: 0 | K12: 0 | L12: 0 | M12: 0 | N12: 0 | O12: 0 | P12: 0.51 | Q12: 0.14 | R12: 0.65 | S12: 51 | T12: 14 | U12: 0 | V12: 0 | W12: =SUM(S12,T12,V12) -> 65 | X12: 0.06145
A13: 2020 | B13: 147 | C13: 43977 | D13: p34-S1 | E13: 1 | F13: 11 | G13: =F13/100 -> 0.11 | H13: 5 | J13: 0 | K13: 0 | L13: 0 | M13: 0 | N13: 0 | O13: 0 | P13: 0.5 | Q13: 0.16 | R13: 0.66 | S13: 50 | T13: 16 | U13: 0 | V13: 0 | W13: =SUM(S13,T13,V13) -> 66 | X13: 0.05794
... A25: 2020 | B25: 147 | C25: 43977 | D25: p64-S1 | E25: 1 | F25: 12 | G25: =F25/100 -> 0.12 | H25: 5 | J25: 0 | K25: 0 | L25: 0 | M25: 0 | N25: 0 | O25: 0 | P25: 0.41 | Q25: 0.15 | R25: 0.56 | S25: 41 | T25: 15 | U25: 0 | V25: 0 | W25: =SUM(S25,T25,V25) -> 56 | X25: 0.04771
A26: 2020 | B26: 160 | C26: 43990 | D26: p11-S2 | E26: 1 | F26: 27 | G26: =F26/100 -> 0.27 | H26: 11 | I26: 6 | J26: 5 | K26: 2 | L26: 3 | M26: 0 | N26: 0 | O26: 0 | P26: 3.1 | Q26: 1.69 | R26: 4.8 | S26: 310 | T26: 169 | U26: 0 | V26: 1 | W26: =SUM(S26,T26,V26) -> 480 | X26: 0.43294
A27: 2020 | B27: 160 | C27: 43990 | D27: p12-S2 | E27: 1 | F27: 31 | G27: =F27/100 -> 0.31 | H27: 10 | I27: 5 | J27: 5 | K27: 3 | L27: 5 | M27: 0 | N27: 0 | O27: 0 | P27: 3.59 | Q27: 2.3 | R27: 5.96 | S27: 359 | T27: 230 | U27: 0 | V27: 7 | W27: =SUM(S27,T27,V27) -> 596 | X27: 0.51278
A28: 2020 | B28: 160 | C28: 43990 | D28: p13-S2 | E28: 1 | F28: 27 | G28: =F28/100 -> 0.27 | H28: 11 | I28: 5 | J28: 6 | K28: 1 | L28: 8 | M28: 0 | N28: 0 | O28: 0 | P28: 2.85 | Q28: 1.74 | R28: 4.75 | S28: 285 | T28: 174 | U28: 0 | V28: 16 | W28: =SUM(S28,T28,V28) -> 475 | X28: 0.39776
A29: 2020 | B29: 160 | C29: 43990 | D29: p14-S2 | E29: 1 | F29: 32 | G29: =F29/100 -> 0.32 | H29: 11 | I29: 6 | J29: 5 | K29: 4 | L29: 1 | M29: 0 | N29: 0 | O29: 0 | P29: 2.74 | Q29: 1.68 | R29: 4.43 | S29: 274 | T29: 168 | U29: 0 | V29: 1 | W29: =SUM(S29,T29,V29) -> 443 | X29: 0.43527
A30: 2020 | B30: 160 | C30: 43990 | D30: p21-S2 | E30: 1 | F30: 33 | G30: =F30/100 -> 0.33 | H30: 11 | I30: 6 | J30: 5 | K30: 2 | L30: 6 | M30: 0 | N30: 0 | O30: 0 | P30: 3.35 | Q30: 2.24 | R30: 5.68 | S30: 335 | T30: 224 | U30: 0 | V30: 9 | W30: =SUM(S30,T30,V30) -> 568 | X30: 0.44982
A31: 2020 | B31: 160 | C31: 43990 | D31: p22-S2 | E31: 1 | F31: 31 | G31: =F31/100 -> 0.31 | H31: 10 | I31: 6 | J31: 4 | K31: 1 | L31: 3 | M31: 0 | N31: 0 | O31: 0 | P31: 2.68 | Q31: 1.69 | R31: 4.41 | S31: 268 | T31: 169 | U31: 0 | V31: 4 | W31: =SUM(S31,T31,V31) -> 441 | X31: 0.4161
A32: 2020 | B32: 160 | C32: 43990 | D32: p23-S2 | E32: 1 | F32: 32 | G32: =F32/100 -> 0.32 | H32: 11 | I32: 5 | J32: 6 | K32: 3 | L32: 5 | M32: 0 | N32: 0 | O32: 0 | P32: 2.58 | Q32: 1.74 | R32: 4.44 | S32: 258 | T32: 174 | U32: 0 | V32: 12 | W32: =SUM(S32,T32,V32) -> 444 | X32: 0.37616
A33: 2020 | B33: 160 | C33: 43990 | D33: p24-S2 | E33: 1 | F33: 33 | G33: =F33/100 -> 0.33 | H33: 12 | I33: 6 | J33: 6 | K33: 0 | L33: 9 | M33: 0 | N33: 0 | O33: 0 | P33: 3.19 | Q33: 2.19 | R33: 5.51 | S33: 319 | T33: 219 | U33: 0 | V33: 13 | W33: =SUM(S33,T33,V33) -> 551 | X33: 0.50663
A34: 2020 | B34: 160 | C34: 43990 | D34: p31-S2 | E34: 1 | F34: 31 | G34: =F34/100 -> 0.31 | H34: 10 | I34: 2 | J34: 5 | K34: 1 | L34: 4 | M34: 0 | N34: 0 | O34: 0 | P34: 1.93 | Q34: 1.27 | R34: 3.21 | S34: 193 | T34: 127 | U34: 0 | V34: 1 | W34: =SUM(S34,T34,V34) -> 321 | X34: 0.296
A35: 2020 | B35: 160 | C35: 43990 | D35: p32-S2 | E35: 1 | F35: 32 | G35: =F35/100 -> 0.32 | H35: 11 | I35: 6 | J35: 5 | K35: 2 | L35: 5 | M35: 0 | N35: 0 | O35: 0 | P35: 3.41 | Q35: 2.21 | R35: 5.65 | S35: 341 | T35: 221 | U35: 0 | V35: 3 | W35: =SUM(S35,T35,V35) -> 565 | X35: 0.49729
A36: 2020 | B36: 160 | C36: 43990 | D36: p33-S2 | E36: 1 | F36: 36 | G36: =F36/100 -> 0.36 | H36: 11 | I36: 6 | J36: 5 | K36: 1 | L36: 7 | M36: 0 | N36: 0 | O36: 0 | P36: 3.65 | Q36: 2.38 | R36: 6.12 | S36: 365 | T36: 238 | U36: 0 | V36: 9 | W36: =SUM(S36,T36,V36) -> 612 | X36: 0.52026
A37: 2020 | B37: 160 | C37: 43990 | D37: p34-S2 | E37: 1 | F37: 28 | G37: =F37/100 -> 0.28 | H37: 12 | I37: 6 | J37: 6 | K37: 3 | L37: 6 | M37: 0 | N37: 0 | O37: 0 | P37: 2.72 | Q37: 1.71 | R37: 4.51 | S37: 272 | T37: 171 | U37: 0 | V37: 8 | W37: =SUM(S37,T37,V37) -> 451 | X37: 0.38953
... A81: 2020 | B81: 188 | C81: 44018 | D81: p24-S4 | E81: 1 | F81: 80 | G81: =F81/100 -> 0.8 | H81: 22 | I81: 6 | J81: 14 | K81: 29 | L81: 39 | M81: 4 | N81: 5 | O81: 0 | P81: 25.22 | Q81: 28.32 | R81: 58.42 | S81: 2522 | T81: 2832 | U81: 0 | V81: 488 | W81: =SUM(S81,T81,V81) -> 5842 | X81: 3.67742
A82: 2020 | B82: 188 | C82: 44018 | D82: p31-S4 | E82: 1 | F82: 79 | G82: =F82/100 -> 0.79 | H82: 20 | I82: 5 | J82: 15 | K82: 19 | L82: 31 | M82: 0 | N82: 14 | O82: 0 | P82: 21.08 | Q82: 22.86 | R82: 59.18 | S82: 2108 | T82: 2286 | U82: 0 | V82: 1524 | W82: =SUM(S82,T82,V82) -> 5918
A83: 2020 | B83: 188 | C83: 44018 | D83: p32-S4 | E83: 1 | F83: 84 | G83: =F83/100 -> 0.84 | H83: 19 | I83: 6 | J83: 13 | K83: 14 | L83: 34 | M83: 1 | N83: 5 | O83: 0 | P83: 19.28 | Q83: 23.53 | R83: 49.1 | S83: 1928 | T83: 2353 | U83: 0 | V83: 629 | W83: =SUM(S83,T83,V83) -> 4910 | X83: 2.67784
A84: 2020 | B84: 188 | C84: 44018 | D84: p33-S4 | E84: 1 | F84: 79 | G84: =F84/100 -> 0.79 | H84: 19 | I84: 5 | J84: 14 | K84: 10 | L84: 18 | M84: 2 | N84: 12 | O84: 0 | P84: 16.24 | Q84: 18.85 | R84: 48.96 | S84: 1624 | T84: 1885 | U84: 0 | V84: 1387 | W84: =SUM(S84,T84,V84) -> 4896 | X84: 2.08838
A85: 2020 | B85: 188 | C85: 44018 | D85: p34-S4 | E85: 1 | F85: 78 | G85: =F85/100 -> 0.78 | H85: 19 | I85: 6 | J85: 13 | K85: 10 | L85: 40 | M85: 0 | N85: 6 | O85: 0 | P85: 18.1 | Q85: 21.01 | R85: 45.73 | S85: 1810 | T85: 2101 | U85: 0 | V85: 662 | W85: =SUM(S85,T85,V85) -> 4573 | X85: 2.78114
A86: 2020 | B86: 188 | C86: 44018 | D86: p41-S4 | E86: 1 | F86: 79 | G86: =F86/100 -> 0.79 | H86: 20 | I86: 5 | J86: 15 | K86: 25 | L86: 31 | M86: 0 | N86: 7 | O86: 0 | P86: 22 | Q86: 24.73 | R86: 59.71 | S86: 2200 | T86: 2473 | U86: 0 | V86: 1298 | W86: =SUM(S86,T86,V86) -> 5971 | X86: 2.76969
A87: 2020 | B87: 188 | C87: 44018 | D87: p42-S4 | E87: 1 | F87: 84 | G87: =F87/100 -> 0.84 | H87: 19 | I87: 5 | J87: 14 | K87: 8 | L87: 45 | M87: 1 | N87: 7 | O87: 0 | P87: 19.99 | Q87: 23.12 | R87: 51.6 | S87: 1999 | T87: 2312 | U87: 0 | V87: 849 | W87: =SUM(S87,T87,V87) -> 5160 | X87: 2.80989
A88: 2020 | B88: 188 | C88: 44018 | D88: p43-S4 | E88: 1 | F88: 65 | G88: =F88/100 -> 0.65 | H88: 18 | I88: 6 | J88: 12 | K88: 5 | L88: 24 | M88: 1 | N88: 6 | O88: 0 | P88: 12.6 | Q88: 13.42 | R88: 31.16 | S88: 1260 | T88: 1342 | U88: 0 | V88: 514 | W88: =SUM(S88,T88,V88) -> 3116 | X88: 1.47549
A89: 2020 | B89: 188 | C89: 44018 | D89: p44-S4 | E89: 1 | F89: 74 | G89: =F89/100 -> 0.74 | H89: 21 | I89: 6 | J89: 15 | K89: 8 | L89: 36 | M89: 1 | N89: 10 | O89: 0 | P89: 18.44 | Q89: 21.08 | R89: 49.04 | S89: 1844 | T89: 2108 | U89: 0 | V89: 952 | W89: =SUM(S89,T89,V89) -> 4904 | X89: 2.46406
A90: 2020 | B90: 188 | C90: 44018 | D90: p51-S4 | E90: 1 | F90: 79 | G90: =F90/100 -> 0.79 | H90: 18 | I90: 6 | J90: 12 | K90: 10 | L90: 21 | M90: 0 | N90: 3 | O90: 0 | P90: 10.6 | Q90: 12.31 | R90: 26.72 | S90: 1060 | T90: 1231 | U90: 0 | V90: 381 | W90: =SUM(S90,T90,V90) -> 2672 | X90: 1.56288
A91: 2020 | B91: 188 | C91: 44018 | D91: p52-S4 | E91: 1 | F91: 84 | G91: =F91/100 -> 0.84 | H91: 20 | I91: 5 | J91: 15 | K91: 21 | L91: 37 | M91: 1 | N91: 3 | O91: 0 | P91: 20.63 | Q91: 23.29 | R91: 48.47 | S91: 2063 | T91: 2329 | U91: 0 | V91: 455 | W91: =SUM(S91,T91,V91) -> 4847 | X91: 2.99099
A92: 2020 | B92: 188 | C92: 44018 | D92: p53-S4 | E92: 1 | F92: 81 | G92: =F92/100 -> 0.81 | H92: 19 | I92: 5 | J92: 14 | K92: 13 | L92: 24 | M92: 0 | N92: 6 | O92: 0 | P92: 14.76 | Q92: 16.28 | R92: 37.46 | S92: 1476 | T92: 1628 | U92: 0 | V92: 642 | W92: =SUM(S92,T92,V92) -> 3746 | X92: 2.24237
A93: 2020 | B93: 188 | C93: 44018 | D93: p54-S4 | E93: 1 | F93: 64 | G93: =F93/100 -> 0.64 | H93: 18 | I93: 6 | J93: 12 | K93: 6 | L93: 27 | M93: 1 | N93: 3 | O93: 0 | P93: 12.38 | Q93: 15.02 | R93: 31.08 | S93: 1238 | T93: 1502 | U93: 0 | V93: 368 | W93: =SUM(S93,T93,V93) -> 3108 | X93: 1.50003
A94: 2020 | B94: 188 | C94: 44018 | D94: p61-S4 | E94: 1 | F94: 83 | G94: =F94/100 -> 0.83 | H94: 20 | I94: 5 | J94: 15 | K94: 11 | L94: 38 | M94: 2 | N94: 8 | O94: 0 | P94: 19.93 | Q94: 24.46 | R94: 56.26 | S94: 1993 | T94: 2446 | U94: 0 | V94: 1187 | W94: =SUM(S94,T94,V94) -> 5626 | X94: 2.49359
A95: 2020 | B95: 188 | C95: 44018 | D95: p62-S4 | E95: 1 | F95: 77 | G95: =F95/100 -> 0.77 | H95: 17 | I95: 6 | J95: 11 | K95: 5 | L95: 19 | M95: 0 | N95: 1 | O95: 0 | P95: 9.28 | Q95: 10.89 | R95: 21.98 | S95: 928 | T95: 1089 | U95: 0 | V95: 181 | W95: =SUM(S95,T95,V95) -> 2198 | X95: 1.38182
A96: 2020 | B96: 188 | C96: 44018 | D96: p63-S4 | E96: 1 | F96: 75 | G96: =F96/100 -> 0.75 | H96: 18 | I96: 6 | J96: 12 | K96: 9 | L96: 16 | M96: 0 | N96: 0 | O96: 0 | P96: 8.44 | Q96: 10.05 | R96: 18.58 | S96: 844 | T96: 1005 | U96: 0 | W96: =SUM(S96,T96,V96) -> 1849 | X96: 1.23672
A97: 2020 | B97: 188 | C97: 44018 | D97: p64-S4 | E97: 1 | F97: 73 | G97: =F97/100 -> 0.73 | H97: 18 | I97: 6 | J97: 12 | K97: 11 | L97: 30 | M97: 0 | N97: 2 | O97: 0 | P97: 14.72 | Q97: 16.34 | R97: 33.86 | S97: 1472 | T97: 1634 | U97: 0 | V97: 280 | W97: =SUM(S97,T97,V97) -> 3386 | X97: 2.00752
A98: 2020 | B98: 203 | C98: 44033 | D98: p11-S5 | E98: 1 | F98: 83 | G98: =F98/100 -> 0.83 | H98: 21 | I98: 5 | J98: 16 | K98: 59 | L98: 8 | M98: 1 | N98: 26 | O98: 0 | P98: 32.04 | Q98: 38.12 | R98: 109.75 | S98: 3204 | T98: 3812 | U98: 0 | V98: 3959 | W98: =SUM(S98,T98,V98) -> 10975 | X98: 4.16916
A99: 2020 | B99: 203 | C99: 44033 | D99: p12-S5 | E99: 1 | F99: 85 | G99: =F99/100 -> 0.85 | H99: 20 | I99: 5 | J99: 15 | K99: 35 | L99: 5 | M99: 1 | N99: 9 | O99: 0 | P99: 15.33 | Q99: 20.05 | R99: 47.35 | S99: 1533 | T99: 2005 | U99: 0 | V99: 1197 | W99: =SUM(S99,T99,V99) -> 4735 | X99: 2.03225
A100: 2020 | B100: 203 | C100: 44033 | D100: p13-S5 | E100: 1 | F100: 75 | G100: =F100/100 -> 0.75 | H100: 20 | I100: 5 | J100: 15 | K100: 25 | L100: 5 | M100: 0 | N100: 6 | O100: 0 | P100: 12.4 | Q100: 15.4 | R100: 42.38 | S100: 1240 | T100: 1540 | U100: 0 | V100: 1458 | W100: =SUM(S100,T100,V100) -> 4238 | X100: 1.59046
A101: 2020 | B101: 203 | C101: 44033 | D101: p14-S5 | E101: 1 | F101: 78 | G101: =F101/100 -> 0.78 | H101: 21 | I101: 6 | J101: 15 | K101: 32 | L101: 8 | M101: 1 | N101: 15 | O101: 0 | P101: 20.98 | Q101: 23.25 | R101: 65.24 | S101: 2098 | T101: 2325 | U101: 0 | V101: 2101 | W101: =SUM(S101,T101,V101) -> 6524 | X101: 2.84067
A102: 2020 | B102: 203 | C102: 44033 | D102: p21-S5 | E102: 1 | F102: 72 | G102: =F102/100 -> 0.72 | H102: 20 | I102: 6 | J102: 14 | K102: 17 | L102: 12 | M102: 2 | N102: 10 | O102: 0 | P102: 12.77 | Q102: 15.9 | R102: 39.79 | S102: 1277 | T102: 1590 | U102: 0 | V102: 1112 | W102: =SUM(S102,T102,V102) -> 3979 | X102: 1.63375
A103: 2020 | B103: 203 | C103: 44033 | D103: p22-S5 | E103: 1 | F103: 91 | G103: =F103/100 -> 0.91 | H103: 21 | I103: 5 | J103: 16 | K103: 48 | L103: 18 | M103: 3 | N103: 18 | O103: 0 | P103: 27.98 | Q103: 38.66 | R103: 94.25 | S103: 2798 | T103: 3866 | U103: 0 | V103: 2761 | W103: =SUM(S103,T103,V103) -> 9425 | X103: 4.24166
A104: 2020 | B104: 203 | C104: 44033 | D104: p23-S5 | E104: 1 | F104: 83 | G104: =F104/100 -> 0.83 | H104: 21 | I104: 5 | J104: 16 | K104: 32 | L104: 7 | M104: 2 | N104: 14 | O104: 0 | P104: 18.82 | Q104: 24.79 | R104: 67.71 | S104: 1882 | T104: 2479 | U104: 0 | V104: 2410 | W104: =SUM(S104,T104,V104) -> 6771 | X104: 2.36456
A105: 2020 | B105: 203 | C105: 44033 | D105: p24-S5 | E105: 1 | F105: 85 | G105: =F105/100 -> 0.85 | H105: 22 | I105: 6 | J105: 16 | K105: 25 | L105: 9 | M105: 2 | N105: 16 | O105: 0 | P105: 18.55 | Q105: 23 | R105: 59.73 | S105: 1855 | T105: 2300 | U105: 0 | V105: 1818 | W105: =SUM(S105,T105,V105) -> 5973 | X105: 2.84902
A106: 2020 | B106: 203 | C106: 44033 | D106: p31-S5 | E106: 1 | F106: 92 | G106: =F106/100 -> 0.92 | H106: 20 | I106: 5 | J106: 15 | K106: 19 | L106: 16 | M106: 1 | N106: 9 | O106: 0 | P106: 14.69 | Q106: 19.15 | R106: 41.1 | S106: 1469 | T106: 1915 | U106: 0 | V106: 726 | W106: =SUM(S106,T106,V106) -> 4110 | X106: 2.39527
A107: 2020 | B107: 203 | C107: 44033 | D107: p32-S5 | E107: 1 | F107: 88 | G107: =F107/100 -> 0.88 | H107: 21 | I107: 6 | J107: 15 | K107: 28 | L107: 8 | M107: 1 | N107: 13 | O107: 0 | P107: 20.01 | Q107: 24.41 | R107: 69.85 | S107: 2001 | T107: 2441 | U107: 0 | V107: 2543 | W107: =SUM(S107,T107,V107) -> 6985 | X107: 2.86108
A108: 2020 | B108: 203 | C108: 44033 | D108: p33-S5 | E108: 1 | F108: 90 | G108: =F108/100 -> 0.9 | H108: 23 | I108: 6 | J108: 17 | K108: 51 | L108: 17 | M108: 3 | N108: 15 | O108: 0 | P108: 26.92 | Q108: 35.54 | R108: 89.74 | S108: 2692 | T108: 3554 | U108: 0 | V108: 2728 | W108: =SUM(S108,T108,V108) -> 8974 | X108: 3.82775
... A193: 2020 | B193: 245 | C193: 44075 | D193: p64-S8 | E193: 1 | F193: 94 | G193: =F193/100 -> 0.94 | H193: 28 | I193: 5 | J193: 23 | K193: 77 | L193: 19 | M193: 1 | N193: 15 | O193: 5 | P193: 28.7 | Q193: 38.85 | R193: 97.38 | S193: 2870 | T193: 3885 | U193: 1835 | V193: 2983 | W193: =SUM(S193,T193,V193) -> 9738 | X193: 3.66022

Sheet d147Mapping
B1: 2020 | C1: F13b4 | E1: Cotton | G1: Irrigation scheduling experiment
B2: Plant sampling and Mapping | G2: processed by: | H2: All by SMM. All done on d147
B4: Sampling Date: | C4: T 26 May 2020 | N4: veg=vegetative branch. May or may not be a split stem | Q4: Seeing some new fruiting patterns this year with the new cotton variety. Multiple fruits on a branch node and multiple branches on mainstem nodes. If 2nd branch on the MS node is a vegetative branch, recorded the fruit under "Fruit on mainstem" and listed the node #. | T4: AA/SS/AA=a branch with 5 nodes. A, A, then a node with 2 Squares, then 2 more nodes. AA-SA=mainstem node with 2 branches. 1st is regular-sized fruiting branch (AA), 2nd is smaller branch (SA) {if just 1 fruit, it seems to be a branch, not just a MS fruit} | AG4: fruit | AH4: = node with a white flower in the 1st position. Need to calculate & enter NAWF,
B5: DOY: | C5: 147 | H5: A = abscised site S = square
B6: Sampling Time: | C6: 1030-1130h | H6: F = white flower G = green boll | N6: missing=no branch at node | AF6: fruit ( / or - ) | AH6: = node with multiple fruit or branches.
B7: Sampled By: | C7: SMM | H7: M = mature (open) boll
B9: Plot | C9: Plant # | D9: DOY Leaf Area Processed | E9: Leaf area of sample (cm2) | H9: Mapping | I9: Above ground height (cm) | J9: Total Main Stem nodes (including coteledonary) | K9: # pre-fruiting nodes | L9: Fruiting branches 1=first branch (above pre-fruiting nodes) | N9: Fruiting branches (cont) | P9: Fruiting branches (cont) | R9: Fruiting branches (cont) | T9: Fruiting branches (cont) | V9: Fruiting branches (cont) | X9: Fruiting branches (cont) | Z9: Fruiting branches (cont) | AB9: Fruiting branches (cont) | AD9: Fruiting branches (cont) | AF9: Fruit on mainstem | AH9: Fruit on non-fruiting branches | AI9: Fruit loose in sample bag | AJ9: NAWF | AK9: Boll with seeds? (Yes/No) | AL9: DOY into oven (stems & repro) | AM9: # branch nodes with more than one fruit | AN9: # mainstem nodes with more than 1 branch | AO9: # abscisions (fruiting branches) | AP9: # abscisions (non-fruiting branches) | AQ9: # abscisions (on main stem) | AR9: # squares (fruiting branches) | AS9: # squares (non-fruiting branches) | AT9: # squares (on main stem) | AU9: # white flowers (fruiting branches) | AV9: # white flowers (non-fruiting branches) | AW9: # white flowers (on main stem) | AX9: # green bolls (fruiting branches) | AY9: # green bolls (non-fruiting branches) | AZ9: # green bolls (on main stem) | BA9: # open bolls (fruiting branches) | BB9: # open bolls (non-fruiting branches) | BC9: # open bolls (on main stem) | BD9: # squares loose in bag | BE9: # flowers loose in bag | BF9: # bolls loose in bag | BG9: # open bolls loose in bag
B10: 01-1 | D10: 147 | E10: 100.37 | H10: Initials - - - - - DOY | AF10: node # | AO10: =SUM(AO11:AO22) -> 0 | AP10: =SUM(AP11:AP22) -> 0 | AQ10: =SUM(AQ11:AQ22) -> 0 | AR10: =SUM(AR11:AR22) -> 0 | AS10: =SUM(AS11:AS22) -> 0 | AT10: =SUM(AT11:AT22) -> 0 | AU10: =SUM(AU11:AU22) -> 0 | AV10: =SUM(AV11:AV22) -> 0 | ... BG10: =SUM(BG11:BG22) -> 0 | BH10: ← plot sums | BK10: =SUM(AO10:AQ10) -> 0 | BL10: =SUM(AR10:AT10,BD10) -> 0 | BM10: =SUM(AU10:AW10,BE10) -> 0 | BN10: =SUM(AX10:AZ10,BF10) -> 0 | BO10: =SUM(BA10:BC10,BG10) -> 0
C11: 1 | H11: smm | I11: 16 | J11: 5 | L11: 1 | N11: 5 | P11: 9 | R11: 13 | T11: 17 | V11: 21 | X11: 25 | Z11: 29 | AB11: 33 | AD11: 37 | AM11: =SUMPRODUCT(LEN($M11:$AE14)-LEN(SUBSTITUTE($M11:$AE14,"/", "")))/2 -> 0 | AN11: =SUMPRODUCT(LEN($M11:$AE14)-LEN(SUBSTITUTE($M11:$AE14,"-", ""))) -> 0 | AO11: =SUMPRODUCT(LEN($M11:$AE14)-LEN(SUBSTITUTE($M11:$AE14,"A", ""))) -> 0 | AP11: =SUMPRODUCT(LEN($AH11:$AH14)-LEN(SUBSTITUTE($AH11:$AH14,"A", ""))) -> 0 | AQ11: =SUMPRODUCT(LEN($AG11:$AG14)-LEN(SUBSTITUTE($AG11:$AG14,"A", ""))) -> 0 | AR11: =SUMPRODUCT(LEN($M11:$AE14)-LEN(SUBSTITUTE($M11:$AE14,"S", ""))) -> 0 | AS11: =SUMPRODUCT(LEN($AH11:$AH14)-LEN(SUBSTITUTE($AH11:$AH14,"S", ""))) -> 0 | AT11: =SUMPRODUCT(LEN($AG11:$AG14)-LEN(SUBSTITUTE($AG11:$AG14,"S", ""))) -> 0 | AU11: =SUMPRODUCT(LEN($M11:$AE14)-LEN(SUBSTITUTE($M11:$AE14,"F", ""))) -> 0 | AV11: =SUMPRODUCT(LEN($AH11:$AH14)-LEN(SUBSTITUTE($AH11:$AH14,"F", ""))) -> 0 | AW11: =SUMPRODUCT(LEN($AG11:$AG14)-LEN(SUBSTITUTE($AG11:$AG14,"F", ""))) -> 0 | AX11: =SUMPRODUCT(LEN($M11:$AE14)-LEN(SUBSTITUTE($M11:$AE14,"G", ""))) -> 0 | AY11: =SUMPRODUCT(LEN($AH11:$AH14)-LEN(SUBSTITUTE($AH11:$AH14,"G", ""))) -> 0 | AZ11: =SUMPRODUCT(LEN($AG11:$AG14)-LEN(SUBSTITUTE($AG11:$AG14,"G", ""))) -> 0 | BA11: =SUMPRODUCT(LEN($M11:$AE14)-LEN(SUBSTITUTE($M11:$AE14,"M", ""))) -> 0 | BB11: =SUMPRODUCT(LEN($AH11:$AH14)-LEN(SUBSTITUTE($AH11:$AH14,"M", ""))) -> 0 | BC11: =SUMPRODUCT(LEN($AG11:$AG14)-LEN(SUBSTITUTE($AG11:$AG14,"M", ""))) -> 0 | BD11: =SUMPRODUCT(LEN($AI11:$AI14)-LEN(SUBSTITUTE($AI11:$AI14,"S", ""))) -> 0 | BE11: =SUMPRODUCT(LEN($AI11:$AI14)-LEN(SUBSTITUTE($AI11:$AI14,"F", ""))) -> 0 | BF11: =SUMPRODUCT(LEN($AI11:$AI14)-LEN(SUBSTITUTE($AI11:$AI14,"G", ""))) -> 0 | BG11: =SUMPRODUCT(LEN($AI11:$AI14)-LEN(SUBSTITUTE($AI11:$AI14,"M", ""))) -> 0
L12: 2 | N12: 6 | P12: 10 | R12: 14 | T12: 18 | V12: 22 | X12: 26 | Z12: 30 | AB12: 34 | AD12: 38
H13: 147 | L13: 3 | N13: 7 | P13: 11 | R13: 15 | T13: 19 | V13: 23 | X13: 27 | Z13: 31 | AB13: 35 | AD13: 39
L14: 4 | N14: 8 | P14: 12 | R14: 16 | T14: 20 | V14: 24 | X14: 28 | Z14: 32 | AB14: 36 | AD14: 40
C15: 2 | L15: 1- | N15: 5- | P15: 9- | R15: 13- | T15: 17- | V15: 21- | X15: 25- | Z15: 29- | AB15: 33- | AD15: 37- | AO15: =SUMPRODUCT(LEN($M15:$AE18)-LEN(SUBSTITUTE($M15:$AE18,"A", ""))) -> 0 | AP15: =SUMPRODUCT(LEN($AH15:$AH18)-LEN(SUBSTITUTE($AH15:$AH18,"A", ""))) -> 0 | AQ15: =SUMPRODUCT(LEN($AG15:$AG18)-LEN(SUBSTITUTE($AG15:$AG18,"A", ""))) -> 0 | AR15: =SUMPRODUCT(LEN($M15:$AE18)-LEN(SUBSTITUTE($M15:$AE18,"S", ""))) -> 0 | AS15: =SUMPRODUCT(LEN($AH15:$AH18)-LEN(SUBSTITUTE($AH15:$AH18,"S", ""))) -> 0 | AT15: =SUMPRODUCT(LEN($AG15:$AG18)-LEN(SUBSTITUTE($AG15:$AG18,"S", ""))) -> 0 | AU15: =SUMPRODUCT(LEN($M15:$AE18)-LEN(SUBSTITUTE($M15:$AE18,"F", ""))) -> 0 | AV15: =SUMPRODUCT(LEN($AH15:$AH18)-LEN(SUBSTITUTE($AH15:$AH18,"F", ""))) -> 0 | AW15: =SUMPRODUCT(LEN($AG15:$AG18)-LEN(SUBSTITUTE($AG15:$AG18,"F", ""))) -> 0 | AX15: =SUMPRODUCT(LEN($M15:$AE18)-LEN(SUBSTITUTE($M15:$AE18,"G", ""))) -> 0 | AY15: =SUMPRODUCT(LEN($AH15:$AH18)-LEN(SUBSTITUTE($AH15:$AH18,"G", ""))) -> 0 | AZ15: =SUMPRODUCT(LEN($AG15:$AG18)-LEN(SUBSTITUTE($AG15:$AG18,"G", ""))) -> 0 | BA15: =SUMPRODUCT(LEN($M15:$AE18)-LEN(SUBSTITUTE($M15:$AE18,"M", ""))) -> 0 | BB15: =SUMPRODUCT(LEN($AH15:$AH18)-LEN(SUBSTITUTE($AH15:$AH18,"M", ""))) -> 0 | BC15: =SUMPRODUCT(LEN($AG15:$AG18)-LEN(SUBSTITUTE($AG15:$AG18,"M", ""))) -> 0 | BD15: =SUMPRODUCT(LEN($AI15:$AI18)-LEN(SUBSTITUTE($AI15:$AI18,"S", ""))) -> 0 | BE15: =SUMPRODUCT(LEN($AI15:$AI18)-LEN(SUBSTITUTE($AI15:$AI18,"F", ""))) -> 0 | BF15: =SUMPRODUCT(LEN($AI15:$AI18)-LEN(SUBSTITUTE($AI15:$AI18,"G", ""))) -> 0 | BG15: =SUMPRODUCT(LEN($AI15:$AI18)-LEN(SUBSTITUTE($AI15:$AI18,"M", ""))) -> 0
G16: If blank, same person → | L16: 2- | N16: 6- | P16: 10- | R16: 14- | T16: 18- | V16: 22- | X16: 26- | Z16: 30- | AB16: 34- | AD16: 38-
G17: mapped plants 1 & 2 → | L17: 3- | N17: 7- | P17: 11- | R17: 15- | T17: 19- | V17: 23- | X17: 27- | Z17: 31- | AB17: 35- | AD17: 39
L18: 4- | N18: 8- | P18: 12- | R18: 16- | T18: 20 | V18: 24- | X18: 28- | Z18: 32- | AB18: 36- | AD18: 40-
C19: 3 | L19: 1- | N19: 5- | P19: 9- | R19: 13- | T19: 17- | V19: 21- | X19: 25- | Z19: 29- | AB19: 33- | AD19: 37- | AO19: =SUMPRODUCT(LEN($M19:$AE22)-LEN(SUBSTITUTE($M19:$AE22,"A", ""))) -> 0 | AP19: =SUMPRODUCT(LEN($AH19:$AH22)-LEN(SUBSTITUTE($AH19:$AH22,"A", ""))) -> 0 | AQ19: =SUMPRODUCT(LEN($AG19:$AG22)-LEN(SUBSTITUTE($AG19:$AG22,"A", ""))) -> 0 | AR19: =SUMPRODUCT(LEN($M19:$AE22)-LEN(SUBSTITUTE($M19:$AE22,"S", ""))) -> 0 | AS19: =SUMPRODUCT(LEN($AH19:$AH22)-LEN(SUBSTITUTE($AH19:$AH22,"S", ""))) -> 0 | AT19: =SUMPRODUCT(LEN($AG19:$AG22)-LEN(SUBSTITUTE($AG19:$AG22,"S", ""))) -> 0 | AU19: =SUMPRODUCT(LEN($M19:$AE22)-LEN(SUBSTITUTE($M19:$AE22,"F", ""))) -> 0 | AV19: =SUMPRODUCT(LEN($AH19:$AH22)-LEN(SUBSTITUTE($AH19:$AH22,"F", ""))) -> 0 | AW19: =SUMPRODUCT(LEN($AG19:$AG22)-LEN(SUBSTITUTE($AG19:$AG22,"F", ""))) -> 0 | AX19: =SUMPRODUCT(LEN($M19:$AE22)-LEN(SUBSTITUTE($M19:$AE22,"G", ""))) -> 0 | AY19: =SUMPRODUCT(LEN($AH19:$AH22)-LEN(SUBSTITUTE($AH19:$AH22,"G", ""))) -> 0 | AZ19: =SUMPRODUCT(LEN($AG19:$AG22)-LEN(SUBSTITUTE($AG19:$AG22,"G", ""))) -> 0 | BA19: =SUMPRODUCT(LEN($M19:$AE22)-LEN(SUBSTITUTE($M19:$AE22,"M", ""))) -> 0 | BB19: =SUMPRODUCT(LEN($AH19:$AH22)-LEN(SUBSTITUTE($AH19:$AH22,"M", ""))) -> 0 | BC19: =SUMPRODUCT(LEN($AG19:$AG22)-LEN(SUBSTITUTE($AG19:$AG22,"M", ""))) -> 0 | BD19: =SUMPRODUCT(LEN($AI19:$AI22)-LEN(SUBSTITUTE($AI19:$AI22,"S", ""))) -> 0 | BE19: =SUMPRODUCT(LEN($AI19:$AI22)-LEN(SUBSTITUTE($AI19:$AI22,"F", ""))) -> 0 | BF19: =SUMPRODUCT(LEN($AI19:$AI22)-LEN(SUBSTITUTE($AI19:$AI22,"G", ""))) -> 0 | BG19: =SUMPRODUCT(LEN($AI19:$AI22)-LEN(SUBSTITUTE($AI19:$AI22,"M", ""))) -> 0
L20: 2- | N20: 6- | P20: 10- | R20: 14- | T20: 18- | V20: 22- | X20: 26- | Z20: 30- | AB20: 34- | AD20: 38-
L21: 3- | N21: 7- | P21: 11- | R21: 15- | T21: 19- | V21: 23- | X21: 27- | Z21: 31- | AB21: 35- | AD21: 39
L22: 4- | N22: 8- | P22: 12- | R22: 16- | T22: 20 | V22: 24- | X22: 28- | Z22: 32- | AB22: 36- | AD22: 40-
B23: Plot | C23: Plant # | D23: DOY Leaf Area Processed | E23: Leaf area of sample (cm2) | H23: Mapping | I23: Above ground height (cm) | J23: Total Main Stem nodes (including coteledonary) | K23: # pre-fruiting nodes | L23: Fruiting branches 1=first branch (above pre-fruiting nodes) | N23: Fruiting branches (cont) | P23: Fruiting branches (cont) | R23: Fruiting branches (cont) | T23: Fruiting branches (cont) | V23: Fruiting branches (cont) | X23: Fruiting branches (cont) | Z23: Fruiting branches (cont) | AB23: Fruiting branches (cont) | AD23: Fruiting branches (cont) | AF23: Fruit on mainstem | AH23: Fruit on non-fruiting branches | AI23: Fruit loose in sample bag | AJ23: NAWF | AK23: Boll with seeds? (Yes/No) | AL23: DOY into oven (stems & repro) | AM23: # branch nodes with more than one fruit | AN23: # mainstem nodes with more than 1 branch | AO23: # abscisions (fruiting branches) | AP23: # abscisions (non-fruiting branches) | AQ23: # abscisions (on main stem) | AR23: # squares (fruiting branches) | AS23: # squares (non-fruiting branches) | AT23: # squares (on main stem) | AU23: # white flowers (fruiting branches) | AV23: # white flowers (non-fruiting branches) | AW23: # white flowers (on main stem) | AX23: # green bolls (fruiting branches) | AY23: # green bolls (non-fruiting branches) | AZ23: # green bolls (on main stem) | BA23: # open bolls (fruiting branches) | BB23: # open bolls (non-fruiting branches) | BC23: # open bolls (on main stem) | BD23: # squares loose in bag | BE23: # flowers loose in bag | BF23: # bolls loose in bag | BG23: # open bolls loose in bag
B24: 01-2 | E24: 98.22 | H24: Initials - - - - - DOY | AF24: node # | AO24: =SUM(AO25:AO36) -> 0 | AP24: =SUM(AP25:AP36) -> 0 | AQ24: =SUM(AQ25:AQ36) -> 0 | AR24: =SUM(AR25:AR36) -> 0 | AS24: =SUM(AS25:AS36) -> 0 | AT24: =SUM(AT25:AT36) -> 0 | AU24: =SUM(AU25:AU36) -> 0 | AV24: =SUM(AV25:AV36) -> 0 | ... BG24: =SUM(BG25:BG36) -> 0 | BH24: ← plot sums | BK24: =SUM(AO24:AQ24) -> 0 | BL24: =SUM(AR24:AT24,BD24) -> 0 | BM24: =SUM(AU24:AW24,BE24) -> 0 | BN24: =SUM(AX24:AZ24,BF24) -> 0 | BO24: =SUM(BA24:BC24,BG24) -> 0
C25: 1 | I25: 15 | J25: 5 | L25: 1 | N25: 5 | P25: 9 | R25: 13 | T25: 17 | V25: 21 | X25: 25 | Z25: 29 | AB25: 33 | AD25: 37 | AM25: =SUMPRODUCT(LEN($M25:$AE28)-LEN(SUBSTITUTE($M25:$AE28,"/", "")))/2 -> 0 | AN25: =SUMPRODUCT(LEN($M25:$AE28)-LEN(SUBSTITUTE($M25:$AE28,"-", ""))) -> 0 | AO25: =SUMPRODUCT(LEN($M25:$AE28)-LEN(SUBSTITUTE($M25:$AE28,"A", ""))) -> 0 | AP25: =SUMPRODUCT(LEN($AH25:$AH28)-LEN(SUBSTITUTE($AH25:$AH28,"A", ""))) -> 0 | AQ25: =SUMPRODUCT(LEN($AG25:$AG28)-LEN(SUBSTITUTE($AG25:$AG28,"A", ""))) -> 0 | AR25: =SUMPRODUCT(LEN($M25:$AE28)-LEN(SUBSTITUTE($M25:$AE28,"S", ""))) -> 0 | AS25: =SUMPRODUCT(LEN($AH25:$AH28)-LEN(SUBSTITUTE($AH25:$AH28,"S", ""))) -> 0 | AT25: =SUMPRODUCT(LEN($AG25:$AG28)-LEN(SUBSTITUTE($AG25:$AG28,"S", ""))) -> 0 | AU25: =SUMPRODUCT(LEN($M25:$AE28)-LEN(SUBSTITUTE($M25:$AE28,"F", ""))) -> 0 | AV25: =SUMPRODUCT(LEN($AH25:$AH28)-LEN(SUBSTITUTE($AH25:$AH28,"F", ""))) -> 0 | AW25: =SUMPRODUCT(LEN($AG25:$AG28)-LEN(SUBSTITUTE($AG25:$AG28,"F", ""))) -> 0 | AX25: =SUMPRODUCT(LEN($M25:$AE28)-LEN(SUBSTITUTE($M25:$AE28,"G", ""))) -> 0 | AY25: =SUMPRODUCT(LEN($AH25:$AH28)-LEN(SUBSTITUTE($AH25:$AH28,"G", ""))) -> 0 | AZ25: =SUMPRODUCT(LEN($AG25:$AG28)-LEN(SUBSTITUTE($AG25:$AG28,"G", ""))) -> 0 | BA25: =SUMPRODUCT(LEN($M25:$AE28)-LEN(SUBSTITUTE($M25:$AE28,"M", ""))) -> 0 | BB25: =SUMPRODUCT(LEN($AH25:$AH28)-LEN(SUBSTITUTE($AH25:$AH28,"M", ""))) -> 0 | BC25: =SUMPRODUCT(LEN($AG25:$AG28)-LEN(SUBSTITUTE($AG25:$AG28,"M", ""))) -> 0 | BD25: =SUMPRODUCT(LEN($AI25:$AI28)-LEN(SUBSTITUTE($AI25:$AI28,"S", ""))) -> 0 | BE25: =SUMPRODUCT(LEN($AI25:$AI28)-LEN(SUBSTITUTE($AI25:$AI28,"F", ""))) -> 0 | BF25: =SUMPRODUCT(LEN($AI25:$AI28)-LEN(SUBSTITUTE($AI25:$AI28,"G", ""))) -> 0 | BG25: =SUMPRODUCT(LEN($AI25:$AI28)-LEN(SUBSTITUTE($AI25:$AI28,"M", ""))) -> 0
L26: 2 | N26: 6 | P26: 10 | R26: 14 | T26: 18 | V26: 22 | X26: 26 | Z26: 30 | AB26: 34 | AD26: 38
L27: 3 | N27: 7 | P27: 11 | R27: 15 | T27: 19 | V27: 23 | X27: 27 | Z27: 31 | AB27: 35 | AD27: 39
L28: 4 | N28: 8 | P28: 12 | R28: 16 | T28: 20 | V28: 24 | X28: 28 | Z28: 32 | AB28: 36 | AD28: 40
C29: 2 | L29: 1- | N29: 5- | P29: 9- | R29: 13- | T29: 17- | V29: 21- | X29: 25- | Z29: 29- | AB29: 33- | AD29: 37- | AO29: =SUMPRODUCT(LEN($M29:$AE32)-LEN(SUBSTITUTE($M29:$AE32,"A", ""))) -> 0 | AP29: =SUMPRODUCT(LEN($AH29:$AH32)-LEN(SUBSTITUTE($AH29:$AH32,"A", ""))) -> 0 | AQ29: =SUMPRODUCT(LEN($AG29:$AG32)-LEN(SUBSTITUTE($AG29:$AG32,"A", ""))) -> 0 | AR29: =SUMPRODUCT(LEN($M29:$AE32)-LEN(SUBSTITUTE($M29:$AE32,"S", ""))) -> 0 | AS29: =SUMPRODUCT(LEN($AH29:$AH32)-LEN(SUBSTITUTE($AH29:$AH32,"S", ""))) -> 0 | AT29: =SUMPRODUCT(LEN($AG29:$AG32)-LEN(SUBSTITUTE($AG29:$AG32,"S", ""))) -> 0 | AU29: =SUMPRODUCT(LEN($M29:$AE32)-LEN(SUBSTITUTE($M29:$AE32,"F", ""))) -> 0 | AV29: =SUMPRODUCT(LEN($AH29:$AH32)-LEN(SUBSTITUTE($AH29:$AH32,"F", ""))) -> 0 | AW29: =SUMPRODUCT(LEN($AG29:$AG32)-LEN(SUBSTITUTE($AG29:$AG32,"F", ""))) -> 0 | AX29: =SUMPRODUCT(LEN($M29:$AE32)-LEN(SUBSTITUTE($M29:$AE32,"G", ""))) -> 0 | AY29: =SUMPRODUCT(LEN($AH29:$AH32)-LEN(SUBSTITUTE($AH29:$AH32,"G", ""))) -> 0 | AZ29: =SUMPRODUCT(LEN($AG29:$AG32)-LEN(SUBSTITUTE($AG29:$AG32,"G", ""))) -> 0 | BA29: =SUMPRODUCT(LEN($M29:$AE32)-LEN(SUBSTITUTE($M29:$AE32,"M", ""))) -> 0 | BB29: =SUMPRODUCT(LEN($AH29:$AH32)-LEN(SUBSTITUTE($AH29:$AH32,"M", ""))) -> 0 | BC29: =SUMPRODUCT(LEN($AG29:$AG32)-LEN(SUBSTITUTE($AG29:$AG32,"M", ""))) -> 0 | BD29: =SUMPRODUCT(LEN($AI29:$AI32)-LEN(SUBSTITUTE($AI29:$AI32,"S", ""))) -> 0 | BE29: =SUMPRODUCT(LEN($AI29:$AI32)-LEN(SUBSTITUTE($AI29:$AI32,"F", ""))) -> 0 | BF29: =SUMPRODUCT(LEN($AI29:$AI32)-LEN(SUBSTITUTE($AI29:$AI32,"G", ""))) -> 0 | BG29: =SUMPRODUCT(LEN($AI29:$AI32)-LEN(SUBSTITUTE($AI29:$AI32,"M", ""))) -> 0
L30: 2- | N30: 6- | P30: 10- | R30: 14- | T30: 18- | V30: 22- | X30: 26- | Z30: 30- | AB30: 34- | AD30: 38-
L31: 3- | N31: 7- | P31: 11- | R31: 15- | T31: 19- | V31: 23- | X31: 27- | Z31: 31- | AB31: 35- | AD31: 39
L32: 4- | N32: 8- | P32: 12- | R32: 16- | T32: 20 | V32: 24- | X32: 28- | Z32: 32- | AB32: 36- | AD32: 40-
C33: 3 | L33: 1- | N33: 5- | P33: 9- | R33: 13- | T33: 17- | V33: 21- | X33: 25- | Z33: 29- | AB33: 33- | AD33: 37- | AO33: =SUMPRODUCT(LEN($M33:$AE36)-LEN(SUBSTITUTE($M33:$AE36,"A", ""))) -> 0 | AP33: =SUMPRODUCT(LEN($AH33:$AH36)-LEN(SUBSTITUTE($AH33:$AH36,"A", ""))) -> 0 | AQ33: =SUMPRODUCT(LEN($AG33:$AG36)-LEN(SUBSTITUTE($AG33:$AG36,"A", ""))) -> 0 | AR33: =SUMPRODUCT(LEN($M33:$AE36)-LEN(SUBSTITUTE($M33:$AE36,"S", ""))) -> 0 | AS33: =SUMPRODUCT(LEN($AH33:$AH36)-LEN(SUBSTITUTE($AH33:$AH36,"S", ""))) -> 0 | AT33: =SUMPRODUCT(LEN($AG33:$AG36)-LEN(SUBSTITUTE($AG33:$AG36,"S", ""))) -> 0 | AU33: =SUMPRODUCT(LEN($M33:$AE36)-LEN(SUBSTITUTE($M33:$AE36,"F", ""))) -> 0 | AV33: =SUMPRODUCT(LEN($AH33:$AH36)-LEN(SUBSTITUTE($AH33:$AH36,"F", ""))) -> 0 | AW33: =SUMPRODUCT(LEN($AG33:$AG36)-LEN(SUBSTITUTE($AG33:$AG36,"F", ""))) -> 0 | AX33: =SUMPRODUCT(LEN($M33:$AE36)-LEN(SUBSTITUTE($M33:$AE36,"G", ""))) -> 0 | AY33: =SUMPRODUCT(LEN($AH33:$AH36)-LEN(SUBSTITUTE($AH33:$AH36,"G", ""))) -> 0 | AZ33: =SUMPRODUCT(LEN($AG33:$AG36)-LEN(SUBSTITUTE($AG33:$AG36,"G", ""))) -> 0 | BA33: =SUMPRODUCT(LEN($M33:$AE36)-LEN(SUBSTITUTE($M33:$AE36,"M", ""))) -> 0 | BB33: =SUMPRODUCT(LEN($AH33:$AH36)-LEN(SUBSTITUTE($AH33:$AH36,"M", ""))) -> 0 | BC33: =SUMPRODUCT(LEN($AG33:$AG36)-LEN(SUBSTITUTE($AG33:$AG36,"M", ""))) -> 0 | BD33: =SUMPRODUCT(LEN($AI33:$AI36)-LEN(SUBSTITUTE($AI33:$AI36,"S", ""))) -> 0 | BE33: =SUMPRODUCT(LEN($AI33:$AI36)-LEN(SUBSTITUTE($AI33:$AI36,"F", ""))) -> 0 | BF33: =SUMPRODUCT(LEN($AI33:$AI36)-LEN(SUBSTITUTE($AI33:$AI36,"G", ""))) -> 0 | BG33: =SUMPRODUCT(LEN($AI33:$AI36)-LEN(SUBSTITUTE($AI33:$AI36,"M", ""))) -> 0
L34: 2- | N34: 6- | P34: 10- | R34: 14- | T34: 18- | V34: 22- | X34: 26- | Z34: 30- | AB34: 34- | AD34: 38-
L35: 3- | N35: 7- | P35: 11- | R35: 15- | T35: 19- | V35: 23- | X35: 27- | Z35: 31- | AB35: 35- | AD35: 39
L36: 4- | N36: 8- | P36: 12- | R36: 16- | T36: 20 | V36: 24- | X36: 28- | Z36: 32- | AB36: 36- | AD36: 40-
B37: Plot | C37: Plant # | D37: DOY Leaf Area Processed | E37: Leaf area of sample (cm2) | H37: Mapping | I37: Above ground height (cm) | J37: Total Main Stem nodes (including coteledonary) | K37: # pre-fruiting nodes | L37: Fruiting branches 1=first branch (above pre-fruiting nodes) | N37: Fruiting branches (cont) | P37: Fruiting branches (cont) | R37: Fruiting branches (cont) | T37: Fruiting branches (cont) | V37: Fruiting branches (cont) | X37: Fruiting branches (cont) | Z37: Fruiting branches (cont) | AB37: Fruiting branches (cont) | AD37: Fruiting branches (cont) | AF37: Fruit on mainstem | AH37: Fruit on non-fruiting branches | AI37: Fruit loose in sample bag | AJ37: NAWF | AK37: Boll with seeds? (Yes/No) | AL37: DOY into oven (stems & repro) | AM37: # branch nodes with more than one fruit | AN37: # mainstem nodes with more than 1 branch | AO37: # abscisions (fruiting branches) | AP37: # abscisions (non-fruiting branches) | AQ37: # abscisions (on main stem) | AR37: # squares (fruiting branches) | AS37: # squares (non-fruiting branches) | AT37: # squares (on main stem) | AU37: # white flowers (fruiting branches) | AV37: # white flowers (non-fruiting branches) | AW37: # white flowers (on main stem) | AX37: # green bolls (fruiting branches) | AY37: # green bolls (non-fruiting branches) | AZ37: # green bolls (on main stem) | BA37: # open bolls (fruiting branches) | BB37: # open bolls (non-fruiting branches) | BC37: # open bolls (on main stem) | BD37: # squares loose in bag | BE37: # flowers loose in bag | BF37: # bolls loose in bag | BG37: # open bolls loose in bag
B38: 01-3 | E38: 52.79 | H38: Initials - - - - - DOY | AF38: node # | AO38: =SUM(AO39:AO50) -> 0 | AP38: =SUM(AP39:AP50) -> 0 | AQ38: =SUM(AQ39:AQ50) -> 0 | AR38: =SUM(AR39:AR50) -> 0 | AS38: =SUM(AS39:AS50) -> 0 | AT38: =SUM(AT39:AT50) -> 0 | AU38: =SUM(AU39:AU50) -> 0 | AV38: =SUM(AV39:AV50) -> 0 | ... BG38: =SUM(BG39:BG50) -> 0 | BH38: ← plot sums | BK38: =SUM(AO38:AQ38) -> 0 | BL38: =SUM(AR38:AT38,BD38) -> 0 | BM38: =SUM(AU38:AW38,BE38) -> 0 | BN38: =SUM(AX38:AZ38,BF38) -> 0 | BO38: =SUM(BA38:BC38,BG38) -> 0
C39: 1 | I39: 12 | J39: 5 | L39: 1 | N39: 5 | P39: 9 | R39: 13 | T39: 17 | V39: 21 | X39: 25 | Z39: 29 | AB39: 33 | AD39: 37 | AM39: =SUMPRODUCT(LEN($M39:$AE42)-LEN(SUBSTITUTE($M39:$AE42,"/", "")))/2 -> 0 | AN39: =SUMPRODUCT(LEN($M39:$AE42)-LEN(SUBSTITUTE($M39:$AE42,"-", ""))) -> 0 | AO39: =SUMPRODUCT(LEN($M39:$AE42)-LEN(SUBSTITUTE($M39:$AE42,"A", ""))) -> 0 | AP39: =SUMPRODUCT(LEN($AH39:$AH42)-LEN(SUBSTITUTE($AH39:$AH42,"A", ""))) -> 0 | AQ39: =SUMPRODUCT(LEN($AG39:$AG42)-LEN(SUBSTITUTE($AG39:$AG42,"A", ""))) -> 0 | AR39: =SUMPRODUCT(LEN($M39:$AE42)-LEN(SUBSTITUTE($M39:$AE42,"S", ""))) -> 0 | AS39: =SUMPRODUCT(LEN($AH39:$AH42)-LEN(SUBSTITUTE($AH39:$AH42,"S", ""))) -> 0 | AT39: =SUMPRODUCT(LEN($AG39:$AG42)-LEN(SUBSTITUTE($AG39:$AG42,"S", ""))) -> 0 | AU39: =SUMPRODUCT(LEN($M39:$AE42)-LEN(SUBSTITUTE($M39:$AE42,"F", ""))) -> 0 | AV39: =SUMPRODUCT(LEN($AH39:$AH42)-LEN(SUBSTITUTE($AH39:$AH42,"F", ""))) -> 0 | AW39: =SUMPRODUCT(LEN($AG39:$AG42)-LEN(SUBSTITUTE($AG39:$AG42,"F", ""))) -> 0 | AX39: =SUMPRODUCT(LEN($M39:$AE42)-LEN(SUBSTITUTE($M39:$AE42,"G", ""))) -> 0 | AY39: =SUMPRODUCT(LEN($AH39:$AH42)-LEN(SUBSTITUTE($AH39:$AH42,"G", ""))) -> 0 | AZ39: =SUMPRODUCT(LEN($AG39:$AG42)-LEN(SUBSTITUTE($AG39:$AG42,"G", ""))) -> 0 | BA39: =SUMPRODUCT(LEN($M39:$AE42)-LEN(SUBSTITUTE($M39:$AE42,"M", ""))) -> 0 | BB39: =SUMPRODUCT(LEN($AH39:$AH42)-LEN(SUBSTITUTE($AH39:$AH42,"M", ""))) -> 0 | BC39: =SUMPRODUCT(LEN($AG39:$AG42)-LEN(SUBSTITUTE($AG39:$AG42,"M", ""))) -> 0 | BD39: =SUMPRODUCT(LEN($AI39:$AI42)-LEN(SUBSTITUTE($AI39:$AI42,"S", ""))) -> 0 | BE39: =SUMPRODUCT(LEN($AI39:$AI42)-LEN(SUBSTITUTE($AI39:$AI42,"F", ""))) -> 0 | BF39: =SUMPRODUCT(LEN($AI39:$AI42)-LEN(SUBSTITUTE($AI39:$AI42,"G", ""))) -> 0 | BG39: =SUMPRODUCT(LEN($AI39:$AI42)-LEN(SUBSTITUTE($AI39:$AI42,"M", ""))) -> 0
L40: 2 | N40: 6 | P40: 10 | R40: 14 | T40: 18 | V40: 22 | X40: 26 | Z40: 30 | AB40: 34 | AD40: 38
L41: 3 | N41: 7 | P41: 11 | R41: 15 | T41: 19 | V41: 23 | X41: 27 | Z41: 31 | AB41: 35 | AD41: 39
L42: 4 | N42: 8 | P42: 12 | R42: 16 | T42: 20 | V42: 24 | X42: 28 | Z42: 32 | AB42: 36 | AD42: 40
C43: 2 | L43: 1- | N43: 5- | P43: 9- | R43: 13- | T43: 17- | V43: 21- | X43: 25- | Z43: 29- | AB43: 33- | AD43: 37- | AO43: =SUMPRODUCT(LEN($M43:$AE46)-LEN(SUBSTITUTE($M43:$AE46,"A", ""))) -> 0 | AP43: =SUMPRODUCT(LEN($AH43:$AH46)-LEN(SUBSTITUTE($AH43:$AH46,"A", ""))) -> 0 | AQ43: =SUMPRODUCT(LEN($AG43:$AG46)-LEN(SUBSTITUTE($AG43:$AG46,"A", ""))) -> 0 | AR43: =SUMPRODUCT(LEN($M43:$AE46)-LEN(SUBSTITUTE($M43:$AE46,"S", ""))) -> 0 | AS43: =SUMPRODUCT(LEN($AH43:$AH46)-LEN(SUBSTITUTE($AH43:$AH46,"S", ""))) -> 0 | AT43: =SUMPRODUCT(LEN($AG43:$AG46)-LEN(SUBSTITUTE($AG43:$AG46,"S", ""))) -> 0 | AU43: =SUMPRODUCT(LEN($M43:$AE46)-LEN(SUBSTITUTE($M43:$AE46,"F", ""))) -> 0 | AV43: =SUMPRODUCT(LEN($AH43:$AH46)-LEN(SUBSTITUTE($AH43:$AH46,"F", ""))) -> 0 | AW43: =SUMPRODUCT(LEN($AG43:$AG46)-LEN(SUBSTITUTE($AG43:$AG46,"F", ""))) -> 0 | AX43: =SUMPRODUCT(LEN($M43:$AE46)-LEN(SUBSTITUTE($M43:$AE46,"G", ""))) -> 0 | AY43: =SUMPRODUCT(LEN($AH43:$AH46)-LEN(SUBSTITUTE($AH43:$AH46,"G", ""))) -> 0 | AZ43: =SUMPRODUCT(LEN($AG43:$AG46)-LEN(SUBSTITUTE($AG43:$AG46,"G", ""))) -> 0 | BA43: =SUMPRODUCT(LEN($M43:$AE46)-LEN(SUBSTITUTE($M43:$AE46,"M", ""))) -> 0 | BB43: =SUMPRODUCT(LEN($AH43:$AH46)-LEN(SUBSTITUTE($AH43:$AH46,"M", ""))) -> 0 | BC43: =SUMPRODUCT(LEN($AG43:$AG46)-LEN(SUBSTITUTE($AG43:$AG46,"M", ""))) -> 0 | BD43: =SUMPRODUCT(LEN($AI43:$AI46)-LEN(SUBSTITUTE($AI43:$AI46,"S", ""))) -> 0 | BE43: =SUMPRODUCT(LEN($AI43:$AI46)-LEN(SUBSTITUTE($AI43:$AI46,"F", ""))) -> 0 | BF43: =SUMPRODUCT(LEN($AI43:$AI46)-LEN(SUBSTITUTE($AI43:$AI46,"G", ""))) -> 0 | BG43: =SUMPRODUCT(LEN($AI43:$AI46)-LEN(SUBSTITUTE($AI43:$AI46,"M", ""))) -> 0
L44: 2- | N44: 6- | P44: 10- | R44: 14- | T44: 18- | V44: 22- | X44: 26- | Z44: 30- | AB44: 34- | AD44: 38-
L45: 3- | N45: 7- | P45: 11- | R45: 15- | T45: 19- | V45: 23- | X45: 27- | Z45: 31- | AB45: 35- | AD45: 39
L46: 4- | N46: 8- | P46: 12- | R46: 16- | T46: 20 | V46: 24- | X46: 28- | Z46: 32- | AB46: 36- | AD46: 40-
C47: 3 | L47: 1- | N47: 5- | P47: 9- | R47: 13- | T47: 17- | V47: 21- | X47: 25- | Z47: 29- | AB47: 33- | AD47: 37- | AO47: =SUMPRODUCT(LEN($M47:$AE50)-LEN(SUBSTITUTE($M47:$AE50,"A", ""))) -> 0 | AP47: =SUMPRODUCT(LEN($AH47:$AH50)-LEN(SUBSTITUTE($AH47:$AH50,"A", ""))) -> 0 | AQ47: =SUMPRODUCT(LEN($AG47:$AG50)-LEN(SUBSTITUTE($AG47:$AG50,"A", ""))) -> 0 | AR47: =SUMPRODUCT(LEN($M47:$AE50)-LEN(SUBSTITUTE($M47:$AE50,"S", ""))) -> 0 | AS47: =SUMPRODUCT(LEN($AH47:$AH50)-LEN(SUBSTITUTE($AH47:$AH50,"S", ""))) -> 0 | AT47: =SUMPRODUCT(LEN($AG47:$AG50)-LEN(SUBSTITUTE($AG47:$AG50,"S", ""))) -> 0 | AU47: =SUMPRODUCT(LEN($M47:$AE50)-LEN(SUBSTITUTE($M47:$AE50,"F", ""))) -> 0 | AV47: =SUMPRODUCT(LEN($AH47:$AH50)-LEN(SUBSTITUTE($AH47:$AH50,"F", ""))) -> 0 | AW47: =SUMPRODUCT(LEN($AG47:$AG50)-LEN(SUBSTITUTE($AG47:$AG50,"F", ""))) -> 0 | AX47: =SUMPRODUCT(LEN($M47:$AE50)-LEN(SUBSTITUTE($M47:$AE50,"G", ""))) -> 0 | AY47: =SUMPRODUCT(LEN($AH47:$AH50)-LEN(SUBSTITUTE($AH47:$AH50,"G", ""))) -> 0 | AZ47: =SUMPRODUCT(LEN($AG47:$AG50)-LEN(SUBSTITUTE($AG47:$AG50,"G", ""))) -> 0 | BA47: =SUMPRODUCT(LEN($M47:$AE50)-LEN(SUBSTITUTE($M47:$AE50,"M", ""))) -> 0 | BB47: =SUMPRODUCT(LEN($AH47:$AH50)-LEN(SUBSTITUTE($AH47:$AH50,"M", ""))) -> 0 | BC47: =SUMPRODUCT(LEN($AG47:$AG50)-LEN(SUBSTITUTE($AG47:$AG50,"M", ""))) -> 0 | BD47: =SUMPRODUCT(LEN($AI47:$AI50)-LEN(SUBSTITUTE($AI47:$AI50,"S", ""))) -> 0 | BE47: =SUMPRODUCT(LEN($AI47:$AI50)-LEN(SUBSTITUTE($AI47:$AI50,"F", ""))) -> 0 | BF47: =SUMPRODUCT(LEN($AI47:$AI50)-LEN(SUBSTITUTE($AI47:$AI50,"G", ""))) -> 0 | BG47: =SUMPRODUCT(LEN($AI47:$AI50)-LEN(SUBSTITUTE($AI47:$AI50,"M", ""))) -> 0
L48: 2- | N48: 6- | P48: 10- | R48: 14- | T48: 18- | V48: 22- | X48: 26- | Z48: 30- | AB48: 34- | AD48: 38-
L49: 3- | N49: 7- | P49: 11- | R49: 15- | T49: 19- | V49: 23- | X49: 27- | Z49: 31- | AB49: 35- | AD49: 39
L50: 4- | N50: 8- | P50: 12- | R50: 16- | T50: 20 | V50: 24- | X50: 28- | Z50: 32- | AB50: 36- | AD50: 40-
B51: Plot | C51: Plant # | D51: DOY Leaf Area Processed | E51: Leaf area of sample (cm2) | H51: Mapping | I51: Above ground height (cm) | J51: Total Main Stem nodes (including coteledonary) | K51: # pre-fruiting nodes | L51: Fruiting branches 1=first branch (above pre-fruiting nodes) | N51: Fruiting branches (cont) | P51: Fruiting branches (cont) | R51: Fruiting branches (cont) | T51: Fruiting branches (cont) | V51: Fruiting branches (cont) | X51: Fruiting branches (cont) | Z51: Fruiting branches (cont) | AB51: Fruiting branches (cont) | AD51: Fruiting branches (cont) | AF51: Fruit on mainstem | AH51: Fruit on non-fruiting branches | AI51: Fruit loose in sample bag | AJ51: NAWF | AK51: Boll with seeds? (Yes/No) | AL51: DOY into oven (stems & repro) | AM51: # branch nodes with more than one fruit | AN51: # mainstem nodes with more than 1 branch | AO51: # abscisions (fruiting branches) | AP51: # abscisions (non-fruiting branches) | AQ51: # abscisions (on main stem) | AR51: # squares (fruiting branches) | AS51: # squares (non-fruiting branches) | AT51: # squares (on main stem) | AU51: # white flowers (fruiting branches) | AV51: # white flowers (non-fruiting branches) | AW51: # white flowers (on main stem) | AX51: # green bolls (fruiting branches) | AY51: # green bolls (non-fruiting branches) | AZ51: # green bolls (on main stem) | BA51: # open bolls (fruiting branches) | BB51: # open bolls (non-fruiting branches) | BC51: # open bolls (on main stem) | BD51: # squares loose in bag | BE51: # flowers loose in bag | BF51: # bolls loose in bag | BG51: # open bolls loose in bag
B52: 01-4 | E52: 87.6 | H52: Initials - - - - - DOY | AF52: node # | AO52: =SUM(AO53:AO64) -> 0 | AP52: =SUM(AP53:AP64) -> 0 | AQ52: =SUM(AQ53:AQ64) -> 0 | AR52: =SUM(AR53:AR64) -> 0 | AS52: =SUM(AS53:AS64) -> 0 | AT52: =SUM(AT53:AT64) -> 0 | AU52: =SUM(AU53:AU64) -> 0 | AV52: =SUM(AV53:AV64) -> 0 | ... BG52: =SUM(BG53:BG64) -> 0 | BH52: ← plot sums | BK52: =SUM(AO52:AQ52) -> 0 | BL52: =SUM(AR52:AT52,BD52) -> 0 | BM52: =SUM(AU52:AW52,BE52) -> 0 | BN52: =SUM(AX52:AZ52,BF52) -> 0 | BO52: =SUM(BA52:BC52,BG52) -> 0
C53: 1 | I53: 14 | J53: 6 | L53: 1 | N53: 5 | P53: 9 | R53: 13 | T53: 17 | V53: 21 | X53: 25 | Z53: 29 | AB53: 33 | AD53: 37 | AM53: =SUMPRODUCT(LEN($M53:$AE56)-LEN(SUBSTITUTE($M53:$AE56,"/", "")))/2 -> 0 | AN53: =SUMPRODUCT(LEN($M53:$AE56)-LEN(SUBSTITUTE($M53:$AE56,"-", ""))) -> 0 | AO53: =SUMPRODUCT(LEN($M53:$AE56)-LEN(SUBSTITUTE($M53:$AE56,"A", ""))) -> 0 | AP53: =SUMPRODUCT(LEN($AH53:$AH56)-LEN(SUBSTITUTE($AH53:$AH56,"A", ""))) -> 0 | AQ53: =SUMPRODUCT(LEN($AG53:$AG56)-LEN(SUBSTITUTE($AG53:$AG56,"A", ""))) -> 0 | AR53: =SUMPRODUCT(LEN($M53:$AE56)-LEN(SUBSTITUTE($M53:$AE56,"S", ""))) -> 0 | AS53: =SUMPRODUCT(LEN($AH53:$AH56)-LEN(SUBSTITUTE($AH53:$AH56,"S", ""))) -> 0 | AT53: =SUMPRODUCT(LEN($AG53:$AG56)-LEN(SUBSTITUTE($AG53:$AG56,"S", ""))) -> 0 | AU53: =SUMPRODUCT(LEN($M53:$AE56)-LEN(SUBSTITUTE($M53:$AE56,"F", ""))) -> 0 | AV53: =SUMPRODUCT(LEN($AH53:$AH56)-LEN(SUBSTITUTE($AH53:$AH56,"F", ""))) -> 0 | AW53: =SUMPRODUCT(LEN($AG53:$AG56)-LEN(SUBSTITUTE($AG53:$AG56,"F", ""))) -> 0 | AX53: =SUMPRODUCT(LEN($M53:$AE56)-LEN(SUBSTITUTE($M53:$AE56,"G", ""))) -> 0 | AY53: =SUMPRODUCT(LEN($AH53:$AH56)-LEN(SUBSTITUTE($AH53:$AH56,"G", ""))) -> 0 | AZ53: =SUMPRODUCT(LEN($AG53:$AG56)-LEN(SUBSTITUTE($AG53:$AG56,"G", ""))) -> 0 | BA53: =SUMPRODUCT(LEN($M53:$AE56)-LEN(SUBSTITUTE($M53:$AE56,"M", ""))) -> 0 | BB53: =SUMPRODUCT(LEN($AH53:$AH56)-LEN(SUBSTITUTE($AH53:$AH56,"M", ""))) -> 0 | BC53: =SUMPRODUCT(LEN($AG53:$AG56)-LEN(SUBSTITUTE($AG53:$AG56,"M", ""))) -> 0 | BD53: =SUMPRODUCT(LEN($AI53:$AI56)-LEN(SUBSTITUTE($AI53:$AI56,"S", ""))) -> 0 | BE53: =SUMPRODUCT(LEN($AI53:$AI56)-LEN(SUBSTITUTE($AI53:$AI56,"F", ""))) -> 0 | BF53: =SUMPRODUCT(LEN($AI53:$AI56)-LEN(SUBSTITUTE($AI53:$AI56,"G", ""))) -> 0 | BG53: =SUMPRODUCT(LEN($AI53:$AI56)-LEN(SUBSTITUTE($AI53:$AI56,"M", ""))) -> 0
L54: 2 | N54: 6 | P54: 10 | R54: 14 | T54: 18 | V54: 22 | X54: 26 | Z54: 30 | AB54: 34 | AD54: 38
L55: 3 | N55: 7 | P55: 11 | R55: 15 | T55: 19 | V55: 23 | X55: 27 | Z55: 31 | AB55: 35 | AD55: 39
L56: 4 | N56: 8 | P56: 12 | R56: 16 | T56: 20 | V56: 24 | X56: 28 | Z56: 32 | AB56: 36 | AD56: 40
C57: 2 | L57: 1- | N57: 5- | P57: 9- | R57: 13- | T57: 17- | V57: 21- | X57: 25- | Z57: 29- | AB57: 33- | AD57: 37- | AO57: =SUMPRODUCT(LEN($M57:$AE60)-LEN(SUBSTITUTE($M57:$AE60,"A", ""))) -> 0 | AP57: =SUMPRODUCT(LEN($AH57:$AH60)-LEN(SUBSTITUTE($AH57:$AH60,"A", ""))) -> 0 | AQ57: =SUMPRODUCT(LEN($AG57:$AG60)-LEN(SUBSTITUTE($AG57:$AG60,"A", ""))) -> 0 | AR57: =SUMPRODUCT(LEN($M57:$AE60)-LEN(SUBSTITUTE($M57:$AE60,"S", ""))) -> 0 | AS57: =SUMPRODUCT(LEN($AH57:$AH60)-LEN(SUBSTITUTE($AH57:$AH60,"S", ""))) -> 0 | AT57: =SUMPRODUCT(LEN($AG57:$AG60)-LEN(SUBSTITUTE($AG57:$AG60,"S", ""))) -> 0 | AU57: =SUMPRODUCT(LEN($M57:$AE60)-LEN(SUBSTITUTE($M57:$AE60,"F", ""))) -> 0 | AV57: =SUMPRODUCT(LEN($AH57:$AH60)-LEN(SUBSTITUTE($AH57:$AH60,"F", ""))) -> 0 | AW57: =SUMPRODUCT(LEN($AG57:$AG60)-LEN(SUBSTITUTE($AG57:$AG60,"F", ""))) -> 0 | AX57: =SUMPRODUCT(LEN($M57:$AE60)-LEN(SUBSTITUTE($M57:$AE60,"G", ""))) -> 0 | AY57: =SUMPRODUCT(LEN($AH57:$AH60)-LEN(SUBSTITUTE($AH57:$AH60,"G", ""))) -> 0 | AZ57: =SUMPRODUCT(LEN($AG57:$AG60)-LEN(SUBSTITUTE($AG57:$AG60,"G", ""))) -> 0 | BA57: =SUMPRODUCT(LEN($M57:$AE60)-LEN(SUBSTITUTE($M57:$AE60,"M", ""))) -> 0 | BB57: =SUMPRODUCT(LEN($AH57:$AH60)-LEN(SUBSTITUTE($AH57:$AH60,"M", ""))) -> 0 | BC57: =SUMPRODUCT(LEN($AG57:$AG60)-LEN(SUBSTITUTE($AG57:$AG60,"M", ""))) -> 0 | BD57: =SUMPRODUCT(LEN($AI57:$AI60)-LEN(SUBSTITUTE($AI57:$AI60,"S", ""))) -> 0 | BE57: =SUMPRODUCT(LEN($AI57:$AI60)-LEN(SUBSTITUTE($AI57:$AI60,"F", ""))) -> 0 | BF57: =SUMPRODUCT(LEN($AI57:$AI60)-LEN(SUBSTITUTE($AI57:$AI60,"G", ""))) -> 0 | BG57: =SUMPRODUCT(LEN($AI57:$AI60)-LEN(SUBSTITUTE($AI57:$AI60,"M", ""))) -> 0
L58: 2- | N58: 6- | P58: 10- | R58: 14- | T58: 18- | V58: 22- | X58: 26- | Z58: 30- | AB58: 34- | AD58: 38-
L59: 3- | N59: 7- | P59: 11- | R59: 15- | T59: 19- | V59: 23- | X59: 27- | Z59: 31- | AB59: 35- | AD59: 39
L60: 4- | N60: 8- | P60: 12- | R60: 16- | T60: 20 | V60: 24- | X60: 28- | Z60: 32- | AB60: 36- | AD60: 40-
C61: 3 | L61: 1- | N61: 5- | P61: 9- | R61: 13- | T61: 17- | V61: 21- | X61: 25- | Z61: 29- | AB61: 33- | AD61: 37- | AO61: =SUMPRODUCT(LEN($M61:$AE64)-LEN(SUBSTITUTE($M61:$AE64,"A", ""))) -> 0 | AP61: =SUMPRODUCT(LEN($AH61:$AH64)-LEN(SUBSTITUTE($AH61:$AH64,"A", ""))) -> 0 | AQ61: =SUMPRODUCT(LEN($AG61:$AG64)-LEN(SUBSTITUTE($AG61:$AG64,"A", ""))) -> 0 | AR61: =SUMPRODUCT(LEN($M61:$AE64)-LEN(SUBSTITUTE($M61:$AE64,"S", ""))) -> 0 | AS61: =SUMPRODUCT(LEN($AH61:$AH64)-LEN(SUBSTITUTE($AH61:$AH64,"S", ""))) -> 0 | AT61: =SUMPRODUCT(LEN($AG61:$AG64)-LEN(SUBSTITUTE($AG61:$AG64,"S", ""))) -> 0 | AU61: =SUMPRODUCT(LEN($M61:$AE64)-LEN(SUBSTITUTE($M61:$AE64,"F", ""))) -> 0 | AV61: =SUMPRODUCT(LEN($AH61:$AH64)-LEN(SUBSTITUTE($AH61:$AH64,"F", ""))) -> 0 | AW61: =SUMPRODUCT(LEN($AG61:$AG64)-LEN(SUBSTITUTE($AG61:$AG64,"F", ""))) -> 0 | AX61: =SUMPRODUCT(LEN($M61:$AE64)-LEN(SUBSTITUTE($M61:$AE64,"G", ""))) -> 0 | AY61: =SUMPRODUCT(LEN($AH61:$AH64)-LEN(SUBSTITUTE($AH61:$AH64,"G", ""))) -> 0 | AZ61: =SUMPRODUCT(LEN($AG61:$AG64)-LEN(SUBSTITUTE($AG61:$AG64,"G", ""))) -> 0 | BA61: =SUMPRODUCT(LEN($M61:$AE64)-LEN(SUBSTITUTE($M61:$AE64,"M", ""))) -> 0 | BB61: =SUMPRODUCT(LEN($AH61:$AH64)-LEN(SUBSTITUTE($AH61:$AH64,"M", ""))) -> 0 | BC61: =SUMPRODUCT(LEN($AG61:$AG64)-LEN(SUBSTITUTE($AG61:$AG64,"M", ""))) -> 0 | BD61: =SUMPRODUCT(LEN($AI61:$AI64)-LEN(SUBSTITUTE($AI61:$AI64,"S", ""))) -> 0 | BE61: =SUMPRODUCT(LEN($AI61:$AI64)-LEN(SUBSTITUTE($AI61:$AI64,"F", ""))) -> 0 | BF61: =SUMPRODUCT(LEN($AI61:$AI64)-LEN(SUBSTITUTE($AI61:$AI64,"G", ""))) -> 0 | BG61: =SUMPRODUCT(LEN($AI61:$AI64)-LEN(SUBSTITUTE($AI61:$AI64,"M", ""))) -> 0
L62: 2- | N62: 6- | P62: 10- | R62: 14- | T62: 18- | V62: 22- | X62: 26- | Z62: 30- | AB62: 34- | AD62: 38-
L63: 3- | N63: 7- | P63: 11- | R63: 15- | T63: 19- | V63: 23- | X63: 27- | Z63: 31- | AB63: 35- | AD63: 39
L64: 4- | N64: 8- | P64: 12- | R64: 16- | T64: 20 | V64: 24- | X64: 28- | Z64: 32- | AB64: 36- | AD64: 40-
B65: Plot | C65: Plant # | D65: DOY Leaf Area Processed | E65: Leaf area of sample (cm2) | H65: Mapping | I65: Above ground height (cm) | J65: Total Main Stem nodes (including coteledonary) | K65: # pre-fruiting nodes | L65: Fruiting branches 1=first branch (above pre-fruiting nodes) | N65: Fruiting branches (cont) | P65: Fruiting branches (cont) | R65: Fruiting branches (cont) | T65: Fruiting branches (cont) | V65: Fruiting branches (cont) | X65: Fruiting branches (cont) | Z65: Fruiting branches (cont) | AB65: Fruiting branches (cont) | AD65: Fruiting branches (cont) | AF65: Fruit on mainstem | AH65: Fruit on non-fruiting branches | AI65: Fruit loose in sample bag | AJ65: NAWF | AK65: Boll with seeds? (Yes/No) | AL65: DOY into oven (stems & repro) | AM65: # branch nodes with more than one fruit | AN65: # mainstem nodes with more than 1 branch | AO65: # abscisions (fruiting branches) | AP65: # abscisions (non-fruiting branches) | AQ65: # abscisions (on main stem) | AR65: # squares (fruiting branches) | AS65: # squares (non-fruiting branches) | AT65: # squares (on main stem) | AU65: # white flowers (fruiting branches) | AV65: # white flowers (non-fruiting branches) | AW65: # white flowers (on main stem) | AX65: # green bolls (fruiting branches) | AY65: # green bolls (non-fruiting branches) | AZ65: # green bolls (on main stem) | BA65: # open bolls (fruiting branches) | BB65: # open bolls (non-fruiting branches) | BC65: # open bolls (on main stem) | BD65: # squares loose in bag | BE65: # flowers loose in bag | BF65: # bolls loose in bag | BG65: # open bolls loose in bag
B66: 02-1 | E66: 70.44 | H66: Initials - - - - - DOY | AF66: node # | AO66: =SUM(AO67:AO78) -> 0 | AP66: =SUM(AP67:AP78) -> 0 | AQ66: =SUM(AQ67:AQ78) -> 0 | AR66: =SUM(AR67:AR78) -> 0 | AS66: =SUM(AS67:AS78) -> 0 | AT66: =SUM(AT67:AT78) -> 0 | AU66: =SUM(AU67:AU78) -> 0 | AV66: =SUM(AV67:AV78) -> 0 | ... BG66: =SUM(BG67:BG78) -> 0 | BH66: ← plot sums | BK66: =SUM(AO66:AQ66) -> 0 | BL66: =SUM(AR66:AT66,BD66) -> 0 | BM66: =SUM(AU66:AW66,BE66) -> 0 | BN66: =SUM(AX66:AZ66,BF66) -> 0 | BO66: =SUM(BA66:BC66,BG66) -> 0
C67: 1 | I67: 14 | J67: 6 | L67: 1 | N67: 5 | P67: 9 | R67: 13 | T67: 17 | V67: 21 | X67: 25 | Z67: 29 | AB67: 33 | AD67: 37 | AM67: =SUMPRODUCT(LEN($M67:$AE70)-LEN(SUBSTITUTE($M67:$AE70,"/", "")))/2 -> 0 | AN67: =SUMPRODUCT(LEN($M67:$AE70)-LEN(SUBSTITUTE($M67:$AE70,"-", ""))) -> 0 | AO67: =SUMPRODUCT(LEN($M67:$AE70)-LEN(SUBSTITUTE($M67:$AE70,"A", ""))) -> 0 | AP67: =SUMPRODUCT(LEN($AH67:$AH70)-LEN(SUBSTITUTE($AH67:$AH70,"A", ""))) -> 0 | AQ67: =SUMPRODUCT(LEN($AG67:$AG70)-LEN(SUBSTITUTE($AG67:$AG70,"A", ""))) -> 0 | AR67: =SUMPRODUCT(LEN($M67:$AE70)-LEN(SUBSTITUTE($M67:$AE70,"S", ""))) -> 0 | AS67: =SUMPRODUCT(LEN($AH67:$AH70)-LEN(SUBSTITUTE($AH67:$AH70,"S", ""))) -> 0 | AT67: =SUMPRODUCT(LEN($AG67:$AG70)-LEN(SUBSTITUTE($AG67:$AG70,"S", ""))) -> 0 | AU67: =SUMPRODUCT(LEN($M67:$AE70)-LEN(SUBSTITUTE($M67:$AE70,"F", ""))) -> 0 | AV67: =SUMPRODUCT(LEN($AH67:$AH70)-LEN(SUBSTITUTE($AH67:$AH70,"F", ""))) -> 0 | AW67: =SUMPRODUCT(LEN($AG67:$AG70)-LEN(SUBSTITUTE($AG67:$AG70,"F", ""))) -> 0 | AX67: =SUMPRODUCT(LEN($M67:$AE70)-LEN(SUBSTITUTE($M67:$AE70,"G", ""))) -> 0 | AY67: =SUMPRODUCT(LEN($AH67:$AH70)-LEN(SUBSTITUTE($AH67:$AH70,"G", ""))) -> 0 | AZ67: =SUMPRODUCT(LEN($AG67:$AG70)-LEN(SUBSTITUTE($AG67:$AG70,"G", ""))) -> 0 | BA67: =SUMPRODUCT(LEN($M67:$AE70)-LEN(SUBSTITUTE($M67:$AE70,"M", ""))) -> 0 | BB67: =SUMPRODUCT(LEN($AH67:$AH70)-LEN(SUBSTITUTE($AH67:$AH70,"M", ""))) -> 0 | BC67: =SUMPRODUCT(LEN($AG67:$AG70)-LEN(SUBSTITUTE($AG67:$AG70,"M", ""))) -> 0 | BD67: =SUMPRODUCT(LEN($AI67:$AI70)-LEN(SUBSTITUTE($AI67:$AI70,"S", ""))) -> 0 | BE67: =SUMPRODUCT(LEN($AI67:$AI70)-LEN(SUBSTITUTE($AI67:$AI70,"F", ""))) -> 0 | BF67: =SUMPRODUCT(LEN($AI67:$AI70)-LEN(SUBSTITUTE($AI67:$AI70,"G", ""))) -> 0 | BG67: =SUMPRODUCT(LEN($AI67:$AI70)-LEN(SUBSTITUTE($AI67:$AI70,"M", ""))) -> 0
L68: 2 | N68: 6 | P68: 10 | R68: 14 | T68: 18 | V68: 22 | X68: 26 | Z68: 30 | AB68: 34 | AD68: 38
L69: 3 | N69: 7 | P69: 11 | R69: 15 | T69: 19 | V69: 23 | X69: 27 | Z69: 31 | AB69: 35 | AD69: 39
L70: 4 | N70: 8 | P70: 12 | R70: 16 | T70: 20 | V70: 24 | X70: 28 | Z70: 32 | AB70: 36 | AD70: 40
C71: 2 | L71: 1- | N71: 5- | P71: 9- | R71: 13- | T71: 17- | V71: 21- | X71: 25- | Z71: 29- | AB71: 33- | AD71: 37- | AO71: =SUMPRODUCT(LEN($M71:$AE74)-LEN(SUBSTITUTE($M71:$AE74,"A", ""))) -> 0 | AP71: =SUMPRODUCT(LEN($AH71:$AH74)-LEN(SUBSTITUTE($AH71:$AH74,"A", ""))) -> 0 | AQ71: =SUMPRODUCT(LEN($AG71:$AG74)-LEN(SUBSTITUTE($AG71:$AG74,"A", ""))) -> 0 | AR71: =SUMPRODUCT(LEN($M71:$AE74)-LEN(SUBSTITUTE($M71:$AE74,"S", ""))) -> 0 | AS71: =SUMPRODUCT(LEN($AH71:$AH74)-LEN(SUBSTITUTE($AH71:$AH74,"S", ""))) -> 0 | AT71: =SUMPRODUCT(LEN($AG71:$AG74)-LEN(SUBSTITUTE($AG71:$AG74,"S", ""))) -> 0 | AU71: =SUMPRODUCT(LEN($M71:$AE74)-LEN(SUBSTITUTE($M71:$AE74,"F", ""))) -> 0 | AV71: =SUMPRODUCT(LEN($AH71:$AH74)-LEN(SUBSTITUTE($AH71:$AH74,"F", ""))) -> 0 | AW71: =SUMPRODUCT(LEN($AG71:$AG74)-LEN(SUBSTITUTE($AG71:$AG74,"F", ""))) -> 0 | AX71: =SUMPRODUCT(LEN($M71:$AE74)-LEN(SUBSTITUTE($M71:$AE74,"G", ""))) -> 0 | AY71: =SUMPRODUCT(LEN($AH71:$AH74)-LEN(SUBSTITUTE($AH71:$AH74,"G", ""))) -> 0 | AZ71: =SUMPRODUCT(LEN($AG71:$AG74)-LEN(SUBSTITUTE($AG71:$AG74,"G", ""))) -> 0 | BA71: =SUMPRODUCT(LEN($M71:$AE74)-LEN(SUBSTITUTE($M71:$AE74,"M", ""))) -> 0 | BB71: =SUMPRODUCT(LEN($AH71:$AH74)-LEN(SUBSTITUTE($AH71:$AH74,"M", ""))) -> 0 | BC71: =SUMPRODUCT(LEN($AG71:$AG74)-LEN(SUBSTITUTE($AG71:$AG74,"M", ""))) -> 0 | BD71: =SUMPRODUCT(LEN($AI71:$AI74)-LEN(SUBSTITUTE($AI71:$AI74,"S", ""))) -> 0 | BE71: =SUMPRODUCT(LEN($AI71:$AI74)-LEN(SUBSTITUTE($AI71:$AI74,"F", ""))) -> 0 | BF71: =SUMPRODUCT(LEN($AI71:$AI74)-LEN(SUBSTITUTE($AI71:$AI74,"G", ""))) -> 0 | BG71: =SUMPRODUCT(LEN($AI71:$AI74)-LEN(SUBSTITUTE($AI71:$AI74,"M", ""))) -> 0
L72: 2- | N72: 6- | P72: 10- | R72: 14- | T72: 18- | V72: 22- | X72: 26- | Z72: 30- | AB72: 34- | AD72: 38-
L73: 3- | N73: 7- | P73: 11- | R73: 15- | T73: 19- | V73: 23- | X73: 27- | Z73: 31- | AB73: 35- | AD73: 39
L74: 4- | N74: 8- | P74: 12- | R74: 16- | T74: 20 | V74: 24- | X74: 28- | Z74: 32- | AB74: 36- | AD74: 40-
C75: 3 | L75: 1- | N75: 5- | P75: 9- | R75: 13- | T75: 17- | V75: 21- | X75: 25- | Z75: 29- | AB75: 33- | AD75: 37- | AO75: =SUMPRODUCT(LEN($M75:$AE78)-LEN(SUBSTITUTE($M75:$AE78,"A", ""))) -> 0 | AP75: =SUMPRODUCT(LEN($AH75:$AH78)-LEN(SUBSTITUTE($AH75:$AH78,"A", ""))) -> 0 | AQ75: =SUMPRODUCT(LEN($AG75:$AG78)-LEN(SUBSTITUTE($AG75:$AG78,"A", ""))) -> 0 | AR75: =SUMPRODUCT(LEN($M75:$AE78)-LEN(SUBSTITUTE($M75:$AE78,"S", ""))) -> 0 | AS75: =SUMPRODUCT(LEN($AH75:$AH78)-LEN(SUBSTITUTE($AH75:$AH78,"S", ""))) -> 0 | AT75: =SUMPRODUCT(LEN($AG75:$AG78)-LEN(SUBSTITUTE($AG75:$AG78,"S", ""))) -> 0 | AU75: =SUMPRODUCT(LEN($M75:$AE78)-LEN(SUBSTITUTE($M75:$AE78,"F", ""))) -> 0 | AV75: =SUMPRODUCT(LEN($AH75:$AH78)-LEN(SUBSTITUTE($AH75:$AH78,"F", ""))) -> 0 | AW75: =SUMPRODUCT(LEN($AG75:$AG78)-LEN(SUBSTITUTE($AG75:$AG78,"F", ""))) -> 0 | AX75: =SUMPRODUCT(LEN($M75:$AE78)-LEN(SUBSTITUTE($M75:$AE78,"G", ""))) -> 0 | AY75: =SUMPRODUCT(LEN($AH75:$AH78)-LEN(SUBSTITUTE($AH75:$AH78,"G", ""))) -> 0 | AZ75: =SUMPRODUCT(LEN($AG75:$AG78)-LEN(SUBSTITUTE($AG75:$AG78,"G", ""))) -> 0 | BA75: =SUMPRODUCT(LEN($M75:$AE78)-LEN(SUBSTITUTE($M75:$AE78,"M", ""))) -> 0 | BB75: =SUMPRODUCT(LEN($AH75:$AH78)-LEN(SUBSTITUTE($AH75:$AH78,"M", ""))) -> 0 | BC75: =SUMPRODUCT(LEN($AG75:$AG78)-LEN(SUBSTITUTE($AG75:$AG78,"M", ""))) -> 0 | BD75: =SUMPRODUCT(LEN($AI75:$AI78)-LEN(SUBSTITUTE($AI75:$AI78,"S", ""))) -> 0 | BE75: =SUMPRODUCT(LEN($AI75:$AI78)-LEN(SUBSTITUTE($AI75:$AI78,"F", ""))) -> 0 | BF75: =SUMPRODUCT(LEN($AI75:$AI78)-LEN(SUBSTITUTE($AI75:$AI78,"G", ""))) -> 0 | BG75: =SUMPRODUCT(LEN($AI75:$AI78)-LEN(SUBSTITUTE($AI75:$AI78,"M", ""))) -> 0
L76: 2- | N76: 6- | P76: 10- | R76: 14- | T76: 18- | V76: 22- | X76: 26- | Z76: 30- | AB76: 34- | AD76: 38-
L77: 3- | N77: 7- | P77: 11- | R77: 15- | T77: 19- | V77: 23- | X77: 27- | Z77: 31- | AB77: 35- | AD77: 39
L78: 4- | N78: 8- | P78: 12- | R78: 16- | T78: 20 | V78: 24- | X78: 28- | Z78: 32- | AB78: 36- | AD78: 40-
B79: Plot | C79: Plant # | D79: DOY Leaf Area Processed | E79: Leaf area of sample (cm2) | H79: Mapping | I79: Above ground height (cm) | J79: Total Main Stem nodes (including coteledonary) | K79: # pre-fruiting nodes | L79: Fruiting branches 1=first branch (above pre-fruiting nodes) | N79: Fruiting branches (cont) | P79: Fruiting branches (cont) | R79: Fruiting branches (cont) | T79: Fruiting branches (cont) | V79: Fruiting branches (cont) | X79: Fruiting branches (cont) | Z79: Fruiting branches (cont) | AB79: Fruiting branches (cont) | AD79: Fruiting branches (cont) | AF79: Fruit on mainstem | AH79: Fruit on non-fruiting branches | AI79: Fruit loose in sample bag | AJ79: NAWF | AK79: Boll with seeds? (Yes/No) | AL79: DOY into oven (stems & repro) | AM79: # branch nodes with more than one fruit | AN79: # mainstem nodes with more than 1 branch | AO79: # abscisions (fruiting branches) | AP79: # abscisions (non-fruiting branches) | AQ79: # abscisions (on main stem) | AR79: # squares (fruiting branches) | AS79: # squares (non-fruiting branches) | AT79: # squares (on main stem) | AU79: # white flowers (fruiting branches) | AV79: # white flowers (non-fruiting branches) | AW79: # white flowers (on main stem) | AX79: # green bolls (fruiting branches) | AY79: # green bolls (non-fruiting branches) | AZ79: # green bolls (on main stem) | BA79: # open bolls (fruiting branches) | BB79: # open bolls (non-fruiting branches) | BC79: # open bolls (on main stem) | BD79: # squares loose in bag | BE79: # flowers loose in bag | BF79: # bolls loose in bag | BG79: # open bolls loose in bag
B80: 02-2 | E80: 72.78 | H80: Initials - - - - - DOY | AF80: node # | AO80: =SUM(AO81:AO92) -> 0 | AP80: =SUM(AP81:AP92) -> 0 | AQ80: =SUM(AQ81:AQ92) -> 0 | AR80: =SUM(AR81:AR92) -> 0 | AS80: =SUM(AS81:AS92) -> 0 | AT80: =SUM(AT81:AT92) -> 0 | AU80: =SUM(AU81:AU92) -> 0 | AV80: =SUM(AV81:AV92) -> 0 | ... BG80: =SUM(BG81:BG92) -> 0 | BH80: ← plot sums | BK80: =SUM(AO80:AQ80) -> 0 | BL80: =SUM(AR80:AT80,BD80) -> 0 | BM80: =SUM(AU80:AW80,BE80) -> 0 | BN80: =SUM(AX80:AZ80,BF80) -> 0 | BO80: =SUM(BA80:BC80,BG80) -> 0
C81: 1 | I81: 14 | J81: 5 | L81: 1 | N81: 5 | P81: 9 | R81: 13 | T81: 17 | V81: 21 | X81: 25 | Z81: 29 | AB81: 33 | AD81: 37 | AM81: =SUMPRODUCT(LEN($M81:$AE84)-LEN(SUBSTITUTE($M81:$AE84,"/", "")))/2 -> 0 | AN81: =SUMPRODUCT(LEN($M81:$AE84)-LEN(SUBSTITUTE($M81:$AE84,"-", ""))) -> 0 | AO81: =SUMPRODUCT(LEN($M81:$AE84)-LEN(SUBSTITUTE($M81:$AE84,"A", ""))) -> 0 | AP81: =SUMPRODUCT(LEN($AH81:$AH84)-LEN(SUBSTITUTE($AH81:$AH84,"A", ""))) -> 0 | AQ81: =SUMPRODUCT(LEN($AG81:$AG84)-LEN(SUBSTITUTE($AG81:$AG84,"A", ""))) -> 0 | AR81: =SUMPRODUCT(LEN($M81:$AE84)-LEN(SUBSTITUTE($M81:$AE84,"S", ""))) -> 0 | AS81: =SUMPRODUCT(LEN($AH81:$AH84)-LEN(SUBSTITUTE($AH81:$AH84,"S", ""))) -> 0 | AT81: =SUMPRODUCT(LEN($AG81:$AG84)-LEN(SUBSTITUTE($AG81:$AG84,"S", ""))) -> 0 | AU81: =SUMPRODUCT(LEN($M81:$AE84)-LEN(SUBSTITUTE($M81:$AE84,"F", ""))) -> 0 | AV81: =SUMPRODUCT(LEN($AH81:$AH84)-LEN(SUBSTITUTE($AH81:$AH84,"F", ""))) -> 0 | AW81: =SUMPRODUCT(LEN($AG81:$AG84)-LEN(SUBSTITUTE($AG81:$AG84,"F", ""))) -> 0 | AX81: =SUMPRODUCT(LEN($M81:$AE84)-LEN(SUBSTITUTE($M81:$AE84,"G", ""))) -> 0 | AY81: =SUMPRODUCT(LEN($AH81:$AH84)-LEN(SUBSTITUTE($AH81:$AH84,"G", ""))) -> 0 | AZ81: =SUMPRODUCT(LEN($AG81:$AG84)-LEN(SUBSTITUTE($AG81:$AG84,"G", ""))) -> 0 | BA81: =SUMPRODUCT(LEN($M81:$AE84)-LEN(SUBSTITUTE($M81:$AE84,"M", ""))) -> 0 | BB81: =SUMPRODUCT(LEN($AH81:$AH84)-LEN(SUBSTITUTE($AH81:$AH84,"M", ""))) -> 0 | BC81: =SUMPRODUCT(LEN($AG81:$AG84)-LEN(SUBSTITUTE($AG81:$AG84,"M", ""))) -> 0 | BD81: =SUMPRODUCT(LEN($AI81:$AI84)-LEN(SUBSTITUTE($AI81:$AI84,"S", ""))) -> 0 | BE81: =SUMPRODUCT(LEN($AI81:$AI84)-LEN(SUBSTITUTE($AI81:$AI84,"F", ""))) -> 0 | BF81: =SUMPRODUCT(LEN($AI81:$AI84)-LEN(SUBSTITUTE($AI81:$AI84,"G", ""))) -> 0 | BG81: =SUMPRODUCT(LEN($AI81:$AI84)-LEN(SUBSTITUTE($AI81:$AI84,"M", ""))) -> 0
L82: 2 | N82: 6 | P82: 10 | R82: 14 | T82: 18 | V82: 22 | X82: 26 | Z82: 30 | AB82: 34 | AD82: 38
L83: 3 | N83: 7 | P83: 11 | R83: 15 | T83: 19 | V83: 23 | X83: 27 | Z83: 31 | AB83: 35 | AD83: 39
L84: 4 | N84: 8 | P84: 12 | R84: 16 | T84: 20 | V84: 24 | X84: 28 | Z84: 32 | AB84: 36 | AD84: 40
C85: 2 | L85: 1- | N85: 5- | P85: 9- | R85: 13- | T85: 17- | V85: 21- | X85: 25- | Z85: 29- | AB85: 33- | AD85: 37- | AO85: =SUMPRODUCT(LEN($M85:$AE88)-LEN(SUBSTITUTE($M85:$AE88,"A", ""))) -> 0 | AP85: =SUMPRODUCT(LEN($AH85:$AH88)-LEN(SUBSTITUTE($AH85:$AH88,"A", ""))) -> 0 | AQ85: =SUMPRODUCT(LEN($AG85:$AG88)-LEN(SUBSTITUTE($AG85:$AG88,"A", ""))) -> 0 | AR85: =SUMPRODUCT(LEN($M85:$AE88)-LEN(SUBSTITUTE($M85:$AE88,"S", ""))) -> 0 | AS85: =SUMPRODUCT(LEN($AH85:$AH88)-LEN(SUBSTITUTE($AH85:$AH88,"S", ""))) -> 0 | AT85: =SUMPRODUCT(LEN($AG85:$AG88)-LEN(SUBSTITUTE($AG85:$AG88,"S", ""))) -> 0 | AU85: =SUMPRODUCT(LEN($M85:$AE88)-LEN(SUBSTITUTE($M85:$AE88,"F", ""))) -> 0 | AV85: =SUMPRODUCT(LEN($AH85:$AH88)-LEN(SUBSTITUTE($AH85:$AH88,"F", ""))) -> 0 | AW85: =SUMPRODUCT(LEN($AG85:$AG88)-LEN(SUBSTITUTE($AG85:$AG88,"F", ""))) -> 0 | AX85: =SUMPRODUCT(LEN($M85:$AE88)-LEN(SUBSTITUTE($M85:$AE88,"G", ""))) -> 0 | AY85: =SUMPRODUCT(LEN($AH85:$AH88)-LEN(SUBSTITUTE($AH85:$AH88,"G", ""))) -> 0 | AZ85: =SUMPRODUCT(LEN($AG85:$AG88)-LEN(SUBSTITUTE($AG85:$AG88,"G", ""))) -> 0 | BA85: =SUMPRODUCT(LEN($M85:$AE88)-LEN(SUBSTITUTE($M85:$AE88,"M", ""))) -> 0 | BB85: =SUMPRODUCT(LEN($AH85:$AH88)-LEN(SUBSTITUTE($AH85:$AH88,"M", ""))) -> 0 | BC85: =SUMPRODUCT(LEN($AG85:$AG88)-LEN(SUBSTITUTE($AG85:$AG88,"M", ""))) -> 0 | BD85: =SUMPRODUCT(LEN($AI85:$AI88)-LEN(SUBSTITUTE($AI85:$AI88,"S", ""))) -> 0 | BE85: =SUMPRODUCT(LEN($AI85:$AI88)-LEN(SUBSTITUTE($AI85:$AI88,"F", ""))) -> 0 | BF85: =SUMPRODUCT(LEN($AI85:$AI88)-LEN(SUBSTITUTE($AI85:$AI88,"G", ""))) -> 0 | BG85: =SUMPRODUCT(LEN($AI85:$AI88)-LEN(SUBSTITUTE($AI85:$AI88,"M", ""))) -> 0
L86: 2- | N86: 6- | P86: 10- | R86: 14- | T86: 18- | V86: 22- | X86: 26- | Z86: 30- | AB86: 34- | AD86: 38-
L87: 3- | N87: 7- | P87: 11- | R87: 15- | T87: 19- | V87: 23- | X87: 27- | Z87: 31- | AB87: 35- | AD87: 39
L88: 4- | N88: 8- | P88: 12- | R88: 16- | T88: 20 | V88: 24- | X88: 28- | Z88: 32- | AB88: 36- | AD88: 40-
C89: 3 | L89: 1- | N89: 5- | P89: 9- | R89: 13- | T89: 17- | V89: 21- | X89: 25- | Z89: 29- | AB89: 33- | AD89: 37- | AO89: =SUMPRODUCT(LEN($M89:$AE92)-LEN(SUBSTITUTE($M89:$AE92,"A", ""))) -> 0 | AP89: =SUMPRODUCT(LEN($AH89:$AH92)-LEN(SUBSTITUTE($AH89:$AH92,"A", ""))) -> 0 | AQ89: =SUMPRODUCT(LEN($AG89:$AG92)-LEN(SUBSTITUTE($AG89:$AG92,"A", ""))) -> 0 | AR89: =SUMPRODUCT(LEN($M89:$AE92)-LEN(SUBSTITUTE($M89:$AE92,"S", ""))) -> 0 | AS89: =SUMPRODUCT(LEN($AH89:$AH92)-LEN(SUBSTITUTE($AH89:$AH92,"S", ""))) -> 0 | AT89: =SUMPRODUCT(LEN($AG89:$AG92)-LEN(SUBSTITUTE($AG89:$AG92,"S", ""))) -> 0 | AU89: =SUMPRODUCT(LEN($M89:$AE92)-LEN(SUBSTITUTE($M89:$AE92,"F", ""))) -> 0 | AV89: =SUMPRODUCT(LEN($AH89:$AH92)-LEN(SUBSTITUTE($AH89:$AH92,"F", ""))) -> 0 | AW89: =SUMPRODUCT(LEN($AG89:$AG92)-LEN(SUBSTITUTE($AG89:$AG92,"F", ""))) -> 0 | AX89: =SUMPRODUCT(LEN($M89:$AE92)-LEN(SUBSTITUTE($M89:$AE92,"G", ""))) -> 0 | AY89: =SUMPRODUCT(LEN($AH89:$AH92)-LEN(SUBSTITUTE($AH89:$AH92,"G", ""))) -> 0 | AZ89: =SUMPRODUCT(LEN($AG89:$AG92)-LEN(SUBSTITUTE($AG89:$AG92,"G", ""))) -> 0 | BA89: =SUMPRODUCT(LEN($M89:$AE92)-LEN(SUBSTITUTE($M89:$AE92,"M", ""))) -> 0 | BB89: =SUMPRODUCT(LEN($AH89:$AH92)-LEN(SUBSTITUTE($AH89:$AH92,"M", ""))) -> 0 | BC89: =SUMPRODUCT(LEN($AG89:$AG92)-LEN(SUBSTITUTE($AG89:$AG92,"M", ""))) -> 0 | BD89: =SUMPRODUCT(LEN($AI89:$AI92)-LEN(SUBSTITUTE($AI89:$AI92,"S", ""))) -> 0 | BE89: =SUMPRODUCT(LEN($AI89:$AI92)-LEN(SUBSTITUTE($AI89:$AI92,"F", ""))) -> 0 | BF89: =SUMPRODUCT(LEN($AI89:$AI92)-LEN(SUBSTITUTE($AI89:$AI92,"G", ""))) -> 0 | BG89: =SUMPRODUCT(LEN($AI89:$AI92)-LEN(SUBSTITUTE($AI89:$AI92,"M", ""))) -> 0
L90: 2- | N90: 6- | P90: 10- | R90: 14- | T90: 18- | V90: 22- | X90: 26- | Z90: 30- | AB90: 34- | AD90: 38-
L91: 3- | N91: 7- | P91: 11- | R91: 15- | T91: 19- | V91: 23- | X91: 27- | Z91: 31- | AB91: 35- | AD91: 39
L92: 4- | N92: 8- | P92: 12- | R92: 16- | T92: 20 | V92: 24- | X92: 28- | Z92: 32- | AB92: 36- | AD92: 40-
B93: Plot | C93: Plant # | D93: DOY Leaf Area Processed | E93: Leaf area of sample (cm2) | H93: Mapping | I93: Above ground height (cm) | J93: Total Main Stem nodes (including coteledonary) | K93: # pre-fruiting nodes | L93: Fruiting branches 1=first branch (above pre-fruiting nodes) | N93: Fruiting branches (cont) | P93: Fruiting branches (cont) | R93: Fruiting branches (cont) | T93: Fruiting branches (cont) | V93: Fruiting branches (cont) | X93: Fruiting branches (cont) | Z93: Fruiting branches (cont) | AB93: Fruiting branches (cont) | AD93: Fruiting branches (cont) | AF93: Fruit on mainstem | AH93: Fruit on non-fruiting branches | AI93: Fruit loose in sample bag | AJ93: NAWF | AK93: Boll with seeds? (Yes/No) | AL93: DOY into oven (stems & repro) | AM93: # branch nodes with more than one fruit | AN93: # mainstem nodes with more than 1 branch | AO93: # abscisions (fruiting branches) | AP93: # abscisions (non-fruiting branches) | AQ93: # abscisions (on main stem) | AR93: # squares (fruiting branches) | AS93: # squares (non-fruiting branches) | AT93: # squares (on main stem) | AU93: # white flowers (fruiting branches) | AV93: # white flowers (non-fruiting branches) | AW93: # white flowers (on main stem) | AX93: # green bolls (fruiting branches) | AY93: # green bolls (non-fruiting branches) | AZ93: # green bolls (on main stem) | BA93: # open bolls (fruiting branches) | BB93: # open bolls (non-fruiting branches) | BC93: # open bolls (on main stem) | BD93: # squares loose in bag | BE93: # flowers loose in bag | BF93: # bolls loose in bag | BG93: # open bolls loose in bag
B94: 02-3 | E94: 104.42 | H94: Initials - - - - - DOY | AF94: node # | AO94: =SUM(AO95:AO106) -> 0 | AP94: =SUM(AP95:AP106) -> 0 | AQ94: =SUM(AQ95:AQ106) -> 0 | AR94: =SUM(AR95:AR106) -> 0 | AS94: =SUM(AS95:AS106) -> 0 | AT94: =SUM(AT95:AT106) -> 0 | AU94: =SUM(AU95:AU106) -> 0 | AV94: =SUM(AV95:AV106) -> 0 | ... BG94: =SUM(BG95:BG106) -> 0 | BH94: ← plot sums | BK94: =SUM(AO94:AQ94) -> 0 | BL94: =SUM(AR94:AT94,BD94) -> 0 | BM94: =SUM(AU94:AW94,BE94) -> 0 | BN94: =SUM(AX94:AZ94,BF94) -> 0 | BO94: =SUM(BA94:BC94,BG94) -> 0
C95: 1 | I95: 14 | J95: 6 | L95: 1 | N95: 5 | P95: 9 | R95: 13 | T95: 17 | V95: 21 | X95: 25 | Z95: 29 | AB95: 33 | AD95: 37 | AM95: =SUMPRODUCT(LEN($M95:$AE98)-LEN(SUBSTITUTE($M95:$AE98,"/", "")))/2 -> 0 | AN95: =SUMPRODUCT(LEN($M95:$AE98)-LEN(SUBSTITUTE($M95:$AE98,"-", ""))) -> 0 | AO95: =SUMPRODUCT(LEN($M95:$AE98)-LEN(SUBSTITUTE($M95:$AE98,"A", ""))) -> 0 | AP95: =SUMPRODUCT(LEN($AH95:$AH98)-LEN(SUBSTITUTE($AH95:$AH98,"A", ""))) -> 0 | AQ95: =SUMPRODUCT(LEN($AG95:$AG98)-LEN(SUBSTITUTE($AG95:$AG98,"A", ""))) -> 0 | AR95: =SUMPRODUCT(LEN($M95:$AE98)-LEN(SUBSTITUTE($M95:$AE98,"S", ""))) -> 0 | AS95: =SUMPRODUCT(LEN($AH95:$AH98)-LEN(SUBSTITUTE($AH95:$AH98,"S", ""))) -> 0 | AT95: =SUMPRODUCT(LEN($AG95:$AG98)-LEN(SUBSTITUTE($AG95:$AG98,"S", ""))) -> 0 | AU95: =SUMPRODUCT(LEN($M95:$AE98)-LEN(SUBSTITUTE($M95:$AE98,"F", ""))) -> 0 | AV95: =SUMPRODUCT(LEN($AH95:$AH98)-LEN(SUBSTITUTE($AH95:$AH98,"F", ""))) -> 0 | AW95: =SUMPRODUCT(LEN($AG95:$AG98)-LEN(SUBSTITUTE($AG95:$AG98,"F", ""))) -> 0 | AX95: =SUMPRODUCT(LEN($M95:$AE98)-LEN(SUBSTITUTE($M95:$AE98,"G", ""))) -> 0 | AY95: =SUMPRODUCT(LEN($AH95:$AH98)-LEN(SUBSTITUTE($AH95:$AH98,"G", ""))) -> 0 | AZ95: =SUMPRODUCT(LEN($AG95:$AG98)-LEN(SUBSTITUTE($AG95:$AG98,"G", ""))) -> 0 | BA95: =SUMPRODUCT(LEN($M95:$AE98)-LEN(SUBSTITUTE($M95:$AE98,"M", ""))) -> 0 | BB95: =SUMPRODUCT(LEN($AH95:$AH98)-LEN(SUBSTITUTE($AH95:$AH98,"M", ""))) -> 0 | BC95: =SUMPRODUCT(LEN($AG95:$AG98)-LEN(SUBSTITUTE($AG95:$AG98,"M", ""))) -> 0 | BD95: =SUMPRODUCT(LEN($AI95:$AI98)-LEN(SUBSTITUTE($AI95:$AI98,"S", ""))) -> 0 | BE95: =SUMPRODUCT(LEN($AI95:$AI98)-LEN(SUBSTITUTE($AI95:$AI98,"F", ""))) -> 0 | BF95: =SUMPRODUCT(LEN($AI95:$AI98)-LEN(SUBSTITUTE($AI95:$AI98,"G", ""))) -> 0 | BG95: =SUMPRODUCT(LEN($AI95:$AI98)-LEN(SUBSTITUTE($AI95:$AI98,"M", ""))) -> 0
L96: 2 | N96: 6 | P96: 10 | R96: 14 | T96: 18 | V96: 22 | X96: 26 | Z96: 30 | AB96: 34 | AD96: 38
L97: 3 | N97: 7 | P97: 11 | R97: 15 | T97: 19 | V97: 23 | X97: 27 | Z97: 31 | AB97: 35 | AD97: 39
L98: 4 | N98: 8 | P98: 12 | R98: 16 | T98: 20 | V98: 24 | X98: 28 | Z98: 32 | AB98: 36 | AD98: 40
C99: 2 | L99: 1- | N99: 5- | P99: 9- | R99: 13- | T99: 17- | V99: 21- | X99: 25- | Z99: 29- | AB99: 33- | AD99: 37- | AO99: =SUMPRODUCT(LEN($M99:$AE102)-LEN(SUBSTITUTE($M99:$AE102,"A", ""))) -> 0 | AP99: =SUMPRODUCT(LEN($AH99:$AH102)-LEN(SUBSTITUTE($AH99:$AH102,"A", ""))) -> 0 | AQ99: =SUMPRODUCT(LEN($AG99:$AG102)-LEN(SUBSTITUTE($AG99:$AG102,"A", ""))) -> 0 | AR99: =SUMPRODUCT(LEN($M99:$AE102)-LEN(SUBSTITUTE($M99:$AE102,"S", ""))) -> 0 | AS99: =SUMPRODUCT(LEN($AH99:$AH102)-LEN(SUBSTITUTE($AH99:$AH102,"S", ""))) -> 0 | AT99: =SUMPRODUCT(LEN($AG99:$AG102)-LEN(SUBSTITUTE($AG99:$AG102,"S", ""))) -> 0 | AU99: =SUMPRODUCT(LEN($M99:$AE102)-LEN(SUBSTITUTE($M99:$AE102,"F", ""))) -> 0 | AV99: =SUMPRODUCT(LEN($AH99:$AH102)-LEN(SUBSTITUTE($AH99:$AH102,"F", ""))) -> 0 | AW99: =SUMPRODUCT(LEN($AG99:$AG102)-LEN(SUBSTITUTE($AG99:$AG102,"F", ""))) -> 0 | AX99: =SUMPRODUCT(LEN($M99:$AE102)-LEN(SUBSTITUTE($M99:$AE102,"G", ""))) -> 0 | AY99: =SUMPRODUCT(LEN($AH99:$AH102)-LEN(SUBSTITUTE($AH99:$AH102,"G", ""))) -> 0 | AZ99: =SUMPRODUCT(LEN($AG99:$AG102)-LEN(SUBSTITUTE($AG99:$AG102,"G", ""))) -> 0 | BA99: =SUMPRODUCT(LEN($M99:$AE102)-LEN(SUBSTITUTE($M99:$AE102,"M", ""))) -> 0 | BB99: =SUMPRODUCT(LEN($AH99:$AH102)-LEN(SUBSTITUTE($AH99:$AH102,"M", ""))) -> 0 | BC99: =SUMPRODUCT(LEN($AG99:$AG102)-LEN(SUBSTITUTE($AG99:$AG102,"M", ""))) -> 0 | BD99: =SUMPRODUCT(LEN($AI99:$AI102)-LEN(SUBSTITUTE($AI99:$AI102,"S", ""))) -> 0 | BE99: =SUMPRODUCT(LEN($AI99:$AI102)-LEN(SUBSTITUTE($AI99:$AI102,"F", ""))) -> 0 | BF99: =SUMPRODUCT(LEN($AI99:$AI102)-LEN(SUBSTITUTE($AI99:$AI102,"G", ""))) -> 0 | BG99: =SUMPRODUCT(LEN($AI99:$AI102)-LEN(SUBSTITUTE($AI99:$AI102,"M", ""))) -> 0
L100: 2- | N100: 6- | P100: 10- | R100: 14- | T100: 18- | V100: 22- | X100: 26- | Z100: 30- | AB100: 34- | AD100: 38-
L101: 3- | N101: 7- | P101: 11- | R101: 15- | T101: 19- | V101: 23- | X101: 27- | Z101: 31- | AB101: 35- | AD101: 39
L102: 4- | N102: 8- | P102: 12- | R102: 16- | T102: 20 | V102: 24- | X102: 28- | Z102: 32- | AB102: 36- | AD102: 40-
...

Sheet d147Weights
A1: 2020 | B1: F13b4 | C1: Cotton | J1: Irrigation scheduling experiment
B2: Plant sampling and Mapping | M2: Field Avg
M3: Density | N3: 10 | O3: plant/m2
B4: Sampling Date: | C4: 26 May 202 | G4: Date(s) weighed: | H4: 44345
B5: DOY: | C5: 147 | G5: Weighed by: | H5: SMM
B6: Comments: | D6: Oven temp: 65 °C
B8: Plot | C8: TRT | D8: DOY out of Oven | E8: Green leaves (g) | F8: Brown leaves (g) | G8: Stems (g) | H8: Squares, Flowers & Green Bolls (g) | I8: Flowers & Green Bolls (g) | J8: Mature Bolls (g) | K8: Leaf Area (cm2) | M8: CWPD | N8: LWAD | O8: SWAD | P8: MBWAD | Q8: PWAD | R8: LAID
B9: 01-1 | E9: 0.96 | G9: 0.39 | K9: =d147Mapping!$E$10 -> 100.37 | M9: =SUM(E9,G9,H9,J9) -> 1.35 | N9: =E9/1000*$N$3*10000 -> 96 | O9: =G9/1000*$N$3*10000 -> 39 | P9: =J9/1000*$N$3*10000 -> 0 | Q9: =(H9+J9)/1000*$N$3*10000 -> 0 | R9: =K9/(100*100)*$N$3 -> 0.10037
B10: 01-2 | E10: 1.02 | G10: 0.33 | K10: =d147Mapping!$E$24 -> 98.22 | M10: =SUM(E10,G10,H10,J10) -> 1.35 | N10: =E10/1000*$N$3*10000 -> 102 | O10: =G10/1000*$N$3*10000 -> 33 | P10: =J10/1000*$N$3*10000 -> 0 | Q10: =(H10+J10)/1000*$N$3*10000 -> 0 | R10: =K10/(100*100)*$N$3 -> 0.09822
B11: 01-3 | E11: 0.46 | G11: 0.16 | K11: =d147Mapping!$E$38 -> 52.79 | M11: =SUM(E11,G11,H11,J11) -> 0.62 | N11: =E11/1000*$N$3*10000 -> 46 | O11: =G11/1000*$N$3*10000 -> 16 | P11: =J11/1000*$N$3*10000 -> 0 | Q11: =(H11+J11)/1000*$N$3*10000 -> 0 | R11: =K11/(100*100)*$N$3 -> 0.05279
B12: 01-4 | E12: 0.73 | G12: 0.29 | K12: =d147Mapping!$E$52 -> 87.6 | M12: =SUM(E12,G12,H12,J12) -> 1.02 | N12: =E12/1000*$N$3*10000 -> 73 | O12: =G12/1000*$N$3*10000 -> 29 | P12: =J12/1000*$N$3*10000 -> 0 | Q12: =(H12+J12)/1000*$N$3*10000 -> 0 | R12: =K12/(100*100)*$N$3 -> 0.0876
B13: 02-1 | E13: 0.66 | G13: 0.24 | K13: =d147Mapping!$E$66 -> 70.44 | M13: =SUM(E13,G13,H13,J13) -> 0.9 | N13: =E13/1000*$N$3*10000 -> 66 | O13: =G13/1000*$N$3*10000 -> 24 | P13: =J13/1000*$N$3*10000 -> 0 | Q13: =(H13+J13)/1000*$N$3*10000 -> 0 | R13: =K13/(100*100)*$N$3 -> 0.07044
B14: 02-2 | E14: 0.63 | G14: 0.23 | K14: =d147Mapping!$E$80 -> 72.78 | M14: =SUM(E14,G14,H14,J14) -> 0.86 | N14: =E14/1000*$N$3*10000 -> 63 | O14: =G14/1000*$N$3*10000 -> 23 | P14: =J14/1000*$N$3*10000 -> 0 | Q14: =(H14+J14)/1000*$N$3*10000 -> 0 | R14: =K14/(100*100)*$N$3 -> 0.07278
B15: 02-3 | E15: 0.9 | G15: 0.29 | K15: =d147Mapping!$E$94 -> 104.42 | M15: =SUM(E15,G15,H15,J15) -> 1.19 | N15: =E15/1000*$N$3*10000 -> 90 | O15: =G15/1000*$N$3*10000 -> 29 | P15: =J15/1000*$N$3*10000 -> 0 | Q15: =(H15+J15)/1000*$N$3*10000 -> 0 | R15: =K15/(100*100)*$N$3 -> 0.10442
B16: 02-4 | E16: 0.65 | G16: 0.22 | K16: =d147Mapping!$E$108 -> 75.13 | M16: =SUM(E16,G16,H16,J16) -> 0.87 | N16: =E16/1000*$N$3*10000 -> 65 | O16: =G16/1000*$N$3*10000 -> 22 | P16: =J16/1000*$N$3*10000 -> 0 | Q16: =(H16+J16)/1000*$N$3*10000 -> 0 | R16: =K16/(100*100)*$N$3 -> 0.07513
B17: 03-1 | E17: 0.57 | G17: 0.2 | K17: =d147Mapping!$E$122 -> 66.76 | M17: =SUM(E17,G17,H17,J17) -> 0.77 | N17: =E17/1000*$N$3*10000 -> 57 | O17: =G17/1000*$N$3*10000 -> 20 | P17: =J17/1000*$N$3*10000 -> 0 | Q17: =(H17+J17)/1000*$N$3*10000 -> 0 | R17: =K17/(100*100)*$N$3 -> 0.06676
B18: 03-2 | E18: 0.46 | G18: 0.15 | K18: =d147Mapping!$E$136 -> 54.08 | M18: =SUM(E18,G18,H18,J18) -> 0.61 | N18: =E18/1000*$N$3*10000 -> 46 | O18: =G18/1000*$N$3*10000 -> 15 | P18: =J18/1000*$N$3*10000 -> 0 | Q18: =(H18+J18)/1000*$N$3*10000 -> 0 | R18: =K18/(100*100)*$N$3 -> 0.05408
B19: 03-3 | E19: 0.51 | G19: 0.14 | K19: =d147Mapping!$E$150 -> 61.45 | M19: =SUM(E19,G19,H19,J19) -> 0.65 | N19: =E19/1000*$N$3*10000 -> 51 | O19: =G19/1000*$N$3*10000 -> 14 | P19: =J19/1000*$N$3*10000 -> 0 | Q19: =(H19+J19)/1000*$N$3*10000 -> 0 | R19: =K19/(100*100)*$N$3 -> 0.06145
B20: 03-4 | E20: 0.5 | G20: 0.16 | K20: =d147Mapping!$E$164 -> 57.94 | M20: =SUM(E20,G20,H20,J20) -> 0.66 | N20: =E20/1000*$N$3*10000 -> 50 | O20: =G20/1000*$N$3*10000 -> 16 | P20: =J20/1000*$N$3*10000 -> 0 | Q20: =(H20+J20)/1000*$N$3*10000 -> 0 | R20: =K20/(100*100)*$N$3 -> 0.05794
B21: 04-1 | E21: 0.66 | G21: 0.23 | K21: =d147Mapping!$E$178 -> 75.54 | M21: =SUM(E21,G21,H21,J21) -> 0.89 | N21: =E21/1000*$N$3*10000 -> 66 | O21: =G21/1000*$N$3*10000 -> 23 | P21: =J21/1000*$N$3*10000 -> 0 | Q21: =(H21+J21)/1000*$N$3*10000 -> 0 | R21: =K21/(100*100)*$N$3 -> 0.07554
B22: 04-2 | E22: 0.92 | G22: 0.34 | K22: =d147Mapping!$E$192 -> 102.39 | M22: =SUM(E22,G22,H22,J22) -> 1.26 | N22: =E22/1000*$N$3*10000 -> 92 | O22: =G22/1000*$N$3*10000 -> 34 | P22: =J22/1000*$N$3*10000 -> 0 | Q22: =(H22+J22)/1000*$N$3*10000 -> 0 | R22: =K22/(100*100)*$N$3 -> 0.10239
B23: 04-3 | E23: 0.61 | G23: 0.25 | K23: =d147Mapping!$E$206 -> 68.02 | M23: =SUM(E23,G23,H23,J23) -> 0.86 | N23: =E23/1000*$N$3*10000 -> 61 | O23: =G23/1000*$N$3*10000 -> 25 | P23: =J23/1000*$N$3*10000 -> 0 | Q23: =(H23+J23)/1000*$N$3*10000 -> 0 | R23: =K23/(100*100)*$N$3 -> 0.06802
B24: 04-4 | E24: 0.41 | G24: 0.17 | K24: =d147Mapping!$E$220 -> 51.53 | M24: =SUM(E24,G24,H24,J24) -> 0.58 | N24: =E24/1000*$N$3*10000 -> 41 | O24: =G24/1000*$N$3*10000 -> 17 | P24: =J24/1000*$N$3*10000 -> 0 | Q24: =(H24+J24)/1000*$N$3*10000 -> 0 | R24: =K24/(100*100)*$N$3 -> 0.05153
B25: 05-1 | E25: 0.55 | G25: 0.22 | K25: =d147Mapping!$E$234 -> 62.97 | M25: =SUM(E25,G25,H25,J25) -> 0.77 | N25: =E25/1000*$N$3*10000 -> 55 | O25: =G25/1000*$N$3*10000 -> 22 | P25: =J25/1000*$N$3*10000 -> 0 | Q25: =(H25+J25)/1000*$N$3*10000 -> 0 | R25: =K25/(100*100)*$N$3 -> 0.06297
B26: 05-2 | E26: 0.42 | G26: 0.15 | K26: =d147Mapping!$E$248 -> 53.47 | M26: =SUM(E26,G26,H26,J26) -> 0.57 | N26: =E26/1000*$N$3*10000 -> 42 | O26: =G26/1000*$N$3*10000 -> 15 | P26: =J26/1000*$N$3*10000 -> 0 | Q26: =(H26+J26)/1000*$N$3*10000 -> 0 | R26: =K26/(100*100)*$N$3 -> 0.05347
B27: 05-3 | E27: 0.7 | G27: 0.26 | K27: =d147Mapping!$E$262 -> 75.9 | M27: =SUM(E27,G27,H27,J27) -> 0.96 | N27: =E27/1000*$N$3*10000 -> 70 | O27: =G27/1000*$N$3*10000 -> 26 | P27: =J27/1000*$N$3*10000 -> 0 | Q27: =(H27+J27)/1000*$N$3*10000 -> 0 | R27: =K27/(100*100)*$N$3 -> 0.0759
B28: 05-4 | E28: 0.31 | G28: 0.1 | K28: =d147Mapping!$E$276 -> 37.51 | M28: =SUM(E28,G28,H28,J28) -> 0.41 | N28: =E28/1000*$N$3*10000 -> 31 | O28: =G28/1000*$N$3*10000 -> 10 | P28: =J28/1000*$N$3*10000 -> 0 | Q28: =(H28+J28)/1000*$N$3*10000 -> 0 | R28: =K28/(100*100)*$N$3 -> 0.03751
B29: 06-1 | E29: 0.52 | G29: 0.2 | K29: =d147Mapping!$E$290 -> 54.76 | M29: =SUM(E29,G29,H29,J29) -> 0.72 | N29: =E29/1000*$N$3*10000 -> 52 | O29: =G29/1000*$N$3*10000 -> 20 | P29: =J29/1000*$N$3*10000 -> 0 | Q29: =(H29+J29)/1000*$N$3*10000 -> 0 | R29: =K29/(100*100)*$N$3 -> 0.05476
B30: 06-2 | E30: 0.89 | G30: 0.37 | K30: =d147Mapping!$E$304 -> 101.87 | M30: =SUM(E30,G30,H30,J30) -> 1.26 | N30: =E30/1000*$N$3*10000 -> 89 | O30: =G30/1000*$N$3*10000 -> 37 | P30: =J30/1000*$N$3*10000 -> 0 | Q30: =(H30+J30)/1000*$N$3*10000 -> 0 | R30: =K30/(100*100)*$N$3 -> 0.10187
B31: 06-3 | E31: 0.94 | G31: 0.29 | K31: =d147Mapping!$E$318 -> 104.65 | M31: =SUM(E31,G31,H31,J31) -> 1.23 | N31: =E31/1000*$N$3*10000 -> 94 | O31: =G31/1000*$N$3*10000 -> 29 | P31: =J31/1000*$N$3*10000 -> 0 | Q31: =(H31+J31)/1000*$N$3*10000 -> 0 | R31: =K31/(100*100)*$N$3 -> 0.10465
B32: 06-4 | E32: 0.41 | G32: 0.15 | K32: =d147Mapping!$E$332 -> 47.71 | M32: =SUM(E32,G32,H32,J32) -> 0.56 | N32: =E32/1000*$N$3*10000 -> 41 | O32: =G32/1000*$N$3*10000 -> 15 | P32: =J32/1000*$N$3*10000 -> 0 | Q32: =(H32+J32)/1000*$N$3*10000 -> 0 | R32: =K32/(100*100)*$N$3 -> 0.04771
B33: 07-1 | C33: 120-60 | N33: =E33/1000*$N$3*10000 -> 0 | P33: =G33/1000*$N$3*10000 -> 0 | Q33: =J33/1000*$N$3*10000 -> 0 | R33: =(H33+J33)/1000*$N$3*10000 -> 0 | S33: =K33/(100*100)*$N$3 -> 0
B34: 07-2 | C34: 80-60 | N34: =E34/1000*$N$3*10000 -> 0 | P34: =G34/1000*$N$3*10000 -> 0 | Q34: =J34/1000*$N$3*10000 -> 0 | R34: =(H34+J34)/1000*$N$3*10000 -> 0 | S34: =K34/(100*100)*$N$3 -> 0
B35: 07-3 | C35: 120-80 | N35: =E35/1000*$N$3*10000 -> 0 | P35: =G35/1000*$N$3*10000 -> 0 | Q35: =J35/1000*$N$3*10000 -> 0 | R35: =(H35+J35)/1000*$N$3*10000 -> 0 | S35: =K35/(100*100)*$N$3 -> 0
B36: 07-4 | C36: 80-80 | N36: =E36/1000*$N$3*10000 -> 0 | P36: =G36/1000*$N$3*10000 -> 0 | Q36: =J36/1000*$N$3*10000 -> 0 | R36: =(H36+J36)/1000*$N$3*10000 -> 0 | S36: =K36/(100*100)*$N$3 -> 0
B37: 08-1 | C37: 80-120 | N37: =E37/1000*$N$3*10000 -> 0 | P37: =G37/1000*$N$3*10000 -> 0 | Q37: =J37/1000*$N$3*10000 -> 0 | R37: =(H37+J37)/1000*$N$3*10000 -> 0 | S37: =K37/(100*100)*$N$3 -> 0
B38: 08-2 | C38: 120-120 | N38: =E38/1000*$N$3*10000 -> 0 | P38: =G38/1000*$N$3*10000 -> 0 | Q38: =J38/1000*$N$3*10000 -> 0 | R38: =(H38+J38)/1000*$N$3*10000 -> 0 | S38: =K38/(100*100)*$N$3 -> 0
B39: 08-3 | C39: 100-100 | N39: =E39/1000*$N$3*10000 -> 0 | P39: =G39/1000*$N$3*10000 -> 0 | Q39: =J39/1000*$N$3*10000 -> 0 | R39: =(H39+J39)/1000*$N$3*10000 -> 0 | S39: =K39/(100*100)*$N$3 -> 0
B40: 08-4 | C40: 100-80 | N40: =E40/1000*$N$3*10000 -> 0 | P40: =G40/1000*$N$3*10000 -> 0 | Q40: =J40/1000*$N$3*10000 -> 0 | R40: =(H40+J40)/1000*$N$3*10000 -> 0 | S40: =K40/(100*100)*$N$3 -> 0
B41: 09-1 | C41: 80-80 | N41: =E41/1000*$N$3*10000 -> 0 | P41: =G41/1000*$N$3*10000 -> 0 | Q41: =J41/1000*$N$3*10000 -> 0 | R41: =(H41+J41)/1000*$N$3*10000 -> 0 | S41: =K41/(100*100)*$N$3 -> 0
B42: 09-2 | C42: 120-80 | N42: =E42/1000*$N$3*10000 -> 0 | P42: =G42/1000*$N$3*10000 -> 0 | Q42: =J42/1000*$N$3*10000 -> 0 | R42: =(H42+J42)/1000*$N$3*10000 -> 0 | S42: =K42/(100*100)*$N$3 -> 0
B43: 09-3 | C43: 80-60 | N43: =E43/1000*$N$3*10000 -> 0 | P43: =G43/1000*$N$3*10000 -> 0 | Q43: =J43/1000*$N$3*10000 -> 0 | R43: =(H43+J43)/1000*$N$3*10000 -> 0 | S43: =K43/(100*100)*$N$3 -> 0
B44: 09-4 | C44: 100-60 | N44: =E44/1000*$N$3*10000 -> 0 | P44: =G44/1000*$N$3*10000 -> 0 | Q44: =J44/1000*$N$3*10000 -> 0 | R44: =(H44+J44)/1000*$N$3*10000 -> 0 | S44: =K44/(100*100)*$N$3 -> 0
... B52: 11-4 | C52: 120-60 | N52: =E52/1000*$N$3*10000 -> 0 | P52: =G52/1000*$N$3*10000 -> 0 | Q52: =J52/1000*$N$3*10000 -> 0 | R52: =(H52+J52)/1000*$N$3*10000 -> 0 | S52: =K52/(100*100)*$N$3 -> 0
B53: 12-1 | C53: 120-120 | N53: =E53/1000*$N$3*10000 -> 0
B54: 12-2 | C54: 100-120 | N54: =E54/1000*$N$3*10000 -> 0
B55: 12-3 | C55: 80-100 | N55: =E55/1000*$N$3*10000 -> 0
B56: 12-4 | C56: 120-100 | N56: =E56/1000*$N$3*10000 -> 0
B57: 13-1 | C57: 100-80 | N57: =E57/1000*$N$3*10000 -> 0
B58: 13-2 | C58: 80-80 | N58: =E58/1000*$N$3*10000 -> 0
B59: 13-3 | C59: 60-100 | N59: =E59/1000*$N$3*10000 -> 0
B60: 13-4 | C60: 80-100 | N60: =E60/1000*$N$3*10000 -> 0
B61: 14-1 | C61: 60-80 | N61: =E61/1000*$N$3*10000 -> 0
B62: 14-2 | C62: 120-100 | N62: =E62/1000*$N$3*10000 -> 0
B63: 14-3 | C63: 60-120 | N63: =E63/1000*$N$3*10000 -> 0
B64: 14-4 | C64: 80-60 | N64: =E64/1000*$N$3*10000 -> 0
... B72: 16-4 | C72: 100-120 | N72: =E72/1000*$N$3*10000 -> 0

Sheet d160Mapping
B1: 2020 | C1: F13b4 | E1: Cotton | G1: Irrigation scheduling experiment
B2: Plant sampling and Mapping | G2: processed by: | H2: SMM- all done on d161
B4: Sampling Date: | C4: 43990 | N4: veg=vegetative branch. May or may not be a split stem | Q4: Seeing some new fruiting patterns this year with the new cotton variety. Multiple fruits on a branch node and multiple branches on mainstem nodes. If 2nd branch on the MS node is a vegetative branch, recorded the fruit under "Fruit on mainstem" and listed the node #. | T4: AA/SS/AA=a branch with 5 nodes. A, A, then a node with 2 Squares, then 2 more nodes. AA-SA=mainstem node with 2 branches. 1st is regular-sized fruiting branch (AA), 2nd is smaller branch (SA) {if just 1 fruit, it seems to be a branch, not just a MS fruit} | AG4: fruit | AH4: = node with a white flower in the 1st position. Need to calculate & enter NAWF,
B5: DOY: | C5: 160 | H5: A = abscised site S = square
B6: Sampling Time: | C6: 1000-1045h | H6: F = white flower G = green boll | N6: missing=no branch at node | AF6: fruit ( / or - ) | AH6: = node with multiple fruit or branches.
B7: Sampled By: | C7: SMM | H7: M = mature (open) boll
B9: Plot | C9: Plant # | D9: DOY Leaf Area Processed | E9: Leaf area of sample (cm2) | H9: Mapping | I9: Above ground height (cm) | J9: Total Main Stem nodes (including coteledonary) | K9: # pre-fruiting nodes | L9: Fruiting branches 1=first branch (above pre-fruiting nodes) | N9: Fruiting branches (cont) | P9: Fruiting branches (cont) | R9: Fruiting branches (cont) | T9: Fruiting branches (cont) | V9: Fruiting branches (cont) | X9: Fruiting branches (cont) | Z9: Fruiting branches (cont) | AB9: Fruiting branches (cont) | AD9: Fruiting branches (cont) | AF9: Fruit on mainstem | AH9: Fruit on non-fruiting branches | AI9: Fruit loose in sample bag | AJ9: NAWF | AK9: Boll with seeds? (Yes/No) | AL9: DOY into oven (stems & repro) | AM9: # branch nodes with more than one fruit | AN9: # mainstem nodes with more than 1 branch | AO9: # abscisions (fruiting branches) | AP9: # abscisions (non-fruiting branches) | AQ9: # abscisions (on main stem) | AR9: # squares (fruiting branches) | AS9: # squares (non-fruiting branches) | AT9: # squares (on main stem) | AU9: # white flowers (fruiting branches) | AV9: # white flowers (non-fruiting branches) | AW9: # white flowers (on main stem) | AX9: # green bolls (fruiting branches) | AY9: # green bolls (non-fruiting branches) | AZ9: # green bolls (on main stem) | BA9: # open bolls (fruiting branches) | BB9: # open bolls (non-fruiting branches) | BC9: # open bolls (on main stem) | BD9: # squares loose in bag | BE9: # flowers loose in bag | BF9: # bolls loose in bag | BG9: # open bolls loose in bag
B10: 01-1 | D10: 161 | E10: 432.94 | H10: Initials - - - - - DOY | AF10: node # | AO10: =SUM(AO11:AO22) -> 2 | AP10: =SUM(AP11:AP22) -> 0 | AQ10: =SUM(AQ11:AQ22) -> 0 | AR10: =SUM(AR11:AR22) -> 3 | AS10: =SUM(AS11:AS22) -> 0 | AT10: =SUM(AT11:AT22) -> 0 | AU10: =SUM(AU11:AU22) -> 0 | AV10: =SUM(AV11:AV22) -> 0 | ... BG10: =SUM(BG11:BG22) -> 0 | BH10: ← plot sums | BK10: =SUM(AO10:AQ10) -> 2 | BL10: =SUM(AR10:AT10,BD10) -> 3 | BM10: =SUM(AU10:AW10,BE10) -> 0 | BN10: =SUM(AX10:AZ10,BF10) -> 0 | BO10: =SUM(BA10:BC10,BG10) -> 0
C11: 1 | H11: 161 | I11: 27 | J11: 11 | K11: 6 | L11: 1 | M11: A | N11: 5 | O11: S | P11: 9 | R11: 13 | T11: 17 | V11: 21 | X11: 25 | Z11: 29 | AB11: 33 | AD11: 37 | AM11: =SUMPRODUCT(LEN($M11:$AE14)-LEN(SUBSTITUTE($M11:$AE14,"/", "")))/2 -> 0 | AN11: =SUMPRODUCT(LEN($M11:$AE14)-LEN(SUBSTITUTE($M11:$AE14,"-", ""))) -> 0 | AO11: =SUMPRODUCT(LEN($M11:$AE14)-LEN(SUBSTITUTE($M11:$AE14,"A", ""))) -> 2 | AP11: =SUMPRODUCT(LEN($AH11:$AH14)-LEN(SUBSTITUTE($AH11:$AH14,"A", ""))) -> 0 | AQ11: =SUMPRODUCT(LEN($AG11:$AG14)-LEN(SUBSTITUTE($AG11:$AG14,"A", ""))) -> 0 | AR11: =SUMPRODUCT(LEN($M11:$AE14)-LEN(SUBSTITUTE($M11:$AE14,"S", ""))) -> 3 | AS11: =SUMPRODUCT(LEN($AH11:$AH14)-LEN(SUBSTITUTE($AH11:$AH14,"S", ""))) -> 0 | AT11: =SUMPRODUCT(LEN($AG11:$AG14)-LEN(SUBSTITUTE($AG11:$AG14,"S", ""))) -> 0 | AU11: =SUMPRODUCT(LEN($M11:$AE14)-LEN(SUBSTITUTE($M11:$AE14,"F", ""))) -> 0 | AV11: =SUMPRODUCT(LEN($AH11:$AH14)-LEN(SUBSTITUTE($AH11:$AH14,"F", ""))) -> 0 | AW11: =SUMPRODUCT(LEN($AG11:$AG14)-LEN(SUBSTITUTE($AG11:$AG14,"F", ""))) -> 0 | AX11: =SUMPRODUCT(LEN($M11:$AE14)-LEN(SUBSTITUTE($M11:$AE14,"G", ""))) -> 0 | AY11: =SUMPRODUCT(LEN($AH11:$AH14)-LEN(SUBSTITUTE($AH11:$AH14,"G", ""))) -> 0 | AZ11: =SUMPRODUCT(LEN($AG11:$AG14)-LEN(SUBSTITUTE($AG11:$AG14,"G", ""))) -> 0 | BA11: =SUMPRODUCT(LEN($M11:$AE14)-LEN(SUBSTITUTE($M11:$AE14,"M", ""))) -> 0 | BB11: =SUMPRODUCT(LEN($AH11:$AH14)-LEN(SUBSTITUTE($AH11:$AH14,"M", ""))) -> 0 | BC11: =SUMPRODUCT(LEN($AG11:$AG14)-LEN(SUBSTITUTE($AG11:$AG14,"M", ""))) -> 0 | BD11: =SUMPRODUCT(LEN($AI11:$AI14)-LEN(SUBSTITUTE($AI11:$AI14,"S", ""))) -> 0 | BE11: =SUMPRODUCT(LEN($AI11:$AI14)-LEN(SUBSTITUTE($AI11:$AI14,"F", ""))) -> 0 | BF11: =SUMPRODUCT(LEN($AI11:$AI14)-LEN(SUBSTITUTE($AI11:$AI14,"G", ""))) -> 0 | BG11: =SUMPRODUCT(LEN($AI11:$AI14)-LEN(SUBSTITUTE($AI11:$AI14,"M", ""))) -> 0
L12: 2 | M12: A | N12: 6 | P12: 10 | R12: 14 | T12: 18 | V12: 22 | X12: 26 | Z12: 30 | AB12: 34 | AD12: 38
H13: SMM | L13: 3 | M13: S | N13: 7 | P13: 11 | R13: 15 | T13: 19 | V13: 23 | X13: 27 | Z13: 31 | AB13: 35 | AD13: 39
L14: 4 | M14: S | N14: 8 | P14: 12 | R14: 16 | T14: 20 | V14: 24 | X14: 28 | Z14: 32 | AB14: 36 | AD14: 40
C15: 2 | L15: 1- | N15: 5- | P15: 9- | R15: 13- | T15: 17- | V15: 21- | X15: 25- | Z15: 29- | AB15: 33- | AD15: 37- | AO15: =SUMPRODUCT(LEN($M15:$AE18)-LEN(SUBSTITUTE($M15:$AE18,"A", ""))) -> 0 | AP15: =SUMPRODUCT(LEN($AH15:$AH18)-LEN(SUBSTITUTE($AH15:$AH18,"A", ""))) -> 0 | AQ15: =SUMPRODUCT(LEN($AG15:$AG18)-LEN(SUBSTITUTE($AG15:$AG18,"A", ""))) -> 0 | AR15: =SUMPRODUCT(LEN($M15:$AE18)-LEN(SUBSTITUTE($M15:$AE18,"S", ""))) -> 0 | AS15: =SUMPRODUCT(LEN($AH15:$AH18)-LEN(SUBSTITUTE($AH15:$AH18,"S", ""))) -> 0 | AT15: =SUMPRODUCT(LEN($AG15:$AG18)-LEN(SUBSTITUTE($AG15:$AG18,"S", ""))) -> 0 | AU15: =SUMPRODUCT(LEN($M15:$AE18)-LEN(SUBSTITUTE($M15:$AE18,"F", ""))) -> 0 | AV15: =SUMPRODUCT(LEN($AH15:$AH18)-LEN(SUBSTITUTE($AH15:$AH18,"F", ""))) -> 0 | AW15: =SUMPRODUCT(LEN($AG15:$AG18)-LEN(SUBSTITUTE($AG15:$AG18,"F", ""))) -> 0 | AX15: =SUMPRODUCT(LEN($M15:$AE18)-LEN(SUBSTITUTE($M15:$AE18,"G", ""))) -> 0 | AY15: =SUMPRODUCT(LEN($AH15:$AH18)-LEN(SUBSTITUTE($AH15:$AH18,"G", ""))) -> 0 | AZ15: =SUMPRODUCT(LEN($AG15:$AG18)-LEN(SUBSTITUTE($AG15:$AG18,"G", ""))) -> 0 | BA15: =SUMPRODUCT(LEN($M15:$AE18)-LEN(SUBSTITUTE($M15:$AE18,"M", ""))) -> 0 | BB15: =SUMPRODUCT(LEN($AH15:$AH18)-LEN(SUBSTITUTE($AH15:$AH18,"M", ""))) -> 0 | BC15: =SUMPRODUCT(LEN($AG15:$AG18)-LEN(SUBSTITUTE($AG15:$AG18,"M", ""))) -> 0 | BD15: =SUMPRODUCT(LEN($AI15:$AI18)-LEN(SUBSTITUTE($AI15:$AI18,"S", ""))) -> 0 | BE15: =SUMPRODUCT(LEN($AI15:$AI18)-LEN(SUBSTITUTE($AI15:$AI18,"F", ""))) -> 0 | BF15: =SUMPRODUCT(LEN($AI15:$AI18)-LEN(SUBSTITUTE($AI15:$AI18,"G", ""))) -> 0 | BG15: =SUMPRODUCT(LEN($AI15:$AI18)-LEN(SUBSTITUTE($AI15:$AI18,"M", ""))) -> 0
G16: If blank, same person → | L16: 2- | N16: 6- | P16: 10- | R16: 14- | T16: 18- | V16: 22- | X16: 26- | Z16: 30- | AB16: 34- | AD16: 38-
G17: mapped plants 1 & 2 → | L17: 3- | N17: 7- | P17: 11- | R17: 15- | T17: 19- | V17: 23- | X17: 27- | Z17: 31- | AB17: 35- | AD17: 39
L18: 4- | N18: 8- | P18: 12- | R18: 16- | T18: 20 | V18: 24- | X18: 28- | Z18: 32- | AB18: 36- | AD18: 40-
C19: 3 | L19: 1- | N19: 5- | P19: 9- | R19: 13- | T19: 17- | V19: 21- | X19: 25- | Z19: 29- | AB19: 33- | AD19: 37- | AO19: =SUMPRODUCT(LEN($M19:$AE22)-LEN(SUBSTITUTE($M19:$AE22,"A", ""))) -> 0 | AP19: =SUMPRODUCT(LEN($AH19:$AH22)-LEN(SUBSTITUTE($AH19:$AH22,"A", ""))) -> 0 | AQ19: =SUMPRODUCT(LEN($AG19:$AG22)-LEN(SUBSTITUTE($AG19:$AG22,"A", ""))) -> 0 | AR19: =SUMPRODUCT(LEN($M19:$AE22)-LEN(SUBSTITUTE($M19:$AE22,"S", ""))) -> 0 | AS19: =SUMPRODUCT(LEN($AH19:$AH22)-LEN(SUBSTITUTE($AH19:$AH22,"S", ""))) -> 0 | AT19: =SUMPRODUCT(LEN($AG19:$AG22)-LEN(SUBSTITUTE($AG19:$AG22,"S", ""))) -> 0 | AU19: =SUMPRODUCT(LEN($M19:$AE22)-LEN(SUBSTITUTE($M19:$AE22,"F", ""))) -> 0 | AV19: =SUMPRODUCT(LEN($AH19:$AH22)-LEN(SUBSTITUTE($AH19:$AH22,"F", ""))) -> 0 | AW19: =SUMPRODUCT(LEN($AG19:$AG22)-LEN(SUBSTITUTE($AG19:$AG22,"F", ""))) -> 0 | AX19: =SUMPRODUCT(LEN($M19:$AE22)-LEN(SUBSTITUTE($M19:$AE22,"G", ""))) -> 0 | AY19: =SUMPRODUCT(LEN($AH19:$AH22)-LEN(SUBSTITUTE($AH19:$AH22,"G", ""))) -> 0 | AZ19: =SUMPRODUCT(LEN($AG19:$AG22)-LEN(SUBSTITUTE($AG19:$AG22,"G", ""))) -> 0 | BA19: =SUMPRODUCT(LEN($M19:$AE22)-LEN(SUBSTITUTE($M19:$AE22,"M", ""))) -> 0 | BB19: =SUMPRODUCT(LEN($AH19:$AH22)-LEN(SUBSTITUTE($AH19:$AH22,"M", ""))) -> 0 | BC19: =SUMPRODUCT(LEN($AG19:$AG22)-LEN(SUBSTITUTE($AG19:$AG22,"M", ""))) -> 0 | BD19: =SUMPRODUCT(LEN($AI19:$AI22)-LEN(SUBSTITUTE($AI19:$AI22,"S", ""))) -> 0 | BE19: =SUMPRODUCT(LEN($AI19:$AI22)-LEN(SUBSTITUTE($AI19:$AI22,"F", ""))) -> 0 | BF19: =SUMPRODUCT(LEN($AI19:$AI22)-LEN(SUBSTITUTE($AI19:$AI22,"G", ""))) -> 0 | BG19: =SUMPRODUCT(LEN($AI19:$AI22)-LEN(SUBSTITUTE($AI19:$AI22,"M", ""))) -> 0
L20: 2- | N20: 6- | P20: 10- | R20: 14- | T20: 18- | V20: 22- | X20: 26- | Z20: 30- | AB20: 34- | AD20: 38-
L21: 3- | N21: 7- | P21: 11- | R21: 15- | T21: 19- | V21: 23- | X21: 27- | Z21: 31- | AB21: 35- | AD21: 39
L22: 4- | N22: 8- | P22: 12- | R22: 16- | T22: 20 | V22: 24- | X22: 28- | Z22: 32- | AB22: 36- | AD22: 40-
B23: Plot | C23: Plant # | D23: DOY Leaf Area Processed | E23: Leaf area of sample (cm2) | H23: Mapping | I23: Above ground height (cm) | J23: Total Main Stem nodes (including coteledonary) | K23: # pre-fruiting nodes | L23: Fruiting branches 1=first branch (above pre-fruiting nodes) | N23: Fruiting branches (cont) | P23: Fruiting branches (cont) | R23: Fruiting branches (cont) | T23: Fruiting branches (cont) | V23: Fruiting branches (cont) | X23: Fruiting branches (cont) | Z23: Fruiting branches (cont) | AB23: Fruiting branches (cont) | AD23: Fruiting branches (cont) | AF23: Fruit on mainstem | AH23: Fruit on non-fruiting branches | AI23: Fruit loose in sample bag | AJ23: NAWF | AK23: Boll with seeds? (Yes/No) | AL23: DOY into oven (stems & repro) | AM23: # branch nodes with more than one fruit | AN23: # mainstem nodes with more than 1 branch | AO23: # abscisions (fruiting branches) | AP23: # abscisions (non-fruiting branches) | AQ23: # abscisions (on main stem) | AR23: # squares (fruiting branches) | AS23: # squares (non-fruiting branches) | AT23: # squares (on main stem) | AU23: # white flowers (fruiting branches) | AV23: # white flowers (non-fruiting branches) | AW23: # white flowers (on main stem) | AX23: # green bolls (fruiting branches) | AY23: # green bolls (non-fruiting branches) | AZ23: # green bolls (on main stem) | BA23: # open bolls (fruiting branches) | BB23: # open bolls (non-fruiting branches) | BC23: # open bolls (on main stem) | BD23: # squares loose in bag | BE23: # flowers loose in bag | BF23: # bolls loose in bag | BG23: # open bolls loose in bag
B24: 01-2 | E24: 512.78 | H24: Initials - - - - - DOY | AF24: node # | AO24: =SUM(AO25:AO36) -> 3 | AP24: =SUM(AP25:AP36) -> 0 | AQ24: =SUM(AQ25:AQ36) -> 0 | AR24: =SUM(AR25:AR36) -> 5 | AS24: =SUM(AS25:AS36) -> 0 | AT24: =SUM(AT25:AT36) -> 0 | AU24: =SUM(AU25:AU36) -> 0 | AV24: =SUM(AV25:AV36) -> 0 | ... BG24: =SUM(BG25:BG36) -> 0 | BH24: ← plot sums | BK24: =SUM(AO24:AQ24) -> 3 | BL24: =SUM(AR24:AT24,BD24) -> 5 | BM24: =SUM(AU24:AW24,BE24) -> 0 | BN24: =SUM(AX24:AZ24,BF24) -> 0 | BO24: =SUM(BA24:BC24,BG24) -> 0
C25: 1 | I25: 31 | J25: 10 | K25: 5 | L25: 1 | M25: SA | N25: 5 | O25: S | P25: 9 | R25: 13 | T25: 17 | V25: 21 | X25: 25 | Z25: 29 | AB25: 33 | AD25: 37 | AM25: =SUMPRODUCT(LEN($M25:$AE28)-LEN(SUBSTITUTE($M25:$AE28,"/", "")))/2 -> 0 | AN25: =SUMPRODUCT(LEN($M25:$AE28)-LEN(SUBSTITUTE($M25:$AE28,"-", ""))) -> 0 | AO25: =SUMPRODUCT(LEN($M25:$AE28)-LEN(SUBSTITUTE($M25:$AE28,"A", ""))) -> 3 | AP25: =SUMPRODUCT(LEN($AH25:$AH28)-LEN(SUBSTITUTE($AH25:$AH28,"A", ""))) -> 0 | AQ25: =SUMPRODUCT(LEN($AG25:$AG28)-LEN(SUBSTITUTE($AG25:$AG28,"A", ""))) -> 0 | AR25: =SUMPRODUCT(LEN($M25:$AE28)-LEN(SUBSTITUTE($M25:$AE28,"S", ""))) -> 5 | AS25: =SUMPRODUCT(LEN($AH25:$AH28)-LEN(SUBSTITUTE($AH25:$AH28,"S", ""))) -> 0 | AT25: =SUMPRODUCT(LEN($AG25:$AG28)-LEN(SUBSTITUTE($AG25:$AG28,"S", ""))) -> 0 | AU25: =SUMPRODUCT(LEN($M25:$AE28)-LEN(SUBSTITUTE($M25:$AE28,"F", ""))) -> 0 | AV25: =SUMPRODUCT(LEN($AH25:$AH28)-LEN(SUBSTITUTE($AH25:$AH28,"F", ""))) -> 0 | AW25: =SUMPRODUCT(LEN($AG25:$AG28)-LEN(SUBSTITUTE($AG25:$AG28,"F", ""))) -> 0 | AX25: =SUMPRODUCT(LEN($M25:$AE28)-LEN(SUBSTITUTE($M25:$AE28,"G", ""))) -> 0 | AY25: =SUMPRODUCT(LEN($AH25:$AH28)-LEN(SUBSTITUTE($AH25:$AH28,"G", ""))) -> 0 | AZ25: =SUMPRODUCT(LEN($AG25:$AG28)-LEN(SUBSTITUTE($AG25:$AG28,"G", ""))) -> 0 | BA25: =SUMPRODUCT(LEN($M25:$AE28)-LEN(SUBSTITUTE($M25:$AE28,"M", ""))) -> 0 | BB25: =SUMPRODUCT(LEN($AH25:$AH28)-LEN(SUBSTITUTE($AH25:$AH28,"M", ""))) -> 0 | BC25: =SUMPRODUCT(LEN($AG25:$AG28)-LEN(SUBSTITUTE($AG25:$AG28,"M", ""))) -> 0 | BD25: =SUMPRODUCT(LEN($AI25:$AI28)-LEN(SUBSTITUTE($AI25:$AI28,"S", ""))) -> 0 | BE25: =SUMPRODUCT(LEN($AI25:$AI28)-LEN(SUBSTITUTE($AI25:$AI28,"F", ""))) -> 0 | BF25: =SUMPRODUCT(LEN($AI25:$AI28)-LEN(SUBSTITUTE($AI25:$AI28,"G", ""))) -> 0 | BG25: =SUMPRODUCT(LEN($AI25:$AI28)-LEN(SUBSTITUTE($AI25:$AI28,"M", ""))) -> 0
L26: 2 | M26: AS | N26: 6 | P26: 10 | R26: 14 | T26: 18 | V26: 22 | X26: 26 | Z26: 30 | AB26: 34 | AD26: 38
L27: 3 | M27: AS | N27: 7 | P27: 11 | R27: 15 | T27: 19 | V27: 23 | X27: 27 | Z27: 31 | AB27: 35 | AD27: 39
L28: 4 | M28: S | N28: 8 | P28: 12 | R28: 16 | T28: 20 | V28: 24 | X28: 28 | Z28: 32 | AB28: 36 | AD28: 40
C29: 2 | L29: 1- | N29: 5- | P29: 9- | R29: 13- | T29: 17- | V29: 21- | X29: 25- | Z29: 29- | AB29: 33- | AD29: 37- | AO29: =SUMPRODUCT(LEN($M29:$AE32)-LEN(SUBSTITUTE($M29:$AE32,"A", ""))) -> 0 | AP29: =SUMPRODUCT(LEN($AH29:$AH32)-LEN(SUBSTITUTE($AH29:$AH32,"A", ""))) -> 0 | AQ29: =SUMPRODUCT(LEN($AG29:$AG32)-LEN(SUBSTITUTE($AG29:$AG32,"A", ""))) -> 0 | AR29: =SUMPRODUCT(LEN($M29:$AE32)-LEN(SUBSTITUTE($M29:$AE32,"S", ""))) -> 0 | AS29: =SUMPRODUCT(LEN($AH29:$AH32)-LEN(SUBSTITUTE($AH29:$AH32,"S", ""))) -> 0 | AT29: =SUMPRODUCT(LEN($AG29:$AG32)-LEN(SUBSTITUTE($AG29:$AG32,"S", ""))) -> 0 | AU29: =SUMPRODUCT(LEN($M29:$AE32)-LEN(SUBSTITUTE($M29:$AE32,"F", ""))) -> 0 | AV29: =SUMPRODUCT(LEN($AH29:$AH32)-LEN(SUBSTITUTE($AH29:$AH32,"F", ""))) -> 0 | AW29: =SUMPRODUCT(LEN($AG29:$AG32)-LEN(SUBSTITUTE($AG29:$AG32,"F", ""))) -> 0 | AX29: =SUMPRODUCT(LEN($M29:$AE32)-LEN(SUBSTITUTE($M29:$AE32,"G", ""))) -> 0 | AY29: =SUMPRODUCT(LEN($AH29:$AH32)-LEN(SUBSTITUTE($AH29:$AH32,"G", ""))) -> 0 | AZ29: =SUMPRODUCT(LEN($AG29:$AG32)-LEN(SUBSTITUTE($AG29:$AG32,"G", ""))) -> 0 | BA29: =SUMPRODUCT(LEN($M29:$AE32)-LEN(SUBSTITUTE($M29:$AE32,"M", ""))) -> 0 | BB29: =SUMPRODUCT(LEN($AH29:$AH32)-LEN(SUBSTITUTE($AH29:$AH32,"M", ""))) -> 0 | BC29: =SUMPRODUCT(LEN($AG29:$AG32)-LEN(SUBSTITUTE($AG29:$AG32,"M", ""))) -> 0 | BD29: =SUMPRODUCT(LEN($AI29:$AI32)-LEN(SUBSTITUTE($AI29:$AI32,"S", ""))) -> 0 | BE29: =SUMPRODUCT(LEN($AI29:$AI32)-LEN(SUBSTITUTE($AI29:$AI32,"F", ""))) -> 0 | BF29: =SUMPRODUCT(LEN($AI29:$AI32)-LEN(SUBSTITUTE($AI29:$AI32,"G", ""))) -> 0 | BG29: =SUMPRODUCT(LEN($AI29:$AI32)-LEN(SUBSTITUTE($AI29:$AI32,"M", ""))) -> 0
L30: 2- | N30: 6- | P30: 10- | R30: 14- | T30: 18- | V30: 22- | X30: 26- | Z30: 30- | AB30: 34- | AD30: 38-
L31: 3- | N31: 7- | P31: 11- | R31: 15- | T31: 19- | V31: 23- | X31: 27- | Z31: 31- | AB31: 35- | AD31: 39
L32: 4- | N32: 8- | P32: 12- | R32: 16- | T32: 20 | V32: 24- | X32: 28- | Z32: 32- | AB32: 36- | AD32: 40-
C33: 3 | L33: 1- | N33: 5- | P33: 9- | R33: 13- | T33: 17- | V33: 21- | X33: 25- | Z33: 29- | AB33: 33- | AD33: 37- | AO33: =SUMPRODUCT(LEN($M33:$AE36)-LEN(SUBSTITUTE($M33:$AE36,"A", ""))) -> 0 | AP33: =SUMPRODUCT(LEN($AH33:$AH36)-LEN(SUBSTITUTE($AH33:$AH36,"A", ""))) -> 0 | AQ33: =SUMPRODUCT(LEN($AG33:$AG36)-LEN(SUBSTITUTE($AG33:$AG36,"A", ""))) -> 0 | AR33: =SUMPRODUCT(LEN($M33:$AE36)-LEN(SUBSTITUTE($M33:$AE36,"S", ""))) -> 0 | AS33: =SUMPRODUCT(LEN($AH33:$AH36)-LEN(SUBSTITUTE($AH33:$AH36,"S", ""))) -> 0 | AT33: =SUMPRODUCT(LEN($AG33:$AG36)-LEN(SUBSTITUTE($AG33:$AG36,"S", ""))) -> 0 | AU33: =SUMPRODUCT(LEN($M33:$AE36)-LEN(SUBSTITUTE($M33:$AE36,"F", ""))) -> 0 | AV33: =SUMPRODUCT(LEN($AH33:$AH36)-LEN(SUBSTITUTE($AH33:$AH36,"F", ""))) -> 0 | AW33: =SUMPRODUCT(LEN($AG33:$AG36)-LEN(SUBSTITUTE($AG33:$AG36,"F", ""))) -> 0 | AX33: =SUMPRODUCT(LEN($M33:$AE36)-LEN(SUBSTITUTE($M33:$AE36,"G", ""))) -> 0 | AY33: =SUMPRODUCT(LEN($AH33:$AH36)-LEN(SUBSTITUTE($AH33:$AH36,"G", ""))) -> 0 | AZ33: =SUMPRODUCT(LEN($AG33:$AG36)-LEN(SUBSTITUTE($AG33:$AG36,"G", ""))) -> 0 | BA33: =SUMPRODUCT(LEN($M33:$AE36)-LEN(SUBSTITUTE($M33:$AE36,"M", ""))) -> 0 | BB33: =SUMPRODUCT(LEN($AH33:$AH36)-LEN(SUBSTITUTE($AH33:$AH36,"M", ""))) -> 0 | BC33: =SUMPRODUCT(LEN($AG33:$AG36)-LEN(SUBSTITUTE($AG33:$AG36,"M", ""))) -> 0 | BD33: =SUMPRODUCT(LEN($AI33:$AI36)-LEN(SUBSTITUTE($AI33:$AI36,"S", ""))) -> 0 | BE33: =SUMPRODUCT(LEN($AI33:$AI36)-LEN(SUBSTITUTE($AI33:$AI36,"F", ""))) -> 0 | BF33: =SUMPRODUCT(LEN($AI33:$AI36)-LEN(SUBSTITUTE($AI33:$AI36,"G", ""))) -> 0 | BG33: =SUMPRODUCT(LEN($AI33:$AI36)-LEN(SUBSTITUTE($AI33:$AI36,"M", ""))) -> 0
L34: 2- | N34: 6- | P34: 10- | R34: 14- | T34: 18- | V34: 22- | X34: 26- | Z34: 30- | AB34: 34- | AD34: 38-
L35: 3- | N35: 7- | P35: 11- | R35: 15- | T35: 19- | V35: 23- | X35: 27- | Z35: 31- | AB35: 35- | AD35: 39
L36: 4- | N36: 8- | P36: 12- | R36: 16- | T36: 20 | V36: 24- | X36: 28- | Z36: 32- | AB36: 36- | AD36: 40-
B37: Plot | C37: Plant # | D37: DOY Leaf Area Processed | E37: Leaf area of sample (cm2) | H37: Mapping | I37: Above ground height (cm) | J37: Total Main Stem nodes (including coteledonary) | K37: # pre-fruiting nodes | L37: Fruiting branches 1=first branch (above pre-fruiting nodes) | N37: Fruiting branches (cont) | P37: Fruiting branches (cont) | R37: Fruiting branches (cont) | T37: Fruiting branches (cont) | V37: Fruiting branches (cont) | X37: Fruiting branches (cont) | Z37: Fruiting branches (cont) | AB37: Fruiting branches (cont) | AD37: Fruiting branches (cont) | AF37: Fruit on mainstem | AH37: Fruit on non-fruiting branches | AI37: Fruit loose in sample bag | AJ37: NAWF | AK37: Boll with seeds? (Yes/No) | AL37: DOY into oven (stems & repro) | AM37: # branch nodes with more than one fruit | AN37: # mainstem nodes with more than 1 branch | AO37: # abscisions (fruiting branches) | AP37: # abscisions (non-fruiting branches) | AQ37: # abscisions (on main stem) | AR37: # squares (fruiting branches) | AS37: # squares (non-fruiting branches) | AT37: # squares (on main stem) | AU37: # white flowers (fruiting branches) | AV37: # white flowers (non-fruiting branches) | AW37: # white flowers (on main stem) | AX37: # green bolls (fruiting branches) | AY37: # green bolls (non-fruiting branches) | AZ37: # green bolls (on main stem) | BA37: # open bolls (fruiting branches) | BB37: # open bolls (non-fruiting branches) | BC37: # open bolls (on main stem) | BD37: # squares loose in bag | BE37: # flowers loose in bag | BF37: # bolls loose in bag | BG37: # open bolls loose in bag
B38: 01-3 | E38: 397.76 | H38: Initials - - - - - DOY | AF38: node # | AO38: =SUM(AO39:AO50) -> 1 | AP38: =SUM(AP39:AP50) -> 0 | AQ38: =SUM(AQ39:AQ50) -> 0 | AR38: =SUM(AR39:AR50) -> 8 | AS38: =SUM(AS39:AS50) -> 0 | AT38: =SUM(AT39:AT50) -> 0 | AU38: =SUM(AU39:AU50) -> 0 | AV38: =SUM(AV39:AV50) -> 0 | ... BG38: =SUM(BG39:BG50) -> 0 | BH38: ← plot sums | BK38: =SUM(AO38:AQ38) -> 1 | BL38: =SUM(AR38:AT38,BD38) -> 8 | BM38: =SUM(AU38:AW38,BE38) -> 0 | BN38: =SUM(AX38:AZ38,BF38) -> 0 | BO38: =SUM(BA38:BC38,BG38) -> 0
C39: 1 | I39: 27 | J39: 11 | K39: 5 | L39: 1 | M39: SS | N39: 5 | O39: S | P39: 9 | R39: 13 | T39: 17 | V39: 21 | X39: 25 | Z39: 29 | AB39: 33 | AD39: 37 | AM39: =SUMPRODUCT(LEN($M39:$AE42)-LEN(SUBSTITUTE($M39:$AE42,"/", "")))/2 -> 0 | AN39: =SUMPRODUCT(LEN($M39:$AE42)-LEN(SUBSTITUTE($M39:$AE42,"-", ""))) -> 0 | AO39: =SUMPRODUCT(LEN($M39:$AE42)-LEN(SUBSTITUTE($M39:$AE42,"A", ""))) -> 1 | AP39: =SUMPRODUCT(LEN($AH39:$AH42)-LEN(SUBSTITUTE($AH39:$AH42,"A", ""))) -> 0 | AQ39: =SUMPRODUCT(LEN($AG39:$AG42)-LEN(SUBSTITUTE($AG39:$AG42,"A", ""))) -> 0 | AR39: =SUMPRODUCT(LEN($M39:$AE42)-LEN(SUBSTITUTE($M39:$AE42,"S", ""))) -> 8 | AS39: =SUMPRODUCT(LEN($AH39:$AH42)-LEN(SUBSTITUTE($AH39:$AH42,"S", ""))) -> 0 | AT39: =SUMPRODUCT(LEN($AG39:$AG42)-LEN(SUBSTITUTE($AG39:$AG42,"S", ""))) -> 0 | AU39: =SUMPRODUCT(LEN($M39:$AE42)-LEN(SUBSTITUTE($M39:$AE42,"F", ""))) -> 0 | AV39: =SUMPRODUCT(LEN($AH39:$AH42)-LEN(SUBSTITUTE($AH39:$AH42,"F", ""))) -> 0 | AW39: =SUMPRODUCT(LEN($AG39:$AG42)-LEN(SUBSTITUTE($AG39:$AG42,"F", ""))) -> 0 | AX39: =SUMPRODUCT(LEN($M39:$AE42)-LEN(SUBSTITUTE($M39:$AE42,"G", ""))) -> 0 | AY39: =SUMPRODUCT(LEN($AH39:$AH42)-LEN(SUBSTITUTE($AH39:$AH42,"G", ""))) -> 0 | AZ39: =SUMPRODUCT(LEN($AG39:$AG42)-LEN(SUBSTITUTE($AG39:$AG42,"G", ""))) -> 0 | BA39: =SUMPRODUCT(LEN($M39:$AE42)-LEN(SUBSTITUTE($M39:$AE42,"M", ""))) -> 0 | BB39: =SUMPRODUCT(LEN($AH39:$AH42)-LEN(SUBSTITUTE($AH39:$AH42,"M", ""))) -> 0 | BC39: =SUMPRODUCT(LEN($AG39:$AG42)-LEN(SUBSTITUTE($AG39:$AG42,"M", ""))) -> 0 | BD39: =SUMPRODUCT(LEN($AI39:$AI42)-LEN(SUBSTITUTE($AI39:$AI42,"S", ""))) -> 0 | BE39: =SUMPRODUCT(LEN($AI39:$AI42)-LEN(SUBSTITUTE($AI39:$AI42,"F", ""))) -> 0 | BF39: =SUMPRODUCT(LEN($AI39:$AI42)-LEN(SUBSTITUTE($AI39:$AI42,"G", ""))) -> 0 | BG39: =SUMPRODUCT(LEN($AI39:$AI42)-LEN(SUBSTITUTE($AI39:$AI42,"M", ""))) -> 0
L40: 2 | M40: SA | N40: 6 | O40: S | P40: 10 | R40: 14 | T40: 18 | V40: 22 | X40: 26 | Z40: 30 | AB40: 34 | AD40: 38
L41: 3 | M41: SS | N41: 7 | P41: 11 | R41: 15 | T41: 19 | V41: 23 | X41: 27 | Z41: 31 | AB41: 35 | AD41: 39
L42: 4 | M42: S | N42: 8 | P42: 12 | R42: 16 | T42: 20 | V42: 24 | X42: 28 | Z42: 32 | AB42: 36 | AD42: 40
C43: 2 | L43: 1- | N43: 5- | P43: 9- | R43: 13- | T43: 17- | V43: 21- | X43: 25- | Z43: 29- | AB43: 33- | AD43: 37- | AO43: =SUMPRODUCT(LEN($M43:$AE46)-LEN(SUBSTITUTE($M43:$AE46,"A", ""))) -> 0 | AP43: =SUMPRODUCT(LEN($AH43:$AH46)-LEN(SUBSTITUTE($AH43:$AH46,"A", ""))) -> 0 | AQ43: =SUMPRODUCT(LEN($AG43:$AG46)-LEN(SUBSTITUTE($AG43:$AG46,"A", ""))) -> 0 | AR43: =SUMPRODUCT(LEN($M43:$AE46)-LEN(SUBSTITUTE($M43:$AE46,"S", ""))) -> 0 | AS43: =SUMPRODUCT(LEN($AH43:$AH46)-LEN(SUBSTITUTE($AH43:$AH46,"S", ""))) -> 0 | AT43: =SUMPRODUCT(LEN($AG43:$AG46)-LEN(SUBSTITUTE($AG43:$AG46,"S", ""))) -> 0 | AU43: =SUMPRODUCT(LEN($M43:$AE46)-LEN(SUBSTITUTE($M43:$AE46,"F", ""))) -> 0 | AV43: =SUMPRODUCT(LEN($AH43:$AH46)-LEN(SUBSTITUTE($AH43:$AH46,"F", ""))) -> 0 | AW43: =SUMPRODUCT(LEN($AG43:$AG46)-LEN(SUBSTITUTE($AG43:$AG46,"F", ""))) -> 0 | AX43: =SUMPRODUCT(LEN($M43:$AE46)-LEN(SUBSTITUTE($M43:$AE46,"G", ""))) -> 0 | AY43: =SUMPRODUCT(LEN($AH43:$AH46)-LEN(SUBSTITUTE($AH43:$AH46,"G", ""))) -> 0 | AZ43: =SUMPRODUCT(LEN($AG43:$AG46)-LEN(SUBSTITUTE($AG43:$AG46,"G", ""))) -> 0 | BA43: =SUMPRODUCT(LEN($M43:$AE46)-LEN(SUBSTITUTE($M43:$AE46,"M", ""))) -> 0 | BB43: =SUMPRODUCT(LEN($AH43:$AH46)-LEN(SUBSTITUTE($AH43:$AH46,"M", ""))) -> 0 | BC43: =SUMPRODUCT(LEN($AG43:$AG46)-LEN(SUBSTITUTE($AG43:$AG46,"M", ""))) -> 0 | BD43: =SUMPRODUCT(LEN($AI43:$AI46)-LEN(SUBSTITUTE($AI43:$AI46,"S", ""))) -> 0 | BE43: =SUMPRODUCT(LEN($AI43:$AI46)-LEN(SUBSTITUTE($AI43:$AI46,"F", ""))) -> 0 | BF43: =SUMPRODUCT(LEN($AI43:$AI46)-LEN(SUBSTITUTE($AI43:$AI46,"G", ""))) -> 0 | BG43: =SUMPRODUCT(LEN($AI43:$AI46)-LEN(SUBSTITUTE($AI43:$AI46,"M", ""))) -> 0
L44: 2- | N44: 6- | P44: 10- | R44: 14- | T44: 18- | V44: 22- | X44: 26- | Z44: 30- | AB44: 34- | AD44: 38-
L45: 3- | N45: 7- | P45: 11- | R45: 15- | T45: 19- | V45: 23- | X45: 27- | Z45: 31- | AB45: 35- | AD45: 39
L46: 4- | N46: 8- | P46: 12- | R46: 16- | T46: 20 | V46: 24- | X46: 28- | Z46: 32- | AB46: 36- | AD46: 40-
C47: 3 | L47: 1- | N47: 5- | P47: 9- | R47: 13- | T47: 17- | V47: 21- | X47: 25- | Z47: 29- | AB47: 33- | AD47: 37- | AO47: =SUMPRODUCT(LEN($M47:$AE50)-LEN(SUBSTITUTE($M47:$AE50,"A", ""))) -> 0 | AP47: =SUMPRODUCT(LEN($AH47:$AH50)-LEN(SUBSTITUTE($AH47:$AH50,"A", ""))) -> 0 | AQ47: =SUMPRODUCT(LEN($AG47:$AG50)-LEN(SUBSTITUTE($AG47:$AG50,"A", ""))) -> 0 | AR47: =SUMPRODUCT(LEN($M47:$AE50)-LEN(SUBSTITUTE($M47:$AE50,"S", ""))) -> 0 | AS47: =SUMPRODUCT(LEN($AH47:$AH50)-LEN(SUBSTITUTE($AH47:$AH50,"S", ""))) -> 0 | AT47: =SUMPRODUCT(LEN($AG47:$AG50)-LEN(SUBSTITUTE($AG47:$AG50,"S", ""))) -> 0 | AU47: =SUMPRODUCT(LEN($M47:$AE50)-LEN(SUBSTITUTE($M47:$AE50,"F", ""))) -> 0 | AV47: =SUMPRODUCT(LEN($AH47:$AH50)-LEN(SUBSTITUTE($AH47:$AH50,"F", ""))) -> 0 | AW47: =SUMPRODUCT(LEN($AG47:$AG50)-LEN(SUBSTITUTE($AG47:$AG50,"F", ""))) -> 0 | AX47: =SUMPRODUCT(LEN($M47:$AE50)-LEN(SUBSTITUTE($M47:$AE50,"G", ""))) -> 0 | AY47: =SUMPRODUCT(LEN($AH47:$AH50)-LEN(SUBSTITUTE($AH47:$AH50,"G", ""))) -> 0 | AZ47: =SUMPRODUCT(LEN($AG47:$AG50)-LEN(SUBSTITUTE($AG47:$AG50,"G", ""))) -> 0 | BA47: =SUMPRODUCT(LEN($M47:$AE50)-LEN(SUBSTITUTE($M47:$AE50,"M", ""))) -> 0 | BB47: =SUMPRODUCT(LEN($AH47:$AH50)-LEN(SUBSTITUTE($AH47:$AH50,"M", ""))) -> 0 | BC47: =SUMPRODUCT(LEN($AG47:$AG50)-LEN(SUBSTITUTE($AG47:$AG50,"M", ""))) -> 0 | BD47: =SUMPRODUCT(LEN($AI47:$AI50)-LEN(SUBSTITUTE($AI47:$AI50,"S", ""))) -> 0 | BE47: =SUMPRODUCT(LEN($AI47:$AI50)-LEN(SUBSTITUTE($AI47:$AI50,"F", ""))) -> 0 | BF47: =SUMPRODUCT(LEN($AI47:$AI50)-LEN(SUBSTITUTE($AI47:$AI50,"G", ""))) -> 0 | BG47: =SUMPRODUCT(LEN($AI47:$AI50)-LEN(SUBSTITUTE($AI47:$AI50,"M", ""))) -> 0
L48: 2- | N48: 6- | P48: 10- | R48: 14- | T48: 18- | V48: 22- | X48: 26- | Z48: 30- | AB48: 34- | AD48: 38-
L49: 3- | N49: 7- | P49: 11- | R49: 15- | T49: 19- | V49: 23- | X49: 27- | Z49: 31- | AB49: 35- | AD49: 39
L50: 4- | N50: 8- | P50: 12- | R50: 16- | T50: 20 | V50: 24- | X50: 28- | Z50: 32- | AB50: 36- | AD50: 40-
B51: Plot | C51: Plant # | D51: DOY Leaf Area Processed | E51: Leaf area of sample (cm2) | H51: Mapping | I51: Above ground height (cm) | J51: Total Main Stem nodes (including coteledonary) | K51: # pre-fruiting nodes | L51: Fruiting branches 1=first branch (above pre-fruiting nodes) | N51: Fruiting branches (cont) | P51: Fruiting branches (cont) | R51: Fruiting branches (cont) | T51: Fruiting branches (cont) | V51: Fruiting branches (cont) | X51: Fruiting branches (cont) | Z51: Fruiting branches (cont) | AB51: Fruiting branches (cont) | AD51: Fruiting branches (cont) | AF51: Fruit on mainstem | AH51: Fruit on non-fruiting branches | AI51: Fruit loose in sample bag | AJ51: NAWF | AK51: Boll with seeds? (Yes/No) | AL51: DOY into oven (stems & repro) | AM51: # branch nodes with more than one fruit | AN51: # mainstem nodes with more than 1 branch | AO51: # abscisions (fruiting branches) | AP51: # abscisions (non-fruiting branches) | AQ51: # abscisions (on main stem) | AR51: # squares (fruiting branches) | AS51: # squares (non-fruiting branches) | AT51: # squares (on main stem) | AU51: # white flowers (fruiting branches) | AV51: # white flowers (non-fruiting branches) | AW51: # white flowers (on main stem) | AX51: # green bolls (fruiting branches) | AY51: # green bolls (non-fruiting branches) | AZ51: # green bolls (on main stem) | BA51: # open bolls (fruiting branches) | BB51: # open bolls (non-fruiting branches) | BC51: # open bolls (on main stem) | BD51: # squares loose in bag | BE51: # flowers loose in bag | BF51: # bolls loose in bag | BG51: # open bolls loose in bag
B52: 01-4 | E52: 435.27 | H52: Initials - - - - - DOY | AF52: node # | AO52: =SUM(AO53:AO64) -> 4 | AP52: =SUM(AP53:AP64) -> 0 | AQ52: =SUM(AQ53:AQ64) -> 0 | AR52: =SUM(AR53:AR64) -> 1 | AS52: =SUM(AS53:AS64) -> 0 | AT52: =SUM(AT53:AT64) -> 0 | AU52: =SUM(AU53:AU64) -> 0 | AV52: =SUM(AV53:AV64) -> 0 | ... BG52: =SUM(BG53:BG64) -> 0 | BH52: ← plot sums | BK52: =SUM(AO52:AQ52) -> 4 | BL52: =SUM(AR52:AT52,BD52) -> 1 | BM52: =SUM(AU52:AW52,BE52) -> 0 | BN52: =SUM(AX52:AZ52,BF52) -> 0 | BO52: =SUM(BA52:BC52,BG52) -> 0
C53: 1 | I53: 32 | J53: 11 | K53: 6 | L53: 1 | M53: A | N53: 5 | O53: S | P53: 9 | R53: 13 | T53: 17 | V53: 21 | X53: 25 | Z53: 29 | AB53: 33 | AD53: 37 | AM53: =SUMPRODUCT(LEN($M53:$AE56)-LEN(SUBSTITUTE($M53:$AE56,"/", "")))/2 -> 0 | AN53: =SUMPRODUCT(LEN($M53:$AE56)-LEN(SUBSTITUTE($M53:$AE56,"-", ""))) -> 0 | AO53: =SUMPRODUCT(LEN($M53:$AE56)-LEN(SUBSTITUTE($M53:$AE56,"A", ""))) -> 4 | AP53: =SUMPRODUCT(LEN($AH53:$AH56)-LEN(SUBSTITUTE($AH53:$AH56,"A", ""))) -> 0 | AQ53: =SUMPRODUCT(LEN($AG53:$AG56)-LEN(SUBSTITUTE($AG53:$AG56,"A", ""))) -> 0 | AR53: =SUMPRODUCT(LEN($M53:$AE56)-LEN(SUBSTITUTE($M53:$AE56,"S", ""))) -> 1 | AS53: =SUMPRODUCT(LEN($AH53:$AH56)-LEN(SUBSTITUTE($AH53:$AH56,"S", ""))) -> 0 | AT53: =SUMPRODUCT(LEN($AG53:$AG56)-LEN(SUBSTITUTE($AG53:$AG56,"S", ""))) -> 0 | AU53: =SUMPRODUCT(LEN($M53:$AE56)-LEN(SUBSTITUTE($M53:$AE56,"F", ""))) -> 0 | AV53: =SUMPRODUCT(LEN($AH53:$AH56)-LEN(SUBSTITUTE($AH53:$AH56,"F", ""))) -> 0 | AW53: =SUMPRODUCT(LEN($AG53:$AG56)-LEN(SUBSTITUTE($AG53:$AG56,"F", ""))) -> 0 | AX53: =SUMPRODUCT(LEN($M53:$AE56)-LEN(SUBSTITUTE($M53:$AE56,"G", ""))) -> 0 | AY53: =SUMPRODUCT(LEN($AH53:$AH56)-LEN(SUBSTITUTE($AH53:$AH56,"G", ""))) -> 0 | AZ53: =SUMPRODUCT(LEN($AG53:$AG56)-LEN(SUBSTITUTE($AG53:$AG56,"G", ""))) -> 0 | BA53: =SUMPRODUCT(LEN($M53:$AE56)-LEN(SUBSTITUTE($M53:$AE56,"M", ""))) -> 0 | BB53: =SUMPRODUCT(LEN($AH53:$AH56)-LEN(SUBSTITUTE($AH53:$AH56,"M", ""))) -> 0 | BC53: =SUMPRODUCT(LEN($AG53:$AG56)-LEN(SUBSTITUTE($AG53:$AG56,"M", ""))) -> 0 | BD53: =SUMPRODUCT(LEN($AI53:$AI56)-LEN(SUBSTITUTE($AI53:$AI56,"S", ""))) -> 0 | BE53: =SUMPRODUCT(LEN($AI53:$AI56)-LEN(SUBSTITUTE($AI53:$AI56,"F", ""))) -> 0 | BF53: =SUMPRODUCT(LEN($AI53:$AI56)-LEN(SUBSTITUTE($AI53:$AI56,"G", ""))) -> 0 | BG53: =SUMPRODUCT(LEN($AI53:$AI56)-LEN(SUBSTITUTE($AI53:$AI56,"M", ""))) -> 0
L54: 2 | M54: A | N54: 6 | P54: 10 | R54: 14 | T54: 18 | V54: 22 | X54: 26 | Z54: 30 | AB54: 34 | AD54: 38
L55: 3 | M55: A | N55: 7 | P55: 11 | R55: 15 | T55: 19 | V55: 23 | X55: 27 | Z55: 31 | AB55: 35 | AD55: 39
L56: 4 | M56: A | N56: 8 | P56: 12 | R56: 16 | T56: 20 | V56: 24 | X56: 28 | Z56: 32 | AB56: 36 | AD56: 40
C57: 2 | L57: 1- | N57: 5- | P57: 9- | R57: 13- | T57: 17- | V57: 21- | X57: 25- | Z57: 29- | AB57: 33- | AD57: 37- | AO57: =SUMPRODUCT(LEN($M57:$AE60)-LEN(SUBSTITUTE($M57:$AE60,"A", ""))) -> 0 | AP57: =SUMPRODUCT(LEN($AH57:$AH60)-LEN(SUBSTITUTE($AH57:$AH60,"A", ""))) -> 0 | AQ57: =SUMPRODUCT(LEN($AG57:$AG60)-LEN(SUBSTITUTE($AG57:$AG60,"A", ""))) -> 0 | AR57: =SUMPRODUCT(LEN($M57:$AE60)-LEN(SUBSTITUTE($M57:$AE60,"S", ""))) -> 0 | AS57: =SUMPRODUCT(LEN($AH57:$AH60)-LEN(SUBSTITUTE($AH57:$AH60,"S", ""))) -> 0 | AT57: =SUMPRODUCT(LEN($AG57:$AG60)-LEN(SUBSTITUTE($AG57:$AG60,"S", ""))) -> 0 | AU57: =SUMPRODUCT(LEN($M57:$AE60)-LEN(SUBSTITUTE($M57:$AE60,"F", ""))) -> 0 | AV57: =SUMPRODUCT(LEN($AH57:$AH60)-LEN(SUBSTITUTE($AH57:$AH60,"F", ""))) -> 0 | AW57: =SUMPRODUCT(LEN($AG57:$AG60)-LEN(SUBSTITUTE($AG57:$AG60,"F", ""))) -> 0 | AX57: =SUMPRODUCT(LEN($M57:$AE60)-LEN(SUBSTITUTE($M57:$AE60,"G", ""))) -> 0 | AY57: =SUMPRODUCT(LEN($AH57:$AH60)-LEN(SUBSTITUTE($AH57:$AH60,"G", ""))) -> 0 | AZ57: =SUMPRODUCT(LEN($AG57:$AG60)-LEN(SUBSTITUTE($AG57:$AG60,"G", ""))) -> 0 | BA57: =SUMPRODUCT(LEN($M57:$AE60)-LEN(SUBSTITUTE($M57:$AE60,"M", ""))) -> 0 | BB57: =SUMPRODUCT(LEN($AH57:$AH60)-LEN(SUBSTITUTE($AH57:$AH60,"M", ""))) -> 0 | BC57: =SUMPRODUCT(LEN($AG57:$AG60)-LEN(SUBSTITUTE($AG57:$AG60,"M", ""))) -> 0 | BD57: =SUMPRODUCT(LEN($AI57:$AI60)-LEN(SUBSTITUTE($AI57:$AI60,"S", ""))) -> 0 | BE57: =SUMPRODUCT(LEN($AI57:$AI60)-LEN(SUBSTITUTE($AI57:$AI60,"F", ""))) -> 0 | BF57: =SUMPRODUCT(LEN($AI57:$AI60)-LEN(SUBSTITUTE($AI57:$AI60,"G", ""))) -> 0 | BG57: =SUMPRODUCT(LEN($AI57:$AI60)-LEN(SUBSTITUTE($AI57:$AI60,"M", ""))) -> 0
L58: 2- | N58: 6- | P58: 10- | R58: 14- | T58: 18- | V58: 22- | X58: 26- | Z58: 30- | AB58: 34- | AD58: 38-
L59: 3- | N59: 7- | P59: 11- | R59: 15- | T59: 19- | V59: 23- | X59: 27- | Z59: 31- | AB59: 35- | AD59: 39
L60: 4- | N60: 8- | P60: 12- | R60: 16- | T60: 20 | V60: 24- | X60: 28- | Z60: 32- | AB60: 36- | AD60: 40-
C61: 3 | L61: 1- | N61: 5- | P61: 9- | R61: 13- | T61: 17- | V61: 21- | X61: 25- | Z61: 29- | AB61: 33- | AD61: 37- | AO61: =SUMPRODUCT(LEN($M61:$AE64)-LEN(SUBSTITUTE($M61:$AE64,"A", ""))) -> 0 | AP61: =SUMPRODUCT(LEN($AH61:$AH64)-LEN(SUBSTITUTE($AH61:$AH64,"A", ""))) -> 0 | AQ61: =SUMPRODUCT(LEN($AG61:$AG64)-LEN(SUBSTITUTE($AG61:$AG64,"A", ""))) -> 0 | AR61: =SUMPRODUCT(LEN($M61:$AE64)-LEN(SUBSTITUTE($M61:$AE64,"S", ""))) -> 0 | AS61: =SUMPRODUCT(LEN($AH61:$AH64)-LEN(SUBSTITUTE($AH61:$AH64,"S", ""))) -> 0 | AT61: =SUMPRODUCT(LEN($AG61:$AG64)-LEN(SUBSTITUTE($AG61:$AG64,"S", ""))) -> 0 | AU61: =SUMPRODUCT(LEN($M61:$AE64)-LEN(SUBSTITUTE($M61:$AE64,"F", ""))) -> 0 | AV61: =SUMPRODUCT(LEN($AH61:$AH64)-LEN(SUBSTITUTE($AH61:$AH64,"F", ""))) -> 0 | AW61: =SUMPRODUCT(LEN($AG61:$AG64)-LEN(SUBSTITUTE($AG61:$AG64,"F", ""))) -> 0 | AX61: =SUMPRODUCT(LEN($M61:$AE64)-LEN(SUBSTITUTE($M61:$AE64,"G", ""))) -> 0 | AY61: =SUMPRODUCT(LEN($AH61:$AH64)-LEN(SUBSTITUTE($AH61:$AH64,"G", ""))) -> 0 | AZ61: =SUMPRODUCT(LEN($AG61:$AG64)-LEN(SUBSTITUTE($AG61:$AG64,"G", ""))) -> 0 | BA61: =SUMPRODUCT(LEN($M61:$AE64)-LEN(SUBSTITUTE($M61:$AE64,"M", ""))) -> 0 | BB61: =SUMPRODUCT(LEN($AH61:$AH64)-LEN(SUBSTITUTE($AH61:$AH64,"M", ""))) -> 0 | BC61: =SUMPRODUCT(LEN($AG61:$AG64)-LEN(SUBSTITUTE($AG61:$AG64,"M", ""))) -> 0 | BD61: =SUMPRODUCT(LEN($AI61:$AI64)-LEN(SUBSTITUTE($AI61:$AI64,"S", ""))) -> 0 | BE61: =SUMPRODUCT(LEN($AI61:$AI64)-LEN(SUBSTITUTE($AI61:$AI64,"F", ""))) -> 0 | BF61: =SUMPRODUCT(LEN($AI61:$AI64)-LEN(SUBSTITUTE($AI61:$AI64,"G", ""))) -> 0 | BG61: =SUMPRODUCT(LEN($AI61:$AI64)-LEN(SUBSTITUTE($AI61:$AI64,"M", ""))) -> 0
L62: 2- | N62: 6- | P62: 10- | R62: 14- | T62: 18- | V62: 22- | X62: 26- | Z62: 30- | AB62: 34- | AD62: 38-
L63: 3- | N63: 7- | P63: 11- | R63: 15- | T63: 19- | V63: 23- | X63: 27- | Z63: 31- | AB63: 35- | AD63: 39
L64: 4- | N64: 8- | P64: 12- | R64: 16- | T64: 20 | V64: 24- | X64: 28- | Z64: 32- | AB64: 36- | AD64: 40-
B65: Plot | C65: Plant # | D65: DOY Leaf Area Processed | E65: Leaf area of sample (cm2) | H65: Mapping | I65: Above ground height (cm) | J65: Total Main Stem nodes (including coteledonary) | K65: # pre-fruiting nodes | L65: Fruiting branches 1=first branch (above pre-fruiting nodes) | N65: Fruiting branches (cont) | P65: Fruiting branches (cont) | R65: Fruiting branches (cont) | T65: Fruiting branches (cont) | V65: Fruiting branches (cont) | X65: Fruiting branches (cont) | Z65: Fruiting branches (cont) | AB65: Fruiting branches (cont) | AD65: Fruiting branches (cont) | AF65: Fruit on mainstem | AH65: Fruit on non-fruiting branches | AI65: Fruit loose in sample bag | AJ65: NAWF | AK65: Boll with seeds? (Yes/No) | AL65: DOY into oven (stems & repro) | AM65: # branch nodes with more than one fruit | AN65: # mainstem nodes with more than 1 branch | AO65: # abscisions (fruiting branches) | AP65: # abscisions (non-fruiting branches) | AQ65: # abscisions (on main stem) | AR65: # squares (fruiting branches) | AS65: # squares (non-fruiting branches) | AT65: # squares (on main stem) | AU65: # white flowers (fruiting branches) | AV65: # white flowers (non-fruiting branches) | AW65: # white flowers (on main stem) | AX65: # green bolls (fruiting branches) | AY65: # green bolls (non-fruiting branches) | AZ65: # green bolls (on main stem) | BA65: # open bolls (fruiting branches) | BB65: # open bolls (non-fruiting branches) | BC65: # open bolls (on main stem) | BD65: # squares loose in bag | BE65: # flowers loose in bag | BF65: # bolls loose in bag | BG65: # open bolls loose in bag
B66: 02-1 | E66: 449.82 | H66: Initials - - - - - DOY | AF66: node # | AO66: =SUM(AO67:AO78) -> 2 | AP66: =SUM(AP67:AP78) -> 0 | AQ66: =SUM(AQ67:AQ78) -> 0 | AR66: =SUM(AR67:AR78) -> 5 | AS66: =SUM(AS67:AS78) -> 1 | AT66: =SUM(AT67:AT78) -> 0 | AU66: =SUM(AU67:AU78) -> 0 | AV66: =SUM(AV67:AV78) -> 0 | ... BG66: =SUM(BG67:BG78) -> 0 | BH66: ← plot sums | BK66: =SUM(AO66:AQ66) -> 2 | BL66: =SUM(AR66:AT66,BD66) -> 6 | BM66: =SUM(AU66:AW66,BE66) -> 0 | BN66: =SUM(AX66:AZ66,BF66) -> 0 | BO66: =SUM(BA66:BC66,BG66) -> 0
C67: 1 | I67: 33 | J67: 11 | K67: 6 | L67: 1 | M67: SA | N67: 5 | O67: S | P67: 9 | R67: 13 | T67: 17 | V67: 21 | X67: 25 | Z67: 29 | AB67: 33 | AD67: 37 | AH67: S | AM67: =SUMPRODUCT(LEN($M67:$AE70)-LEN(SUBSTITUTE($M67:$AE70,"/", "")))/2 -> 0 | AN67: =SUMPRODUCT(LEN($M67:$AE70)-LEN(SUBSTITUTE($M67:$AE70,"-", ""))) -> 0 | AO67: =SUMPRODUCT(LEN($M67:$AE70)-LEN(SUBSTITUTE($M67:$AE70,"A", ""))) -> 2 | AP67: =SUMPRODUCT(LEN($AH67:$AH70)-LEN(SUBSTITUTE($AH67:$AH70,"A", ""))) -> 0 | AQ67: =SUMPRODUCT(LEN($AG67:$AG70)-LEN(SUBSTITUTE($AG67:$AG70,"A", ""))) -> 0 | AR67: =SUMPRODUCT(LEN($M67:$AE70)-LEN(SUBSTITUTE($M67:$AE70,"S", ""))) -> 5 | AS67: =SUMPRODUCT(LEN($AH67:$AH70)-LEN(SUBSTITUTE($AH67:$AH70,"S", ""))) -> 1 | AT67: =SUMPRODUCT(LEN($AG67:$AG70)-LEN(SUBSTITUTE($AG67:$AG70,"S", ""))) -> 0 | AU67: =SUMPRODUCT(LEN($M67:$AE70)-LEN(SUBSTITUTE($M67:$AE70,"F", ""))) -> 0 | AV67: =SUMPRODUCT(LEN($AH67:$AH70)-LEN(SUBSTITUTE($AH67:$AH70,"F", ""))) -> 0 | AW67: =SUMPRODUCT(LEN($AG67:$AG70)-LEN(SUBSTITUTE($AG67:$AG70,"F", ""))) -> 0 | AX67: =SUMPRODUCT(LEN($M67:$AE70)-LEN(SUBSTITUTE($M67:$AE70,"G", ""))) -> 0 | AY67: =SUMPRODUCT(LEN($AH67:$AH70)-LEN(SUBSTITUTE($AH67:$AH70,"G", ""))) -> 0 | AZ67: =SUMPRODUCT(LEN($AG67:$AG70)-LEN(SUBSTITUTE($AG67:$AG70,"G", ""))) -> 0 | BA67: =SUMPRODUCT(LEN($M67:$AE70)-LEN(SUBSTITUTE($M67:$AE70,"M", ""))) -> 0 | BB67: =SUMPRODUCT(LEN($AH67:$AH70)-LEN(SUBSTITUTE($AH67:$AH70,"M", ""))) -> 0 | BC67: =SUMPRODUCT(LEN($AG67:$AG70)-LEN(SUBSTITUTE($AG67:$AG70,"M", ""))) -> 0 | BD67: =SUMPRODUCT(LEN($AI67:$AI70)-LEN(SUBSTITUTE($AI67:$AI70,"S", ""))) -> 0 | BE67: =SUMPRODUCT(LEN($AI67:$AI70)-LEN(SUBSTITUTE($AI67:$AI70,"F", ""))) -> 0 | BF67: =SUMPRODUCT(LEN($AI67:$AI70)-LEN(SUBSTITUTE($AI67:$AI70,"G", ""))) -> 0 | BG67: =SUMPRODUCT(LEN($AI67:$AI70)-LEN(SUBSTITUTE($AI67:$AI70,"M", ""))) -> 0
L68: 2 | M68: SA | N68: 6 | P68: 10 | R68: 14 | T68: 18 | V68: 22 | X68: 26 | Z68: 30 | AB68: 34 | AD68: 38
L69: 3 | M69: S | N69: 7 | P69: 11 | R69: 15 | T69: 19 | V69: 23 | X69: 27 | Z69: 31 | AB69: 35 | AD69: 39
L70: 4 | M70: S | N70: 8 | P70: 12 | R70: 16 | T70: 20 | V70: 24 | X70: 28 | Z70: 32 | AB70: 36 | AD70: 40
C71: 2 | L71: 1- | N71: 5- | P71: 9- | R71: 13- | T71: 17- | V71: 21- | X71: 25- | Z71: 29- | AB71: 33- | AD71: 37- | AO71: =SUMPRODUCT(LEN($M71:$AE74)-LEN(SUBSTITUTE($M71:$AE74,"A", ""))) -> 0 | AP71: =SUMPRODUCT(LEN($AH71:$AH74)-LEN(SUBSTITUTE($AH71:$AH74,"A", ""))) -> 0 | AQ71: =SUMPRODUCT(LEN($AG71:$AG74)-LEN(SUBSTITUTE($AG71:$AG74,"A", ""))) -> 0 | AR71: =SUMPRODUCT(LEN($M71:$AE74)-LEN(SUBSTITUTE($M71:$AE74,"S", ""))) -> 0 | AS71: =SUMPRODUCT(LEN($AH71:$AH74)-LEN(SUBSTITUTE($AH71:$AH74,"S", ""))) -> 0 | AT71: =SUMPRODUCT(LEN($AG71:$AG74)-LEN(SUBSTITUTE($AG71:$AG74,"S", ""))) -> 0 | AU71: =SUMPRODUCT(LEN($M71:$AE74)-LEN(SUBSTITUTE($M71:$AE74,"F", ""))) -> 0 | AV71: =SUMPRODUCT(LEN($AH71:$AH74)-LEN(SUBSTITUTE($AH71:$AH74,"F", ""))) -> 0 | AW71: =SUMPRODUCT(LEN($AG71:$AG74)-LEN(SUBSTITUTE($AG71:$AG74,"F", ""))) -> 0 | AX71: =SUMPRODUCT(LEN($M71:$AE74)-LEN(SUBSTITUTE($M71:$AE74,"G", ""))) -> 0 | AY71: =SUMPRODUCT(LEN($AH71:$AH74)-LEN(SUBSTITUTE($AH71:$AH74,"G", ""))) -> 0 | AZ71: =SUMPRODUCT(LEN($AG71:$AG74)-LEN(SUBSTITUTE($AG71:$AG74,"G", ""))) -> 0 | BA71: =SUMPRODUCT(LEN($M71:$AE74)-LEN(SUBSTITUTE($M71:$AE74,"M", ""))) -> 0 | BB71: =SUMPRODUCT(LEN($AH71:$AH74)-LEN(SUBSTITUTE($AH71:$AH74,"M", ""))) -> 0 | BC71: =SUMPRODUCT(LEN($AG71:$AG74)-LEN(SUBSTITUTE($AG71:$AG74,"M", ""))) -> 0 | BD71: =SUMPRODUCT(LEN($AI71:$AI74)-LEN(SUBSTITUTE($AI71:$AI74,"S", ""))) -> 0 | BE71: =SUMPRODUCT(LEN($AI71:$AI74)-LEN(SUBSTITUTE($AI71:$AI74,"F", ""))) -> 0 | BF71: =SUMPRODUCT(LEN($AI71:$AI74)-LEN(SUBSTITUTE($AI71:$AI74,"G", ""))) -> 0 | BG71: =SUMPRODUCT(LEN($AI71:$AI74)-LEN(SUBSTITUTE($AI71:$AI74,"M", ""))) -> 0
L72: 2- | N72: 6- | P72: 10- | R72: 14- | T72: 18- | V72: 22- | X72: 26- | Z72: 30- | AB72: 34- | AD72: 38-
L73: 3- | N73: 7- | P73: 11- | R73: 15- | T73: 19- | V73: 23- | X73: 27- | Z73: 31- | AB73: 35- | AD73: 39
L74: 4- | N74: 8- | P74: 12- | R74: 16- | T74: 20 | V74: 24- | X74: 28- | Z74: 32- | AB74: 36- | AD74: 40-
C75: 3 | L75: 1- | N75: 5- | P75: 9- | R75: 13- | T75: 17- | V75: 21- | X75: 25- | Z75: 29- | AB75: 33- | AD75: 37- | AO75: =SUMPRODUCT(LEN($M75:$AE78)-LEN(SUBSTITUTE($M75:$AE78,"A", ""))) -> 0 | AP75: =SUMPRODUCT(LEN($AH75:$AH78)-LEN(SUBSTITUTE($AH75:$AH78,"A", ""))) -> 0 | AQ75: =SUMPRODUCT(LEN($AG75:$AG78)-LEN(SUBSTITUTE($AG75:$AG78,"A", ""))) -> 0 | AR75: =SUMPRODUCT(LEN($M75:$AE78)-LEN(SUBSTITUTE($M75:$AE78,"S", ""))) -> 0 | AS75: =SUMPRODUCT(LEN($AH75:$AH78)-LEN(SUBSTITUTE($AH75:$AH78,"S", ""))) -> 0 | AT75: =SUMPRODUCT(LEN($AG75:$AG78)-LEN(SUBSTITUTE($AG75:$AG78,"S", ""))) -> 0 | AU75: =SUMPRODUCT(LEN($M75:$AE78)-LEN(SUBSTITUTE($M75:$AE78,"F", ""))) -> 0 | AV75: =SUMPRODUCT(LEN($AH75:$AH78)-LEN(SUBSTITUTE($AH75:$AH78,"F", ""))) -> 0 | AW75: =SUMPRODUCT(LEN($AG75:$AG78)-LEN(SUBSTITUTE($AG75:$AG78,"F", ""))) -> 0 | AX75: =SUMPRODUCT(LEN($M75:$AE78)-LEN(SUBSTITUTE($M75:$AE78,"G", ""))) -> 0 | AY75: =SUMPRODUCT(LEN($AH75:$AH78)-LEN(SUBSTITUTE($AH75:$AH78,"G", ""))) -> 0 | AZ75: =SUMPRODUCT(LEN($AG75:$AG78)-LEN(SUBSTITUTE($AG75:$AG78,"G", ""))) -> 0 | BA75: =SUMPRODUCT(LEN($M75:$AE78)-LEN(SUBSTITUTE($M75:$AE78,"M", ""))) -> 0 | BB75: =SUMPRODUCT(LEN($AH75:$AH78)-LEN(SUBSTITUTE($AH75:$AH78,"M", ""))) -> 0 | BC75: =SUMPRODUCT(LEN($AG75:$AG78)-LEN(SUBSTITUTE($AG75:$AG78,"M", ""))) -> 0 | BD75: =SUMPRODUCT(LEN($AI75:$AI78)-LEN(SUBSTITUTE($AI75:$AI78,"S", ""))) -> 0 | BE75: =SUMPRODUCT(LEN($AI75:$AI78)-LEN(SUBSTITUTE($AI75:$AI78,"F", ""))) -> 0 | BF75: =SUMPRODUCT(LEN($AI75:$AI78)-LEN(SUBSTITUTE($AI75:$AI78,"G", ""))) -> 0 | BG75: =SUMPRODUCT(LEN($AI75:$AI78)-LEN(SUBSTITUTE($AI75:$AI78,"M", ""))) -> 0
L76: 2- | N76: 6- | P76: 10- | R76: 14- | T76: 18- | V76: 22- | X76: 26- | Z76: 30- | AB76: 34- | AD76: 38-
L77: 3- | N77: 7- | P77: 11- | R77: 15- | T77: 19- | V77: 23- | X77: 27- | Z77: 31- | AB77: 35- | AD77: 39
L78: 4- | N78: 8- | P78: 12- | R78: 16- | T78: 20 | V78: 24- | X78: 28- | Z78: 32- | AB78: 36- | AD78: 40-
B79: Plot | C79: Plant # | D79: DOY Leaf Area Processed | E79: Leaf area of sample (cm2) | H79: Mapping | I79: Above ground height (cm) | J79: Total Main Stem nodes (including coteledonary) | K79: # pre-fruiting nodes | L79: Fruiting branches 1=first branch (above pre-fruiting nodes) | N79: Fruiting branches (cont) | P79: Fruiting branches (cont) | R79: Fruiting branches (cont) | T79: Fruiting branches (cont) | V79: Fruiting branches (cont) | X79: Fruiting branches (cont) | Z79: Fruiting branches (cont) | AB79: Fruiting branches (cont) | AD79: Fruiting branches (cont) | AF79: Fruit on mainstem | AH79: Fruit on non-fruiting branches | AI79: Fruit loose in sample bag | AJ79: NAWF | AK79: Boll with seeds? (Yes/No) | AL79: DOY into oven (stems & repro) | AM79: # branch nodes with more than one fruit | AN79: # mainstem nodes with more than 1 branch | AO79: # abscisions (fruiting branches) | AP79: # abscisions (non-fruiting branches) | AQ79: # abscisions (on main stem) | AR79: # squares (fruiting branches) | AS79: # squares (non-fruiting branches) | AT79: # squares (on main stem) | AU79: # white flowers (fruiting branches) | AV79: # white flowers (non-fruiting branches) | AW79: # white flowers (on main stem) | AX79: # green bolls (fruiting branches) | AY79: # green bolls (non-fruiting branches) | AZ79: # green bolls (on main stem) | BA79: # open bolls (fruiting branches) | BB79: # open bolls (non-fruiting branches) | BC79: # open bolls (on main stem) | BD79: # squares loose in bag | BE79: # flowers loose in bag | BF79: # bolls loose in bag | BG79: # open bolls loose in bag
B80: 02-2 | E80: 416.1 | H80: Initials - - - - - DOY | AF80: node # | AO80: =SUM(AO81:AO92) -> 1 | AP80: =SUM(AP81:AP92) -> 0 | AQ80: =SUM(AQ81:AQ92) -> 0 | AR80: =SUM(AR81:AR92) -> 3 | AS80: =SUM(AS81:AS92) -> 0 | AT80: =SUM(AT81:AT92) -> 0 | AU80: =SUM(AU81:AU92) -> 0 | AV80: =SUM(AV81:AV92) -> 0 | ... BG80: =SUM(BG81:BG92) -> 0 | BH80: ← plot sums | BK80: =SUM(AO80:AQ80) -> 1 | BL80: =SUM(AR80:AT80,BD80) -> 3 | BM80: =SUM(AU80:AW80,BE80) -> 0 | BN80: =SUM(AX80:AZ80,BF80) -> 0 | BO80: =SUM(BA80:BC80,BG80) -> 0
C81: 1 | I81: 31 | J81: 10 | K81: 6 | L81: 1 | M81: S | N81: 5 | P81: 9 | R81: 13 | T81: 17 | V81: 21 | X81: 25 | Z81: 29 | AB81: 33 | AD81: 37 | AM81: =SUMPRODUCT(LEN($M81:$AE84)-LEN(SUBSTITUTE($M81:$AE84,"/", "")))/2 -> 0 | AN81: =SUMPRODUCT(LEN($M81:$AE84)-LEN(SUBSTITUTE($M81:$AE84,"-", ""))) -> 0 | AO81: =SUMPRODUCT(LEN($M81:$AE84)-LEN(SUBSTITUTE($M81:$AE84,"A", ""))) -> 1 | AP81: =SUMPRODUCT(LEN($AH81:$AH84)-LEN(SUBSTITUTE($AH81:$AH84,"A", ""))) -> 0 | AQ81: =SUMPRODUCT(LEN($AG81:$AG84)-LEN(SUBSTITUTE($AG81:$AG84,"A", ""))) -> 0 | AR81: =SUMPRODUCT(LEN($M81:$AE84)-LEN(SUBSTITUTE($M81:$AE84,"S", ""))) -> 3 | AS81: =SUMPRODUCT(LEN($AH81:$AH84)-LEN(SUBSTITUTE($AH81:$AH84,"S", ""))) -> 0 | AT81: =SUMPRODUCT(LEN($AG81:$AG84)-LEN(SUBSTITUTE($AG81:$AG84,"S", ""))) -> 0 | AU81: =SUMPRODUCT(LEN($M81:$AE84)-LEN(SUBSTITUTE($M81:$AE84,"F", ""))) -> 0 | AV81: =SUMPRODUCT(LEN($AH81:$AH84)-LEN(SUBSTITUTE($AH81:$AH84,"F", ""))) -> 0 | AW81: =SUMPRODUCT(LEN($AG81:$AG84)-LEN(SUBSTITUTE($AG81:$AG84,"F", ""))) -> 0 | AX81: =SUMPRODUCT(LEN($M81:$AE84)-LEN(SUBSTITUTE($M81:$AE84,"G", ""))) -> 0 | AY81: =SUMPRODUCT(LEN($AH81:$AH84)-LEN(SUBSTITUTE($AH81:$AH84,"G", ""))) -> 0 | AZ81: =SUMPRODUCT(LEN($AG81:$AG84)-LEN(SUBSTITUTE($AG81:$AG84,"G", ""))) -> 0 | BA81: =SUMPRODUCT(LEN($M81:$AE84)-LEN(SUBSTITUTE($M81:$AE84,"M", ""))) -> 0 | BB81: =SUMPRODUCT(LEN($AH81:$AH84)-LEN(SUBSTITUTE($AH81:$AH84,"M", ""))) -> 0 | BC81: =SUMPRODUCT(LEN($AG81:$AG84)-LEN(SUBSTITUTE($AG81:$AG84,"M", ""))) -> 0 | BD81: =SUMPRODUCT(LEN($AI81:$AI84)-LEN(SUBSTITUTE($AI81:$AI84,"S", ""))) -> 0 | BE81: =SUMPRODUCT(LEN($AI81:$AI84)-LEN(SUBSTITUTE($AI81:$AI84,"F", ""))) -> 0 | BF81: =SUMPRODUCT(LEN($AI81:$AI84)-LEN(SUBSTITUTE($AI81:$AI84,"G", ""))) -> 0 | BG81: =SUMPRODUCT(LEN($AI81:$AI84)-LEN(SUBSTITUTE($AI81:$AI84,"M", ""))) -> 0
L82: 2 | M82: A | N82: 6 | P82: 10 | R82: 14 | T82: 18 | V82: 22 | X82: 26 | Z82: 30 | AB82: 34 | AD82: 38
L83: 3 | M83: S | N83: 7 | P83: 11 | R83: 15 | T83: 19 | V83: 23 | X83: 27 | Z83: 31 | AB83: 35 | AD83: 39
L84: 4 | M84: S | N84: 8 | P84: 12 | R84: 16 | T84: 20 | V84: 24 | X84: 28 | Z84: 32 | AB84: 36 | AD84: 40
C85: 2 | L85: 1- | N85: 5- | P85: 9- | R85: 13- | T85: 17- | V85: 21- | X85: 25- | Z85: 29- | AB85: 33- | AD85: 37- | AO85: =SUMPRODUCT(LEN($M85:$AE88)-LEN(SUBSTITUTE($M85:$AE88,"A", ""))) -> 0 | AP85: =SUMPRODUCT(LEN($AH85:$AH88)-LEN(SUBSTITUTE($AH85:$AH88,"A", ""))) -> 0 | AQ85: =SUMPRODUCT(LEN($AG85:$AG88)-LEN(SUBSTITUTE($AG85:$AG88,"A", ""))) -> 0 | AR85: =SUMPRODUCT(LEN($M85:$AE88)-LEN(SUBSTITUTE($M85:$AE88,"S", ""))) -> 0 | AS85: =SUMPRODUCT(LEN($AH85:$AH88)-LEN(SUBSTITUTE($AH85:$AH88,"S", ""))) -> 0 | AT85: =SUMPRODUCT(LEN($AG85:$AG88)-LEN(SUBSTITUTE($AG85:$AG88,"S", ""))) -> 0 | AU85: =SUMPRODUCT(LEN($M85:$AE88)-LEN(SUBSTITUTE($M85:$AE88,"F", ""))) -> 0 | AV85: =SUMPRODUCT(LEN($AH85:$AH88)-LEN(SUBSTITUTE($AH85:$AH88,"F", ""))) -> 0 | AW85: =SUMPRODUCT(LEN($AG85:$AG88)-LEN(SUBSTITUTE($AG85:$AG88,"F", ""))) -> 0 | AX85: =SUMPRODUCT(LEN($M85:$AE88)-LEN(SUBSTITUTE($M85:$AE88,"G", ""))) -> 0 | AY85: =SUMPRODUCT(LEN($AH85:$AH88)-LEN(SUBSTITUTE($AH85:$AH88,"G", ""))) -> 0 | AZ85: =SUMPRODUCT(LEN($AG85:$AG88)-LEN(SUBSTITUTE($AG85:$AG88,"G", ""))) -> 0 | BA85: =SUMPRODUCT(LEN($M85:$AE88)-LEN(SUBSTITUTE($M85:$AE88,"M", ""))) -> 0 | BB85: =SUMPRODUCT(LEN($AH85:$AH88)-LEN(SUBSTITUTE($AH85:$AH88,"M", ""))) -> 0 | BC85: =SUMPRODUCT(LEN($AG85:$AG88)-LEN(SUBSTITUTE($AG85:$AG88,"M", ""))) -> 0 | BD85: =SUMPRODUCT(LEN($AI85:$AI88)-LEN(SUBSTITUTE($AI85:$AI88,"S", ""))) -> 0 | BE85: =SUMPRODUCT(LEN($AI85:$AI88)-LEN(SUBSTITUTE($AI85:$AI88,"F", ""))) -> 0 | BF85: =SUMPRODUCT(LEN($AI85:$AI88)-LEN(SUBSTITUTE($AI85:$AI88,"G", ""))) -> 0 | BG85: =SUMPRODUCT(LEN($AI85:$AI88)-LEN(SUBSTITUTE($AI85:$AI88,"M", ""))) -> 0
L86: 2- | N86: 6- | P86: 10- | R86: 14- | T86: 18- | V86: 22- | X86: 26- | Z86: 30- | AB86: 34- | AD86: 38-
L87: 3- | N87: 7- | P87: 11- | R87: 15- | T87: 19- | V87: 23- | X87: 27- | Z87: 31- | AB87: 35- | AD87: 39
L88: 4- | N88: 8- | P88: 12- | R88: 16- | T88: 20 | V88: 24- | X88: 28- | Z88: 32- | AB88: 36- | AD88: 40-
C89: 3 | L89: 1- | N89: 5- | P89: 9- | R89: 13- | T89: 17- | V89: 21- | X89: 25- | Z89: 29- | AB89: 33- | AD89: 37- | AO89: =SUMPRODUCT(LEN($M89:$AE92)-LEN(SUBSTITUTE($M89:$AE92,"A", ""))) -> 0 | AP89: =SUMPRODUCT(LEN($AH89:$AH92)-LEN(SUBSTITUTE($AH89:$AH92,"A", ""))) -> 0 | AQ89: =SUMPRODUCT(LEN($AG89:$AG92)-LEN(SUBSTITUTE($AG89:$AG92,"A", ""))) -> 0 | AR89: =SUMPRODUCT(LEN($M89:$AE92)-LEN(SUBSTITUTE($M89:$AE92,"S", ""))) -> 0 | AS89: =SUMPRODUCT(LEN($AH89:$AH92)-LEN(SUBSTITUTE($AH89:$AH92,"S", ""))) -> 0 | AT89: =SUMPRODUCT(LEN($AG89:$AG92)-LEN(SUBSTITUTE($AG89:$AG92,"S", ""))) -> 0 | AU89: =SUMPRODUCT(LEN($M89:$AE92)-LEN(SUBSTITUTE($M89:$AE92,"F", ""))) -> 0 | AV89: =SUMPRODUCT(LEN($AH89:$AH92)-LEN(SUBSTITUTE($AH89:$AH92,"F", ""))) -> 0 | AW89: =SUMPRODUCT(LEN($AG89:$AG92)-LEN(SUBSTITUTE($AG89:$AG92,"F", ""))) -> 0 | AX89: =SUMPRODUCT(LEN($M89:$AE92)-LEN(SUBSTITUTE($M89:$AE92,"G", ""))) -> 0 | AY89: =SUMPRODUCT(LEN($AH89:$AH92)-LEN(SUBSTITUTE($AH89:$AH92,"G", ""))) -> 0 | AZ89: =SUMPRODUCT(LEN($AG89:$AG92)-LEN(SUBSTITUTE($AG89:$AG92,"G", ""))) -> 0 | BA89: =SUMPRODUCT(LEN($M89:$AE92)-LEN(SUBSTITUTE($M89:$AE92,"M", ""))) -> 0 | BB89: =SUMPRODUCT(LEN($AH89:$AH92)-LEN(SUBSTITUTE($AH89:$AH92,"M", ""))) -> 0 | BC89: =SUMPRODUCT(LEN($AG89:$AG92)-LEN(SUBSTITUTE($AG89:$AG92,"M", ""))) -> 0 | BD89: =SUMPRODUCT(LEN($AI89:$AI92)-LEN(SUBSTITUTE($AI89:$AI92,"S", ""))) -> 0 | BE89: =SUMPRODUCT(LEN($AI89:$AI92)-LEN(SUBSTITUTE($AI89:$AI92,"F", ""))) -> 0 | BF89: =SUMPRODUCT(LEN($AI89:$AI92)-LEN(SUBSTITUTE($AI89:$AI92,"G", ""))) -> 0 | BG89: =SUMPRODUCT(LEN($AI89:$AI92)-LEN(SUBSTITUTE($AI89:$AI92,"M", ""))) -> 0
L90: 2- | N90: 6- | P90: 10- | R90: 14- | T90: 18- | V90: 22- | X90: 26- | Z90: 30- | AB90: 34- | AD90: 38-
L91: 3- | N91: 7- | P91: 11- | R91: 15- | T91: 19- | V91: 23- | X91: 27- | Z91: 31- | AB91: 35- | AD91: 39
L92: 4- | N92: 8- | P92: 12- | R92: 16- | T92: 20 | V92: 24- | X92: 28- | Z92: 32- | AB92: 36- | AD92: 40-
B93: Plot | C93: Plant # | D93: DOY Leaf Area Processed | E93: Leaf area of sample (cm2) | H93: Mapping | I93: Above ground height (cm) | J93: Total Main Stem nodes (including coteledonary) | K93: # pre-fruiting nodes | L93: Fruiting branches 1=first branch (above pre-fruiting nodes) | N93: Fruiting branches (cont) | P93: Fruiting branches (cont) | R93: Fruiting branches (cont) | T93: Fruiting branches (cont) | V93: Fruiting branches (cont) | X93: Fruiting branches (cont) | Z93: Fruiting branches (cont) | AB93: Fruiting branches (cont) | AD93: Fruiting branches (cont) | AF93: Fruit on mainstem | AH93: Fruit on non-fruiting branches | AI93: Fruit loose in sample bag | AJ93: NAWF | AK93: Boll with seeds? (Yes/No) | AL93: DOY into oven (stems & repro) | AM93: # branch nodes with more than one fruit | AN93: # mainstem nodes with more than 1 branch | AO93: # abscisions (fruiting branches) | AP93: # abscisions (non-fruiting branches) | AQ93: # abscisions (on main stem) | AR93: # squares (fruiting branches) | AS93: # squares (non-fruiting branches) | AT93: # squares (on main stem) | AU93: # white flowers (fruiting branches) | AV93: # white flowers (non-fruiting branches) | AW93: # white flowers (on main stem) | AX93: # green bolls (fruiting branches) | AY93: # green bolls (non-fruiting branches) | AZ93: # green bolls (on main stem) | BA93: # open bolls (fruiting branches) | BB93: # open bolls (non-fruiting branches) | BC93: # open bolls (on main stem) | BD93: # squares loose in bag | BE93: # flowers loose in bag | BF93: # bolls loose in bag | BG93: # open bolls loose in bag
B94: 02-3 | E94: 376.16 | H94: Initials - - - - - DOY | AF94: node # | AO94: =SUM(AO95:AO106) -> 3 | AP94: =SUM(AP95:AP106) -> 0 | AQ94: =SUM(AQ95:AQ106) -> 0 | AR94: =SUM(AR95:AR106) -> 5 | AS94: =SUM(AS95:AS106) -> 0 | AT94: =SUM(AT95:AT106) -> 0 | AU94: =SUM(AU95:AU106) -> 0 | AV94: =SUM(AV95:AV106) -> 0 | ... BG94: =SUM(BG95:BG106) -> 0 | BH94: ← plot sums | BK94: =SUM(AO94:AQ94) -> 3 | BL94: =SUM(AR94:AT94,BD94) -> 5 | BM94: =SUM(AU94:AW94,BE94) -> 0 | BN94: =SUM(AX94:AZ94,BF94) -> 0 | BO94: =SUM(BA94:BC94,BG94) -> 0
C95: 1 | I95: 32 | J95: 11 | K95: 5 | L95: 1 | M95: SA | N95: 5 | O95: S | P95: 9 | R95: 13 | T95: 17 | V95: 21 | X95: 25 | Z95: 29 | AB95: 33 | AD95: 37 | AM95: =SUMPRODUCT(LEN($M95:$AE98)-LEN(SUBSTITUTE($M95:$AE98,"/", "")))/2 -> 0 | AN95: =SUMPRODUCT(LEN($M95:$AE98)-LEN(SUBSTITUTE($M95:$AE98,"-", ""))) -> 0 | AO95: =SUMPRODUCT(LEN($M95:$AE98)-LEN(SUBSTITUTE($M95:$AE98,"A", ""))) -> 3 | AP95: =SUMPRODUCT(LEN($AH95:$AH98)-LEN(SUBSTITUTE($AH95:$AH98,"A", ""))) -> 0 | AQ95: =SUMPRODUCT(LEN($AG95:$AG98)-LEN(SUBSTITUTE($AG95:$AG98,"A", ""))) -> 0 | AR95: =SUMPRODUCT(LEN($M95:$AE98)-LEN(SUBSTITUTE($M95:$AE98,"S", ""))) -> 5 | AS95: =SUMPRODUCT(LEN($AH95:$AH98)-LEN(SUBSTITUTE($AH95:$AH98,"S", ""))) -> 0 | AT95: =SUMPRODUCT(LEN($AG95:$AG98)-LEN(SUBSTITUTE($AG95:$AG98,"S", ""))) -> 0 | AU95: =SUMPRODUCT(LEN($M95:$AE98)-LEN(SUBSTITUTE($M95:$AE98,"F", ""))) -> 0 | AV95: =SUMPRODUCT(LEN($AH95:$AH98)-LEN(SUBSTITUTE($AH95:$AH98,"F", ""))) -> 0 | AW95: =SUMPRODUCT(LEN($AG95:$AG98)-LEN(SUBSTITUTE($AG95:$AG98,"F", ""))) -> 0 | AX95: =SUMPRODUCT(LEN($M95:$AE98)-LEN(SUBSTITUTE($M95:$AE98,"G", ""))) -> 0 | AY95: =SUMPRODUCT(LEN($AH95:$AH98)-LEN(SUBSTITUTE($AH95:$AH98,"G", ""))) -> 0 | AZ95: =SUMPRODUCT(LEN($AG95:$AG98)-LEN(SUBSTITUTE($AG95:$AG98,"G", ""))) -> 0 | BA95: =SUMPRODUCT(LEN($M95:$AE98)-LEN(SUBSTITUTE($M95:$AE98,"M", ""))) -> 0 | BB95: =SUMPRODUCT(LEN($AH95:$AH98)-LEN(SUBSTITUTE($AH95:$AH98,"M", ""))) -> 0 | BC95: =SUMPRODUCT(LEN($AG95:$AG98)-LEN(SUBSTITUTE($AG95:$AG98,"M", ""))) -> 0 | BD95: =SUMPRODUCT(LEN($AI95:$AI98)-LEN(SUBSTITUTE($AI95:$AI98,"S", ""))) -> 0 | BE95: =SUMPRODUCT(LEN($AI95:$AI98)-LEN(SUBSTITUTE($AI95:$AI98,"F", ""))) -> 0 | BF95: =SUMPRODUCT(LEN($AI95:$AI98)-LEN(SUBSTITUTE($AI95:$AI98,"G", ""))) -> 0 | BG95: =SUMPRODUCT(LEN($AI95:$AI98)-LEN(SUBSTITUTE($AI95:$AI98,"M", ""))) -> 0
L96: 2 | M96: SA | N96: 6 | O96: A | P96: 10 | R96: 14 | T96: 18 | V96: 22 | X96: 26 | Z96: 30 | AB96: 34 | AD96: 38
L97: 3 | M97: S | N97: 7 | P97: 11 | R97: 15 | T97: 19 | V97: 23 | X97: 27 | Z97: 31 | AB97: 35 | AD97: 39
L98: 4 | M98: S | N98: 8 | P98: 12 | R98: 16 | T98: 20 | V98: 24 | X98: 28 | Z98: 32 | AB98: 36 | AD98: 40
C99: 2 | L99: 1- | N99: 5- | P99: 9- | R99: 13- | T99: 17- | V99: 21- | X99: 25- | Z99: 29- | AB99: 33- | AD99: 37- | AO99: =SUMPRODUCT(LEN($M99:$AE102)-LEN(SUBSTITUTE($M99:$AE102,"A", ""))) -> 0 | AP99: =SUMPRODUCT(LEN($AH99:$AH102)-LEN(SUBSTITUTE($AH99:$AH102,"A", ""))) -> 0 | AQ99: =SUMPRODUCT(LEN($AG99:$AG102)-LEN(SUBSTITUTE($AG99:$AG102,"A", ""))) -> 0 | AR99: =SUMPRODUCT(LEN($M99:$AE102)-LEN(SUBSTITUTE($M99:$AE102,"S", ""))) -> 0 | AS99: =SUMPRODUCT(LEN($AH99:$AH102)-LEN(SUBSTITUTE($AH99:$AH102,"S", ""))) -> 0 | AT99: =SUMPRODUCT(LEN($AG99:$AG102)-LEN(SUBSTITUTE($AG99:$AG102,"S", ""))) -> 0 | AU99: =SUMPRODUCT(LEN($M99:$AE102)-LEN(SUBSTITUTE($M99:$AE102,"F", ""))) -> 0 | AV99: =SUMPRODUCT(LEN($AH99:$AH102)-LEN(SUBSTITUTE($AH99:$AH102,"F", ""))) -> 0 | AW99: =SUMPRODUCT(LEN($AG99:$AG102)-LEN(SUBSTITUTE($AG99:$AG102,"F", ""))) -> 0 | AX99: =SUMPRODUCT(LEN($M99:$AE102)-LEN(SUBSTITUTE($M99:$AE102,"G", ""))) -> 0 | AY99: =SUMPRODUCT(LEN($AH99:$AH102)-LEN(SUBSTITUTE($AH99:$AH102,"G", ""))) -> 0 | AZ99: =SUMPRODUCT(LEN($AG99:$AG102)-LEN(SUBSTITUTE($AG99:$AG102,"G", ""))) -> 0 | BA99: =SUMPRODUCT(LEN($M99:$AE102)-LEN(SUBSTITUTE($M99:$AE102,"M", ""))) -> 0 | BB99: =SUMPRODUCT(LEN($AH99:$AH102)-LEN(SUBSTITUTE($AH99:$AH102,"M", ""))) -> 0 | BC99: =SUMPRODUCT(LEN($AG99:$AG102)-LEN(SUBSTITUTE($AG99:$AG102,"M", ""))) -> 0 | BD99: =SUMPRODUCT(LEN($AI99:$AI102)-LEN(SUBSTITUTE($AI99:$AI102,"S", ""))) -> 0 | BE99: =SUMPRODUCT(LEN($AI99:$AI102)-LEN(SUBSTITUTE($AI99:$AI102,"F", ""))) -> 0 | BF99: =SUMPRODUCT(LEN($AI99:$AI102)-LEN(SUBSTITUTE($AI99:$AI102,"G", ""))) -> 0 | BG99: =SUMPRODUCT(LEN($AI99:$AI102)-LEN(SUBSTITUTE($AI99:$AI102,"M", ""))) -> 0
L100: 2- | N100: 6- | P100: 10- | R100: 14- | T100: 18- | V100: 22- | X100: 26- | Z100: 30- | AB100: 34- | AD100: 38-
L101: 3- | N101: 7- | P101: 11- | R101: 15- | T101: 19- | V101: 23- | X101: 27- | Z101: 31- | AB101: 35- | AD101: 39
L102: 4- | N102: 8- | P102: 12- | R102: 16- | T102: 20 | V102: 24- | X102: 28- | Z102: 32- | AB102: 36- | AD102: 40-
...

Sheet d160Weights
A1: 2020 | B1: F13b4 | C1: Cotton | J1: Irrigation scheduling experiment
B2: Plant sampling and Mapping | M2: Field Avg
M3: Density | N3: 10 | O3: plant/m2
B4: Sampling Date: | E4: 43990 | G4: Date(s) weighed: | H4: 44362
B5: DOY: | E5: 160 | G5: Weighed by: | H5: SMM
B6: Comments: | D6: Oven temp: 65 °C
B8: Plot | C8: TRT | D8: DOY out of Oven | E8: Green leaves (g) | F8: Brown leaves (g) | G8: Stems (g) | H8: Squares, Flowers & Green Bolls (g) | I8: Flowers & Green Bolls (g) | J8: Mature Bolls (g) | K8: Leaf Area (cm2) | M8: CWPD | N8: LWAD | O8: SWAD | P8: MBWAD | Q8: PWAD | R8: LAID
B9: 01-1 | E9: 3.1 | G9: 1.69 | H9: 0.01 | K9: =d160Mapping!$E$10 -> 432.94 | M9: =SUM(E9,G9,H9,J9) -> 4.8 | N9: =E9/1000*$N$3*10000 -> 310 | O9: =G9/1000*$N$3*10000 -> 169 | P9: =J9/1000*$N$3*10000 -> 0 | Q9: =(H9+J9)/1000*$N$3*10000 -> 1 | R9: =K9/(100*100)*$N$3 -> 0.43294
B10: 01-2 | E10: 3.59 | G10: 2.3 | H10: 0.07 | K10: =d160Mapping!$E$24 -> 512.78 | M10: =SUM(E10,G10,H10,J10) -> 5.96 | N10: =E10/1000*$N$3*10000 -> 359 | O10: =G10/1000*$N$3*10000 -> 230 | P10: =J10/1000*$N$3*10000 -> 0 | Q10: =(H10+J10)/1000*$N$3*10000 -> 7 | R10: =K10/(100*100)*$N$3 -> 0.51278
B11: 01-3 | E11: 2.85 | G11: 1.74 | H11: 0.16 | K11: =d160Mapping!$E$38 -> 397.76 | M11: =SUM(E11,G11,H11,J11) -> 4.75 | N11: =E11/1000*$N$3*10000 -> 285 | O11: =G11/1000*$N$3*10000 -> 174 | P11: =J11/1000*$N$3*10000 -> 0 | Q11: =(H11+J11)/1000*$N$3*10000 -> 16 | R11: =K11/(100*100)*$N$3 -> 0.39776
B12: 01-4 | E12: 2.74 | G12: 1.68 | H12: 0.01 | K12: =d160Mapping!$E$52 -> 435.27 | M12: =SUM(E12,G12,H12,J12) -> 4.43 | N12: =E12/1000*$N$3*10000 -> 274 | O12: =G12/1000*$N$3*10000 -> 168 | P12: =J12/1000*$N$3*10000 -> 0 | Q12: =(H12+J12)/1000*$N$3*10000 -> 1 | R12: =K12/(100*100)*$N$3 -> 0.43527
B13: 02-1 | E13: 3.35 | G13: 2.24 | H13: 0.09 | K13: =d160Mapping!$E$66 -> 449.82 | M13: =SUM(E13,G13,H13,J13) -> 5.68 | N13: =E13/1000*$N$3*10000 -> 335 | O13: =G13/1000*$N$3*10000 -> 224 | P13: =J13/1000*$N$3*10000 -> 0 | Q13: =(H13+J13)/1000*$N$3*10000 -> 9 | R13: =K13/(100*100)*$N$3 -> 0.44982
B14: 02-2 | E14: 2.68 | G14: 1.69 | H14: 0.04 | K14: =d160Mapping!$E$80 -> 416.1 | M14: =SUM(E14,G14,H14,J14) -> 4.41 | N14: =E14/1000*$N$3*10000 -> 268 | O14: =G14/1000*$N$3*10000 -> 169 | P14: =J14/1000*$N$3*10000 -> 0 | Q14: =(H14+J14)/1000*$N$3*10000 -> 4 | R14: =K14/(100*100)*$N$3 -> 0.4161
B15: 02-3 | E15: 2.58 | G15: 1.74 | H15: 0.12 | K15: =d160Mapping!$E$94 -> 376.16 | M15: =SUM(E15,G15,H15,J15) -> 4.44 | N15: =E15/1000*$N$3*10000 -> 258 | O15: =G15/1000*$N$3*10000 -> 174 | P15: =J15/1000*$N$3*10000 -> 0 | Q15: =(H15+J15)/1000*$N$3*10000 -> 12 | R15: =K15/(100*100)*$N$3 -> 0.37616
B16: 02-4 | E16: 3.19 | G16: 2.19 | H16: 0.13 | K16: =d160Mapping!$E$108 -> 506.63 | M16: =SUM(E16,G16,H16,J16) -> 5.51 | N16: =E16/1000*$N$3*10000 -> 319 | O16: =G16/1000*$N$3*10000 -> 219 | P16: =J16/1000*$N$3*10000 -> 0 | Q16: =(H16+J16)/1000*$N$3*10000 -> 13 | R16: =K16/(100*100)*$N$3 -> 0.50663
B17: 03-1 | E17: 1.93 | G17: 1.27 | H17: 0.01 | K17: =d160Mapping!$E$122 -> 296 | M17: =SUM(E17,G17,H17,J17) -> 3.21 | N17: =E17/1000*$N$3*10000 -> 193 | O17: =G17/1000*$N$3*10000 -> 127 | P17: =J17/1000*$N$3*10000 -> 0 | Q17: =(H17+J17)/1000*$N$3*10000 -> 1 | R17: =K17/(100*100)*$N$3 -> 0.296
B18: 03-2 | E18: 3.41 | G18: 2.21 | H18: 0.03 | K18: =d160Mapping!$E$136 -> 497.29 | M18: =SUM(E18,G18,H18,J18) -> 5.65 | N18: =E18/1000*$N$3*10000 -> 341 | O18: =G18/1000*$N$3*10000 -> 221 | P18: =J18/1000*$N$3*10000 -> 0 | Q18: =(H18+J18)/1000*$N$3*10000 -> 3 | R18: =K18/(100*100)*$N$3 -> 0.49729
B19: 03-3 | E19: 3.65 | G19: 2.38 | H19: 0.09 | K19: =d160Mapping!$E$150 -> 520.26 | M19: =SUM(E19,G19,H19,J19) -> 6.12 | N19: =E19/1000*$N$3*10000 -> 365 | O19: =G19/1000*$N$3*10000 -> 238 | P19: =J19/1000*$N$3*10000 -> 0 | Q19: =(H19+J19)/1000*$N$3*10000 -> 9 | R19: =K19/(100*100)*$N$3 -> 0.52026
B20: 03-4 | E20: 2.72 | G20: 1.71 | H20: 0.08 | K20: =d160Mapping!$E$164 -> 389.53 | M20: =SUM(E20,G20,H20,J20) -> 4.51 | N20: =E20/1000*$N$3*10000 -> 272 | O20: =G20/1000*$N$3*10000 -> 171 | P20: =J20/1000*$N$3*10000 -> 0 | Q20: =(H20+J20)/1000*$N$3*10000 -> 8 | R20: =K20/(100*100)*$N$3 -> 0.38953
B21: 04-1 | E21: 2.9 | G21: 2.09 | H21: 0.1 | K21: =d160Mapping!$E$178 -> 410.15 | M21: =SUM(E21,G21,H21,J21) -> 5.09 | N21: =E21/1000*$N$3*10000 -> 290 | O21: =G21/1000*$N$3*10000 -> 209 | P21: =J21/1000*$N$3*10000 -> 0 | Q21: =(H21+J21)/1000*$N$3*10000 -> 10 | R21: =K21/(100*100)*$N$3 -> 0.41015
B22: 04-2 | E22: 2.87 | G22: 2.04 | H22: 0.11 | K22: =d160Mapping!$E$192 -> 410.09 | M22: =SUM(E22,G22,H22,J22) -> 5.02 | N22: =E22/1000*$N$3*10000 -> 287 | O22: =G22/1000*$N$3*10000 -> 204 | P22: =J22/1000*$N$3*10000 -> 0 | Q22: =(H22+J22)/1000*$N$3*10000 -> 11 | R22: =K22/(100*100)*$N$3 -> 0.41009
B23: 04-3 | E23: 3.52 | G23: 2.44 | H23: 0.05 | K23: =d160Mapping!$E$206 -> 488.7 | M23: =SUM(E23,G23,H23,J23) -> 6.01 | N23: =E23/1000*$N$3*10000 -> 352 | O23: =G23/1000*$N$3*10000 -> 244 | P23: =J23/1000*$N$3*10000 -> 0 | Q23: =(H23+J23)/1000*$N$3*10000 -> 5 | R23: =K23/(100*100)*$N$3 -> 0.4887
B24: 04-4 | E24: 2.36 | G24: 1.51 | H24: 0.05 | K24: =d160Mapping!$E$220 -> 350.99 | M24: =SUM(E24,G24,H24,J24) -> 3.92 | N24: =E24/1000*$N$3*10000 -> 236 | O24: =G24/1000*$N$3*10000 -> 151 | P24: =J24/1000*$N$3*10000 -> 0 | Q24: =(H24+J24)/1000*$N$3*10000 -> 5 | R24: =K24/(100*100)*$N$3 -> 0.35099
B25: 05-1 | E25: 3.51 | G25: 2.7 | H25: 0.12 | K25: =d160Mapping!$E$234 -> 556.52 | M25: =SUM(E25,G25,H25,J25) -> 6.33 | N25: =E25/1000*$N$3*10000 -> 351 | O25: =G25/1000*$N$3*10000 -> 270 | P25: =J25/1000*$N$3*10000 -> 0 | Q25: =(H25+J25)/1000*$N$3*10000 -> 12 | R25: =K25/(100*100)*$N$3 -> 0.55652
B26: 05-2 | E26: 2.55 | G26: 1.74 | H26: 0.06 | K26: =d160Mapping!$E$248 -> 383.79 | M26: =SUM(E26,G26,H26,J26) -> 4.35 | N26: =E26/1000*$N$3*10000 -> 255 | O26: =G26/1000*$N$3*10000 -> 174 | P26: =J26/1000*$N$3*10000 -> 0 | Q26: =(H26+J26)/1000*$N$3*10000 -> 6 | R26: =K26/(100*100)*$N$3 -> 0.38379
B27: 05-3 | E27: 2.13 | G27: 1.46 | H27: 0.04 | K27: =d160Mapping!$E$262 -> 330.38 | M27: =SUM(E27,G27,H27,J27) -> 3.63 | N27: =E27/1000*$N$3*10000 -> 213 | O27: =G27/1000*$N$3*10000 -> 146 | P27: =J27/1000*$N$3*10000 -> 0 | Q27: =(H27+J27)/1000*$N$3*10000 -> 4 | R27: =K27/(100*100)*$N$3 -> 0.33038
B28: 05-4 | E28: 1.83 | G28: 1.11 | H28: 0.03 | K28: =d160Mapping!$E$276 -> 290.74 | M28: =SUM(E28,G28,H28,J28) -> 2.97 | N28: =E28/1000*$N$3*10000 -> 183 | O28: =G28/1000*$N$3*10000 -> 111 | P28: =J28/1000*$N$3*10000 -> 0 | Q28: =(H28+J28)/1000*$N$3*10000 -> 3 | R28: =K28/(100*100)*$N$3 -> 0.29074
B29: 06-1 | E29: 1.98 | G29: 1.29 | H29: 0.06 | K29: =d160Mapping!$E$290 -> 298.17 | M29: =SUM(E29,G29,H29,J29) -> 3.33 | N29: =E29/1000*$N$3*10000 -> 198 | O29: =G29/1000*$N$3*10000 -> 129 | P29: =J29/1000*$N$3*10000 -> 0 | Q29: =(H29+J29)/1000*$N$3*10000 -> 6 | R29: =K29/(100*100)*$N$3 -> 0.29817
B30: 06-2 | E30: 1.62 | G30: 0.96 | H30: 0.01 | K30: =d160Mapping!$E$304 -> 255.11 | M30: =SUM(E30,G30,H30,J30) -> 2.59 | N30: =E30/1000*$N$3*10000 -> 162 | O30: =G30/1000*$N$3*10000 -> 96 | P30: =J30/1000*$N$3*10000 -> 0 | Q30: =(H30+J30)/1000*$N$3*10000 -> 1 | R30: =K30/(100*100)*$N$3 -> 0.25511
B31: 06-3 | E31: 3.52 | G31: 2.49 | H31: 0.13 | K31: =d160Mapping!$E$318 -> 505.1 | M31: =SUM(E31,G31,H31,J31) -> 6.14 | N31: =E31/1000*$N$3*10000 -> 352 | O31: =G31/1000*$N$3*10000 -> 249 | P31: =J31/1000*$N$3*10000 -> 0 | Q31: =(H31+J31)/1000*$N$3*10000 -> 13 | R31: =K31/(100*100)*$N$3 -> 0.5051
B32: 06-4 | E32: 1.67 | G32: 1 | H32: 0.03 | K32: =d160Mapping!$E$332 -> 235.36 | M32: =SUM(E32,G32,H32,J32) -> 2.7 | N32: =E32/1000*$N$3*10000 -> 167 | O32: =G32/1000*$N$3*10000 -> 100 | P32: =J32/1000*$N$3*10000 -> 0 | Q32: =(H32+J32)/1000*$N$3*10000 -> 3 | R32: =K32/(100*100)*$N$3 -> 0.23536
B33: 07-1 | C33: 120-60 | N33: =E33/1000*$N$3*10000 -> 0 | P33: =G33/1000*$N$3*10000 -> 0 | Q33: =J33/1000*$N$3*10000 -> 0 | R33: =(H33+J33)/1000*$N$3*10000 -> 0
B34: 07-2 | C34: 80-60 | N34: =E34/1000*$N$3*10000 -> 0 | P34: =G34/1000*$N$3*10000 -> 0 | Q34: =J34/1000*$N$3*10000 -> 0 | R34: =(H34+J34)/1000*$N$3*10000 -> 0
B35: 07-3 | C35: 120-80 | N35: =E35/1000*$N$3*10000 -> 0 | P35: =G35/1000*$N$3*10000 -> 0 | Q35: =J35/1000*$N$3*10000 -> 0 | R35: =(H35+J35)/1000*$N$3*10000 -> 0
B36: 07-4 | C36: 80-80 | N36: =E36/1000*$N$3*10000 -> 0 | P36: =G36/1000*$N$3*10000 -> 0 | Q36: =J36/1000*$N$3*10000 -> 0 | R36: =(H36+J36)/1000*$N$3*10000 -> 0
B37: 08-1 | C37: 80-120 | N37: =E37/1000*$N$3*10000 -> 0 | P37: =G37/1000*$N$3*10000 -> 0 | Q37: =J37/1000*$N$3*10000 -> 0 | R37: =(H37+J37)/1000*$N$3*10000 -> 0
B38: 08-2 | C38: 120-120 | N38: =E38/1000*$N$3*10000 -> 0 | P38: =G38/1000*$N$3*10000 -> 0 | Q38: =J38/1000*$N$3*10000 -> 0 | R38: =(H38+J38)/1000*$N$3*10000 -> 0
B39: 08-3 | C39: 100-100 | N39: =E39/1000*$N$3*10000 -> 0 | P39: =G39/1000*$N$3*10000 -> 0 | Q39: =J39/1000*$N$3*10000 -> 0 | R39: =(H39+J39)/1000*$N$3*10000 -> 0
B40: 08-4 | C40: 100-80 | N40: =E40/1000*$N$3*10000 -> 0 | P40: =G40/1000*$N$3*10000 -> 0 | Q40: =J40/1000*$N$3*10000 -> 0 | R40: =(H40+J40)/1000*$N$3*10000 -> 0
B41: 09-1 | C41: 80-80 | N41: =E41/1000*$N$3*10000 -> 0 | P41: =G41/1000*$N$3*10000 -> 0 | Q41: =J41/1000*$N$3*10000 -> 0 | R41: =(H41+J41)/1000*$N$3*10000 -> 0
B42: 09-2 | C42: 120-80 | N42: =E42/1000*$N$3*10000 -> 0 | P42: =G42/1000*$N$3*10000 -> 0 | Q42: =J42/1000*$N$3*10000 -> 0 | R42: =(H42+J42)/1000*$N$3*10000 -> 0
B43: 09-3 | C43: 80-60 | N43: =E43/1000*$N$3*10000 -> 0 | P43: =G43/1000*$N$3*10000 -> 0 | Q43: =J43/1000*$N$3*10000 -> 0 | R43: =(H43+J43)/1000*$N$3*10000 -> 0
B44: 09-4 | C44: 100-60 | N44: =E44/1000*$N$3*10000 -> 0 | P44: =G44/1000*$N$3*10000 -> 0 | Q44: =J44/1000*$N$3*10000 -> 0 | R44: =(H44+J44)/1000*$N$3*10000 -> 0
... B52: 11-4 | C52: 120-60 | N52: =E52/1000*$N$3*10000 -> 0 | P52: =G52/1000*$N$3*10000 -> 0 | Q52: =J52/1000*$N$3*10000 -> 0 | R52: =(H52+J52)/1000*$N$3*10000 -> 0
B53: 12-1 | C53: 120-120 | N53: =E53/1000*$N$3*10000 -> 0
B54: 12-2 | C54: 100-120 | N54: =E54/1000*$N$3*10000 -> 0
B55: 12-3 | C55: 80-100 | N55: =E55/1000*$N$3*10000 -> 0
B56: 12-4 | C56: 120-100 | N56: =E56/1000*$N$3*10000 -> 0
B57: 13-1 | C57: 100-80 | N57: =E57/1000*$N$3*10000 -> 0
B58: 13-2 | C58: 80-80 | N58: =E58/1000*$N$3*10000 -> 0
B59: 13-3 | C59: 60-100 | N59: =E59/1000*$N$3*10000 -> 0
B60: 13-4 | C60: 80-100 | N60: =E60/1000*$N$3*10000 -> 0
B61: 14-1 | C61: 60-80 | N61: =E61/1000*$N$3*10000 -> 0
B62: 14-2 | C62: 120-100 | N62: =E62/1000*$N$3*10000 -> 0
B63: 14-3 | C63: 60-120 | N63: =E63/1000*$N$3*10000 -> 0
B64: 14-4 | C64: 80-60 | N64: =E64/1000*$N$3*10000 -> 0
... B72: 16-4 | C72: 100-120 | N72: =E72/1000*$N$3*10000 -> 0

Sheet d174Mapping
B1: 2020 | C1: F13b4 | E1: Cotton | G1: Irrigation scheduling experiment
B2: Plant sampling and Mapping | G2: processed by: | H2: SMM. Leaf areas done d174-175; mapping done d 175-176.
B4: Sampling Date: | C4: 44004 | N4: veg=vegetative branch. May or may not be a split stem | Q4: Seeing some new fruiting patterns this year with the new cotton variety. Multiple fruits on a branch node and multiple branches on mainstem nodes. If 2nd branch on the MS node is a vegetative branch, recorded the fruit under "Fruit on mainstem" and listed the node #. | T4: AA/SS/AA=a branch with 5 nodes. A, A, then a node with 2 Squares, then 2 more nodes. AA-SA=mainstem node with 2 branches. 1st is regular-sized fruiting branch (AA), 2nd is smaller branch (SA) {if just 1 fruit, it seems to be a branch, not just a MS fruit} | AG4: fruit | AH4: = node with a white flower in the 1st position. Need to calculate & enter NAWF,
B5: DOY: | C5: 174 | H5: A = abscised site S = square
B6: Sampling Time: | C6: 0930-1015h | H6: F = white flower G = green boll | N6: missing=no branch at node | AF6: fruit ( / or - ) | AH6: = node with multiple fruit or branches.
B7: Sampled By: | C7: SMM | H7: M = mature (open) boll
B9: Plot | C9: Plant # | D9: DOY Leaf Area Processed | E9: Leaf area of sample (cm2) | H9: Mapping | I9: Above ground height (cm) | J9: Total Main Stem nodes (including coteledonary) | K9: # pre-fruiting nodes | L9: Fruiting branches 1=first branch (above pre-fruiting nodes) | N9: Fruiting branches (cont) | P9: Fruiting branches (cont) | R9: Fruiting branches (cont) | T9: Fruiting branches (cont) | V9: Fruiting branches (cont) | X9: Fruiting branches (cont) | Z9: Fruiting branches (cont) | AB9: Fruiting branches (cont) | AD9: Fruiting branches (cont) | AF9: Fruit on mainstem | AH9: Fruit on non-fruiting branches | AI9: Fruit loose in sample bag | AJ9: NAWF | AK9: Boll with seeds? (Yes/No) | AL9: DOY into oven (stems & repro) | AM9: # branch nodes with more than one fruit | AN9: # mainstem nodes with more than 1 branch | AO9: # abscisions (fruiting branches) | AP9: # abscisions (non-fruiting branches) | AQ9: # abscisions (on main stem) | AR9: # squares (fruiting branches) | AS9: # squares (non-fruiting branches) | AT9: # squares (on main stem) | AU9: # white flowers (fruiting branches) | AV9: # white flowers (non-fruiting branches) | AW9: # white flowers (on main stem) | AX9: # green bolls (fruiting branches) | AY9: # green bolls (non-fruiting branches) | AZ9: # green bolls (on main stem) | BA9: # open bolls (fruiting branches) | BB9: # open bolls (non-fruiting branches) | BC9: # open bolls (on main stem) | BD9: # squares loose in bag | BE9: # flowers loose in bag | BF9: # bolls loose in bag | BG9: # open bolls loose in bag
B10: 01-1 | D10: 174 | E10: 1207.24 | H10: Initials - - - - - DOY | AF10: node # | AO10: =SUM(AO11:AO22) -> 6 | AP10: =SUM(AP11:AP22) -> 1 | AQ10: =SUM(AQ11:AQ22) -> 0 | AR10: =SUM(AR11:AR22) -> 11 | AS10: =SUM(AS11:AS22) -> 4 | AT10: =SUM(AT11:AT22) -> 0 | AU10: =SUM(AU11:AU22) -> 0 | AV10: =SUM(AV11:AV22) -> 0 | ... BG10: =SUM(BG11:BG22) -> 0 | BH10: ← plot sums | BK10: =SUM(AO10:AQ10) -> 7 | BL10: =SUM(AR10:AT10,BD10) -> 15 | BM10: =SUM(AU10:AW10,BE10) -> 0 | BN10: =SUM(AX10:AZ10,BF10) -> 0 | BO10: =SUM(BA10:BC10,BG10) -> 0
C11: 1 | H11: SMM | I11: 56 | J11: 15 | K11: 6 | L11: 1 | M11: SA | N11: 5 | O11: SSS | P11: 9 | Q11: S | R11: 13 | T11: 17 | V11: 21 | X11: 25 | Z11: 29 | AB11: 33 | AD11: 37 | AH11: S | AM11: =SUMPRODUCT(LEN($M11:$AE14)-LEN(SUBSTITUTE($M11:$AE14,"/", "")))/2 -> 0 | AN11: =SUMPRODUCT(LEN($M11:$AE14)-LEN(SUBSTITUTE($M11:$AE14,"-", ""))) -> 0 | AO11: =SUMPRODUCT(LEN($M11:$AE14)-LEN(SUBSTITUTE($M11:$AE14,"A", ""))) -> 6 | AP11: =SUMPRODUCT(LEN($AH11:$AH14)-LEN(SUBSTITUTE($AH11:$AH14,"A", ""))) -> 1 | AQ11: =SUMPRODUCT(LEN($AG11:$AG14)-LEN(SUBSTITUTE($AG11:$AG14,"A", ""))) -> 0 | AR11: =SUMPRODUCT(LEN($M11:$AE14)-LEN(SUBSTITUTE($M11:$AE14,"S", ""))) -> 11 | AS11: =SUMPRODUCT(LEN($AH11:$AH14)-LEN(SUBSTITUTE($AH11:$AH14,"S", ""))) -> 4 | AT11: =SUMPRODUCT(LEN($AG11:$AG14)-LEN(SUBSTITUTE($AG11:$AG14,"S", ""))) -> 0 | AU11: =SUMPRODUCT(LEN($M11:$AE14)-LEN(SUBSTITUTE($M11:$AE14,"F", ""))) -> 0 | AV11: =SUMPRODUCT(LEN($AH11:$AH14)-LEN(SUBSTITUTE($AH11:$AH14,"F", ""))) -> 0 | AW11: =SUMPRODUCT(LEN($AG11:$AG14)-LEN(SUBSTITUTE($AG11:$AG14,"F", ""))) -> 0 | AX11: =SUMPRODUCT(LEN($M11:$AE14)-LEN(SUBSTITUTE($M11:$AE14,"G", ""))) -> 0 | AY11: =SUMPRODUCT(LEN($AH11:$AH14)-LEN(SUBSTITUTE($AH11:$AH14,"G", ""))) -> 0 | AZ11: =SUMPRODUCT(LEN($AG11:$AG14)-LEN(SUBSTITUTE($AG11:$AG14,"G", ""))) -> 0 | BA11: =SUMPRODUCT(LEN($M11:$AE14)-LEN(SUBSTITUTE($M11:$AE14,"M", ""))) -> 0 | BB11: =SUMPRODUCT(LEN($AH11:$AH14)-LEN(SUBSTITUTE($AH11:$AH14,"M", ""))) -> 0 | BC11: =SUMPRODUCT(LEN($AG11:$AG14)-LEN(SUBSTITUTE($AG11:$AG14,"M", ""))) -> 0 | BD11: =SUMPRODUCT(LEN($AI11:$AI14)-LEN(SUBSTITUTE($AI11:$AI14,"S", ""))) -> 0 | BE11: =SUMPRODUCT(LEN($AI11:$AI14)-LEN(SUBSTITUTE($AI11:$AI14,"F", ""))) -> 0 | BF11: =SUMPRODUCT(LEN($AI11:$AI14)-LEN(SUBSTITUTE($AI11:$AI14,"G", ""))) -> 0 | BG11: =SUMPRODUCT(LEN($AI11:$AI14)-LEN(SUBSTITUTE($AI11:$AI14,"M", ""))) -> 0
L12: 2 | M12: SA | N12: 6 | O12: AA | P12: 10 | R12: 14 | T12: 18 | V12: 22 | X12: 26 | Z12: 30 | AB12: 34 | AD12: 38 | AH12: A
H13: 175 | L13: 3 | M13: SAS | N13: 7 | O13: S | P13: 11 | R13: 15 | T13: 19 | V13: 23 | X13: 27 | Z13: 31 | AB13: 35 | AD13: 39 | AH13: SSS
L14: 4 | M14: AS | N14: 8 | O14: S | P14: 12 | R14: 16 | T14: 20 | V14: 24 | X14: 28 | Z14: 32 | AB14: 36 | AD14: 40
C15: 2 | L15: 1- | N15: 5- | P15: 9- | R15: 13- | T15: 17- | V15: 21- | X15: 25- | Z15: 29- | AB15: 33- | AD15: 37- | AO15: =SUMPRODUCT(LEN($M15:$AE18)-LEN(SUBSTITUTE($M15:$AE18,"A", ""))) -> 0 | AP15: =SUMPRODUCT(LEN($AH15:$AH18)-LEN(SUBSTITUTE($AH15:$AH18,"A", ""))) -> 0 | AQ15: =SUMPRODUCT(LEN($AG15:$AG18)-LEN(SUBSTITUTE($AG15:$AG18,"A", ""))) -> 0 | AR15: =SUMPRODUCT(LEN($M15:$AE18)-LEN(SUBSTITUTE($M15:$AE18,"S", ""))) -> 0 | AS15: =SUMPRODUCT(LEN($AH15:$AH18)-LEN(SUBSTITUTE($AH15:$AH18,"S", ""))) -> 0 | AT15: =SUMPRODUCT(LEN($AG15:$AG18)-LEN(SUBSTITUTE($AG15:$AG18,"S", ""))) -> 0 | AU15: =SUMPRODUCT(LEN($M15:$AE18)-LEN(SUBSTITUTE($M15:$AE18,"F", ""))) -> 0 | AV15: =SUMPRODUCT(LEN($AH15:$AH18)-LEN(SUBSTITUTE($AH15:$AH18,"F", ""))) -> 0 | AW15: =SUMPRODUCT(LEN($AG15:$AG18)-LEN(SUBSTITUTE($AG15:$AG18,"F", ""))) -> 0 | AX15: =SUMPRODUCT(LEN($M15:$AE18)-LEN(SUBSTITUTE($M15:$AE18,"G", ""))) -> 0 | AY15: =SUMPRODUCT(LEN($AH15:$AH18)-LEN(SUBSTITUTE($AH15:$AH18,"G", ""))) -> 0 | AZ15: =SUMPRODUCT(LEN($AG15:$AG18)-LEN(SUBSTITUTE($AG15:$AG18,"G", ""))) -> 0 | BA15: =SUMPRODUCT(LEN($M15:$AE18)-LEN(SUBSTITUTE($M15:$AE18,"M", ""))) -> 0 | BB15: =SUMPRODUCT(LEN($AH15:$AH18)-LEN(SUBSTITUTE($AH15:$AH18,"M", ""))) -> 0 | BC15: =SUMPRODUCT(LEN($AG15:$AG18)-LEN(SUBSTITUTE($AG15:$AG18,"M", ""))) -> 0 | BD15: =SUMPRODUCT(LEN($AI15:$AI18)-LEN(SUBSTITUTE($AI15:$AI18,"S", ""))) -> 0 | BE15: =SUMPRODUCT(LEN($AI15:$AI18)-LEN(SUBSTITUTE($AI15:$AI18,"F", ""))) -> 0 | BF15: =SUMPRODUCT(LEN($AI15:$AI18)-LEN(SUBSTITUTE($AI15:$AI18,"G", ""))) -> 0 | BG15: =SUMPRODUCT(LEN($AI15:$AI18)-LEN(SUBSTITUTE($AI15:$AI18,"M", ""))) -> 0
G16: If blank, same person → | L16: 2- | N16: 6- | P16: 10- | R16: 14- | T16: 18- | V16: 22- | X16: 26- | Z16: 30- | AB16: 34- | AD16: 38-
G17: mapped plants 1 & 2 → | L17: 3- | N17: 7- | P17: 11- | R17: 15- | T17: 19- | V17: 23- | X17: 27- | Z17: 31- | AB17: 35- | AD17: 39
L18: 4- | N18: 8- | P18: 12- | R18: 16- | T18: 20 | V18: 24- | X18: 28- | Z18: 32- | AB18: 36- | AD18: 40-
C19: 3 | L19: 1- | N19: 5- | P19: 9- | R19: 13- | T19: 17- | V19: 21- | X19: 25- | Z19: 29- | AB19: 33- | AD19: 37- | AO19: =SUMPRODUCT(LEN($M19:$AE22)-LEN(SUBSTITUTE($M19:$AE22,"A", ""))) -> 0 | AP19: =SUMPRODUCT(LEN($AH19:$AH22)-LEN(SUBSTITUTE($AH19:$AH22,"A", ""))) -> 0 | AQ19: =SUMPRODUCT(LEN($AG19:$AG22)-LEN(SUBSTITUTE($AG19:$AG22,"A", ""))) -> 0 | AR19: =SUMPRODUCT(LEN($M19:$AE22)-LEN(SUBSTITUTE($M19:$AE22,"S", ""))) -> 0 | AS19: =SUMPRODUCT(LEN($AH19:$AH22)-LEN(SUBSTITUTE($AH19:$AH22,"S", ""))) -> 0 | AT19: =SUMPRODUCT(LEN($AG19:$AG22)-LEN(SUBSTITUTE($AG19:$AG22,"S", ""))) -> 0 | AU19: =SUMPRODUCT(LEN($M19:$AE22)-LEN(SUBSTITUTE($M19:$AE22,"F", ""))) -> 0 | AV19: =SUMPRODUCT(LEN($AH19:$AH22)-LEN(SUBSTITUTE($AH19:$AH22,"F", ""))) -> 0 | AW19: =SUMPRODUCT(LEN($AG19:$AG22)-LEN(SUBSTITUTE($AG19:$AG22,"F", ""))) -> 0 | AX19: =SUMPRODUCT(LEN($M19:$AE22)-LEN(SUBSTITUTE($M19:$AE22,"G", ""))) -> 0 | AY19: =SUMPRODUCT(LEN($AH19:$AH22)-LEN(SUBSTITUTE($AH19:$AH22,"G", ""))) -> 0 | AZ19: =SUMPRODUCT(LEN($AG19:$AG22)-LEN(SUBSTITUTE($AG19:$AG22,"G", ""))) -> 0 | BA19: =SUMPRODUCT(LEN($M19:$AE22)-LEN(SUBSTITUTE($M19:$AE22,"M", ""))) -> 0 | BB19: =SUMPRODUCT(LEN($AH19:$AH22)-LEN(SUBSTITUTE($AH19:$AH22,"M", ""))) -> 0 | BC19: =SUMPRODUCT(LEN($AG19:$AG22)-LEN(SUBSTITUTE($AG19:$AG22,"M", ""))) -> 0 | BD19: =SUMPRODUCT(LEN($AI19:$AI22)-LEN(SUBSTITUTE($AI19:$AI22,"S", ""))) -> 0 | BE19: =SUMPRODUCT(LEN($AI19:$AI22)-LEN(SUBSTITUTE($AI19:$AI22,"F", ""))) -> 0 | BF19: =SUMPRODUCT(LEN($AI19:$AI22)-LEN(SUBSTITUTE($AI19:$AI22,"G", ""))) -> 0 | BG19: =SUMPRODUCT(LEN($AI19:$AI22)-LEN(SUBSTITUTE($AI19:$AI22,"M", ""))) -> 0
L20: 2- | N20: 6- | P20: 10- | R20: 14- | T20: 18- | V20: 22- | X20: 26- | Z20: 30- | AB20: 34- | AD20: 38-
L21: 3- | N21: 7- | P21: 11- | R21: 15- | T21: 19- | V21: 23- | X21: 27- | Z21: 31- | AB21: 35- | AD21: 39
L22: 4- | N22: 8- | P22: 12- | R22: 16- | T22: 20 | V22: 24- | X22: 28- | Z22: 32- | AB22: 36- | AD22: 40-
B23: Plot | C23: Plant # | D23: DOY Leaf Area Processed | E23: Leaf area of sample (cm2) | H23: Mapping | I23: Above ground height (cm) | J23: Total Main Stem nodes (including coteledonary) | K23: # pre-fruiting nodes | L23: Fruiting branches 1=first branch (above pre-fruiting nodes) | N23: Fruiting branches (cont) | P23: Fruiting branches (cont) | R23: Fruiting branches (cont) | T23: Fruiting branches (cont) | V23: Fruiting branches (cont) | X23: Fruiting branches (cont) | Z23: Fruiting branches (cont) | AB23: Fruiting branches (cont) | AD23: Fruiting branches (cont) | AF23: Fruit on mainstem | AH23: Fruit on non-fruiting branches | AI23: Fruit loose in sample bag | AJ23: NAWF | AK23: Boll with seeds? (Yes/No) | AL23: DOY into oven (stems & repro) | AM23: # branch nodes with more than one fruit | AN23: # mainstem nodes with more than 1 branch | AO23: # abscisions (fruiting branches) | AP23: # abscisions (non-fruiting branches) | AQ23: # abscisions (on main stem) | AR23: # squares (fruiting branches) | AS23: # squares (non-fruiting branches) | AT23: # squares (on main stem) | AU23: # white flowers (fruiting branches) | AV23: # white flowers (non-fruiting branches) | AW23: # white flowers (on main stem) | AX23: # green bolls (fruiting branches) | AY23: # green bolls (non-fruiting branches) | AZ23: # green bolls (on main stem) | BA23: # open bolls (fruiting branches) | BB23: # open bolls (non-fruiting branches) | BC23: # open bolls (on main stem) | BD23: # squares loose in bag | BE23: # flowers loose in bag | BF23: # bolls loose in bag | BG23: # open bolls loose in bag
B24: 01-2 | D24: 174 | E24: 1494.94 | H24: Initials - - - - - DOY | AF24: node # | AO24: =SUM(AO25:AO36) -> 20 | AP24: =SUM(AP25:AP36) -> 0 | AQ24: =SUM(AQ25:AQ36) -> 0 | AR24: =SUM(AR25:AR36) -> 7 | AS24: =SUM(AS25:AS36) -> 3 | AT24: =SUM(AT25:AT36) -> 0 | AU24: =SUM(AU25:AU36) -> 0 | AV24: =SUM(AV25:AV36) -> 0 | ... BG24: =SUM(BG25:BG36) -> 0 | BH24: ← plot sums | BK24: =SUM(AO24:AQ24) -> 20 | BL24: =SUM(AR24:AT24,BD24) -> 10 | BM24: =SUM(AU24:AW24,BE24) -> 0 | BN24: =SUM(AX24:AZ24,BF24) -> 1 | BO24: =SUM(BA24:BC24,BG24) -> 0
C25: 1 | I25: 62 | J25: 16 | K25: 5 | L25: 1 | M25: ASAS | N25: 5 | O25: AAA | P25: 9 | Q25: A | R25: 13 | T25: 17 | V25: 21 | X25: 25 | Z25: 29 | AB25: 33 | AD25: 37 | AH25: SSS | AM25: =SUMPRODUCT(LEN($M25:$AE28)-LEN(SUBSTITUTE($M25:$AE28,"/", "")))/2 -> 0 | AN25: =SUMPRODUCT(LEN($M25:$AE28)-LEN(SUBSTITUTE($M25:$AE28,"-", ""))) -> 0 | AO25: =SUMPRODUCT(LEN($M25:$AE28)-LEN(SUBSTITUTE($M25:$AE28,"A", ""))) -> 20 | AP25: =SUMPRODUCT(LEN($AH25:$AH28)-LEN(SUBSTITUTE($AH25:$AH28,"A", ""))) -> 0 | AQ25: =SUMPRODUCT(LEN($AG25:$AG28)-LEN(SUBSTITUTE($AG25:$AG28,"A", ""))) -> 0 | AR25: =SUMPRODUCT(LEN($M25:$AE28)-LEN(SUBSTITUTE($M25:$AE28,"S", ""))) -> 7 | AS25: =SUMPRODUCT(LEN($AH25:$AH28)-LEN(SUBSTITUTE($AH25:$AH28,"S", ""))) -> 3 | AT25: =SUMPRODUCT(LEN($AG25:$AG28)-LEN(SUBSTITUTE($AG25:$AG28,"S", ""))) -> 0 | AU25: =SUMPRODUCT(LEN($M25:$AE28)-LEN(SUBSTITUTE($M25:$AE28,"F", ""))) -> 0 | AV25: =SUMPRODUCT(LEN($AH25:$AH28)-LEN(SUBSTITUTE($AH25:$AH28,"F", ""))) -> 0 | AW25: =SUMPRODUCT(LEN($AG25:$AG28)-LEN(SUBSTITUTE($AG25:$AG28,"F", ""))) -> 0 | AX25: =SUMPRODUCT(LEN($M25:$AE28)-LEN(SUBSTITUTE($M25:$AE28,"G", ""))) -> 1 | AY25: =SUMPRODUCT(LEN($AH25:$AH28)-LEN(SUBSTITUTE($AH25:$AH28,"G", ""))) -> 0 | AZ25: =SUMPRODUCT(LEN($AG25:$AG28)-LEN(SUBSTITUTE($AG25:$AG28,"G", ""))) -> 0 | BA25: =SUMPRODUCT(LEN($M25:$AE28)-LEN(SUBSTITUTE($M25:$AE28,"M", ""))) -> 0 | BB25: =SUMPRODUCT(LEN($AH25:$AH28)-LEN(SUBSTITUTE($AH25:$AH28,"M", ""))) -> 0 | BC25: =SUMPRODUCT(LEN($AG25:$AG28)-LEN(SUBSTITUTE($AG25:$AG28,"M", ""))) -> 0 | BD25: =SUMPRODUCT(LEN($AI25:$AI28)-LEN(SUBSTITUTE($AI25:$AI28,"S", ""))) -> 0 | BE25: =SUMPRODUCT(LEN($AI25:$AI28)-LEN(SUBSTITUTE($AI25:$AI28,"F", ""))) -> 0 | BF25: =SUMPRODUCT(LEN($AI25:$AI28)-LEN(SUBSTITUTE($AI25:$AI28,"G", ""))) -> 0 | BG25: =SUMPRODUCT(LEN($AI25:$AI28)-LEN(SUBSTITUTE($AI25:$AI28,"M", ""))) -> 0
L26: 2 | M26: GAAS | N26: 6 | O26: AAA | P26: 10 | Q26: S | R26: 14 | T26: 18 | V26: 22 | X26: 26 | Z26: 30 | AB26: 34 | AD26: 38
H27: 175 | L27: 3 | M27: AASA | N27: 7 | O27: AAA | P27: 11 | Q27: S | R27: 15 | T27: 19 | V27: 23 | X27: 27 | Z27: 31 | AB27: 35 | AD27: 39
L28: 4 | M28: AA | N28: 8 | O28: AS | P28: 12 | R28: 16 | T28: 20 | V28: 24 | X28: 28 | Z28: 32 | AB28: 36 | AD28: 40
C29: 2 | L29: 1- | N29: 5- | P29: 9- | R29: 13- | T29: 17- | V29: 21- | X29: 25- | Z29: 29- | AB29: 33- | AD29: 37- | AO29: =SUMPRODUCT(LEN($M29:$AE32)-LEN(SUBSTITUTE($M29:$AE32,"A", ""))) -> 0 | AP29: =SUMPRODUCT(LEN($AH29:$AH32)-LEN(SUBSTITUTE($AH29:$AH32,"A", ""))) -> 0 | AQ29: =SUMPRODUCT(LEN($AG29:$AG32)-LEN(SUBSTITUTE($AG29:$AG32,"A", ""))) -> 0 | AR29: =SUMPRODUCT(LEN($M29:$AE32)-LEN(SUBSTITUTE($M29:$AE32,"S", ""))) -> 0 | AS29: =SUMPRODUCT(LEN($AH29:$AH32)-LEN(SUBSTITUTE($AH29:$AH32,"S", ""))) -> 0 | AT29: =SUMPRODUCT(LEN($AG29:$AG32)-LEN(SUBSTITUTE($AG29:$AG32,"S", ""))) -> 0 | AU29: =SUMPRODUCT(LEN($M29:$AE32)-LEN(SUBSTITUTE($M29:$AE32,"F", ""))) -> 0 | AV29: =SUMPRODUCT(LEN($AH29:$AH32)-LEN(SUBSTITUTE($AH29:$AH32,"F", ""))) -> 0 | AW29: =SUMPRODUCT(LEN($AG29:$AG32)-LEN(SUBSTITUTE($AG29:$AG32,"F", ""))) -> 0 | AX29: =SUMPRODUCT(LEN($M29:$AE32)-LEN(SUBSTITUTE($M29:$AE32,"G", ""))) -> 0 | AY29: =SUMPRODUCT(LEN($AH29:$AH32)-LEN(SUBSTITUTE($AH29:$AH32,"G", ""))) -> 0 | AZ29: =SUMPRODUCT(LEN($AG29:$AG32)-LEN(SUBSTITUTE($AG29:$AG32,"G", ""))) -> 0 | BA29: =SUMPRODUCT(LEN($M29:$AE32)-LEN(SUBSTITUTE($M29:$AE32,"M", ""))) -> 0 | BB29: =SUMPRODUCT(LEN($AH29:$AH32)-LEN(SUBSTITUTE($AH29:$AH32,"M", ""))) -> 0 | BC29: =SUMPRODUCT(LEN($AG29:$AG32)-LEN(SUBSTITUTE($AG29:$AG32,"M", ""))) -> 0 | BD29: =SUMPRODUCT(LEN($AI29:$AI32)-LEN(SUBSTITUTE($AI29:$AI32,"S", ""))) -> 0 | BE29: =SUMPRODUCT(LEN($AI29:$AI32)-LEN(SUBSTITUTE($AI29:$AI32,"F", ""))) -> 0 | BF29: =SUMPRODUCT(LEN($AI29:$AI32)-LEN(SUBSTITUTE($AI29:$AI32,"G", ""))) -> 0 | BG29: =SUMPRODUCT(LEN($AI29:$AI32)-LEN(SUBSTITUTE($AI29:$AI32,"M", ""))) -> 0
L30: 2- | N30: 6- | P30: 10- | R30: 14- | T30: 18- | V30: 22- | X30: 26- | Z30: 30- | AB30: 34- | AD30: 38-
L31: 3- | N31: 7- | P31: 11- | R31: 15- | T31: 19- | V31: 23- | X31: 27- | Z31: 31- | AB31: 35- | AD31: 39
L32: 4- | N32: 8- | P32: 12- | R32: 16- | T32: 20 | V32: 24- | X32: 28- | Z32: 32- | AB32: 36- | AD32: 40-
C33: 3 | L33: 1- | N33: 5- | P33: 9- | R33: 13- | T33: 17- | V33: 21- | X33: 25- | Z33: 29- | AB33: 33- | AD33: 37- | AO33: =SUMPRODUCT(LEN($M33:$AE36)-LEN(SUBSTITUTE($M33:$AE36,"A", ""))) -> 0 | AP33: =SUMPRODUCT(LEN($AH33:$AH36)-LEN(SUBSTITUTE($AH33:$AH36,"A", ""))) -> 0 | AQ33: =SUMPRODUCT(LEN($AG33:$AG36)-LEN(SUBSTITUTE($AG33:$AG36,"A", ""))) -> 0 | AR33: =SUMPRODUCT(LEN($M33:$AE36)-LEN(SUBSTITUTE($M33:$AE36,"S", ""))) -> 0 | AS33: =SUMPRODUCT(LEN($AH33:$AH36)-LEN(SUBSTITUTE($AH33:$AH36,"S", ""))) -> 0 | AT33: =SUMPRODUCT(LEN($AG33:$AG36)-LEN(SUBSTITUTE($AG33:$AG36,"S", ""))) -> 0 | AU33: =SUMPRODUCT(LEN($M33:$AE36)-LEN(SUBSTITUTE($M33:$AE36,"F", ""))) -> 0 | AV33: =SUMPRODUCT(LEN($AH33:$AH36)-LEN(SUBSTITUTE($AH33:$AH36,"F", ""))) -> 0 | AW33: =SUMPRODUCT(LEN($AG33:$AG36)-LEN(SUBSTITUTE($AG33:$AG36,"F", ""))) -> 0 | AX33: =SUMPRODUCT(LEN($M33:$AE36)-LEN(SUBSTITUTE($M33:$AE36,"G", ""))) -> 0 | AY33: =SUMPRODUCT(LEN($AH33:$AH36)-LEN(SUBSTITUTE($AH33:$AH36,"G", ""))) -> 0 | AZ33: =SUMPRODUCT(LEN($AG33:$AG36)-LEN(SUBSTITUTE($AG33:$AG36,"G", ""))) -> 0 | BA33: =SUMPRODUCT(LEN($M33:$AE36)-LEN(SUBSTITUTE($M33:$AE36,"M", ""))) -> 0 | BB33: =SUMPRODUCT(LEN($AH33:$AH36)-LEN(SUBSTITUTE($AH33:$AH36,"M", ""))) -> 0 | BC33: =SUMPRODUCT(LEN($AG33:$AG36)-LEN(SUBSTITUTE($AG33:$AG36,"M", ""))) -> 0 | BD33: =SUMPRODUCT(LEN($AI33:$AI36)-LEN(SUBSTITUTE($AI33:$AI36,"S", ""))) -> 0 | BE33: =SUMPRODUCT(LEN($AI33:$AI36)-LEN(SUBSTITUTE($AI33:$AI36,"F", ""))) -> 0 | BF33: =SUMPRODUCT(LEN($AI33:$AI36)-LEN(SUBSTITUTE($AI33:$AI36,"G", ""))) -> 0 | BG33: =SUMPRODUCT(LEN($AI33:$AI36)-LEN(SUBSTITUTE($AI33:$AI36,"M", ""))) -> 0
L34: 2- | N34: 6- | P34: 10- | R34: 14- | T34: 18- | V34: 22- | X34: 26- | Z34: 30- | AB34: 34- | AD34: 38-
L35: 3- | N35: 7- | P35: 11- | R35: 15- | T35: 19- | V35: 23- | X35: 27- | Z35: 31- | AB35: 35- | AD35: 39
L36: 4- | N36: 8- | P36: 12- | R36: 16- | T36: 20 | V36: 24- | X36: 28- | Z36: 32- | AB36: 36- | AD36: 40-
B37: Plot | C37: Plant # | D37: DOY Leaf Area Processed | E37: Leaf area of sample (cm2) | H37: Mapping | I37: Above ground height (cm) | J37: Total Main Stem nodes (including coteledonary) | K37: # pre-fruiting nodes | L37: Fruiting branches 1=first branch (above pre-fruiting nodes) | N37: Fruiting branches (cont) | P37: Fruiting branches (cont) | R37: Fruiting branches (cont) | T37: Fruiting branches (cont) | V37: Fruiting branches (cont) | X37: Fruiting branches (cont) | Z37: Fruiting branches (cont) | AB37: Fruiting branches (cont) | AD37: Fruiting branches (cont) | AF37: Fruit on mainstem | AH37: Fruit on non-fruiting branches | AI37: Fruit loose in sample bag | AJ37: NAWF | AK37: Boll with seeds? (Yes/No) | AL37: DOY into oven (stems & repro) | AM37: # branch nodes with more than one fruit | AN37: # mainstem nodes with more than 1 branch | AO37: # abscisions (fruiting branches) | AP37: # abscisions (non-fruiting branches) | AQ37: # abscisions (on main stem) | AR37: # squares (fruiting branches) | AS37: # squares (non-fruiting branches) | AT37: # squares (on main stem) | AU37: # white flowers (fruiting branches) | AV37: # white flowers (non-fruiting branches) | AW37: # white flowers (on main stem) | AX37: # green bolls (fruiting branches) | AY37: # green bolls (non-fruiting branches) | AZ37: # green bolls (on main stem) | BA37: # open bolls (fruiting branches) | BB37: # open bolls (non-fruiting branches) | BC37: # open bolls (on main stem) | BD37: # squares loose in bag | BE37: # flowers loose in bag | BF37: # bolls loose in bag | BG37: # open bolls loose in bag
B38: 01-3 | E38: 1150.2 | H38: Initials - - - - - DOY | AF38: node # | AO38: =SUM(AO39:AO50) -> 10 | AP38: =SUM(AP39:AP50) -> 0 | AQ38: =SUM(AQ39:AQ50) -> 0 | AR38: =SUM(AR39:AR50) -> 9 | AS38: =SUM(AS39:AS50) -> 5 | AT38: =SUM(AT39:AT50) -> 0 | AU38: =SUM(AU39:AU50) -> 0 | AV38: =SUM(AV39:AV50) -> 0 | ... BG38: =SUM(BG39:BG50) -> 0 | BH38: ← plot sums | BK38: =SUM(AO38:AQ38) -> 10 | BL38: =SUM(AR38:AT38,BD38) -> 15 | BM38: =SUM(AU38:AW38,BE38) -> 0 | BN38: =SUM(AX38:AZ38,BF38) -> 0 | BO38: =SUM(BA38:BC38,BG38) -> 0
C39: 1 | I39: 53 | J39: 15 | K39: 6 | L39: 1 | M39: AA | N39: 5 | O39: AA | P39: 9 | Q39: S | R39: 13 | T39: 17 | V39: 21 | X39: 25 | Z39: 29 | AB39: 33 | AD39: 37 | AH39: SS | AI39: S | AM39: =SUMPRODUCT(LEN($M39:$AE42)-LEN(SUBSTITUTE($M39:$AE42,"/", "")))/2 -> 0 | AN39: =SUMPRODUCT(LEN($M39:$AE42)-LEN(SUBSTITUTE($M39:$AE42,"-", ""))) -> 0 | AO39: =SUMPRODUCT(LEN($M39:$AE42)-LEN(SUBSTITUTE($M39:$AE42,"A", ""))) -> 10 | AP39: =SUMPRODUCT(LEN($AH39:$AH42)-LEN(SUBSTITUTE($AH39:$AH42,"A", ""))) -> 0 | AQ39: =SUMPRODUCT(LEN($AG39:$AG42)-LEN(SUBSTITUTE($AG39:$AG42,"A", ""))) -> 0 | AR39: =SUMPRODUCT(LEN($M39:$AE42)-LEN(SUBSTITUTE($M39:$AE42,"S", ""))) -> 9 | AS39: =SUMPRODUCT(LEN($AH39:$AH42)-LEN(SUBSTITUTE($AH39:$AH42,"S", ""))) -> 5 | AT39: =SUMPRODUCT(LEN($AG39:$AG42)-LEN(SUBSTITUTE($AG39:$AG42,"S", ""))) -> 0 | AU39: =SUMPRODUCT(LEN($M39:$AE42)-LEN(SUBSTITUTE($M39:$AE42,"F", ""))) -> 0 | AV39: =SUMPRODUCT(LEN($AH39:$AH42)-LEN(SUBSTITUTE($AH39:$AH42,"F", ""))) -> 0 | AW39: =SUMPRODUCT(LEN($AG39:$AG42)-LEN(SUBSTITUTE($AG39:$AG42,"F", ""))) -> 0 | AX39: =SUMPRODUCT(LEN($M39:$AE42)-LEN(SUBSTITUTE($M39:$AE42,"G", ""))) -> 0 | AY39: =SUMPRODUCT(LEN($AH39:$AH42)-LEN(SUBSTITUTE($AH39:$AH42,"G", ""))) -> 0 | AZ39: =SUMPRODUCT(LEN($AG39:$AG42)-LEN(SUBSTITUTE($AG39:$AG42,"G", ""))) -> 0 | BA39: =SUMPRODUCT(LEN($M39:$AE42)-LEN(SUBSTITUTE($M39:$AE42,"M", ""))) -> 0 | BB39: =SUMPRODUCT(LEN($AH39:$AH42)-LEN(SUBSTITUTE($AH39:$AH42,"M", ""))) -> 0 | BC39: =SUMPRODUCT(LEN($AG39:$AG42)-LEN(SUBSTITUTE($AG39:$AG42,"M", ""))) -> 0 | BD39: =SUMPRODUCT(LEN($AI39:$AI42)-LEN(SUBSTITUTE($AI39:$AI42,"S", ""))) -> 1 | BE39: =SUMPRODUCT(LEN($AI39:$AI42)-LEN(SUBSTITUTE($AI39:$AI42,"F", ""))) -> 0 | BF39: =SUMPRODUCT(LEN($AI39:$AI42)-LEN(SUBSTITUTE($AI39:$AI42,"G", ""))) -> 0 | BG39: =SUMPRODUCT(LEN($AI39:$AI42)-LEN(SUBSTITUTE($AI39:$AI42,"M", ""))) -> 0
L40: 2 | M40: SSA | N40: 6 | O40: AA | P40: 10 | R40: 14 | T40: 18 | V40: 22 | X40: 26 | Z40: 30 | AB40: 34 | AD40: 38 | AH40: SSS
L41: 3 | M41: SAS | N41: 7 | O41: AS | P41: 11 | R41: 15 | T41: 19 | V41: 23 | X41: 27 | Z41: 31 | AB41: 35 | AD41: 39
L42: 4 | M42: SSS | N42: 8 | O42: A | P42: 12 | R42: 16 | T42: 20 | V42: 24 | X42: 28 | Z42: 32 | AB42: 36 | AD42: 40
C43: 2 | L43: 1- | N43: 5- | P43: 9- | R43: 13- | T43: 17- | V43: 21- | X43: 25- | Z43: 29- | AB43: 33- | AD43: 37- | AO43: =SUMPRODUCT(LEN($M43:$AE46)-LEN(SUBSTITUTE($M43:$AE46,"A", ""))) -> 0 | AP43: =SUMPRODUCT(LEN($AH43:$AH46)-LEN(SUBSTITUTE($AH43:$AH46,"A", ""))) -> 0 | AQ43: =SUMPRODUCT(LEN($AG43:$AG46)-LEN(SUBSTITUTE($AG43:$AG46,"A", ""))) -> 0 | AR43: =SUMPRODUCT(LEN($M43:$AE46)-LEN(SUBSTITUTE($M43:$AE46,"S", ""))) -> 0 | AS43: =SUMPRODUCT(LEN($AH43:$AH46)-LEN(SUBSTITUTE($AH43:$AH46,"S", ""))) -> 0 | AT43: =SUMPRODUCT(LEN($AG43:$AG46)-LEN(SUBSTITUTE($AG43:$AG46,"S", ""))) -> 0 | AU43: =SUMPRODUCT(LEN($M43:$AE46)-LEN(SUBSTITUTE($M43:$AE46,"F", ""))) -> 0 | AV43: =SUMPRODUCT(LEN($AH43:$AH46)-LEN(SUBSTITUTE($AH43:$AH46,"F", ""))) -> 0 | AW43: =SUMPRODUCT(LEN($AG43:$AG46)-LEN(SUBSTITUTE($AG43:$AG46,"F", ""))) -> 0 | AX43: =SUMPRODUCT(LEN($M43:$AE46)-LEN(SUBSTITUTE($M43:$AE46,"G", ""))) -> 0 | AY43: =SUMPRODUCT(LEN($AH43:$AH46)-LEN(SUBSTITUTE($AH43:$AH46,"G", ""))) -> 0 | AZ43: =SUMPRODUCT(LEN($AG43:$AG46)-LEN(SUBSTITUTE($AG43:$AG46,"G", ""))) -> 0 | BA43: =SUMPRODUCT(LEN($M43:$AE46)-LEN(SUBSTITUTE($M43:$AE46,"M", ""))) -> 0 | BB43: =SUMPRODUCT(LEN($AH43:$AH46)-LEN(SUBSTITUTE($AH43:$AH46,"M", ""))) -> 0 | BC43: =SUMPRODUCT(LEN($AG43:$AG46)-LEN(SUBSTITUTE($AG43:$AG46,"M", ""))) -> 0 | BD43: =SUMPRODUCT(LEN($AI43:$AI46)-LEN(SUBSTITUTE($AI43:$AI46,"S", ""))) -> 0 | BE43: =SUMPRODUCT(LEN($AI43:$AI46)-LEN(SUBSTITUTE($AI43:$AI46,"F", ""))) -> 0 | BF43: =SUMPRODUCT(LEN($AI43:$AI46)-LEN(SUBSTITUTE($AI43:$AI46,"G", ""))) -> 0 | BG43: =SUMPRODUCT(LEN($AI43:$AI46)-LEN(SUBSTITUTE($AI43:$AI46,"M", ""))) -> 0
L44: 2- | N44: 6- | P44: 10- | R44: 14- | T44: 18- | V44: 22- | X44: 26- | Z44: 30- | AB44: 34- | AD44: 38-
L45: 3- | N45: 7- | P45: 11- | R45: 15- | T45: 19- | V45: 23- | X45: 27- | Z45: 31- | AB45: 35- | AD45: 39
L46: 4- | N46: 8- | P46: 12- | R46: 16- | T46: 20 | V46: 24- | X46: 28- | Z46: 32- | AB46: 36- | AD46: 40-
C47: 3 | L47: 1- | N47: 5- | P47: 9- | R47: 13- | T47: 17- | V47: 21- | X47: 25- | Z47: 29- | AB47: 33- | AD47: 37- | AO47: =SUMPRODUCT(LEN($M47:$AE50)-LEN(SUBSTITUTE($M47:$AE50,"A", ""))) -> 0 | AP47: =SUMPRODUCT(LEN($AH47:$AH50)-LEN(SUBSTITUTE($AH47:$AH50,"A", ""))) -> 0 | AQ47: =SUMPRODUCT(LEN($AG47:$AG50)-LEN(SUBSTITUTE($AG47:$AG50,"A", ""))) -> 0 | AR47: =SUMPRODUCT(LEN($M47:$AE50)-LEN(SUBSTITUTE($M47:$AE50,"S", ""))) -> 0 | AS47: =SUMPRODUCT(LEN($AH47:$AH50)-LEN(SUBSTITUTE($AH47:$AH50,"S", ""))) -> 0 | AT47: =SUMPRODUCT(LEN($AG47:$AG50)-LEN(SUBSTITUTE($AG47:$AG50,"S", ""))) -> 0 | AU47: =SUMPRODUCT(LEN($M47:$AE50)-LEN(SUBSTITUTE($M47:$AE50,"F", ""))) -> 0 | AV47: =SUMPRODUCT(LEN($AH47:$AH50)-LEN(SUBSTITUTE($AH47:$AH50,"F", ""))) -> 0 | AW47: =SUMPRODUCT(LEN($AG47:$AG50)-LEN(SUBSTITUTE($AG47:$AG50,"F", ""))) -> 0 | AX47: =SUMPRODUCT(LEN($M47:$AE50)-LEN(SUBSTITUTE($M47:$AE50,"G", ""))) -> 0 | AY47: =SUMPRODUCT(LEN($AH47:$AH50)-LEN(SUBSTITUTE($AH47:$AH50,"G", ""))) -> 0 | AZ47: =SUMPRODUCT(LEN($AG47:$AG50)-LEN(SUBSTITUTE($AG47:$AG50,"G", ""))) -> 0 | BA47: =SUMPRODUCT(LEN($M47:$AE50)-LEN(SUBSTITUTE($M47:$AE50,"M", ""))) -> 0 | BB47: =SUMPRODUCT(LEN($AH47:$AH50)-LEN(SUBSTITUTE($AH47:$AH50,"M", ""))) -> 0 | BC47: =SUMPRODUCT(LEN($AG47:$AG50)-LEN(SUBSTITUTE($AG47:$AG50,"M", ""))) -> 0 | BD47: =SUMPRODUCT(LEN($AI47:$AI50)-LEN(SUBSTITUTE($AI47:$AI50,"S", ""))) -> 0 | BE47: =SUMPRODUCT(LEN($AI47:$AI50)-LEN(SUBSTITUTE($AI47:$AI50,"F", ""))) -> 0 | BF47: =SUMPRODUCT(LEN($AI47:$AI50)-LEN(SUBSTITUTE($AI47:$AI50,"G", ""))) -> 0 | BG47: =SUMPRODUCT(LEN($AI47:$AI50)-LEN(SUBSTITUTE($AI47:$AI50,"M", ""))) -> 0
L48: 2- | N48: 6- | P48: 10- | R48: 14- | T48: 18- | V48: 22- | X48: 26- | Z48: 30- | AB48: 34- | AD48: 38-
L49: 3- | N49: 7- | P49: 11- | R49: 15- | T49: 19- | V49: 23- | X49: 27- | Z49: 31- | AB49: 35- | AD49: 39
L50: 4- | N50: 8- | P50: 12- | R50: 16- | T50: 20 | V50: 24- | X50: 28- | Z50: 32- | AB50: 36- | AD50: 40-
B51: Plot | C51: Plant # | D51: DOY Leaf Area Processed | E51: Leaf area of sample (cm2) | H51: Mapping | I51: Above ground height (cm) | J51: Total Main Stem nodes (including coteledonary) | K51: # pre-fruiting nodes | L51: Fruiting branches 1=first branch (above pre-fruiting nodes) | N51: Fruiting branches (cont) | P51: Fruiting branches (cont) | R51: Fruiting branches (cont) | T51: Fruiting branches (cont) | V51: Fruiting branches (cont) | X51: Fruiting branches (cont) | Z51: Fruiting branches (cont) | AB51: Fruiting branches (cont) | AD51: Fruiting branches (cont) | AF51: Fruit on mainstem | AH51: Fruit on non-fruiting branches | AI51: Fruit loose in sample bag | AJ51: NAWF | AK51: Boll with seeds? (Yes/No) | AL51: DOY into oven (stems & repro) | AM51: # branch nodes with more than one fruit | AN51: # mainstem nodes with more than 1 branch | AO51: # abscisions (fruiting branches) | AP51: # abscisions (non-fruiting branches) | AQ51: # abscisions (on main stem) | AR51: # squares (fruiting branches) | AS51: # squares (non-fruiting branches) | AT51: # squares (on main stem) | AU51: # white flowers (fruiting branches) | AV51: # white flowers (non-fruiting branches) | AW51: # white flowers (on main stem) | AX51: # green bolls (fruiting branches) | AY51: # green bolls (non-fruiting branches) | AZ51: # green bolls (on main stem) | BA51: # open bolls (fruiting branches) | BB51: # open bolls (non-fruiting branches) | BC51: # open bolls (on main stem) | BD51: # squares loose in bag | BE51: # flowers loose in bag | BF51: # bolls loose in bag | BG51: # open bolls loose in bag
B52: 01-4 | E52: 1574.24 | H52: Initials - - - - - DOY | AF52: node # | AO52: =SUM(AO53:AO64) -> 10 | AP52: =SUM(AP53:AP64) -> 2 | AQ52: =SUM(AQ53:AQ64) -> 0 | AR52: =SUM(AR53:AR64) -> 10 | AS52: =SUM(AS53:AS64) -> 3 | AT52: =SUM(AT53:AT64) -> 0 | AU52: =SUM(AU53:AU64) -> 0 | AV52: =SUM(AV53:AV64) -> 0 | ... BG52: =SUM(BG53:BG64) -> 0 | BH52: ← plot sums | BK52: =SUM(AO52:AQ52) -> 12 | BL52: =SUM(AR52:AT52,BD52) -> 13 | BM52: =SUM(AU52:AW52,BE52) -> 0 | BN52: =SUM(AX52:AZ52,BF52) -> 0 | BO52: =SUM(BA52:BC52,BG52) -> 0
C53: 1 | I53: 60 | J53: 15 | K53: 6 | L53: 1 | M53: AS | N53: 5 | O53: AAS | P53: 9 | Q53: S | R53: 13 | T53: 17 | V53: 21 | X53: 25 | Z53: 29 | AB53: 33 | AD53: 37 | AH53: S | AM53: =SUMPRODUCT(LEN($M53:$AE56)-LEN(SUBSTITUTE($M53:$AE56,"/", "")))/2 -> 0 | AN53: =SUMPRODUCT(LEN($M53:$AE56)-LEN(SUBSTITUTE($M53:$AE56,"-", ""))) -> 0 | AO53: =SUMPRODUCT(LEN($M53:$AE56)-LEN(SUBSTITUTE($M53:$AE56,"A", ""))) -> 10 | AP53: =SUMPRODUCT(LEN($AH53:$AH56)-LEN(SUBSTITUTE($AH53:$AH56,"A", ""))) -> 2 | AQ53: =SUMPRODUCT(LEN($AG53:$AG56)-LEN(SUBSTITUTE($AG53:$AG56,"A", ""))) -> 0 | AR53: =SUMPRODUCT(LEN($M53:$AE56)-LEN(SUBSTITUTE($M53:$AE56,"S", ""))) -> 10 | AS53: =SUMPRODUCT(LEN($AH53:$AH56)-LEN(SUBSTITUTE($AH53:$AH56,"S", ""))) -> 3 | AT53: =SUMPRODUCT(LEN($AG53:$AG56)-LEN(SUBSTITUTE($AG53:$AG56,"S", ""))) -> 0 | AU53: =SUMPRODUCT(LEN($M53:$AE56)-LEN(SUBSTITUTE($M53:$AE56,"F", ""))) -> 0 | AV53: =SUMPRODUCT(LEN($AH53:$AH56)-LEN(SUBSTITUTE($AH53:$AH56,"F", ""))) -> 0 | AW53: =SUMPRODUCT(LEN($AG53:$AG56)-LEN(SUBSTITUTE($AG53:$AG56,"F", ""))) -> 0 | AX53: =SUMPRODUCT(LEN($M53:$AE56)-LEN(SUBSTITUTE($M53:$AE56,"G", ""))) -> 0 | AY53: =SUMPRODUCT(LEN($AH53:$AH56)-LEN(SUBSTITUTE($AH53:$AH56,"G", ""))) -> 0 | AZ53: =SUMPRODUCT(LEN($AG53:$AG56)-LEN(SUBSTITUTE($AG53:$AG56,"G", ""))) -> 0 | BA53: =SUMPRODUCT(LEN($M53:$AE56)-LEN(SUBSTITUTE($M53:$AE56,"M", ""))) -> 0 | BB53: =SUMPRODUCT(LEN($AH53:$AH56)-LEN(SUBSTITUTE($AH53:$AH56,"M", ""))) -> 0 | BC53: =SUMPRODUCT(LEN($AG53:$AG56)-LEN(SUBSTITUTE($AG53:$AG56,"M", ""))) -> 0 | BD53: =SUMPRODUCT(LEN($AI53:$AI56)-LEN(SUBSTITUTE($AI53:$AI56,"S", ""))) -> 0 | BE53: =SUMPRODUCT(LEN($AI53:$AI56)-LEN(SUBSTITUTE($AI53:$AI56,"F", ""))) -> 0 | BF53: =SUMPRODUCT(LEN($AI53:$AI56)-LEN(SUBSTITUTE($AI53:$AI56,"G", ""))) -> 0 | BG53: =SUMPRODUCT(LEN($AI53:$AI56)-LEN(SUBSTITUTE($AI53:$AI56,"M", ""))) -> 0
L54: 2 | M54: SAA | N54: 6 | O54: SS | P54: 10 | R54: 14 | T54: 18 | V54: 22 | X54: 26 | Z54: 30 | AB54: 34 | AD54: 38 | AH54: SS
L55: 3 | M55: SAS | N55: 7 | O55: SS | P55: 11 | R55: 15 | T55: 19 | V55: 23 | X55: 27 | Z55: 31 | AB55: 35 | AD55: 39 | AH55: AA
L56: 4 | M56: AAA | N56: 8 | O56: A | P56: 12 | R56: 16 | T56: 20 | V56: 24 | X56: 28 | Z56: 32 | AB56: 36 | AD56: 40
C57: 2 | L57: 1- | N57: 5- | P57: 9- | R57: 13- | T57: 17- | V57: 21- | X57: 25- | Z57: 29- | AB57: 33- | AD57: 37- | AO57: =SUMPRODUCT(LEN($M57:$AE60)-LEN(SUBSTITUTE($M57:$AE60,"A", ""))) -> 0 | AP57: =SUMPRODUCT(LEN($AH57:$AH60)-LEN(SUBSTITUTE($AH57:$AH60,"A", ""))) -> 0 | AQ57: =SUMPRODUCT(LEN($AG57:$AG60)-LEN(SUBSTITUTE($AG57:$AG60,"A", ""))) -> 0 | AR57: =SUMPRODUCT(LEN($M57:$AE60)-LEN(SUBSTITUTE($M57:$AE60,"S", ""))) -> 0 | AS57: =SUMPRODUCT(LEN($AH57:$AH60)-LEN(SUBSTITUTE($AH57:$AH60,"S", ""))) -> 0 | AT57: =SUMPRODUCT(LEN($AG57:$AG60)-LEN(SUBSTITUTE($AG57:$AG60,"S", ""))) -> 0 | AU57: =SUMPRODUCT(LEN($M57:$AE60)-LEN(SUBSTITUTE($M57:$AE60,"F", ""))) -> 0 | AV57: =SUMPRODUCT(LEN($AH57:$AH60)-LEN(SUBSTITUTE($AH57:$AH60,"F", ""))) -> 0 | AW57: =SUMPRODUCT(LEN($AG57:$AG60)-LEN(SUBSTITUTE($AG57:$AG60,"F", ""))) -> 0 | AX57: =SUMPRODUCT(LEN($M57:$AE60)-LEN(SUBSTITUTE($M57:$AE60,"G", ""))) -> 0 | AY57: =SUMPRODUCT(LEN($AH57:$AH60)-LEN(SUBSTITUTE($AH57:$AH60,"G", ""))) -> 0 | AZ57: =SUMPRODUCT(LEN($AG57:$AG60)-LEN(SUBSTITUTE($AG57:$AG60,"G", ""))) -> 0 | BA57: =SUMPRODUCT(LEN($M57:$AE60)-LEN(SUBSTITUTE($M57:$AE60,"M", ""))) -> 0 | BB57: =SUMPRODUCT(LEN($AH57:$AH60)-LEN(SUBSTITUTE($AH57:$AH60,"M", ""))) -> 0 | BC57: =SUMPRODUCT(LEN($AG57:$AG60)-LEN(SUBSTITUTE($AG57:$AG60,"M", ""))) -> 0 | BD57: =SUMPRODUCT(LEN($AI57:$AI60)-LEN(SUBSTITUTE($AI57:$AI60,"S", ""))) -> 0 | BE57: =SUMPRODUCT(LEN($AI57:$AI60)-LEN(SUBSTITUTE($AI57:$AI60,"F", ""))) -> 0 | BF57: =SUMPRODUCT(LEN($AI57:$AI60)-LEN(SUBSTITUTE($AI57:$AI60,"G", ""))) -> 0 | BG57: =SUMPRODUCT(LEN($AI57:$AI60)-LEN(SUBSTITUTE($AI57:$AI60,"M", ""))) -> 0
L58: 2- | N58: 6- | P58: 10- | R58: 14- | T58: 18- | V58: 22- | X58: 26- | Z58: 30- | AB58: 34- | AD58: 38-
L59: 3- | N59: 7- | P59: 11- | R59: 15- | T59: 19- | V59: 23- | X59: 27- | Z59: 31- | AB59: 35- | AD59: 39
L60: 4- | N60: 8- | P60: 12- | R60: 16- | T60: 20 | V60: 24- | X60: 28- | Z60: 32- | AB60: 36- | AD60: 40-
C61: 3 | L61: 1- | N61: 5- | P61: 9- | R61: 13- | T61: 17- | V61: 21- | X61: 25- | Z61: 29- | AB61: 33- | AD61: 37- | AO61: =SUMPRODUCT(LEN($M61:$AE64)-LEN(SUBSTITUTE($M61:$AE64,"A", ""))) -> 0 | AP61: =SUMPRODUCT(LEN($AH61:$AH64)-LEN(SUBSTITUTE($AH61:$AH64,"A", ""))) -> 0 | AQ61: =SUMPRODUCT(LEN($AG61:$AG64)-LEN(SUBSTITUTE($AG61:$AG64,"A", ""))) -> 0 | AR61: =SUMPRODUCT(LEN($M61:$AE64)-LEN(SUBSTITUTE($M61:$AE64,"S", ""))) -> 0 | AS61: =SUMPRODUCT(LEN($AH61:$AH64)-LEN(SUBSTITUTE($AH61:$AH64,"S", ""))) -> 0 | AT61: =SUMPRODUCT(LEN($AG61:$AG64)-LEN(SUBSTITUTE($AG61:$AG64,"S", ""))) -> 0 | AU61: =SUMPRODUCT(LEN($M61:$AE64)-LEN(SUBSTITUTE($M61:$AE64,"F", ""))) -> 0 | AV61: =SUMPRODUCT(LEN($AH61:$AH64)-LEN(SUBSTITUTE($AH61:$AH64,"F", ""))) -> 0 | AW61: =SUMPRODUCT(LEN($AG61:$AG64)-LEN(SUBSTITUTE($AG61:$AG64,"F", ""))) -> 0 | AX61: =SUMPRODUCT(LEN($M61:$AE64)-LEN(SUBSTITUTE($M61:$AE64,"G", ""))) -> 0 | AY61: =SUMPRODUCT(LEN($AH61:$AH64)-LEN(SUBSTITUTE($AH61:$AH64,"G", ""))) -> 0 | AZ61: =SUMPRODUCT(LEN($AG61:$AG64)-LEN(SUBSTITUTE($AG61:$AG64,"G", ""))) -> 0 | BA61: =SUMPRODUCT(LEN($M61:$AE64)-LEN(SUBSTITUTE($M61:$AE64,"M", ""))) -> 0 | BB61: =SUMPRODUCT(LEN($AH61:$AH64)-LEN(SUBSTITUTE($AH61:$AH64,"M", ""))) -> 0 | BC61: =SUMPRODUCT(LEN($AG61:$AG64)-LEN(SUBSTITUTE($AG61:$AG64,"M", ""))) -> 0 | BD61: =SUMPRODUCT(LEN($AI61:$AI64)-LEN(SUBSTITUTE($AI61:$AI64,"S", ""))) -> 0 | BE61: =SUMPRODUCT(LEN($AI61:$AI64)-LEN(SUBSTITUTE($AI61:$AI64,"F", ""))) -> 0 | BF61: =SUMPRODUCT(LEN($AI61:$AI64)-LEN(SUBSTITUTE($AI61:$AI64,"G", ""))) -> 0 | BG61: =SUMPRODUCT(LEN($AI61:$AI64)-LEN(SUBSTITUTE($AI61:$AI64,"M", ""))) -> 0
L62: 2- | N62: 6- | P62: 10- | R62: 14- | T62: 18- | V62: 22- | X62: 26- | Z62: 30- | AB62: 34- | AD62: 38-
L63: 3- | N63: 7- | P63: 11- | R63: 15- | T63: 19- | V63: 23- | X63: 27- | Z63: 31- | AB63: 35- | AD63: 39
L64: 4- | N64: 8- | P64: 12- | R64: 16- | T64: 20 | V64: 24- | X64: 28- | Z64: 32- | AB64: 36- | AD64: 40-
B65: Plot | C65: Plant # | D65: DOY Leaf Area Processed | E65: Leaf area of sample (cm2) | H65: Mapping | I65: Above ground height (cm) | J65: Total Main Stem nodes (including coteledonary) | K65: # pre-fruiting nodes | L65: Fruiting branches 1=first branch (above pre-fruiting nodes) | N65: Fruiting branches (cont) | P65: Fruiting branches (cont) | R65: Fruiting branches (cont) | T65: Fruiting branches (cont) | V65: Fruiting branches (cont) | X65: Fruiting branches (cont) | Z65: Fruiting branches (cont) | AB65: Fruiting branches (cont) | AD65: Fruiting branches (cont) | AF65: Fruit on mainstem | AH65: Fruit on non-fruiting branches | AI65: Fruit loose in sample bag | AJ65: NAWF | AK65: Boll with seeds? (Yes/No) | AL65: DOY into oven (stems & repro) | AM65: # branch nodes with more than one fruit | AN65: # mainstem nodes with more than 1 branch | AO65: # abscisions (fruiting branches) | AP65: # abscisions (non-fruiting branches) | AQ65: # abscisions (on main stem) | AR65: # squares (fruiting branches) | AS65: # squares (non-fruiting branches) | AT65: # squares (on main stem) | AU65: # white flowers (fruiting branches) | AV65: # white flowers (non-fruiting branches) | AW65: # white flowers (on main stem) | AX65: # green bolls (fruiting branches) | AY65: # green bolls (non-fruiting branches) | AZ65: # green bolls (on main stem) | BA65: # open bolls (fruiting branches) | BB65: # open bolls (non-fruiting branches) | BC65: # open bolls (on main stem) | BD65: # squares loose in bag | BE65: # flowers loose in bag | BF65: # bolls loose in bag | BG65: # open bolls loose in bag
B66: 02-1 | E66: 1324.96 | H66: Initials - - - - - DOY | AF66: node # | AO66: =SUM(AO67:AO78) -> 8 | AP66: =SUM(AP67:AP78) -> 1 | AQ66: =SUM(AQ67:AQ78) -> 0 | AR66: =SUM(AR67:AR78) -> 16 | AS66: =SUM(AS67:AS78) -> 1 | AT66: =SUM(AT67:AT78) -> 0 | AU66: =SUM(AU67:AU78) -> 1 | AV66: =SUM(AV67:AV78) -> 0 | ... BG66: =SUM(BG67:BG78) -> 0 | BH66: ← plot sums | BK66: =SUM(AO66:AQ66) -> 9 | BL66: =SUM(AR66:AT66,BD66) -> 17 | BM66: =SUM(AU66:AW66,BE66) -> 1 | BN66: =SUM(AX66:AZ66,BF66) -> 1 | BO66: =SUM(BA66:BC66,BG66) -> 0
C67: 1 | I67: 62 | J67: 16 | K67: 5 | L67: 1 | M67: GS | N67: 5 | O67: SAS | P67: 9 | Q67: S | R67: 13 | T67: 17 | V67: 21 | X67: 25 | Z67: 29 | AB67: 33 | AD67: 37 | AH67: AS | AJ67: 9 | AM67: =SUMPRODUCT(LEN($M67:$AE70)-LEN(SUBSTITUTE($M67:$AE70,"/", "")))/2 -> 0 | AN67: =SUMPRODUCT(LEN($M67:$AE70)-LEN(SUBSTITUTE($M67:$AE70,"-", ""))) -> 0 | AO67: =SUMPRODUCT(LEN($M67:$AE70)-LEN(SUBSTITUTE($M67:$AE70,"A", ""))) -> 8 | AP67: =SUMPRODUCT(LEN($AH67:$AH70)-LEN(SUBSTITUTE($AH67:$AH70,"A", ""))) -> 1 | AQ67: =SUMPRODUCT(LEN($AG67:$AG70)-LEN(SUBSTITUTE($AG67:$AG70,"A", ""))) -> 0 | AR67: =SUMPRODUCT(LEN($M67:$AE70)-LEN(SUBSTITUTE($M67:$AE70,"S", ""))) -> 16 | AS67: =SUMPRODUCT(LEN($AH67:$AH70)-LEN(SUBSTITUTE($AH67:$AH70,"S", ""))) -> 1 | AT67: =SUMPRODUCT(LEN($AG67:$AG70)-LEN(SUBSTITUTE($AG67:$AG70,"S", ""))) -> 0 | AU67: =SUMPRODUCT(LEN($M67:$AE70)-LEN(SUBSTITUTE($M67:$AE70,"F", ""))) -> 1 | AV67: =SUMPRODUCT(LEN($AH67:$AH70)-LEN(SUBSTITUTE($AH67:$AH70,"F", ""))) -> 0 | AW67: =SUMPRODUCT(LEN($AG67:$AG70)-LEN(SUBSTITUTE($AG67:$AG70,"F", ""))) -> 0 | AX67: =SUMPRODUCT(LEN($M67:$AE70)-LEN(SUBSTITUTE($M67:$AE70,"G", ""))) -> 1 | AY67: =SUMPRODUCT(LEN($AH67:$AH70)-LEN(SUBSTITUTE($AH67:$AH70,"G", ""))) -> 0 | AZ67: =SUMPRODUCT(LEN($AG67:$AG70)-LEN(SUBSTITUTE($AG67:$AG70,"G", ""))) -> 0 | BA67: =SUMPRODUCT(LEN($M67:$AE70)-LEN(SUBSTITUTE($M67:$AE70,"M", ""))) -> 0 | BB67: =SUMPRODUCT(LEN($AH67:$AH70)-LEN(SUBSTITUTE($AH67:$AH70,"M", ""))) -> 0 | BC67: =SUMPRODUCT(LEN($AG67:$AG70)-LEN(SUBSTITUTE($AG67:$AG70,"M", ""))) -> 0 | BD67: =SUMPRODUCT(LEN($AI67:$AI70)-LEN(SUBSTITUTE($AI67:$AI70,"S", ""))) -> 0 | BE67: =SUMPRODUCT(LEN($AI67:$AI70)-LEN(SUBSTITUTE($AI67:$AI70,"F", ""))) -> 0 | BF67: =SUMPRODUCT(LEN($AI67:$AI70)-LEN(SUBSTITUTE($AI67:$AI70,"G", ""))) -> 0 | BG67: =SUMPRODUCT(LEN($AI67:$AI70)-LEN(SUBSTITUTE($AI67:$AI70,"M", ""))) -> 0
L68: 2 | M68: FSSS | N68: 6 | O68: AAS | P68: 10 | Q68: S | R68: 14 | T68: 18 | V68: 22 | X68: 26 | Z68: 30 | AB68: 34 | AD68: 38
L69: 3 | M69: SAAS | N69: 7 | O69: AA | P69: 11 | Q69: S | R69: 15 | T69: 19 | V69: 23 | X69: 27 | Z69: 31 | AB69: 35 | AD69: 39
L70: 4 | M70: SSS | N70: 8 | O70: AS | P70: 12 | R70: 16 | T70: 20 | V70: 24 | X70: 28 | Z70: 32 | AB70: 36 | AD70: 40
C71: 2 | L71: 1- | N71: 5- | P71: 9- | R71: 13- | T71: 17- | V71: 21- | X71: 25- | Z71: 29- | AB71: 33- | AD71: 37- | AO71: =SUMPRODUCT(LEN($M71:$AE74)-LEN(SUBSTITUTE($M71:$AE74,"A", ""))) -> 0 | AP71: =SUMPRODUCT(LEN($AH71:$AH74)-LEN(SUBSTITUTE($AH71:$AH74,"A", ""))) -> 0 | AQ71: =SUMPRODUCT(LEN($AG71:$AG74)-LEN(SUBSTITUTE($AG71:$AG74,"A", ""))) -> 0 | AR71: =SUMPRODUCT(LEN($M71:$AE74)-LEN(SUBSTITUTE($M71:$AE74,"S", ""))) -> 0 | AS71: =SUMPRODUCT(LEN($AH71:$AH74)-LEN(SUBSTITUTE($AH71:$AH74,"S", ""))) -> 0 | AT71: =SUMPRODUCT(LEN($AG71:$AG74)-LEN(SUBSTITUTE($AG71:$AG74,"S", ""))) -> 0 | AU71: =SUMPRODUCT(LEN($M71:$AE74)-LEN(SUBSTITUTE($M71:$AE74,"F", ""))) -> 0 | AV71: =SUMPRODUCT(LEN($AH71:$AH74)-LEN(SUBSTITUTE($AH71:$AH74,"F", ""))) -> 0 | AW71: =SUMPRODUCT(LEN($AG71:$AG74)-LEN(SUBSTITUTE($AG71:$AG74,"F", ""))) -> 0 | AX71: =SUMPRODUCT(LEN($M71:$AE74)-LEN(SUBSTITUTE($M71:$AE74,"G", ""))) -> 0 | AY71: =SUMPRODUCT(LEN($AH71:$AH74)-LEN(SUBSTITUTE($AH71:$AH74,"G", ""))) -> 0 | AZ71: =SUMPRODUCT(LEN($AG71:$AG74)-LEN(SUBSTITUTE($AG71:$AG74,"G", ""))) -> 0 | BA71: =SUMPRODUCT(LEN($M71:$AE74)-LEN(SUBSTITUTE($M71:$AE74,"M", ""))) -> 0 | BB71: =SUMPRODUCT(LEN($AH71:$AH74)-LEN(SUBSTITUTE($AH71:$AH74,"M", ""))) -> 0 | BC71: =SUMPRODUCT(LEN($AG71:$AG74)-LEN(SUBSTITUTE($AG71:$AG74,"M", ""))) -> 0 | BD71: =SUMPRODUCT(LEN($AI71:$AI74)-LEN(SUBSTITUTE($AI71:$AI74,"S", ""))) -> 0 | BE71: =SUMPRODUCT(LEN($AI71:$AI74)-LEN(SUBSTITUTE($AI71:$AI74,"F", ""))) -> 0 | BF71: =SUMPRODUCT(LEN($AI71:$AI74)-LEN(SUBSTITUTE($AI71:$AI74,"G", ""))) -> 0 | BG71: =SUMPRODUCT(LEN($AI71:$AI74)-LEN(SUBSTITUTE($AI71:$AI74,"M", ""))) -> 0
L72: 2- | N72: 6- | P72: 10- | R72: 14- | T72: 18- | V72: 22- | X72: 26- | Z72: 30- | AB72: 34- | AD72: 38-
L73: 3- | N73: 7- | P73: 11- | R73: 15- | T73: 19- | V73: 23- | X73: 27- | Z73: 31- | AB73: 35- | AD73: 39
L74: 4- | N74: 8- | P74: 12- | R74: 16- | T74: 20 | V74: 24- | X74: 28- | Z74: 32- | AB74: 36- | AD74: 40-
C75: 3 | L75: 1- | N75: 5- | P75: 9- | R75: 13- | T75: 17- | V75: 21- | X75: 25- | Z75: 29- | AB75: 33- | AD75: 37- | AO75: =SUMPRODUCT(LEN($M75:$AE78)-LEN(SUBSTITUTE($M75:$AE78,"A", ""))) -> 0 | AP75: =SUMPRODUCT(LEN($AH75:$AH78)-LEN(SUBSTITUTE($AH75:$AH78,"A", ""))) -> 0 | AQ75: =SUMPRODUCT(LEN($AG75:$AG78)-LEN(SUBSTITUTE($AG75:$AG78,"A", ""))) -> 0 | AR75: =SUMPRODUCT(LEN($M75:$AE78)-LEN(SUBSTITUTE($M75:$AE78,"S", ""))) -> 0 | AS75: =SUMPRODUCT(LEN($AH75:$AH78)-LEN(SUBSTITUTE($AH75:$AH78,"S", ""))) -> 0 | AT75: =SUMPRODUCT(LEN($AG75:$AG78)-LEN(SUBSTITUTE($AG75:$AG78,"S", ""))) -> 0 | AU75: =SUMPRODUCT(LEN($M75:$AE78)-LEN(SUBSTITUTE($M75:$AE78,"F", ""))) -> 0 | AV75: =SUMPRODUCT(LEN($AH75:$AH78)-LEN(SUBSTITUTE($AH75:$AH78,"F", ""))) -> 0 | AW75: =SUMPRODUCT(LEN($AG75:$AG78)-LEN(SUBSTITUTE($AG75:$AG78,"F", ""))) -> 0 | AX75: =SUMPRODUCT(LEN($M75:$AE78)-LEN(SUBSTITUTE($M75:$AE78,"G", ""))) -> 0 | AY75: =SUMPRODUCT(LEN($AH75:$AH78)-LEN(SUBSTITUTE($AH75:$AH78,"G", ""))) -> 0 | AZ75: =SUMPRODUCT(LEN($AG75:$AG78)-LEN(SUBSTITUTE($AG75:$AG78,"G", ""))) -> 0 | BA75: =SUMPRODUCT(LEN($M75:$AE78)-LEN(SUBSTITUTE($M75:$AE78,"M", ""))) -> 0 | BB75: =SUMPRODUCT(LEN($AH75:$AH78)-LEN(SUBSTITUTE($AH75:$AH78,"M", ""))) -> 0 | BC75: =SUMPRODUCT(LEN($AG75:$AG78)-LEN(SUBSTITUTE($AG75:$AG78,"M", ""))) -> 0 | BD75: =SUMPRODUCT(LEN($AI75:$AI78)-LEN(SUBSTITUTE($AI75:$AI78,"S", ""))) -> 0 | BE75: =SUMPRODUCT(LEN($AI75:$AI78)-LEN(SUBSTITUTE($AI75:$AI78,"F", ""))) -> 0 | BF75: =SUMPRODUCT(LEN($AI75:$AI78)-LEN(SUBSTITUTE($AI75:$AI78,"G", ""))) -> 0 | BG75: =SUMPRODUCT(LEN($AI75:$AI78)-LEN(SUBSTITUTE($AI75:$AI78,"M", ""))) -> 0
L76: 2- | N76: 6- | P76: 10- | R76: 14- | T76: 18- | V76: 22- | X76: 26- | Z76: 30- | AB76: 34- | AD76: 38-
L77: 3- | N77: 7- | P77: 11- | R77: 15- | T77: 19- | V77: 23- | X77: 27- | Z77: 31- | AB77: 35- | AD77: 39
L78: 4- | N78: 8- | P78: 12- | R78: 16- | T78: 20 | V78: 24- | X78: 28- | Z78: 32- | AB78: 36- | AD78: 40-
B79: Plot | C79: Plant # | D79: DOY Leaf Area Processed | E79: Leaf area of sample (cm2) | H79: Mapping | I79: Above ground height (cm) | J79: Total Main Stem nodes (including coteledonary) | K79: # pre-fruiting nodes | L79: Fruiting branches 1=first branch (above pre-fruiting nodes) | N79: Fruiting branches (cont) | P79: Fruiting branches (cont) | R79: Fruiting branches (cont) | T79: Fruiting branches (cont) | V79: Fruiting branches (cont) | X79: Fruiting branches (cont) | Z79: Fruiting branches (cont) | AB79: Fruiting branches (cont) | AD79: Fruiting branches (cont) | AF79: Fruit on mainstem | AH79: Fruit on non-fruiting branches | AI79: Fruit loose in sample bag | AJ79: NAWF | AK79: Boll with seeds? (Yes/No) | AL79: DOY into oven (stems & repro) | AM79: # branch nodes with more than one fruit | AN79: # mainstem nodes with more than 1 branch | AO79: # abscisions (fruiting branches) | AP79: # abscisions (non-fruiting branches) | AQ79: # abscisions (on main stem) | AR79: # squares (fruiting branches) | AS79: # squares (non-fruiting branches) | AT79: # squares (on main stem) | AU79: # white flowers (fruiting branches) | AV79: # white flowers (non-fruiting branches) | AW79: # white flowers (on main stem) | AX79: # green bolls (fruiting branches) | AY79: # green bolls (non-fruiting branches) | AZ79: # green bolls (on main stem) | BA79: # open bolls (fruiting branches) | BB79: # open bolls (non-fruiting branches) | BC79: # open bolls (on main stem) | BD79: # squares loose in bag | BE79: # flowers loose in bag | BF79: # bolls loose in bag | BG79: # open bolls loose in bag
B80: 02-2 | E80: 1117.34 | H80: Initials - - - - - DOY | AF80: node # | AO80: =SUM(AO81:AO92) -> 9 | AP80: =SUM(AP81:AP92) -> 1 | AQ80: =SUM(AQ81:AQ92) -> 0 | AR80: =SUM(AR81:AR92) -> 12 | AS80: =SUM(AS81:AS92) -> 2 | AT80: =SUM(AT81:AT92) -> 0 | AU80: =SUM(AU81:AU92) -> 0 | AV80: =SUM(AV81:AV92) -> 0 | ... BG80: =SUM(BG81:BG92) -> 0 | BH80: ← plot sums | BK80: =SUM(AO80:AQ80) -> 10 | BL80: =SUM(AR80:AT80,BD80) -> 14 | BM80: =SUM(AU80:AW80,BE80) -> 0 | BN80: =SUM(AX80:AZ80,BF80) -> 1 | BO80: =SUM(BA80:BC80,BG80) -> 0
C81: 1 | I81: 55 | J81: 15 | K81: 6 | L81: 1 | M81: GSA | N81: 5 | O81: ASS | P81: 9 | Q81: A | R81: 13 | T81: 17 | V81: 21 | X81: 25 | Z81: 29 | AB81: 33 | AD81: 37 | AH81: S | AM81: =SUMPRODUCT(LEN($M81:$AE84)-LEN(SUBSTITUTE($M81:$AE84,"/", "")))/2 -> 0 | AN81: =SUMPRODUCT(LEN($M81:$AE84)-LEN(SUBSTITUTE($M81:$AE84,"-", ""))) -> 0 | AO81: =SUMPRODUCT(LEN($M81:$AE84)-LEN(SUBSTITUTE($M81:$AE84,"A", ""))) -> 9 | AP81: =SUMPRODUCT(LEN($AH81:$AH84)-LEN(SUBSTITUTE($AH81:$AH84,"A", ""))) -> 1 | AQ81: =SUMPRODUCT(LEN($AG81:$AG84)-LEN(SUBSTITUTE($AG81:$AG84,"A", ""))) -> 0 | AR81: =SUMPRODUCT(LEN($M81:$AE84)-LEN(SUBSTITUTE($M81:$AE84,"S", ""))) -> 12 | AS81: =SUMPRODUCT(LEN($AH81:$AH84)-LEN(SUBSTITUTE($AH81:$AH84,"S", ""))) -> 2 | AT81: =SUMPRODUCT(LEN($AG81:$AG84)-LEN(SUBSTITUTE($AG81:$AG84,"S", ""))) -> 0 | AU81: =SUMPRODUCT(LEN($M81:$AE84)-LEN(SUBSTITUTE($M81:$AE84,"F", ""))) -> 0 | AV81: =SUMPRODUCT(LEN($AH81:$AH84)-LEN(SUBSTITUTE($AH81:$AH84,"F", ""))) -> 0 | AW81: =SUMPRODUCT(LEN($AG81:$AG84)-LEN(SUBSTITUTE($AG81:$AG84,"F", ""))) -> 0 | AX81: =SUMPRODUCT(LEN($M81:$AE84)-LEN(SUBSTITUTE($M81:$AE84,"G", ""))) -> 1 | AY81: =SUMPRODUCT(LEN($AH81:$AH84)-LEN(SUBSTITUTE($AH81:$AH84,"G", ""))) -> 0 | AZ81: =SUMPRODUCT(LEN($AG81:$AG84)-LEN(SUBSTITUTE($AG81:$AG84,"G", ""))) -> 0 | BA81: =SUMPRODUCT(LEN($M81:$AE84)-LEN(SUBSTITUTE($M81:$AE84,"M", ""))) -> 0 | BB81: =SUMPRODUCT(LEN($AH81:$AH84)-LEN(SUBSTITUTE($AH81:$AH84,"M", ""))) -> 0 | BC81: =SUMPRODUCT(LEN($AG81:$AG84)-LEN(SUBSTITUTE($AG81:$AG84,"M", ""))) -> 0 | BD81: =SUMPRODUCT(LEN($AI81:$AI84)-LEN(SUBSTITUTE($AI81:$AI84,"S", ""))) -> 0 | BE81: =SUMPRODUCT(LEN($AI81:$AI84)-LEN(SUBSTITUTE($AI81:$AI84,"F", ""))) -> 0 | BF81: =SUMPRODUCT(LEN($AI81:$AI84)-LEN(SUBSTITUTE($AI81:$AI84,"G", ""))) -> 0 | BG81: =SUMPRODUCT(LEN($AI81:$AI84)-LEN(SUBSTITUTE($AI81:$AI84,"M", ""))) -> 0
L82: 2 | M82: ASAS | N82: 6 | O82: AS | P82: 10 | R82: 14 | T82: 18 | V82: 22 | X82: 26 | Z82: 30 | AB82: 34 | AD82: 38 | AH82: SA
L83: 3 | M83: SSS | N83: 7 | O83: AS | P83: 11 | R83: 15 | T83: 19 | V83: 23 | X83: 27 | Z83: 31 | AB83: 35 | AD83: 39
L84: 4 | M84: ASS | N84: 8 | O84: A | P84: 12 | R84: 16 | T84: 20 | V84: 24 | X84: 28 | Z84: 32 | AB84: 36 | AD84: 40
C85: 2 | L85: 1- | N85: 5- | P85: 9- | R85: 13- | T85: 17- | V85: 21- | X85: 25- | Z85: 29- | AB85: 33- | AD85: 37- | AO85: =SUMPRODUCT(LEN($M85:$AE88)-LEN(SUBSTITUTE($M85:$AE88,"A", ""))) -> 0 | AP85: =SUMPRODUCT(LEN($AH85:$AH88)-LEN(SUBSTITUTE($AH85:$AH88,"A", ""))) -> 0 | AQ85: =SUMPRODUCT(LEN($AG85:$AG88)-LEN(SUBSTITUTE($AG85:$AG88,"A", ""))) -> 0 | AR85: =SUMPRODUCT(LEN($M85:$AE88)-LEN(SUBSTITUTE($M85:$AE88,"S", ""))) -> 0 | AS85: =SUMPRODUCT(LEN($AH85:$AH88)-LEN(SUBSTITUTE($AH85:$AH88,"S", ""))) -> 0 | AT85: =SUMPRODUCT(LEN($AG85:$AG88)-LEN(SUBSTITUTE($AG85:$AG88,"S", ""))) -> 0 | AU85: =SUMPRODUCT(LEN($M85:$AE88)-LEN(SUBSTITUTE($M85:$AE88,"F", ""))) -> 0 | AV85: =SUMPRODUCT(LEN($AH85:$AH88)-LEN(SUBSTITUTE($AH85:$AH88,"F", ""))) -> 0 | AW85: =SUMPRODUCT(LEN($AG85:$AG88)-LEN(SUBSTITUTE($AG85:$AG88,"F", ""))) -> 0 | AX85: =SUMPRODUCT(LEN($M85:$AE88)-LEN(SUBSTITUTE($M85:$AE88,"G", ""))) -> 0 | AY85: =SUMPRODUCT(LEN($AH85:$AH88)-LEN(SUBSTITUTE($AH85:$AH88,"G", ""))) -> 0 | AZ85: =SUMPRODUCT(LEN($AG85:$AG88)-LEN(SUBSTITUTE($AG85:$AG88,"G", ""))) -> 0 | BA85: =SUMPRODUCT(LEN($M85:$AE88)-LEN(SUBSTITUTE($M85:$AE88,"M", ""))) -> 0 | BB85: =SUMPRODUCT(LEN($AH85:$AH88)-LEN(SUBSTITUTE($AH85:$AH88,"M", ""))) -> 0 | BC85: =SUMPRODUCT(LEN($AG85:$AG88)-LEN(SUBSTITUTE($AG85:$AG88,"M", ""))) -> 0 | BD85: =SUMPRODUCT(LEN($AI85:$AI88)-LEN(SUBSTITUTE($AI85:$AI88,"S", ""))) -> 0 | BE85: =SUMPRODUCT(LEN($AI85:$AI88)-LEN(SUBSTITUTE($AI85:$AI88,"F", ""))) -> 0 | BF85: =SUMPRODUCT(LEN($AI85:$AI88)-LEN(SUBSTITUTE($AI85:$AI88,"G", ""))) -> 0 | BG85: =SUMPRODUCT(LEN($AI85:$AI88)-LEN(SUBSTITUTE($AI85:$AI88,"M", ""))) -> 0
L86: 2- | N86: 6- | P86: 10- | R86: 14- | T86: 18- | V86: 22- | X86: 26- | Z86: 30- | AB86: 34- | AD86: 38-
L87: 3- | N87: 7- | P87: 11- | R87: 15- | T87: 19- | V87: 23- | X87: 27- | Z87: 31- | AB87: 35- | AD87: 39
L88: 4- | N88: 8- | P88: 12- | R88: 16- | T88: 20 | V88: 24- | X88: 28- | Z88: 32- | AB88: 36- | AD88: 40-
