Workbook
Name trt.: SPADDOY192!$U$9
Name trt.: SPADDOY197!$U$9
Name trt.: SPADDOY206!$U$9
Name trt.: SPADDOY224!$U$9
Name trt.: SPADDOY227!$U$9
Name trt.: SPADDOY242!$U$9
Name trt.: SPADDOY249!$U$9
Name trt.: SPADDOY256!$U$9
Name trt.: SPADDOY266!$U$9
Name trt.: SPADDOY186!$U$9

Sheet Height
A1: CCID | B1: DOY163 | C1: DOY170 | D1: DOY176 | E1: DOY183 | F1: DOY190 | G1: DOY199 | H1: DOY204 | I1: DOY212 | J1: DOY218 | K1: DOY225 | L1: DOY232 | M1: DOY239 | N1: DOY246 | O1: DOY260
A2: p101-1 | B2: 31.5 | C2: 36.5 | D2: 48 | E2: 54 | F2: 69 | G2: 80 | H2: 88 | I2: 100 | J2: 107 | K2: 102 | L2: 110 | M2: 110 | N2: 110 | O2: 109
A3: p101-2 | B3: 33 | C3: 40.5 | D3: 55 | E3: 60 | F3: 75 | G3: 81 | H3: 93 | I3: 93 | J3: 93 | K3: 101 | L3: 96 | M3: 98 | N3: 98 | O3: 93
A4: p101-3 | B4: 35 | C4: 47 | D4: 56 | E4: 61 | F4: 78 | G4: 90 | H4: 96 | I4: 84 | J4: 98 | K4: 103 | L4: 98 | M4: 100 | N4: 103 | O4: 103
A5: p101-4 | B5: 34 | C5: 47 | D5: 53.5 | E5: 53 | F5: 76 | G5: 86 | H5: 92 | I5: 97 | J5: 99 | K5: 114 | L5: 103 | M5: 109 | N5: 119 | O5: 118
A6: p101-5 | B6: 36.5 | C6: 48 | D6: 56 | E6: 59 | F6: 81 | G6: 86 | H6: 88 | I6: 86 | J6: 110 | K6: 113 | L6: 86 | M6: 112 | N6: 115 | O6: 110
A7: p101-6 | B7: 28.5 | C7: 37 | D7: 48 | E7: 56 | F7: 66 | G7: 79 | H7: 84 | I7: 92 | J7: 123 | K7: 98 | L7: 104 | M7: 115 | N7: 129 | O7: 121
A8: p102-1 | B8: 34 | C8: 38.5 | D8: 51 | E8: 55 | F8: 66 | G8: 77 | H8: 83 | I8: 91 | J8: 96 | K8: 100 | L8: 100 | M8: 103 | N8: 100 | O8: 96
A9: p102-2 | B9: 38 | C9: 46 | D9: 57.5 | E9: 60 | F9: 80 | G9: 91 | H9: 97 | I9: 97 | J9: 96 | K9: 103 | L9: 112 | M9: 116 | N9: 118 | O9: 126
A10: p102-3 | B10: 32.5 | C10: 33 | D10: 40 | E10: 60 | F10: 66 | G10: 79 | H10: 93 | I10: 93 | J10: 108 | K10: 104 | L10: 121 | M10: 116 | N10: 125 | O10: 125
A11: p102-4 | B11: 25.5 | C11: 35 | D11: 55 | E11: 55 | F11: 71 | G11: 85 | H11: 94 | I11: 102 | J11: 101 | K11: 109 | L11: 102 | M11: 110 | N11: 108 | O11: 105
A12: p102-5 | B12: 28.5 | C12: 36 | D12: 48.5 | E12: 56 | F12: 69 | G12: 87 | H12: 84 | I12: 90 | J12: 103 | K12: 88 | L12: 103 | M12: 106 | N12: 105 | O12: 106
A13: p102-6 | B13: 24 | C13: 43 | D13: 48 | E13: 58 | F13: 76 | G13: 86 | H13: 92 | I13: 104 | J13: 100 | K13: 106 | L13: 104 | M13: 103 | N13: 102 | O13: 99
... A192: p408-5 | B192: 33 | C192: 36 | D192: 45.5 | E192: 52 | F192: 60 | G192: 66 | H192: 62 | I192: 67 | J192: 62 | K192: 70 | L192: 77 | M192: 86 | N192: 87 | O192: 89
A193: p408-6 | B193: 23 | C193: 34.5 | D193: 53 | E193: 47 | G193: 70 | H193: 71 | I193: 92 | J193: 87 | K193: 82 | L193: 94 | M193: 91 | N193: 91 | O193: 83
A194: p902-1 | B194: 30.5 | C194: 39 | D194: 53.5 | E194: 61 | F194: 68 | G194: 68 | H194: 87 | I194: 85 | J194: 86 | K194: 91 | L194: 91 | M194: 91 | N194: 87 | O194: 105
A195: p902-2 | B195: 31.5 | C195: 41 | D195: 51 | E195: 59 | F195: 71 | G195: 67 | H195: 74 | I195: 81 | J195: 83 | K195: 83 | L195: 81 | M195: 80 | N195: 81 | O195: 82
A196: p902-3 | B196: 30 | C196: 38.5 | D196: 50.5 | E196: 57 | F196: 84 | G196: 63 | H196: 83 | I196: 87 | J196: 98 | K196: 97 | L196: 93 | M196: 94 | N196: 96 | O196: 97
A197: p902-4 | B197: 29 | C197: 48.5 | D197: 48 | E197: 56 | F197: 68 | G197: 73 | H197: 99 | I197: 103 | J197: 103 | K197: 103 | L197: 102 | M197: 106 | N197: 103 | O197: 99
A198: p902-5 | B198: 34.5 | C198: 48 | D198: 50.5 | E198: 52 | F198: 66 | G198: 77 | H198: 89 | I198: 94 | J198: 94 | K198: 96 | L198: 95 | M198: 97 | N198: 99 | O198: 98
A199: p902-6 | B199: 32 | C199: 44 | D199: 47.5 | E199: 51 | F199: 68 | G199: 80 | H199: 88 | I199: 101 | J199: 104 | K199: 107 | L199: 106 | M199: 107 | N199: 107 | O199: 104
A200: p904-1 | B200: 26 | C200: 37 | D200: 38.5 | E200: 50 | F200: 49 | G200: 54 | H200: 56 | I200: 60 | J200: 61 | K200: 61 | L200: 58 | M200: 63 | N200: 61 | O200: 46
A201: p904-2 | B201: 39 | C201: 51 | D201: 49 | E201: 44 | F201: 43 | G201: 61 | H201: 60 | I201: 43 | J201: 60 | K201: 48 | L201: 58 | M201: 47 | N201: 60 | O201: 61
A202: p904-3 | B202: 28 | C202: 48 | D202: 42.5 | E202: 45 | F202: 44 | G202: 58 | H202: 50 | I202: 58 | J202: 55 | K202: 55 | L202: 57 | M202: 57 | N202: 57 | O202: 58
A203: p904-4 | B203: 31 | C203: 41 | D203: 42 | E203: 54 | F203: 52 | G203: 39 | H203: 41 | I203: 42 | J203: 42 | K203: 44 | L203: 43 | M203: 50 | N203: 48 | O203: 68
A204: p904-5 | B204: 28.5 | C204: 40 | D204: 48.5 | E204: 51 | F204: 59 | G204: 47 | H204: 48 | I204: 50 | J204: 43 | K204: 40 | L204: 47 | M204: 50 | N204: 48 | O204: 65
A205: p904-6 | B205: 32 | C205: 45.5 | D205: 47 | E205: 49 | F205: 46 | G205: 46 | H205: 51 | I205: 46 | J205: 50 | K205: 50 | L205: 50 | M205: 53 | N205: 41 | O205: 55
... A217: p908-6 | B217: 30 | C217: 41.5 | D217: 45.5 | E217: 49 | F217: 48 | G217: 46 | H217: 48 | I217: 52 | J217: 46 | K217: 53 | L217: 50 | M217: 48 | N217: 51 | O217: 46

Sheet Width
A1: CCID | B1: DOY163 | C1: DOY170 | D1: DOY176 | E1: DOY183 | F1: DOY190 | G1: DOY199 | H1: DOY204 | I1: DOY212 | J1: DOY218 | K1: DOY225 | L1: DOY232 | M1: DOY239 | N1: DOY246 | O1: DOY260
A2: p101-1 | B2: 34.5 | C2: 40.5 | D2: 50.5 | E2: 38 | F2: 70 | G2: 83 | H2: 86 | I2: 82 | J2: 88 | K2: 107 | L2: 92 | M2: 105 | N2: 100 | O2: 100
A3: p101-2 | B3: 32.5 | C3: 44 | D3: 56 | E3: 60 | F3: 82 | G3: 84 | H3: 91 | I3: 91 | J3: 100 | K3: 105 | L3: 85 | M3: 105 | N3: 100 | O3: 100
A4: p101-3 | B4: 36 | C4: 43.5 | D4: 60.5 | E4: 54 | F4: 70 | G4: 80 | H4: 82 | I4: 88 | J4: 93 | K4: 103 | L4: 105 | M4: 100 | N4: 100 | O4: 100
A5: p101-4 | B5: 32 | C5: 45 | D5: 50 | E5: 63 | F5: 77 | G5: 80 | H5: 80 | I5: 83 | J5: 103 | K5: 105 | L5: 95 | M5: 100 | N5: 100 | O5: 100
A6: p101-5 | B6: 36 | C6: 48.5 | D6: 60 | E6: 60 | F6: 75 | G6: 80 | H6: 97 | I6: 88 | J6: 100 | K6: 103 | L6: 93 | M6: 105 | N6: 100 | O6: 100
A7: p101-6 | B7: 29 | C7: 34 | D7: 39 | E7: 52 | F7: 63 | G7: 70 | H7: 85 | I7: 86 | J7: 89 | K7: 97 | L7: 88 | M7: 105 | N7: 100 | O7: 100
A8: p102-1 | B8: 38 | C8: 36 | D8: 40 | E8: 44 | F8: 72 | G8: 79 | H8: 95 | I8: 94 | J8: 100 | K8: 100 | L8: 104 | M8: 92 | N8: 100 | O8: 100
A9: p102-2 | B9: 41.5 | C9: 41 | D9: 49 | E9: 45 | F9: 68 | G9: 76 | H9: 83 | I9: 76 | J9: 83 | K9: 96 | L9: 83 | M9: 91 | N9: 100 | O9: 92
A10: p102-3 | B10: 27.5 | C10: 41 | D10: 53 | E10: 50 | F10: 66 | G10: 70 | H10: 71 | I10: 73 | J10: 78 | K10: 95 | L10: 87 | M10: 93 | N10: 100 | O10: 79
A11: p102-4 | B11: 22 | C11: 34 | D11: 53.5 | E11: 42 | F11: 73 | G11: 74 | H11: 86 | I11: 90 | J11: 85 | K11: 108 | L11: 98 | M11: 100 | N11: 100 | O11: 101
A12: p102-5 | B12: 28 | C12: 35 | D12: 44.5 | E12: 48 | F12: 66 | G12: 74 | H12: 72 | I12: 83 | J12: 83 | K12: 88 | L12: 79 | M12: 81 | N12: 100 | O12: 84
A13: p102-6 | B13: 30 | C13: 47 | D13: 58 | E13: 43 | F13: 74 | G13: 86 | H13: 87 | I13: 75 | J13: 93 | K13: 93 | L13: 88 | M13: 100 | N13: 100 | O13: 99
... A38: p107-1 | B38: 35 | C38: 38.5 | D38: 49.5 | E38: 42 | F38: 72 | G38: 80 | H38: 86 | I38: 79 | J38: 85 | K38: 91 | L38: 94 | M38: 105 | N38: 100 | O38: 94
A39: p107-2 | B39: 31.5 | C39: 36 | D39: 54 | E39: 44 | F39: 81 | G39: 85 | H39: 88 | I39: 90 | J39: 93 | K39: 104 | L39: 101 | M39: 105 | N39: 100
A40: p107-3 | B40: 29 | C40: 32 | D40: 49.5 | E40: 53 | F40: 73 | G40: 80 | H40: 82 | I40: 93 | J40: 89 | K40: 90 | L40: 95 | M40: 101 | N40: 100
A41: p107-4 | B41: 30.5 | C41: 40 | D41: 50 | E41: 44 | F41: 79 | G41: 78 | H41: 94 | I41: 98 | J41: 105 | K41: 103 | L41: 104 | M41: 102 | N41: 100
A42: p107-5 | B42: 36 | C42: 31 | D42: 49 | E42: 57 | F42: 72 | G42: 78 | H42: 87 | I42: 99 | J42: 95 | K42: 103 | L42: 94 | M42: 105 | N42: 100
A43: p107-6 | B43: 33 | C43: 33.5 | D43: 51.5 | E43: 42 | F43: 62 | G43: 69 | H43: 74 | I43: 78 | J43: 84 | K43: 90 | L43: 85 | M43: 86 | N43: 100
A44: p108-1 | B44: 42.5 | C44: 45 | D44: 59 | E44: 47 | F44: 76 | G44: 83 | H44: 84 | I44: 84 | J44: 90 | K44: 99 | L44: 105 | M44: 105 | N44: 100 | O44: 100
A45: p108-2 | B45: 34 | C45: 33 | D45: 48 | E45: 57 | F45: 69 | G45: 73 | H45: 73 | I45: 85 | J45: 87 | K45: 98 | L45: 105 | M45: 100 | N45: 100
A46: p108-3 | B46: 32 | C46: 34 | D46: 47 | E46: 62 | F46: 73 | G46: 84 | H46: 87 | I46: 92 | J46: 92 | K46: 110 | L46: 95 | M46: 100 | N46: 100
A47: p108-4 | B47: 36 | C47: 40 | D47: 56 | E47: 56 | F47: 72 | G47: 79 | H47: 93 | I47: 94 | J47: 102 | K47: 110 | L47: 105 | M47: 105 | N47: 100
A48: p108-5 | B48: 37.5 | C48: 43 | D48: 58 | E48: 50 | F48: 71 | G48: 79 | H48: 78 | I48: 87 | J48: 92 | K48: 98 | L48: 94 | M48: 105 | N48: 100
A49: p108-6 | B49: 33.5 | C49: 40 | D49: 54 | E49: 57 | F49: 68 | G49: 74 | H49: 78 | I49: 85 | J49: 92 | K49: 95 | L49: 105 | M49: 105 | N49: 100
A50: p201-1 | B50: 44 | C50: 58 | D50: 62 | E50: 62 | F50: 87 | G50: 89 | H50: 90 | I50: 88 | J50: 92 | K50: 106 | L50: 100 | M50: 97 | N50: 100 | O50: 82
A51: p201-2 | B51: 54 | C51: 61.5 | D51: 71.5 | E51: 68 | F51: 84 | G51: 88 | H51: 83 | I51: 92 | J51: 98 | K51: 88 | L51: 99 | M51: 99 | N51: 100
A52: p201-3 | B52: 53 | C52: 62 | D52: 66 | E52: 65 | F52: 86 | G52: 88 | H52: 91 | I52: 93 | J52: 99 | K52: 104 | L52: 100 | M52: 107 | N52: 100
A53: p201-4 | B53: 48.5 | C53: 60 | D53: 61 | E53: 61 | F53: 74 | G53: 82 | H53: 83 | I53: 88 | J53: 83 | K53: 91 | L53: 88 | M53: 92 | N53: 100
A54: p201-5 | B54: 56.5 | C54: 67 | D54: 65 | E54: 64 | F54: 80 | G54: 89 | H54: 92 | I54: 98 | J54: 88 | K54: 99 | L54: 100 | M54: 99 | N54: 100
A55: p201-6 | B55: 52 | C55: 53 | D55: 63 | E55: 63 | F55: 76 | G55: 79 | H55: 83 | I55: 87 | J55: 92 | K55: 83 | L55: 100 | M55: 98 | N55: 100
A56: p202-1 | B56: 44 | C56: 55 | D56: 46.5 | E56: 46 | F56: 61 | G56: 70 | H56: 75 | I56: 79 | J56: 94 | K56: 92 | L56: 96 | M56: 101 | N56: 107 | O56: 100
A57: p202-2 | B57: 42.5 | C57: 45 | D57: 48 | E57: 42 | F57: 63 | G57: 68 | H57: 72 | I57: 90 | J57: 93 | K57: 99 | L57: 92 | M57: 91 | N57: 92
A58: p202-3 | B58: 27.5 | C58: 28 | D58: 52 | E58: 35 | F58: 51 | G58: 69 | H58: 73 | I58: 83 | J58: 94 | K58: 94 | L58: 95 | M58: 93 | N58: 100
A59: p202-4 | B59: 30.5 | C59: 26.5 | D59: 34 | E59: 63 | F59: 53 | G59: 62 | H59: 80 | I59: 77 | J59: 87 | K59: 83 | L59: 98 | M59: 86 | N59: 100
A60: p202-5 | B60: 37 | C60: 40 | D60: 46 | E60: 38 | F60: 64 | G60: 75 | H60: 74 | I60: 87 | J60: 82 | K60: 92 | L60: 87 | M60: 91 | N60: 98
A61: p202-6 | B61: 35 | C61: 42 | D61: 43 | E61: 39 | F61: 55 | G61: 70 | H61: 85 | I61: 76 | J61: 83 | K61: 83 | L61: 86 | M61: 100 | N61: 100
A62: p203-1 | B62: 40.5 | C62: 52 | D62: 56 | E62: 55 | F62: 73 | G62: 87 | H62: 90 | I62: 90 | J62: 95 | K62: 102 | L62: 100 | M62: 105 | N62: 100 | O62: 100
A63: p203-2 | B63: 31 | C63: 46 | D63: 53.5 | E63: 53 | F63: 73 | G63: 72 | H63: 82 | I63: 86 | J63: 95 | K63: 99 | L63: 100 | M63: 105 | N63: 100
A64: p203-3 | B64: 42 | C64: 45 | D64: 55 | E64: 56 | F64: 75 | G64: 91 | H64: 93 | I64: 88 | J64: 96 | K64: 93 | L64: 100 | M64: 101 | N64: 100
A65: p203-4 | B65: 27.5 | C65: 44.5 | D65: 59 | E65: 55 | F65: 82 | G65: 87 | H65: 86 | I65: 95 | J65: 98 | K65: 106 | L65: 100 | M65: 102 | N65: 100
A66: p203-5 | B66: 41 | C66: 43 | D66: 59 | E66: 53 | F66: 81 | G66: 76 | H66: 77 | I66: 80 | J66: 95 | K66: 101 | L66: 100 | M66: 81 | N66: 100
A67: p203-6 | B67: 38.5 | C67: 45 | D67: 53 | E67: 55 | F67: 69 | G67: 75 | H67: 90 | I67: 85 | J67: 94 | K67: 106 | L67: 100 | M67: 107 | N67: 100
A68: p204-1 | B68: 50.5 | C68: 60 | D68: 65 | E68: 62 | F68: 74 | G68: 82 | H68: 92 | I68: 90 | J68: 100 | K68: 93 | L68: 100 | M68: 105 | N68: 100 | O68: 100
A69: p204-2 | B69: 55 | C69: 51 | D69: 58 | E69: 59 | F69: 76 | G69: 81 | H69: 92 | I69: 93 | J69: 100 | K69: 102 | L69: 100 | M69: 105 | N69: 100
A70: p204-3 | B70: 69.5 | C70: 63 | D70: 69.5 | E70: 69 | F70: 82 | G70: 85 | H70: 98 | I70: 96 | J70: 100 | K70: 105 | L70: 100 | M70: 105 | N70: 100
A71: p204-4 | B71: 58.5 | C71: 64 | D71: 63 | E71: 64 | F71: 75 | G71: 78 | H71: 90 | I71: 90 | J71: 100 | K71: 105 | L71: 100 | M71: 105 | N71: 100
A72: p204-5 | B72: 58 | C72: 59.5 | D72: 62.5 | E72: 67 | F72: 85 | G72: 85 | H72: 96 | I72: 95 | J72: 100 | K72: 106 | L72: 100 | M72: 105 | N72: 100
A73: p204-6 | B73: 44 | C73: 45 | D73: 56 | E73: 55 | F73: 81 | G73: 86 | H73: 84 | I73: 91 | J73: 100 | K73: 101 | L73: 100 | M73: 105 | N73: 100
A74: p205-1 | B74: 32.5 | C74: 38 | D74: 56 | E74: 59 | F74: 80 | G74: 78 | H74: 89 | I74: 91 | J74: 98 | K74: 102 | L74: 110 | M74: 96 | N74: 100 | O74: 100
A75: p205-2 | B75: 34 | C75: 34 | D75: 47.5 | E75: 65 | F75: 72 | G75: 95 | H75: 94 | I75: 97 | J75: 94 | K75: 105 | L75: 110 | M75: 88 | N75: 100
A76: p205-3 | B76: 34 | C76: 36 | D76: 47 | E76: 62 | F76: 77 | G76: 89 | H76: 89 | I76: 98 | J76: 107 | K76: 109 | L76: 110 | M76: 106 | N76: 100
A77: p205-4 | B77: 34 | C77: 42.5 | D77: 55 | E77: 57 | F77: 68 | G77: 86 | H77: 89 | I77: 95 | J77: 89 | K77: 96 | L77: 110 | M77: 100 | N77: 100
A78: p205-5 | B78: 23 | C78: 40 | D78: 58 | E78: 55 | F78: 67 | G78: 88 | H78: 96 | I78: 100 | J78: 100 | K78: 109 | L78: 110 | M78: 91 | N78: 100
A79: p205-6 | B79: 38 | C79: 37.5 | D79: 45 | E79: 54 | F79: 70.5 | G79: 78 | H79: 85 | I79: 92 | J79: 93 | K79: 93 | L79: 100 | M79: 88 | N79: 100
A80: p206-1 | B80: 31 | C80: 33 | D80: 52 | E80: 40 | F80: 52 | G80: 66 | H80: 71 | I80: 79 | J80: 82 | K80: 102 | L80: 90 | M80: 105 | N80: 100 | O80: 93
A81: p206-2 | B81: 30 | C81: 32 | D81: 41 | E81: 33 | F81: 48 | G81: 64 | H81: 76 | I81: 76 | J81: 82 | K81: 73 | L81: 71 | M81: 105 | N81: 77
A82: p206-3 | B82: 28.5 | C82: 35 | D82: 39 | E82: 32 | F82: 62 | G82: 69 | H82: 78 | I82: 87 | J82: 91 | K82: 103 | L82: 97 | M82: 105 | N82: 96
A83: p206-4 | B83: 38 | C83: 40 | D83: 46 | E83: 35 | F83: 65 | G83: 70 | H83: 83 | I83: 89 | J83: 93 | K83: 96 | L83: 100 | M83: 105 | N83: 94
A84: p206-5 | B84: 40 | C84: 43.5 | D84: 55 | E84: 46 | F84: 61 | G84: 75 | H84: 72 | I84: 78 | J84: 100 | K84: 85 | L84: 83 | M84: 105 | N84: 96
A85: p206-6 | B85: 24 | C85: 30 | D85: 35 | E85: 36 | F85: 51 | G85: 56 | H85: 63 | I85: 74 | J85: 73 | K85: 73 | L85: 80 | M85: 105 | N85: 90
A86: p207-1 | B86: 44 | C86: 48.5 | D86: 60 | E86: 61 | F86: 73 | G86: 88 | H86: 96 | I86: 98 | J86: 103 | K86: 105 | L86: 105 | M86: 105 | N86: 100 | O86: 100
A87: p207-2 | B87: 39 | C87: 30 | D87: 59.5 | E87: 53 | F87: 76 | G87: 77 | H87: 80 | I87: 88 | J87: 93 | K87: 108 | L87: 105 | M87: 105 | N87: 112
A88: p207-3 | B88: 32.5 | C88: 39 | D88: 53 | E88: 56 | F88: 74 | G88: 78 | H88: 86 | I88: 91 | J88: 100 | K88: 100 | L88: 105 | M88: 105 | N88: 100
A89: p207-4 | B89: 38 | C89: 50 | D89: 57 | E89: 52 | F89: 73 | G89: 88 | H89: 93 | I89: 95 | J89: 100 | K89: 100 | L89: 105 | M89: 105 | N89: 100
A90: p207-5 | B90: 47.5 | C90: 39.5 | D90: 55 | E90: 54 | F90: 67 | G90: 80 | H90: 81 | I90: 83 | J90: 100 | K90: 100 | L90: 105 | M90: 105 | N90: 100
A91: p207-6 | B91: 39 | C91: 27.5 | D91: 45 | E91: 41 | F91: 60 | G91: 70 | H91: 71 | I91: 80 | J91: 100 | K91: 100 | L91: 105 | M91: 105 | N91: 100
A92: p208-1 | B92: 28 | C92: 33.5 | D92: 43 | E92: 41 | F92: 80 | G92: 70 | H92: 81 | I92: 83 | J92: 90 | K92: 100 | L92: 100 | M92: 105 | N92: 100 | O92: 100
A93: p208-2 | B93: 32 | C93: 33 | D93: 48 | E93: 41 | F93: 62 | G93: 74 | H93: 82 | I93: 77 | J93: 83 | K93: 91 | L93: 105 | M93: 105 | N93: 100
A94: p208-3 | B94: 33 | C94: 42 | D94: 46 | E94: 45 | F94: 64 | G94: 83 | H94: 86 | I94: 90 | J94: 93 | K94: 96 | L94: 105 | M94: 105 | N94: 100
A95: p208-4 | B95: 36 | C95: 31 | D95: 41 | E95: 54 | F95: 71 | G95: 88 | H95: 86 | I95: 98 | J95: 104 | K95: 108 | L95: 100 | M95: 105 | N95: 100
A96: p208-5 | B96: 32 | C96: 27 | D96: 45 | E96: 50 | F96: 61 | G96: 78 | H96: 83 | I96: 86 | J96: 100 | K96: 108 | L96: 109 | M96: 105 | N96: 100
A97: p208-6 | B97: 34.5 | C97: 34.5 | D97: 38 | E97: 40 | F97: 70 | G97: 76 | H97: 74 | I97: 74 | J97: 81 | K97: 89 | L97: 92 | M97: 105 | N97: 100
A98: p301-1 | B98: 38 | C98: 40 | D98: 63 | E98: 54 | F98: 76 | G98: 83 | H98: 91 | I98: 85 | J98: 95 | K98: 100 | L98: 97 | M98: 100 | N98: 101 | O98: 100
A99: p301-2 | B99: 34 | C99: 25.5 | D99: 41 | E99: 39 | F99: 61 | G99: 66 | H99: 63 | I99: 74 | J99: 79 | K99: 82 | L99: 81 | M99: 88 | N99: 77
A100: p301-3 | B100: 30 | C100: 38 | D100: 61 | E100: 38 | F100: 65 | G100: 66 | H100: 73 | I100: 93 | J100: 100 | K100: 85 | L100: 95 | M100: 94 | N100: 82
A101: p301-4 | B101: 35 | C101: 33 | D101: 55 | E101: 41 | F101: 61 | G101: 71 | H101: 59 | I101: 73 | J101: 82 | K101: 85 | L101: 85 | M101: 100 | N101: 96
A102: p301-5 | B102: 35.5 | C102: 28.5 | D102: 52 | E102: 39 | F102: 60 | G102: 64 | H102: 77 | I102: 77 | J102: 81 | K102: 81 | L102: 78 | M102: 93 | N102: 93
A103: p301-6 | B103: 23.5 | C103: 30 | D103: 45.5 | E103: 40 | F103: 60 | G103: 71 | H103: 71 | I103: 81 | J103: 89 | K103: 93 | L103: 101 | M103: 103 | N103: 94
A104: p302-1 | B104: 40 | C104: 38 | D104: 48 | E104: 47 | F104: 60 | G104: 70 | H104: 82 | I104: 82 | J104: 86 | K104: 93 | L104: 90 | M104: 97 | N104: 100 | O104: 76
A105: p302-2 | B105: 42.5 | C105: 40 | D105: 43 | E105: 49 | F105: 65 | G105: 69 | H105: 80 | I105: 79 | J105: 88 | K105: 93 | L105: 96 | M105: 99 | N105: 97
A106: p302-3 | B106: 49 | C106: 33 | D106: 55.5 | E106: 50 | F106: 61 | G106: 70 | H106: 82 | I106: 97 | J106: 87 | K106: 100 | L106: 91 | M106: 93 | N106: 97
A107: p302-4 | B107: 40 | C107: 44 | D107: 59 | E107: 67 | F107: 80 | G107: 90 | H107: 95 | I107: 95 | J107: 85 | K107: 103 | L107: 95 | M107: 107 | N107: 105
A108: p302-5 | B108: 49 | C108: 42 | D108: 56 | E108: 55 | F108: 70 | G108: 77 | H108: 84 | I108: 90 | J108: 75 | K108: 104 | L108: 96 | M108: 82 | N108: 86
A109: p302-6 | B109: 44 | C109: 37 | D109: 58.5 | E109: 60 | F109: 74 | G109: 84 | H109: 90 | I109: 92 | J109: 86 | K109: 96 | L109: 105 | M109: 107 | N109: 102
A110: p303-1 | B110: 35 | C110: 45 | D110: 46.5 | E110: 46 | F110: 61 | G110: 84 | H110: 97 | I110: 102 | J110: 89 | K110: 98 | L110: 105 | M110: 100 | N110: 100 | O110: 93
A111: p303-2 | B111: 42 | C111: 45 | D111: 52 | E111: 51 | F111: 78 | G111: 84 | H111: 88 | I111: 89 | J111: 93 | K111: 94 | L111: 96 | M111: 82 | N111: 103
A112: p303-3 | B112: 37 | C112: 39.5 | D112: 48 | E112: 49 | F112: 70 | G112: 79 | H112: 87 | I112: 93 | J112: 89 | K112: 100 | L112: 102 | M112: 102 | N112: 103
A113: p303-4 | B113: 22 | C113: 26 | D113: 47 | E113: 38 | F113: 68.5 | G113: 71 | H113: 81 | I113: 84 | J113: 79 | K113: 88 | L113: 102 | M113: 100 | N113: 98
A114: p303-5 | B114: 30.5 | C114: 43 | D114: 52 | E114: 51 | F114: 62 | G114: 76 | H114: 89 | I114: 91 | J114: 97 | K114: 101 | L114: 105 | M114: 92 | N114: 102
A115: p303-6 | B115: 40 | C115: 42 | D115: 52 | E115: 52 | F115: 67 | G115: 78 | H115: 85 | I115: 91 | J115: 100 | K115: 97 | L115: 105 | M115: 105 | N115: 95
A116: p304-1 | B116: 31 | C116: 46 | D116: 60 | E116: 57 | F116: 67 | G116: 86 | H116: 89 | I116: 98 | J116: 108 | K116: 102 | L116: 110 | M116: 105 | N116: 100 | O116: 100
A117: p304-2 | B117: 34.5 | C117: 38 | D117: 55 | E117: 43 | F117: 68 | G117: 80 | H117: 83 | I117: 83 | J117: 93 | K117: 100 | L117: 96 | M117: 105 | N117: 100
A118: p304-3 | B118: 35.5 | C118: 37 | D118: 56 | E118: 56 | F118: 87 | G118: 88 | H118: 86 | I118: 86 | J118: 91 | K118: 100 | L118: 100 | M118: 105 | N118: 100
A119: p304-4 | B119: 33 | C119: 29 | D119: 50 | E119: 48 | F119: 70 | G119: 85 | H119: 77 | I119: 85 | J119: 90 | K119: 100 | L119: 97 | M119: 105 | N119: 100
A120: p304-5 | B120: 46 | C120: 44 | D120: 58.5 | E120: 69 | F120: 79 | G120: 93 | H120: 96 | I120: 94 | J120: 93 | K120: 100 | L120: 98 | M120: 105 | N120: 100
A121: p304-6 | B121: 28 | C121: 35 | D121: 45 | E121: 44 | F121: 63 | G121: 75 | H121: 76 | I121: 82 | J121: 84 | K121: 100 | L121: 100 | M121: 105 | N121: 105
A122: p305-1 | B122: 56 | C122: 59 | D122: 57.5 | E122: 59 | F122: 74 | G122: 86 | H122: 90 | I122: 94 | J122: 108 | K122: 100 | L122: 105 | M122: 105 | N122: 100 | O122: 100
A123: p305-2 | B123: 59 | C123: 62 | D123: 67 | E123: 70 | F123: 81 | G123: 94 | H123: 96 | I123: 105 | J123: 108 | K123: 100 | L123: 105 | M123: 105 | N123: 100
A124: p305-3 | B124: 60.5 | C124: 59 | D124: 69 | E124: 68 | F124: 89 | G124: 99 | H124: 103 | I124: 99 | J124: 104 | K124: 100 | L124: 105 | M124: 105 | N124: 100
...

Sheet SPAD
A1: CCID | B1: DOY186 | C1: DOY192 | D1: DOY197 | E1: DOY206 | F1: DOY224 | G1: DOY227 | H1: DOY242 | I1: DOY249 | J1: DOY256 | K1: DOY266
A2: p101-3 | B2: 44.1 | C2: 40.4 | D2: 41 | E2: 40 | F2: 43.2 | G2: 45.2 | H2: 42.9 | I2: 44.2 | J2: 46.9 | K2: 44.8
A3: p102-3 | B3: 41.6 | C3: 38.3 | D3: 38.5 | E3: 37.4 | F3: 40.7 | G3: 40.5 | H3: 37.4 | I3: 38.7 | J3: 40.6 | K3: 39.1
A4: p103-3 | B4: 43.3 | C4: 37.2 | D4: 36.8 | E4: 39.7 | F4: 39.2 | G4: 41.4 | H4: 38 | I4: 41.2 | J4: 44.1 | K4: 39.7
A5: p104-3 | B5: 40.7 | C5: 47.3 | D5: 40 | E5: 39.1 | F5: 39.7 | G5: 41.5 | H5: 38.3 | I5: 40.5 | J5: 43.1 | K5: 41.4
A6: p105-3 | B6: 39 | C6: 36.5 | D6: 36.7 | E6: 35.1 | F6: 36.6 | G6: 38.7 | H6: 37.9 | I6: 32.7 | J6: 38.4 | K6: 38.3
A7: p106-3 | B7: 40.6 | C7: 45.4 | D7: 42.2 | E7: 37.3 | F7: 42.6 | G7: 39.9 | H7: 43.1 | I7: 43.4 | J7: 48.6 | K7: 47.9
A8: p107-3 | B8: 39.2 | C8: 41.7 | D8: 41 | E8: 38.4 | F8: 42.9 | G8: 40.2 | H8: 39.6 | I8: 41.3 | J8: 43.1 | K8: 42.5
A9: p108-3 | B9: 44.2 | C9: 39.8 | D9: 36.2 | E9: 38.3 | F9: 42.3 | G9: 40.7 | H9: 39.5 | I9: 47.4 | J9: 43.7 | K9: 42.2
A10: p201-3 | B10: 40.9 | C10: 37.5 | D10: 37.1 | E10: 37.8 | F10: 38.7 | G10: 38.2 | H10: 39 | I10: 39.3 | J10: 38.9 | K10: 38
A11: p202-3 | B11: 43.2 | C11: 45.3 | D11: 41.2 | E11: 39.6 | F11: 39.8 | G11: 43.8 | H11: 42.1 | I11: 45.4 | J11: 46.7 | K11: 43.9
A12: p203-3 | B12: 41.9 | C12: 42.3 | D12: 40.5 | E12: 41.6 | F12: 43.1 | G12: 42 | H12: 41.4 | I12: 42.8 | J12: 46.5 | K12: 42.9
A13: p204-3 | B13: 41.3 | C13: 38.9 | D13: 39.5 | E13: 39.2 | F13: 41.2 | G13: 40.9 | H13: 40.4 | I13: 42.4 | J13: 43.6 | K13: 42.3
... A37: p908-3 | B37: 48 | C37: 52.3 | D37: 53.8 | E37: 55.3 | F37: 55.3 | G37: 54 | H37: 55.7 | I37: 54.9 | J37: 53.9 | K37: 57.5

Sheet Density
A1: CCID | B1: PLPD
A2: p101-1 | B2: 6.3976378
A3: p101-2 | B3: 4.9212598
A4: p101-3 | B4: 4.9212598
A5: p101-4 | B5: 5.4133858
A6: p101-5 | B6: 4.4291339
A7: p101-6 | B7: 4.9212598
A8: p102-1 | B8: 11.811024
A9: p102-2 | B9: 12.30315
A10: p102-3 | B10: 13.287402
A11: p102-4 | B11: 8.8582677
A12: p102-5 | B12: 12.795276
A13: p102-6 | B13: 8.3661417
... A217: p908-6 | B217: 14.271654

Sheet Develop
A1: CCID | B1: EDATE | C1: PLYRE | D1: PLDOE
A2: p102-2 | B2: 37374 | C2: 2002 | D2: 118.33333
A3: p101-3 | B3: 37375 | C3: 2002 | D3: 118.5
A4: p102-3 | B4: 37390 | C4: 2002 | D4: 134.375
A5: p103-3 | B5: 37385 | C5: 2002 | D5: 129
A6: p104-3 | B6: 37375 | C6: 2002 | D6: 119.16667
A7: p105-3 | B7: 37376 | C7: 2002 | D7: 119.66667
A8: p106-3 | B8: 37376 | C8: 2002 | D8: 120.25
A9: p107-3 | B9: 37375 | C9: 2002 | D9: 118.66667
A10: p108-3 | B10: 37386 | C10: 2002 | D10: 130.05263
A11: p201-3 | B11: 37384 | C11: 2002 | D11: 127.85714
A12: p202-3 | B12: 37376 | C12: 2002 | D12: 119.75
A13: p203-3 | B13: 37374 | C13: 2002 | D13: 118
... A74: p908-4 | B74: 37375 | C74: 2002 | D74: 119.35714

Sheet template
A1: F105 | J1: F105
A2: Overflight | J2: Overflight | M2: page 2
A5: Plant Canopy Measurements | J5: Plant Canopy Measurements
F7: Plant Height Cm) | O7: Plant Canopy Width (cm)
A8: Plot | B8: acron | C8: trt. | D8: 1 | E8: 2 | F8: 3 | G8: 4 | H8: 5 | I8: 6 | J8: Plot | K8: acron | L8: trt. | M8: 1 | N8: 2 | O8: 3 | P8: 4 | Q8: 5 | R8: 6
A9: 101 | B9: FSH | C9: 1 | J9: 101 | K9: FSH | L9: 1
A10: 102 | B10: FTL | C10: 4 | J10: 102 | K10: FTL | L10: 4
A11: 103 | B11: FDH | C11: 5 | J11: 103 | K11: FDH | L11: 5
A12: 104 | B12: NTL | C12: 10 | J12: 104 | K12: NTL | L12: 10
A13: 105 | B13: NDL | C13: 12 | J13: 105 | K13: NDL | L13: 12
A14: 106 | B14: NTH | C14: 9 | J14: 106 | K14: NTH | L14: 9
A15: 107 | B15: NTL | C15: 10 | J15: 107 | K15: NTL | L15: 10
A16: 108 | B16: FTH | C16: 3 | J16: 108 | K16: FTH | L16: 3
A17: 201 | B17: NDL | C17: 12 | J17: 201 | K17: NDL | L17: 12
A18: 202 | B18: NTH | C18: 9 | J18: 202 | K18: NTH | L18: 9
A19: 203 | B19: FTH | C19: 3 | J19: 203 | K19: FTH | L19: 3
A20: 204 | B20: NDH | C20: 11 | J20: 204 | K20: NDH | L20: 11
... A41: 901 | B41: WS | C41: 32 | J41: 901 | K41: WS | L41: 32
A42: 902 | B42: 37452 | C42: 22 | J42: 902 | K42: 37452 | L42: 22
A43: 903 | B43: DS | C43: 31 | J43: 903 | K43: DS | L43: 31
A44: 904 | B44: 37408 | C44: 21 | J44: 904 | K44: 37408 | L44: 21
A45: 905 | B45: WS | C45: 32 | J45: 905 | K45: WS | L45: 32
A46: 906 | B46: 37452 | C46: 22 | J46: 906 | K46: 37452 | L46: 22
A47: 907 | B47: DS | C47: 31 | J47: 907 | K47: DS | L47: 31
A48: 908 | B48: 37408 | C48: 21 | J48: 908 | K48: 37408 | L48: 21

Sheet HgtDOY163
A1: F105
A2: Overflight 2
A3: June 12 2002
E4: R= harvest row number
A5: Plant Canopy Measurements
F7: Plant Height Cm) | M7: Plant Canopy Width (cm)
A8: Plot | B8: acron | C8: trt. | D8: R3 | E8: R4 | F8: R5 | G8: R6 | H8: R7 | I8: R8 | J8: average ht | K8: R3 | L8: R4 | M8: R5 | N8: R6 | O8: R7 | P8: R8 | Q8: average width
A9: 101 | B9: FSH | C9: 1 | D9: 31.5 | E9: 33 | F9: 35 | G9: 34 | H9: 36.5 | I9: 28.5 | J9: =AVERAGE(D9:I9) -> 33.083333 | K9: 34.5 | L9: 32.5 | M9: 36 | N9: 32 | O9: 36 | P9: 29 | Q9: =AVERAGE(K9:P9) -> 33.333333
A10: 102 | B10: FTL | C10: 4 | D10: 34 | E10: 38 | F10: 32.5 | G10: 25.5 | H10: 28.5 | I10: 24 | J10: =AVERAGE(D10:I10) -> 30.416667 | K10: 38 | L10: 41.5 | M10: 27.5 | N10: 22 | O10: 28 | P10: 30 | Q10: =AVERAGE(K10:P10) -> 31.166667
A11: 103 | B11: FDH | C11: 5 | D11: 25.5 | E11: 36 | F11: 27.5 | G11: 38 | H11: 31.5 | I11: 35 | J11: =AVERAGE(D11:I11) -> 32.25 | K11: 47.5 | L11: 58 | M11: 47 | N11: 54 | O11: 57 | P11: 53.5 | Q11: =AVERAGE(K11:P11) -> 52.833333
A12: 104 | B12: NTL | C12: 10 | D12: 32.5 | E12: 34 | F12: 33 | G12: 33.5 | H12: 30 | I12: 29.5 | J12: =AVERAGE(D12:I12) -> 32.083333 | K12: 43 | L12: 37 | M12: 34 | N12: 42 | O12: 37 | P12: 38.5 | Q12: =AVERAGE(K12:P12) -> 38.583333
A13: 105 | B13: NDL | C13: 12 | D13: 29 | E13: 36 | F13: 31 | G13: 26.5 | H13: 30.5 | I13: 32 | J13: =AVERAGE(D13:I13) -> 30.833333 | K13: 50 | L13: 57.5 | M13: 55 | N13: 53 | O13: 53.5 | P13: 58 | Q13: =AVERAGE(K13:P13) -> 54.5
A14: 106 | B14: NTH | C14: 9 | D14: 33 | E14: 26 | F14: 30 | G14: 29.5 | H14: 30 | I14: 25 | J14: =AVERAGE(D14:I14) -> 28.916667 | K14: 42 | L14: 31 | M14: 40 | N14: 36.5 | O14: 44.5 | P14: 35 | Q14: =AVERAGE(K14:P14) -> 38.166667
A15: 107 | B15: NTL | C15: 10 | D15: 31 | E15: 30 | F15: 25.5 | G15: 28 | H15: 30 | I15: 31.5 | J15: =AVERAGE(D15:I15) -> 29.333333 | K15: 35 | L15: 31.5 | M15: 29 | N15: 30.5 | O15: 36 | P15: 33 | Q15: =AVERAGE(K15:P15) -> 32.5
A16: 108 | B16: FTH | C16: 3 | D16: 31.5 | E16: 28 | F16: 27 | G16: 31.5 | H16: 31 | I16: 24 | J16: =AVERAGE(D16:I16) -> 28.833333 | K16: 42.5 | L16: 34 | M16: 32 | N16: 36 | O16: 37.5 | P16: 33.5 | Q16: =AVERAGE(K16:P16) -> 35.916667
A17: 201 | B17: NDL | C17: 12 | D17: 31.5 | E17: 33 | F17: 29.5 | G17: 30 | H17: 32 | I17: 29.5 | J17: =AVERAGE(D17:I17) -> 30.916667 | K17: 44 | L17: 54 | M17: 53 | N17: 48.5 | O17: 56.5 | P17: 52 | Q17: =AVERAGE(K17:P17) -> 51.333333
A18: 202 | B18: NTH | C18: 9 | D18: 38 | E18: 35 | F18: 23.5 | G18: 30.5 | H18: 32 | I18: 30.5 | J18: =AVERAGE(D18:I18) -> 31.583333 | K18: 44 | L18: 42.5 | M18: 27.5 | N18: 30.5 | O18: 37 | P18: 35 | Q18: =AVERAGE(K18:P18) -> 36.083333
A19: 203 | B19: FTH | C19: 3 | D19: 37 | E19: 32.5 | F19: 21 | G19: 33 | H19: 36.5 | I19: 24 | J19: =AVERAGE(D19:I19) -> 30.666667 | K19: 40.5 | L19: 31 | M19: 42 | N19: 27.5 | O19: 41 | P19: 38.5 | Q19: =AVERAGE(K19:P19) -> 36.75
A20: 204 | B20: NDH | C20: 11 | D20: 28.5 | E20: 30 | F20: 27.5 | G20: 34 | H20: 35 | I20: 28 | J20: =AVERAGE(D20:I20) -> 30.5 | K20: 50.5 | L20: 55 | M20: 69.5 | N20: 58.5 | O20: 58 | P20: 44 | Q20: =AVERAGE(K20:P20) -> 55.916667
... A41: 901 | B41: WS | C41: 32 | D41: 0 | E41: 0 | F41: 0 | G41: 0 | H41: 0 | I41: 0 | J41: =AVERAGE(D41:I41) -> 0 | K41: 0 | L41: 0 | M41: 0 | N41: 0 | O41: 0 | P41: 0 | Q41: =AVERAGE(K41:P41) -> 0
A42: 902 | B42: 37452 | C42: 22 | D42: 30.5 | E42: 31.5 | F42: 30 | G42: 29 | H42: 34.5 | I42: 32 | J42: =AVERAGE(D42:I42) -> 31.25 | K42: 36 | L42: 33.5 | M42: 36.5 | N42: 40 | O42: 38.5 | P42: 34 | Q42: =AVERAGE(K42:P42) -> 36.416667
A43: 903 | B43: DS | C43: 31 | D43: 0 | E43: 0 | F43: 0 | G43: 0 | H43: 0 | I43: 0 | J43: =AVERAGE(D43:I43) -> 0 | K43: 0 | L43: 0 | M43: 0 | N43: 0 | O43: 0 | P43: 0 | Q43: =AVERAGE(K43:P43) -> 0
A44: 904 | B44: 37408 | C44: 21 | D44: 26 | E44: 39 | F44: 28 | G44: 31 | H44: 28.5 | I44: 32 | J44: =AVERAGE(D44:I44) -> 30.75 | K44: 30 | L44: 42 | M44: 36 | N44: 36 | O44: 45 | P44: 36 | Q44: =AVERAGE(K44:P44) -> 37.5
A45: 905 | B45: WS | C45: 32 | D45: 0 | E45: 0 | F45: 0 | G45: 0 | H45: 0 | I45: 0 | J45: =AVERAGE(D45:I45) -> 0 | K45: 0 | L45: 0 | M45: 0 | N45: 0 | O45: 0 | P45: 0 | Q45: =AVERAGE(K45:P45) -> 0
A46: 906 | B46: 37452 | C46: 22 | D46: 32.5 | E46: 31 | F46: 29 | G46: 35.5 | H46: 30.5 | I46: 21 | J46: =AVERAGE(D46:I46) -> 29.916667 | K46: 37 | L46: 40 | M46: 31 | N46: 40.5 | O46: 37 | P46: 24 | Q46: =AVERAGE(K46:P46) -> 34.916667
A47: 907 | B47: DS | C47: 31 | D47: 0 | E47: 0 | F47: 0 | G47: 0 | H47: 0 | I47: 0 | J47: =AVERAGE(D47:I47) -> 0 | K47: 0 | L47: 0 | M47: 0 | N47: 0 | O47: 0 | P47: 0 | Q47: =AVERAGE(K47:P47) -> 0
A48: 908 | B48: 37408 | C48: 21 | D48: 33 | E48: 28.5 | F48: 35 | G48: 34.5 | H48: 32 | I48: 30 | J48: =AVERAGE(D48:I48) -> 32.166667 | K48: 36 | L48: 35 | M48: 39 | N48: 37.5 | O48: 45 | P48: 38 | Q48: =AVERAGE(K48:P48) -> 38.416667

Sheet HgtDOY170
A1: F105
A2: No overflight week
A3: June 19 2002
A4: DOY 170 | E4: R= harvest row number
A5: Plant Canopy Measurements
F7: Plant Height Cm) | M7: Plant Canopy Width (cm)
A8: Plot | B8: acron | C8: trt. | D8: R3 | E8: R4 | F8: R5 | G8: R6 | H8: R7 | I8: R8 | J8: average ht | K8: R3 | L8: R4 | M8: R5 | N8: R6 | O8: R7 | P8: R8 | Q8: average width
A9: 101 | B9: FSH | C9: 1 | D9: 36.5 | E9: 40.5 | F9: 47 | G9: 47 | H9: 48 | I9: 37 | J9: =AVERAGE(D9:I9) -> 42.666667 | K9: 40.5 | L9: 44 | M9: 43.5 | N9: 45 | O9: 48.5 | P9: 34 | Q9: =AVERAGE(K9:P9) -> 42.583333
A10: 102 | B10: FTL | C10: 4 | D10: 38.5 | E10: 46 | F10: 33 | G10: 35 | H10: 36 | I10: 43 | J10: =AVERAGE(D10:I10) -> 38.583333 | K10: 36 | L10: 41 | M10: 41 | N10: 34 | O10: 35 | P10: 47 | Q10: =AVERAGE(K10:P10) -> 39
A11: 103 | B11: FDH | C11: 5 | D11: 37.5 | E11: 34 | F11: 40 | G11: 45 | H11: 43 | I11: 41 | J11: =AVERAGE(D11:I11) -> 40.083333 | K11: 51 | L11: 58 | M11: 52 | N11: 55 | O11: 60 | P11: 62 | Q11: =AVERAGE(K11:P11) -> 56.333333
A12: 104 | B12: NTL | C12: 10 | D12: 42 | E12: 41 | F12: 42 | G12: 43 | H12: 40 | I12: 38.5 | J12: =AVERAGE(D12:I12) -> 41.083333 | K12: 39 | L12: 37.5 | M12: 38 | N12: 43.5 | O12: 37 | P12: 39 | Q12: =AVERAGE(K12:P12) -> 39
A13: 105 | B13: NDL | C13: 12 | D13: 40 | E13: 40 | F13: 43 | G13: 34 | H13: 40 | I13: 44 | J13: =AVERAGE(D13:I13) -> 40.166667 | K13: 53 | L13: 60 | M13: 60 | N13: 49 | O13: 53 | P13: 61 | Q13: =AVERAGE(K13:P13) -> 56
A14: 106 | B14: NTH | C14: 9 | D14: 42.5 | E14: 31 | F14: 42 | G14: 34 | H14: 39 | I14: 33 | J14: =AVERAGE(D14:I14) -> 36.916667 | K14: 43 | L14: 31 | M14: 45 | N14: 30 | O14: 43 | P14: 31 | Q14: =AVERAGE(K14:P14) -> 37.166667
A15: 107 | B15: NTL | C15: 10 | D15: 39 | E15: 38 | F15: 33 | G15: 43 | H15: 37 | I15: 39.5 | J15: =AVERAGE(D15:I15) -> 38.25 | K15: 38.5 | L15: 36 | M15: 32 | N15: 40 | O15: 31 | P15: 33.5 | Q15: =AVERAGE(K15:P15) -> 35.166667
A16: 108 | B16: FTH | C16: 3 | D16: 43 | E16: 35 | F16: 35 | G16: 36 | H16: 38 | I16: 34 | J16: =AVERAGE(D16:I16) -> 36.833333 | K16: 45 | L16: 33 | M16: 34 | N16: 40 | O16: 43 | P16: 40 | Q16: =AVERAGE(K16:P16) -> 39.166667
A17: 201 | B17: NDL | C17: 12 | D17: 44.5 | E17: 46 | F17: 38.5 | G17: 42.5 | H17: 47 | I17: 37.5 | J17: =AVERAGE(D17:I17) -> 42.666667 | K17: 58 | L17: 61.5 | M17: 62 | N17: 60 | O17: 67 | P17: 53 | Q17: =AVERAGE(K17:P17) -> 60.25
A18: 202 | B18: NTH | C18: 9 | D18: 43.5 | E18: 39 | F18: 29.5 | G18: 28.5 | H18: 37 | I18: 39.5 | J18: =AVERAGE(D18:I18) -> 36.166667 | K18: 55 | L18: 45 | M18: 28 | N18: 26.5 | O18: 40 | P18: 42 | Q18: =AVERAGE(K18:P18) -> 39.416667
A19: 203 | B19: FTH | C19: 3 | D19: 48 | E19: 41 | F19: 46 | G19: 43 | H19: 47.5 | I19: 36.5 | J19: =AVERAGE(D19:I19) -> 43.666667 | K19: 52 | L19: 46 | M19: 45 | N19: 44.5 | O19: 43 | P19: 45 | Q19: =AVERAGE(K19:P19) -> 45.916667
A20: 204 | B20: NDH | C20: 11 | D20: 35.5 | E20: 40 | F20: 40.5 | G20: 45 | H20: 43 | I20: 38.5 | J20: =AVERAGE(D20:I20) -> 40.416667 | K20: 60 | L20: 51 | M20: 63 | N20: 64 | O20: 59.5 | P20: 45 | Q20: =AVERAGE(K20:P20) -> 57.083333
... A37: 405 | B37: FDL | C37: 6 | D37: 38 | E37: 36 | F37: 44 | G37: 42 | H37: 42 | I37: 39.5 | J37: =AVERAGE(D37:I37) -> 40.25 | K37: 50 | L37: 56 | M37: 59 | N37: 56 | O37: 56 | P37: 55 | Q37: =AVERAGE(K37:P37) -> 55.333333
A38: 406 | B38: FTH | C38: 3 | D38: 43.5 | E38: 44 | F38: 51 | G38: 47.5 | H38: 44 | I38: 37 | J38: =AVERAGE(D38:I38) -> 44.5 | K38: 43.5 | L38: 44 | M38: 46.5 | N38: 45 | O38: 44 | P38: 40.5 | Q38: =AVERAGE(K38:P38) -> 43.916667 | S38: Plot 408 @ 7:10-begin measurements
A39: 407 | B39: NSH | C39: 7 | D39: 42 | E39: 38 | F39: 37 | G39: 32.5 | H39: 34 | I39: 37.5 | J39: =AVERAGE(D39:I39) -> 36.833333 | K39: 44 | L39: 32 | M39: 35 | N39: 28.5 | O39: 38.5 | P39: 37.5 | Q39: =AVERAGE(K39:P39) -> 35.916667 | S39: Plot 408 @ 8:23 am-end
A40: 408 | B40: NTL | C40: 10 | D40: 33 | E40: 36 | F40: 38.5 | G40: 38 | H40: 36 | I40: 34.5 | J40: =AVERAGE(D40:I40) -> 36 | K40: 26.5 | L40: 30.5 | M40: 41 | N40: 41 | O40: 28 | P40: 37 | Q40: =AVERAGE(K40:P40) -> 34 | R40: ht | S40: 34 | T40: 36 | U40: 40 | V40: 41 | W40: 37.5 | X40: 39 | Y40: wdth | Z40: 33 | AA40: 38 | AB40: 41.5 | AC40: 40 | AD40: 38 | AE40: 37
A41: 901 | B41: WS | C41: 32 | D41: 0 | E41: 0 | F41: 0 | G41: 0 | H41: 0 | I41: 0 | J41: =AVERAGE(D41:I41) -> 0 | K41: 0 | L41: 0 | M41: 0 | N41: 0 | O41: 0 | P41: 0 | Q41: =AVERAGE(K41:P41) -> 0
A42: 902 | B42: 37452 | C42: 22 | D42: 39 | E42: 41 | F42: 38.5 | G42: 48.5 | H42: 48 | I42: 44 | J42: =AVERAGE(D42:I42) -> 43.166667 | K42: 40 | L42: 40 | M42: 45 | N42: 49 | O42: 51 | P42: 50 | Q42: =AVERAGE(K42:P42) -> 45.833333
A43: 903 | B43: DS | C43: 31 | D43: 0 | E43: 0 | F43: 0 | G43: 0 | H43: 0 | I43: 0 | J43: =AVERAGE(D43:I43) -> 0 | K43: 0 | L43: 0 | M43: 0 | N43: 0 | O43: 0 | P43: 0 | Q43: =AVERAGE(K43:P43) -> 0
A44: 904 | B44: 37408 | C44: 21 | D44: 37 | E44: 51 | F44: 48 | G44: 41 | H44: 40 | I44: 45.5 | J44: =AVERAGE(D44:I44) -> 43.75 | K44: 37 | L44: 47 | M44: 44 | N44: 47 | O44: 41 | P44: 47.5 | Q44: =AVERAGE(K44:P44) -> 43.916667
A45: 905 | B45: WS | C45: 32 | D45: 0 | E45: 0 | F45: 0 | G45: 0 | H45: 0 | I45: 0 | J45: =AVERAGE(D45:I45) -> 0 | K45: 0 | L45: 0 | M45: 0 | N45: 0 | O45: 0 | P45: 0 | Q45: =AVERAGE(K45:P45) -> 0
A46: 906 | B46: 37452 | C46: 22 | D46: 43 | E46: 44 | F46: 45 | G46: 52 | H46: 41 | I46: 30 | J46: =AVERAGE(D46:I46) -> 42.5 | K46: 40 | L46: 38 | M46: 40 | N46: 45 | O46: 40 | P46: 27.5 | Q46: =AVERAGE(K46:P46) -> 38.416667
A47: 907 | B47: DS | C47: 31 | D47: 0 | E47: 0 | F47: 0 | G47: 0 | H47: 0 | I47: 0 | J47: =AVERAGE(D47:I47) -> 0 | K47: 0 | L47: 0 | M47: 0 | N47: 0 | O47: 0 | P47: 0 | Q47: =AVERAGE(K47:P47) -> 0
A48: 908 | B48: 37408 | C48: 21 | D48: 42 | E48: 34.5 | F48: 44 | G48: 43 | H48: 42 | I48: 41.5 | J48: =AVERAGE(D48:I48) -> 41.166667 | K48: 47 | L48: 46 | M48: 42 | N48: 42 | O48: 41 | P48: 45 | Q48: =AVERAGE(K48:P48) -> 43.833333

Sheet HgtDOY176
A1: F105
A2: Overflight 3
A3: 37432
A4: Doy 176 | E4: R= harvest row number
A5: Plant Canopy Measurements
F7: Plant Height Cm) | M7: Plant Canopy Width (cm)
A8: Plot | B8: acron | C8: trt. | D8: R3 | E8: R4 | F8: R5 | G8: R6 | H8: R7 | I8: R8 | J8: average ht | K8: R3 | L8: R4 | M8: R5 | N8: R6 | O8: R7 | P8: R8 | Q8: average width
A9: 101 | B9: FSH | C9: 1 | D9: 48 | E9: 55 | F9: 56 | G9: 53.5 | H9: 56 | I9: 48 | J9: =AVERAGE(D9:I9) -> 52.75 | K9: 50.5 | L9: 56 | M9: 60.5 | N9: 50 | O9: 60 | P9: 39 | Q9: =AVERAGE(K9:P9) -> 52.666667
A10: 102 | B10: FTL | C10: 4 | D10: 51 | E10: 57.5 | F10: 40 | G10: 55 | H10: 48.5 | I10: 48 | J10: =AVERAGE(D10:I10) -> 50 | K10: 40 | L10: 49 | M10: 53 | N10: 53.5 | O10: 44.5 | P10: 58 | Q10: =AVERAGE(K10:P10) -> 49.666667
A11: 103 | B11: FDH | C11: 5 | D11: 45 | E11: 52 | F11: 45.5 | G11: 50 | H11: 51 | I11: 53 | J11: =AVERAGE(D11:I11) -> 49.416667 | K11: 58 | L11: 67 | M11: 65 | N11: 65.5 | O11: 69.5 | P11: 71 | Q11: =AVERAGE(K11:P11) -> 66
A12: 104 | B12: NTL | C12: 10 | D12: 50 | E12: 50 | F12: 50 | G12: 54 | H12: 50.5 | I12: 49.5 | J12: =AVERAGE(D12:I12) -> 50.666667 | K12: 53 | L12: 42 | M12: 47.5 | N12: 46 | O12: 52 | P12: 48 | Q12: =AVERAGE(K12:P12) -> 48.083333
A13: 105 | B13: NDL | C13: 12 | D13: 44 | E13: 48 | F13: 47.5 | G13: 57 | H13: 43.5 | I13: 45 | J13: =AVERAGE(D13:I13) -> 47.5 | K13: 58.5 | L13: 71 | M13: 69.5 | N13: 56 | O13: 63 | P13: 68 | Q13: =AVERAGE(K13:P13) -> 64.333333
A14: 106 | B14: NTH | C14: 9 | D14: 53 | E14: 45 | F14: 55 | G14: 49.5 | H14: 51.5 | I14: 48.5 | J14: =AVERAGE(D14:I14) -> 50.416667 | K14: 54 | L14: 42 | M14: 51.5 | N14: 51 | O14: 55 | P14: 49 | Q14: =AVERAGE(K14:P14) -> 50.416667
A15: 107 | B15: NTL | C15: 10 | D15: 50.5 | E15: 51.5 | F15: 47 | G15: 47.5 | H15: 51 | I15: 60 | J15: =AVERAGE(D15:I15) -> 51.25 | K15: 49.5 | L15: 54 | M15: 49.5 | N15: 50 | O15: 49 | P15: 51.5 | Q15: =AVERAGE(K15:P15) -> 50.583333
A16: 108 | B16: FTH | C16: 3 | D16: 53 | E16: 45 | F16: 43 | G16: 53 | H16: 54 | I16: 48.5 | J16: =AVERAGE(D16:I16) -> 49.416667 | K16: 59 | L16: 48 | M16: 47 | N16: 56 | O16: 58 | P16: 54 | Q16: =AVERAGE(K16:P16) -> 53.666667
A17: 201 | B17: NDL | C17: 12 | D17: 53.5 | E17: 51 | F17: 49.5 | G17: 54.5 | H17: 49 | I17: 48.5 | J17: =AVERAGE(D17:I17) -> 51 | K17: 62 | L17: 71.5 | M17: 66 | N17: 61 | O17: 65 | P17: 63 | Q17: =AVERAGE(K17:P17) -> 64.75
A18: 202 | B18: NTH | C18: 9 | D18: 51.5 | E18: 49 | F18: 44 | G18: 39 | H18: 46.5 | I18: 49.5 | J18: =AVERAGE(D18:I18) -> 46.583333 | K18: 46.5 | L18: 48 | M18: 52 | N18: 34 | O18: 46 | P18: 43 | Q18: =AVERAGE(K18:P18) -> 44.916667
A19: 203 | B19: FTH | C19: 3 | D19: 58 | E19: 53 | F19: 56.5 | G19: 55 | H19: 62.5 | I19: 45 | J19: =AVERAGE(D19:I19) -> 55 | K19: 56 | L19: 53.5 | M19: 55 | N19: 59 | O19: 59 | P19: 53 | Q19: =AVERAGE(K19:P19) -> 55.916667
A20: 204 | B20: NDH | C20: 11 | D20: 49.5 | E20: 56.5 | F20: 57 | G20: 52.5 | H20: 48 | I20: 48 | J20: =AVERAGE(D20:I20) -> 51.916667 | K20: 65 | L20: 58 | M20: 69.5 | N20: 63 | O20: 62.5 | P20: 56 | Q20: =AVERAGE(K20:P20) -> 62.333333
... A41: 901 | B41: WS | C41: 32 | D41: 0 | E41: 0 | F41: 0 | G41: 0 | H41: 0 | I41: 0 | J41: =AVERAGE(D41:I41) -> 0 | K41: 0 | L41: 0 | M41: 0 | N41: 0 | O41: 0 | P41: 0 | Q41: =AVERAGE(K41:P41) -> 0
A42: 902 | B42: 37452 | C42: 22 | D42: 53.5 | E42: 51 | F42: 50.5 | G42: 48 | H42: 50.5 | I42: 47.5 | J42: =AVERAGE(D42:I42) -> 50.166667 | K42: 47.5 | L42: 51 | M42: 47 | N42: 42 | O42: 50 | P42: 50.5 | Q42: =AVERAGE(K42:P42) -> 48
A43: 903 | B43: DS | C43: 31 | D43: 0 | E43: 0 | F43: 0 | G43: 0 | H43: 0 | I43: 0 | J43: =AVERAGE(D43:I43) -> 0 | K43: 0 | L43: 0 | M43: 0 | N43: 0 | O43: 0 | P43: 0 | Q43: =AVERAGE(K43:P43) -> 0
A44: 904 | B44: 37408 | C44: 21 | D44: 38.5 | E44: 49 | F44: 42.5 | G44: 42 | H44: 48.5 | I44: 47 | J44: =AVERAGE(D44:I44) -> 44.583333 | K44: 39 | L44: 46 | M44: 43 | N44: 40 | O44: 45 | P44: 44.5 | Q44: =AVERAGE(K44:P44) -> 42.916667
A45: 905 | B45: WS | C45: 32 | D45: 0 | E45: 0 | F45: 0 | G45: 0 | H45: 0 | I45: 0 | J45: =AVERAGE(D45:I45) -> 0 | K45: 0 | L45: 0 | M45: 0 | N45: 0 | O45: 0 | P45: 0 | Q45: =AVERAGE(K45:P45) -> 0
A46: 906 | B46: 37452 | C46: 22 | D46: 58 | E46: 56.5 | F46: 55 | G46: 65.5 | H46: 57 | I46: 48 | J46: =AVERAGE(D46:I46) -> 56.666667 | K46: 56.5 | L46: 57 | M46: 50 | N46: 53 | O46: 52.5 | P46: 44.5 | Q46: =AVERAGE(K46:P46) -> 52.25
A47: 907 | B47: DS | C47: 31 | D47: 0 | E47: 0 | F47: 0 | G47: 0 | H47: 0 | I47: 0 | J47: =AVERAGE(D47:I47) -> 0 | K47: 0 | L47: 0 | M47: 0 | N47: 0 | O47: 0 | P47: 0 | Q47: =AVERAGE(K47:P47) -> 0
A48: 908 | B48: 37408 | C48: 21 | D48: 47.5 | E48: 41 | F48: 48.5 | G48: 45.5 | H48: 47 | I48: 45.5 | J48: =AVERAGE(D48:I48) -> 45.833333 | K48: 45 | L48: 36 | M48: 46 | N48: 48 | O48: 44 | P48: 40.5 | Q48: =AVERAGE(K48:P48) -> 43.25

Sheet HgtDOY183
A1: F105
A2: Overflight - no
A3: 37439
A4: Doy 183 | E4: R= harvest row number
A5: Plant Canopy Measurements
F7: Plant Height Cm) | M7: Plant Canopy Width (cm)
A8: Plot | B8: acron | C8: trt. | D8: R3 | E8: R4 | F8: R5 | G8: R6 | H8: R7 | I8: R8 | J8: average ht | K8: R3 | L8: R4 | M8: R5 | N8: R6 | O8: R7 | P8: R8 | Q8: average width
A9: 101 | B9: FSH | C9: 1 | D9: 54 | E9: 60 | F9: 61 | G9: 53 | H9: 59 | I9: 56 | J9: =AVERAGE(D9:I9) -> 57.166667 | K9: 38 | L9: 60 | M9: 54 | N9: 63 | O9: 60 | P9: 52 | Q9: =AVERAGE(K9:P9) -> 54.5
A10: 102 | B10: FTL | C10: 4 | D10: 55 | E10: 60 | F10: 60 | G10: 55 | H10: 56 | I10: 58 | J10: =AVERAGE(D10:I10) -> 57.333333 | K10: 44 | L10: 45 | M10: 50 | N10: 42 | O10: 48 | P10: 43 | Q10: =AVERAGE(K10:P10) -> 45.333333
A11: 103 | B11: FDH | C11: 5 | D11: 57 | E11: 61 | F11: 58 | G11: 53 | H11: 55 | I11: 54 | J11: =AVERAGE(D11:I11) -> 56.333333 | K11: 69 | L11: 70 | M11: 66 | N11: 66 | O11: 65 | P11: 61 | Q11: =AVERAGE(K11:P11) -> 66.166667
A12: 104 | B12: NTL | C12: 10 | D12: 56 | E12: 54 | F12: 59 | G12: 55 | H12: 47 | I12: 46 | J12: =AVERAGE(D12:I12) -> 52.833333 | K12: 42 | L12: 40 | M12: 44 | N12: 41 | O12: 40 | P12: 42 | Q12: =AVERAGE(K12:P12) -> 41.5
A13: 105 | B13: NDL | C13: 12 | D13: 49 | E13: 50 | F13: 57 | G13: 56 | H13: 58 | I13: 56 | J13: =AVERAGE(D13:I13) -> 54.333333 | K13: 67 | L13: 62 | M13: 63 | N13: 700 | O13: 69 | P13: 57 | Q13: =AVERAGE(K13:P13) -> 169.66667
A14: 106 | B14: NTH | C14: 9 | D14: 54 | E14: 58 | F14: 58 | G14: 60 | H14: 56 | I14: 60 | J14: =AVERAGE(D14:I14) -> 57.666667 | K14: 40 | L14: 60 | M14: 51 | N14: 48 | O14: 38 | P14: 48 | Q14: =AVERAGE(K14:P14) -> 47.5
A15: 107 | B15: NTL | C15: 10 | D15: 47 | E15: 55 | F15: 55 | G15: 54 | H15: 55 | I15: 53 | J15: =AVERAGE(D15:I15) -> 53.166667 | K15: 42 | L15: 44 | M15: 53 | N15: 44 | O15: 57 | P15: 42 | Q15: =AVERAGE(K15:P15) -> 47
A16: 108 | B16: FTH | C16: 3 | D16: 56 | E16: 65 | F16: 55 | G16: 58 | H16: 54 | I16: 65 | J16: =AVERAGE(D16:I16) -> 58.833333 | K16: 47 | L16: 57 | M16: 62 | N16: 56 | O16: 50 | P16: 57 | Q16: =AVERAGE(K16:P16) -> 54.833333
A17: 201 | B17: NDL | C17: 12 | D17: 60 | E17: 55 | F17: 59 | G17: 65 | H17: 62 | I17: 56 | J17: =AVERAGE(D17:I17) -> 59.5 | K17: 62 | L17: 68 | M17: 65 | N17: 61 | O17: 64 | P17: 63 | Q17: =AVERAGE(K17:P17) -> 63.833333
A18: 202 | B18: NTH | C18: 9 | D18: 50 | E18: 50 | F18: 41 | G18: 45 | H18: 50 | I18: 59 | J18: =AVERAGE(D18:I18) -> 49.166667 | K18: 46 | L18: 42 | M18: 35 | N18: 63 | O18: 38 | P18: 39 | Q18: =AVERAGE(K18:P18) -> 43.833333
A19: 203 | B19: FTH | C19: 3 | D19: 71 | E19: 55 | F19: 67 | G19: 59 | H19: 63 | I19: 58 | J19: =AVERAGE(D19:I19) -> 62.166667 | K19: 55 | L19: 53 | M19: 56 | N19: 55 | O19: 53 | P19: 55 | Q19: =AVERAGE(K19:P19) -> 54.5
A20: 204 | B20: NDH | C20: 11 | D20: 53 | E20: 56 | F20: 60 | G20: 57 | H20: 50 | I20: 46 | J20: =AVERAGE(D20:I20) -> 53.666667 | K20: 62 | L20: 59 | M20: 69 | N20: 64 | O20: 67 | P20: 55 | Q20: =AVERAGE(K20:P20) -> 62.666667
... A41: 901 | B41: WS | C41: 32 | D41: 0 | E41: 0 | F41: 0 | G41: 0 | H41: 0 | I41: 0 | J41: =AVERAGE(D41:I41) -> 0 | K41: 0 | L41: 0 | M41: 0 | N41: 0 | O41: 0 | P41: 0 | Q41: =AVERAGE(K41:P41) -> 0
A42: 902 | B42: 37452 | C42: 22 | D42: 61 | E42: 59 | F42: 57 | G42: 56 | H42: 52 | I42: 51 | J42: =AVERAGE(D42:I42) -> 56 | K42: 52 | L42: 55 | M42: 49 | N42: 45 | O42: 49 | P42: 48 | Q42: =AVERAGE(K42:P42) -> 49.666667
A43: 903 | B43: DS | C43: 31 | D43: 0 | E43: 0 | F43: 0 | G43: 0 | H43: 0 | I43: 0 | J43: =AVERAGE(D43:I43) -> 0 | K43: 0 | L43: 0 | M43: 0 | N43: 0 | O43: 0 | P43: 0 | Q43: =AVERAGE(K43:P43) -> 0
A44: 904 | B44: 37408 | C44: 21 | D44: 50 | E44: 44 | F44: 45 | G44: 54 | H44: 51 | I44: 49 | J44: =AVERAGE(D44:I44) -> 48.833333 | K44: 42 | L44: 46 | M44: 38 | N44: 40 | O44: 46 | P44: 40 | Q44: =AVERAGE(K44:P44) -> 42
A45: 905 | B45: WS | C45: 32 | D45: 0 | E45: 0 | F45: 0 | G45: 0 | H45: 0 | I45: 0 | J45: =AVERAGE(D45:I45) -> 0 | K45: 0 | L45: 0 | M45: 0 | N45: 0 | O45: 0 | P45: 0 | Q45: =AVERAGE(K45:P45) -> 0
A46: 906 | B46: 37452 | C46: 22 | D46: 61 | E46: 65 | F46: 70 | G46: 62 | H46: 60 | I46: 64 | J46: =AVERAGE(D46:I46) -> 63.666667 | K46: 44 | L46: 52 | M46: 51 | N46: 54 | O46: 43 | P46: 56 | Q46: =AVERAGE(K46:P46) -> 50
A47: 907 | B47: DS | C47: 31 | D47: 0 | E47: 0 | F47: 0 | G47: 0 | H47: 0 | I47: 0 | J47: =AVERAGE(D47:I47) -> 0 | K47: 0 | L47: 0 | M47: 0 | N47: 0 | O47: 0 | P47: 0 | Q47: =AVERAGE(K47:P47) -> 0
A48: 908 | B48: 37408 | C48: 21 | D48: 45 | E48: 48 | F48: 42 | G48: 41 | H48: 37 | I48: 49 | J48: =AVERAGE(D48:I48) -> 43.666667 | K48: 34 | L48: 48 | M48: 35 | N48: 34 | O48: 30 | P48: 40 | Q48: =AVERAGE(K48:P48) -> 36.833333

Sheet HgtDOY190
A1: F105
A2: Overflight #4
A3: 37446
A4: DOY190 | E4: R= harvest row number
A5: Plant Canopy Measurements
F7: Plant Height Cm) | M7: Plant Canopy Width (cm)
A8: Plot | B8: acron | C8: trt. | D8: R3 | E8: R4 | F8: R5 | G8: R6 | H8: R7 | I8: R8 | J8: average ht | K8: R3 | L8: R4 | M8: R5 | N8: R6 | O8: R7 | P8: R8 | Q8: average width
A9: 101 | B9: FSH | C9: 1 | D9: 69 | E9: 75 | F9: 78 | G9: 76 | H9: 81 | I9: 66 | J9: =AVERAGE(D9:I9) -> 74.166667 | K9: 70 | L9: 82 | M9: 70 | N9: 77 | O9: 75 | P9: 63 | Q9: =AVERAGE(K9:P9) -> 72.833333
A10: 102 | B10: FTL | C10: 4 | D10: 66 | E10: 80 | F10: 66 | G10: 71 | H10: 69 | I10: 76 | J10: =AVERAGE(D10:I10) -> 71.333333 | K10: 72 | L10: 68 | M10: 66 | N10: 73 | O10: 66 | P10: 74 | Q10: =AVERAGE(K10:P10) -> 69.833333
A11: 103 | B11: FDH | C11: 5 | D11: 63 | E11: 77 | F11: 67 | G11: 75 | H11: 68 | I11: 69 | J11: =AVERAGE(D11:I11) -> 69.833333 | K11: 73 | L11: 77 | M11: 69 | N11: 80 | O11: 83.5 | P11: 86 | Q11: =AVERAGE(K11:P11) -> 78.083333
A12: 104 | B12: NTL | C12: 10 | D12: 58 | E12: 61 | F12: 60 | G12: 73.5 | H12: 74 | I12: 62 | J12: =AVERAGE(D12:I12) -> 64.75 | K12: 61.5 | L12: 51 | M12: 59 | N12: 68 | O12: 57 | P12: 63 | Q12: =AVERAGE(K12:P12) -> 59.916667
A13: 105 | B13: NDL | C13: 12 | D13: 75 | E13: 82 | F13: 76 | G13: 74 | H13: 67 | I13: 73 | J13: =AVERAGE(D13:I13) -> 74.5 | K13: 81 | L13: 87 | M13: 87 | N13: 76 | O13: 81 | P13: 80 | Q13: =AVERAGE(K13:P13) -> 82
A14: 106 | B14: NTH | C14: 9 | D14: 75 | E14: 67 | F14: 77 | G14: 70 | H14: 72 | I14: 73 | J14: =AVERAGE(D14:I14) -> 72.333333 | K14: 67 | L14: 62 | M14: 79 | N14: 71 | O14: 73 | P14: 71 | Q14: =AVERAGE(K14:P14) -> 70.5
A15: 107 | B15: NTL | C15: 10 | D15: 80 | E15: 68 | F15: 75 | G15: 78 | H15: 77 | I15: 80 | J15: =AVERAGE(D15:I15) -> 76.333333 | K15: 72 | L15: 81 | M15: 73 | N15: 79 | O15: 72 | P15: 62 | Q15: =AVERAGE(K15:P15) -> 73.166667
A16: 108 | B16: FTH | C16: 3 | D16: 77 | E16: 66 | F16: 66 | G16: 70 | H16: 77 | I16: 73 | J16: =AVERAGE(D16:I16) -> 71.5 | K16: 76 | L16: 69 | M16: 73 | N16: 72 | O16: 71 | P16: 68 | Q16: =AVERAGE(K16:P16) -> 71.5
A17: 201 | B17: NDL | C17: 12 | D17: 71 | E17: 70 | F17: 63 | G17: 69 | H17: 69 | I17: 68 | J17: =AVERAGE(D17:I17) -> 68.333333 | K17: 87 | L17: 84 | M17: 86 | N17: 74 | O17: 80 | P17: 76 | Q17: =AVERAGE(K17:P17) -> 81.166667
A18: 202 | B18: NTH | C18: 9 | D18: 60 | E18: 57 | F18: 53 | G18: 58 | H18: 65 | I18: 62 | J18: =AVERAGE(D18:I18) -> 59.166667 | K18: 61 | L18: 63 | M18: 51 | N18: 53 | O18: 64 | P18: 55 | Q18: =AVERAGE(K18:P18) -> 57.833333
A19: 203 | B19: FTH | C19: 3 | D19: 68 | E19: 83 | F19: 76 | G19: 80 | H19: 72 | I19: 76 | J19: =AVERAGE(D19:I19) -> 75.833333 | K19: 73 | L19: 73 | M19: 75 | N19: 82 | O19: 81 | P19: 69 | Q19: =AVERAGE(K19:P19) -> 75.5
A20: 204 | B20: NDH | C20: 11 | D20: 66 | E20: 69 | F20: 74 | G20: 74 | H20: 77 | I20: 63 | J20: =AVERAGE(D20:I20) -> 70.5 | K20: 74 | L20: 76 | M20: 82 | N20: 75 | O20: 85 | P20: 81 | Q20: =AVERAGE(K20:P20) -> 78.833333
... A41: 901 | B41: WS | C41: 32 | D41: 0 | E41: 0 | F41: 0 | G41: 0 | H41: 0 | I41: 0 | J41: =AVERAGE(D41:I41) -> 0 | K41: 0 | L41: 0 | M41: 0 | N41: 0 | O41: 0 | P41: 0 | Q41: =AVERAGE(K41:P41) -> 0
A42: 902 | B42: 37452 | C42: 22 | D42: 68 | E42: 71 | F42: 84 | G42: 68 | H42: 66 | I42: 68 | J42: =AVERAGE(D42:I42) -> 70.833333 | K42: 63 | L42: 70 | M42: 68 | N42: 59 | O42: 64 | P42: 69 | Q42: =AVERAGE(K42:P42) -> 65.5
A43: 903 | B43: DS | C43: 31 | D43: 0 | E43: 0 | F43: 0 | G43: 0 | H43: 0 | I43: 0 | J43: =AVERAGE(D43:I43) -> 0 | K43: 0 | L43: 0 | M43: 0 | N43: 0 | O43: 0 | P43: 0 | Q43: =AVERAGE(K43:P43) -> 0
A44: 904 | B44: 37408 | C44: 21 | D44: 49 | E44: 43 | F44: 44 | G44: 52 | H44: 59 | I44: 46 | J44: =AVERAGE(D44:I44) -> 48.833333 | K44: 48 | L44: 59 | M44: 44 | N44: 47 | O44: 56 | P44: 49 | Q44: =AVERAGE(K44:P44) -> 50.5
A45: 905 | B45: WS | C45: 32 | D45: 0 | E45: 0 | F45: 0 | G45: 0 | H45: 0 | I45: 0 | J45: =AVERAGE(D45:I45) -> 0 | K45: 0 | L45: 0 | M45: 0 | N45: 0 | O45: 0 | P45: 0 | Q45: =AVERAGE(K45:P45) -> 0
A46: 906 | B46: 37452 | C46: 22 | D46: 70 | E46: 83 | F46: 91 | G46: 80 | H46: 77 | I46: 75 | J46: =AVERAGE(D46:I46) -> 79.333333 | K46: 69 | L46: 68 | M46: 74 | N46: 69 | O46: 64 | P46: 69 | Q46: =AVERAGE(K46:P46) -> 68.833333
A47: 907 | B47: DS | C47: 31 | D47: 0 | E47: 0 | F47: 0 | G47: 0 | H47: 0 | I47: 0 | J47: =AVERAGE(D47:I47) -> 0 | K47: 0 | L47: 0 | M47: 0 | N47: 0 | O47: 0 | P47: 0 | Q47: =AVERAGE(K47:P47) -> 0
A48: 908 | B48: 37408 | C48: 21 | D48: 39 | E48: 45 | F48: 48 | G48: 52 | H48: 41 | I48: 48 | J48: =AVERAGE(D48:I48) -> 45.5 | K48: 33 | L48: 54 | M48: 48 | N48: 51 | O48: 42 | P48: 51 | Q48: =AVERAGE(K48:P48) -> 46.5

Sheet HgtDOY199
A1: F105
A2: Overflight - no
A3: 37455
A4: DOY 199 | E4: R= harvest row number
A5: Plant Canopy Measurements
F7: Plant Height Cm) | M7: Plant Canopy Width (cm)
A8: Plot | B8: acron | C8: trt. | D8: R3 | E8: R4 | F8: R5 | G8: R6 | H8: R7 | I8: R8 | J8: average ht | K8: R3 | L8: R4 | M8: R5 | N8: R6 | O8: R7 | P8: R8 | Q8: average width
A9: 101 | B9: FSH | C9: 1 | D9: 80 | E9: 81 | F9: 90 | G9: 86 | H9: 86 | I9: 79 | J9: =AVERAGE(D9:I9) -> 83.666667 | K9: 83 | L9: 84 | M9: 80 | N9: 80 | O9: 80 | P9: 70 | Q9: =AVERAGE(K9:P9) -> 79.5
A10: 102 | B10: FTL | C10: 4 | D10: 77 | E10: 91 | F10: 79 | G10: 85 | H10: 87 | I10: 86 | J10: =AVERAGE(D10:I10) -> 84.166667 | K10: 79 | L10: 76 | M10: 70 | N10: 74 | O10: 74 | P10: 86 | Q10: =AVERAGE(K10:P10) -> 76.5
A11: 103 | B11: FDH | C11: 5 | D11: 82 | E11: 83 | F11: 88 | G11: 93 | H11: 80 | I11: 80 | J11: =AVERAGE(D11:I11) -> 84.333333 | K11: 80 | L11: 98 | M11: 84 | N11: 91 | O11: 91 | P11: 97 | Q11: =AVERAGE(K11:P11) -> 90.166667
A12: 104 | B12: NTL | C12: 10 | D12: 67 | E12: 64 | F12: 75 | G12: 77 | H12: 74 | I12: 75 | J12: =AVERAGE(D12:I12) -> 72 | K12: 74 | L12: 71 | M12: 68 | N12: 77 | O12: 77 | P12: 72 | Q12: =AVERAGE(K12:P12) -> 73.166667
A13: 105 | B13: NDL | C13: 12 | D13: 85 | E13: 101 | F13: 83 | G13: 90 | H13: 82 | I13: 83 | J13: =AVERAGE(D13:I13) -> 87.333333 | K13: 75 | L13: 98 | M13: 94 | N13: 95 | O13: 95 | P13: 84 | Q13: =AVERAGE(K13:P13) -> 90.166667
A14: 106 | B14: NTH | C14: 9 | D14: 80 | E14: 83 | F14: 83 | G14: 86 | H14: 77 | I14: 85 | J14: =AVERAGE(D14:I14) -> 82.333333 | K14: 76 | L14: 66 | M14: 90 | N14: 84 | O14: 84 | P14: 81 | Q14: =AVERAGE(K14:P14) -> 80.166667
A15: 107 | B15: NTL | C15: 10 | D15: 93 | E15: 76 | F15: 78 | G15: 86 | H15: 75 | I15: 82 | J15: =AVERAGE(D15:I15) -> 81.666667 | K15: 80 | L15: 85 | M15: 80 | N15: 78 | O15: 78 | P15: 69 | Q15: =AVERAGE(K15:P15) -> 78.333333
A16: 108 | B16: FTH | C16: 3 | D16: 82 | E16: 78 | F16: 80 | G16: 85 | H16: 86 | I16: 93 | J16: =AVERAGE(D16:I16) -> 84 | K16: 83 | L16: 73 | M16: 84 | N16: 79 | O16: 79 | P16: 74 | Q16: =AVERAGE(K16:P16) -> 78.666667
A17: 201 | B17: NDL | C17: 12 | D17: 85 | E17: 81 | F17: 72 | G17: 82 | H17: 81 | I17: 78 | J17: =AVERAGE(D17:I17) -> 79.833333 | K17: 89 | L17: 88 | M17: 88 | N17: 82 | O17: 89 | P17: 79 | Q17: =AVERAGE(K17:P17) -> 85.833333
A18: 202 | B18: NTH | C18: 9 | D18: 68 | E18: 74 | F18: 69 | G18: 76 | H18: 70 | I18: 68 | J18: =AVERAGE(D18:I18) -> 70.833333 | K18: 70 | L18: 68 | M18: 69 | N18: 62 | O18: 75 | P18: 70 | Q18: =AVERAGE(K18:P18) -> 69
A19: 203 | B19: FTH | C19: 3 | D19: 94 | E19: 93 | F19: 90 | G19: 84 | H19: 84 | I19: 81 | J19: =AVERAGE(D19:I19) -> 87.666667 | K19: 87 | L19: 72 | M19: 91 | N19: 87 | O19: 76 | P19: 75 | Q19: =AVERAGE(K19:P19) -> 81.333333
A20: 204 | B20: NDH | C20: 11 | D20: 87 | E20: 82 | F20: 81 | G20: 86 | H20: 87 | I20: 84 | J20: =AVERAGE(D20:I20) -> 84.5 | K20: 82 | L20: 81 | M20: 85 | N20: 78 | O20: 85 | P20: 86 | Q20: =AVERAGE(K20:P20) -> 82.833333
... A41: 901 | B41: WS | C41: 32 | D41: 0 | E41: 0 | F41: 0 | G41: 0 | H41: 0 | I41: 0 | J41: =AVERAGE(D41:I41) -> 0 | K41: 0 | L41: 0 | M41: 0 | N41: 0 | O41: 0 | P41: 0 | Q41: =AVERAGE(K41:P41) -> 0
A42: 902 | B42: 37452 | C42: 22 | D42: 68 | E42: 67 | F42: 63 | G42: 73 | H42: 77 | I42: 80 | J42: =AVERAGE(D42:I42) -> 71.333333 | K42: 67 | L42: 69 | M42: 74 | N42: 75 | O42: 86 | P42: 82 | Q42: =AVERAGE(K42:P42) -> 75.5
A43: 903 | B43: DS | C43: 31 | D43: 0 | E43: 0 | F43: 0 | G43: 0 | H43: 0 | I43: 0 | J43: =AVERAGE(D43:I43) -> 0 | K43: 0 | L43: 0 | M43: 0 | N43: 0 | O43: 0 | P43: 0 | Q43: =AVERAGE(K43:P43) -> 0
A44: 904 | B44: 37408 | C44: 21 | D44: 54 | E44: 61 | F44: 58 | G44: 39 | H44: 47 | I44: 46 | J44: =AVERAGE(D44:I44) -> 50.833333 | K44: 55 | L44: 56 | M44: 55 | N44: 48 | O44: 62 | P44: 48 | Q44: =AVERAGE(K44:P44) -> 54
A45: 905 | B45: WS | C45: 32 | D45: 0 | E45: 0 | F45: 0 | G45: 0 | H45: 0 | I45: 0 | J45: =AVERAGE(D45:I45) -> 0 | K45: 0 | L45: 0 | M45: 0 | N45: 96 | O45: 0 | P45: 0 | Q45: =AVERAGE(K45:P45) -> 16
A46: 906 | B46: 37452 | C46: 22 | D46: 91 | E46: 82 | F46: 87 | G46: 103 | H46: 88 | I46: 84 | J46: =AVERAGE(D46:I46) -> 89.166667 | K46: 85 | L46: 76 | M46: 98 | N46: 96 | O46: 81 | P46: 78 | Q46: =AVERAGE(K46:P46) -> 85.666667
A47: 907 | B47: DS | C47: 31 | D47: 0 | E47: 0 | F47: 0 | G47: 0 | H47: 0 | I47: 0 | J47: =AVERAGE(D47:I47) -> 0 | K47: 0 | L47: 0 | M47: 0 | N47: 0 | O47: 0 | P47: 0 | Q47: =AVERAGE(K47:P47) -> 0
A48: 908 | B48: 37408 | C48: 21 | D48: 62 | E48: 41 | F48: 51 | G48: 50 | H48: 52 | I48: 46 | J48: =AVERAGE(D48:I48) -> 50.333333 | K48: 53 | L48: 54 | M48: 64 | N48: 53 | O48: 55 | P48: 41 | Q48: =AVERAGE(K48:P48) -> 53.333333
J49: =AVERAGE(J9:J48) -> 70.816667

Sheet HgtDOY204
A1: F105
A2: Overflight - no
A3: 37460
A4: DOY 204 | E4: R= harvest row number
A5: Plant Canopy Measurements
F7: Plant Height Cm) | M7: Plant Canopy Width (cm)
A8: Plot | B8: acron | C8: trt. | D8: R3 | E8: R4 | F8: R5 | G8: R6 | H8: R7 | I8: R8 | J8: average ht | K8: R3 | L8: R4 | M8: R5 | N8: R6 | O8: R7 | P8: R8 | Q8: average width
A9: 101 | B9: FSH | C9: 1 | D9: 88 | E9: 93 | F9: 96 | G9: 92 | H9: 88 | I9: 84 | J9: =AVERAGE(D9:I9) -> 90.166667 | K9: 86 | L9: 91 | M9: 82 | N9: 80 | O9: 97 | P9: 85 | Q9: =AVERAGE(K9:P9) -> 86.833333
A10: 102 | B10: FTL | C10: 4 | D10: 83 | E10: 97 | F10: 93 | G10: 94 | H10: 84 | I10: 92 | J10: =AVERAGE(D10:I10) -> 90.5 | K10: 95 | L10: 83 | M10: 71 | N10: 86 | O10: 72 | P10: 87 | Q10: =AVERAGE(K10:P10) -> 82.333333
A11: 103 | B11: FDH | C11: 5 | D11: 91 | E11: 97 | F11: 96 | G11: 95 | H11: 87 | I11: 86 | J11: =AVERAGE(D11:I11) -> 92 | K11: 86 | L11: 93 | M11: 86 | N11: 88 | O11: 95 | P11: 95 | Q11: =AVERAGE(K11:P11) -> 90.5
A12: 104 | B12: NTL | C12: 10 | D12: 72 | E12: 68 | F12: 78 | G12: 90 | H12: 70 | I12: 94 | J12: =AVERAGE(D12:I12) -> 78.666667 | K12: 73 | L12: 72 | M12: 66 | N12: 84 | O12: 76 | P12: 81 | Q12: =AVERAGE(K12:P12) -> 75.333333
A13: 105 | B13: NDL | C13: 12 | D13: 88 | E13: 100 | F13: 88 | G13: 94 | H13: 83 | I13: 90 | J13: =AVERAGE(D13:I13) -> 90.5 | K13: 78 | L13: 95 | M13: 98 | N13: 85 | O13: 91 | P13: 85 | Q13: =AVERAGE(K13:P13) -> 88.666667
A14: 106 | B14: NTH | C14: 9 | D14: 92 | E14: 77 | F14: 86 | G14: 85 | H14: 98 | I14: 85 | J14: =AVERAGE(D14:I14) -> 87.166667 | K14: 68 | L14: 89 | M14: 83 | N14: 87 | O14: 81 | P14: 85 | Q14: =AVERAGE(K14:P14) -> 82.166667
A15: 107 | B15: NTL | C15: 10 | D15: 89 | E15: 83 | F15: 95 | G15: 96 | H15: 82 | I15: 92 | J15: =AVERAGE(D15:I15) -> 89.5 | K15: 86 | L15: 88 | M15: 82 | N15: 94 | O15: 87 | P15: 74 | Q15: =AVERAGE(K15:P15) -> 85.166667
A16: 108 | B16: FTH | C16: 3 | D16: 88 | E16: 86 | F16: 91 | G16: 92 | H16: 91 | I16: 104 | J16: =AVERAGE(D16:I16) -> 92 | K16: 84 | L16: 73 | M16: 87 | N16: 93 | O16: 78 | P16: 78 | Q16: =AVERAGE(K16:P16) -> 82.166667
A17: 201 | B17: NDL | C17: 12 | D17: 90 | E17: 88 | F17: 79 | G17: 92 | H17: 90 | I17: 83 | J17: =AVERAGE(D17:I17) -> 87 | K17: 90 | L17: 83 | M17: 91 | N17: 83 | O17: 92 | P17: 83 | Q17: =AVERAGE(K17:P17) -> 87
A18: 202 | B18: NTH | C18: 9 | D18: 78 | E18: 71 | F18: 69 | G18: 77 | H18: 84 | I18: 73 | J18: =AVERAGE(D18:I18) -> 75.333333 | K18: 75 | L18: 72 | M18: 73 | N18: 80 | O18: 74 | P18: 85 | Q18: =AVERAGE(K18:P18) -> 76.5
A19: 203 | B19: FTH | C19: 3 | D19: 91 | E19: 96 | F19: 91 | G19: 94 | H19: 90 | I19: 97 | J19: =AVERAGE(D19:I19) -> 93.166667 | K19: 90 | L19: 82 | M19: 93 | N19: 86 | O19: 77 | P19: 90 | Q19: =AVERAGE(K19:P19) -> 86.333333
A20: 204 | B20: NDH | C20: 11 | D20: 97 | E20: 90 | F20: 93 | G20: 105 | H20: 93 | I20: 92 | J20: =AVERAGE(D20:I20) -> 95 | K20: 92 | L20: 92 | M20: 98 | N20: 90 | O20: 96 | P20: 84 | Q20: =AVERAGE(K20:P20) -> 92
... A41: 901 | B41: WS | C41: 32 | D41: 0 | E41: 0 | F41: 0 | G41: 0 | H41: 0 | I41: 0 | J41: =AVERAGE(D41:I41) -> 0 | K41: 0 | L41: 0 | M41: 0 | N41: 0 | O41: 0 | P41: 0 | Q41: =AVERAGE(K41:P41) -> 0
A42: 902 | B42: 37452 | C42: 22 | D42: 87 | E42: 74 | F42: 83 | G42: 99 | H42: 89 | I42: 88 | J42: =AVERAGE(D42:I42) -> 86.666667 | K42: 88 | L42: 84 | M42: 73 | N42: 82 | O42: 93 | P42: 80 | Q42: =AVERAGE(K42:P42) -> 83.333333
A43: 903 | B43: DS | C43: 31 | D43: 0 | E43: 0 | F43: 0 | G43: 0 | H43: 0 | I43: 0 | J43: =AVERAGE(D43:I43) -> 0 | K43: 0 | L43: 0 | M43: 0 | N43: 0 | O43: 0 | P43: 0 | Q43: =AVERAGE(K43:P43) -> 0
A44: 904 | B44: 37408 | C44: 21 | D44: 56 | E44: 60 | F44: 50 | G44: 41 | H44: 48 | I44: 51 | J44: =AVERAGE(D44:I44) -> 51 | K44: 53 | L44: 66 | M44: 57 | N44: 47 | O44: 51 | P44: 48 | Q44: =AVERAGE(K44:P44) -> 53.666667
A45: 905 | B45: WS | C45: 32 | D45: 0 | E45: 0 | F45: 0 | G45: 0 | H45: 0 | I45: 0 | J45: =AVERAGE(D45:I45) -> 0 | K45: 0 | L45: 0 | M45: 0 | N45: 0 | O45: 0 | P45: 0 | Q45: =AVERAGE(K45:P45) -> 0
A46: 906 | B46: 37452 | C46: 22 | D46: 91 | E46: 97 | F46: 98 | G46: 99 | H46: 92 | I46: 103 | J46: =AVERAGE(D46:I46) -> 96.666667 | K46: 92 | L46: 86 | M46: 100 | N46: 91 | O46: 92 | P46: 76 | Q46: =AVERAGE(K46:P46) -> 89.5
A47: 907 | B47: DS | C47: 31 | D47: 0 | E47: 0 | F47: 0 | G47: 0 | H47: 0 | I47: 0 | J47: =AVERAGE(D47:I47) -> 0 | K47: 0 | L47: 0 | M47: 0 | N47: 0 | O47: 0 | P47: 0 | Q47: =AVERAGE(K47:P47) -> 0
A48: 908 | B48: 37408 | C48: 21 | D48: 43 | E48: 59 | F48: 51 | G48: 45 | H48: 51 | I48: 48 | J48: =AVERAGE(D48:I48) -> 49.5 | K48: 49 | L48: 44 | M48: 56 | N48: 48 | O48: 50 | P48: 46 | Q48: =AVERAGE(K48:P48) -> 48.833333

Sheet HgtDOY212
A1: F105
A3: 37468
A4: DOY 212 | E4: R= harvest row number
A5: Plant Canopy Measurements
F7: Plant Height Cm) | M7: Plant Canopy Width (cm)
A8: Plot | B8: acron | C8: trt. | D8: R3 | E8: R4 | F8: R5 | G8: R6 | H8: R7 | I8: R8 | J8: average ht | K8: R3 | L8: R4 | M8: R5 | N8: R6 | O8: R7 | P8: R8 | Q8: average width
A9: 101 | B9: FSH | C9: 1 | D9: 100 | E9: 93 | F9: 84 | G9: 97 | H9: 86 | I9: 92 | J9: =AVERAGE(D9:I9) -> 92 | K9: 82 | L9: 91 | M9: 88 | N9: 83 | O9: 88 | P9: 86 | Q9: =AVERAGE(K9:P9) -> 86.333333
A10: 102 | B10: FTL | C10: 4 | D10: 91 | E10: 97 | F10: 93 | G10: 102 | H10: 90 | I10: 104 | J10: =AVERAGE(D10:I10) -> 96.166667 | K10: 94 | L10: 76 | M10: 73 | N10: 90 | O10: 83 | P10: 75 | Q10: =AVERAGE(K10:P10) -> 81.833333
A11: 103 | B11: FDH | C11: 5 | D11: 99 | E11: 102 | F11: 107 | G11: 98 | H11: 92 | I11: 91 | J11: =AVERAGE(D11:I11) -> 98.166667 | K11: 87 | L11: 96 | M11: 86 | N11: 94 | O11: 87 | P11: 101 | Q11: =AVERAGE(K11:P11) -> 91.833333
A12: 104 | B12: NTL | C12: 10 | D12: 75 | E12: 72 | F12: 88 | G12: 99 | H12: 87 | I12: 87 | J12: =AVERAGE(D12:I12) -> 84.666667 | K12: 78 | L12: 79 | M12: 79 | N12: 89 | O12: 80 | P12: 85 | Q12: =AVERAGE(K12:P12) -> 81.666667
A13: 105 | B13: NDL | C13: 12 | D13: 100 | E13: 106 | F13: 94 | G13: 91 | H13: 93 | I13: 93 | J13: =AVERAGE(D13:I13) -> 96.166667 | K13: 87 | L13: 99 | M13: 102 | N13: 93 | O13: 93 | P13: 90 | Q13: =AVERAGE(K13:P13) -> 94
A14: 106 | B14: NTH | C14: 9 | D14: 93 | E14: 100 | F14: 88 | G14: 96 | H14: 94 | I14: 107 | J14: =AVERAGE(D14:I14) -> 96.333333 | K14: 91 | L14: 82 | M14: 92 | N14: 88 | O14: 95 | P14: 89 | Q14: =AVERAGE(K14:P14) -> 89.5
A15: 107 | B15: NTL | C15: 10 | D15: 95 | E15: 95 | F15: 95 | G15: 90 | H15: 99 | I15: 104 | J15: =AVERAGE(D15:I15) -> 96.333333 | K15: 79 | L15: 90 | M15: 93 | N15: 98 | O15: 99 | P15: 78 | Q15: =AVERAGE(K15:P15) -> 89.5
A16: 108 | B16: FTH | C16: 3 | D16: 94 | E16: 92 | F16: 96 | G16: 98 | H16: 97 | I16: 120 | J16: =AVERAGE(D16:I16) -> 99.5 | K16: 84 | L16: 85 | M16: 92 | N16: 94 | O16: 87 | P16: 85 | Q16: =AVERAGE(K16:P16) -> 87.833333
A17: 201 | B17: NDL | C17: 12 | D17: 95 | E17: 96 | F17: 90 | G17: 81 | H17: 84 | I17: 87 | J17: =AVERAGE(D17:I17) -> 88.833333 | K17: 88 | L17: 92 | M17: 93 | N17: 88 | O17: 98 | P17: 87 | Q17: =AVERAGE(K17:P17) -> 91
A18: 202 | B18: NTH | C18: 9 | D18: 83 | E18: 81 | F18: 92 | G18: 100 | H18: 99 | I18: 86 | J18: =AVERAGE(D18:I18) -> 90.166667 | K18: 79 | L18: 90 | M18: 83 | N18: 77 | O18: 87 | P18: 76 | Q18: =AVERAGE(K18:P18) -> 82
A19: 203 | B19: FTH | C19: 3 | D19: 119 | E19: 112 | F19: 99 | G19: 103 | H19: 96 | I19: 98 | J19: =AVERAGE(D19:I19) -> 104.5 | K19: 90 | L19: 86 | M19: 88 | N19: 95 | O19: 80 | P19: 85 | Q19: =AVERAGE(K19:P19) -> 87.333333
A20: 204 | B20: NDH | C20: 11 | D20: 104 | E20: 94 | F20: 97 | G20: 112 | H20: 109 | I20: 103 | J20: =AVERAGE(D20:I20) -> 103.16667 | K20: 90 | L20: 93 | M20: 96 | N20: 90 | O20: 95 | P20: 91 | Q20: =AVERAGE(K20:P20) -> 92.5
... A41: 901 | B41: WS | C41: 32 | D41: 0 | E41: 0 | F41: 0 | G41: 0 | H41: 0 | I41: 0 | J41: =AVERAGE(D41:I41) -> 0 | K41: 0 | L41: 0 | M41: 0 | N41: 0 | O41: 0 | P41: 0 | Q41: =AVERAGE(K41:P41) -> 0
A42: 902 | B42: 37452 | C42: 22 | D42: 85 | E42: 81 | F42: 87 | G42: 103 | H42: 94 | I42: 101 | J42: =AVERAGE(D42:I42) -> 91.833333 | K42: 93 | L42: 83 | M42: 82 | N42: 89 | O42: 93 | P42: 89 | Q42: =AVERAGE(K42:P42) -> 88.166667
A43: 903 | B43: DS | C43: 31 | D43: 0 | E43: 0 | F43: 0 | G43: 0 | H43: 0 | I43: 0 | J43: =AVERAGE(D43:I43) -> 0 | K43: 0 | L43: 0 | M43: 0 | N43: 0 | O43: 0 | P43: 0 | Q43: =AVERAGE(K43:P43) -> 0
A44: 904 | B44: 37408 | C44: 21 | D44: 60 | E44: 43 | F44: 58 | G44: 42 | H44: 50 | I44: 46 | J44: =AVERAGE(D44:I44) -> 49.833333 | K44: 61 | L44: 49 | M44: 61 | N44: 45 | O44: 66 | P44: 51 | Q44: =AVERAGE(K44:P44) -> 55.5
A45: 905 | B45: WS | C45: 32 | D45: 0 | E45: 0 | F45: 0 | G45: 0 | H45: 0 | I45: 0 | J45: =AVERAGE(D45:I45) -> 0 | K45: 0 | L45: 0 | M45: 0 | N45: 0 | O45: 0 | P45: 0 | Q45: =AVERAGE(K45:P45) -> 0
A46: 906 | B46: 37452 | C46: 22 | D46: 100 | E46: 96 | F46: 105 | G46: 110 | H46: 98 | I46: 106 | J46: =AVERAGE(D46:I46) -> 102.5 | K46: 88 | L46: 80 | M46: 96 | N46: 92 | O46: 97 | P46: 88 | Q46: =AVERAGE(K46:P46) -> 90.166667
A47: 907 | B47: DS | C47: 31 | D47: 0 | E47: 0 | F47: 0 | G47: 0 | H47: 0 | I47: 0 | J47: =AVERAGE(D47:I47) -> 0 | K47: 0 | L47: 0 | M47: 0 | N47: 0 | O47: 0 | P47: 0 | Q47: =AVERAGE(K47:P47) -> 0
A48: 908 | B48: 37408 | C48: 21 | D48: 61 | E48: 45 | F48: 50 | G48: 42 | H48: 51 | I48: 52 | J48: =AVERAGE(D48:I48) -> 50.166667 | K48: 54 | L48: 58 | M48: 51 | N48: 51 | O48: 52 | P48: 41 | Q48: =AVERAGE(K48:P48) -> 51.166667

Sheet HgtDOY218
A1: F105
A3: 37474
A4: DOY 218 | E4: R= harvest row number
A5: Plant Canopy Measurements
F7: Plant Height Cm) | M7: Plant Canopy Width (cm)
A8: Plot | B8: acron | C8: trt. | D8: R3 | E8: R4 | F8: R5 | G8: R6 | H8: R7 | I8: R8 | J8: average ht | K8: R3 | L8: R4 | M8: R5 | N8: R6 | O8: R7 | P8: R8 | Q8: average width
A9: 101 | B9: FSH | C9: 1 | D9: 107 | E9: 93 | F9: 98 | G9: 99 | H9: 110 | I9: 123 | J9: =AVERAGE(D9:I9) -> 105 | K9: 88 | L9: 100 | M9: 93 | N9: 103 | O9: 100 | P9: 89 | Q9: =AVERAGE(K9:P9) -> 95.5
A10: 102 | B10: FTL | C10: 4 | D10: 96 | E10: 96 | F10: 108 | G10: 101 | H10: 103 | I10: 100 | J10: =AVERAGE(D10:I10) -> 100.66667 | K10: 100 | L10: 83 | M10: 78 | N10: 85 | O10: 83 | P10: 93 | Q10: =AVERAGE(K10:P10) -> 87
A11: 103 | B11: FDH | C11: 5 | D11: 102 | E11: 107 | F11: 105 | G11: 103 | H11: 101 | I11: 100 | J11: =AVERAGE(D11:I11) -> 103 | K11: 87 | L11: 101 | M11: 103 | N11: 98 | O11: 95 | P11: 109 | Q11: =AVERAGE(K11:P11) -> 98.833333
A12: 104 | B12: NTL | C12: 10 | D12: 73 | E12: 71 | F12: 86 | G12: 100 | H12: 87 | I12: 88 | J12: =AVERAGE(D12:I12) -> 84.166667 | K12: 74 | L12: 88 | M12: 86 | N12: 88 | O12: 93 | P12: 86 | Q12: =AVERAGE(K12:P12) -> 85.833333
A13: 105 | B13: NDL | C13: 12 | D13: 93 | E13: 106 | F13: 94 | G13: 94 | H13: 88 | I13: 91 | J13: =AVERAGE(D13:I13) -> 94.333333 | K13: 88 | L13: 95 | M13: 103 | N13: 97 | O13: 95 | P13: 95 | Q13: =AVERAGE(K13:P13) -> 95.5
A14: 106 | B14: NTH | C14: 9 | D14: 93 | E14: 113 | F14: 96 | G14: 99 | H14: 94 | I14: 103 | J14: =AVERAGE(D14:I14) -> 99.666667 | K14: 89 | L14: 86 | M14: 96 | N14: 92 | O14: 98 | P14: 92 | Q14: =AVERAGE(K14:P14) -> 92.166667
A15: 107 | B15: NTL | C15: 10 | D15: 98 | E15: 95 | F15: 95 | G15: 92 | H15: 100 | I15: 105 | J15: =AVERAGE(D15:I15) -> 97.5 | K15: 85 | L15: 93 | M15: 89 | N15: 105 | O15: 95 | P15: 84 | Q15: =AVERAGE(K15:P15) -> 91.833333
A16: 108 | B16: FTH | C16: 3 | D16: 95 | E16: 97 | F16: 108 | G16: 103 | H16: 103 | I16: 105 | J16: =AVERAGE(D16:I16) -> 101.83333 | K16: 90 | L16: 87 | M16: 92 | N16: 102 | O16: 92 | P16: 92 | Q16: =AVERAGE(K16:P16) -> 92.5
A17: 201 | B17: NDL | C17: 12 | D17: 98 | E17: 98 | F17: 90 | G17: 83 | H17: 87 | I17: 85 | J17: =AVERAGE(D17:I17) -> 90.166667 | K17: 92 | L17: 98 | M17: 99 | N17: 83 | O17: 88 | P17: 92 | Q17: =AVERAGE(K17:P17) -> 92
A18: 202 | B18: NTH | C18: 9 | D18: 88 | E18: 81 | F18: 99 | G18: 108 | H18: 85 | I18: 90 | J18: =AVERAGE(D18:I18) -> 91.833333 | K18: 94 | L18: 93 | M18: 94 | N18: 87 | O18: 82 | P18: 83 | Q18: =AVERAGE(K18:P18) -> 88.833333
A19: 203 | B19: FTH | C19: 3 | D19: 120 | E19: 121 | F19: 107 | G19: 106 | H19: 100 | I19: 104 | J19: =AVERAGE(D19:I19) -> 109.66667 | K19: 95 | L19: 95 | M19: 96 | N19: 98 | O19: 95 | P19: 94 | Q19: =AVERAGE(K19:P19) -> 95.5
A20: 204 | B20: NDH | C20: 11 | D20: 112 | E20: 100 | F20: 102 | G20: 105 | H20: 106 | I20: 105 | J20: =AVERAGE(D20:I20) -> 105 | K20: 100 | L20: 100 | M20: 100 | N20: 100 | O20: 100 | P20: 100 | Q20: =AVERAGE(K20:P20) -> 100
... A41: 901 | B41: WS | C41: 32 | D41: 0 | E41: 0 | F41: 0 | G41: 0 | H41: 0 | I41: 0 | J41: =AVERAGE(D41:I41) -> 0 | K41: 0 | L41: 0 | M41: 0 | N41: 0 | O41: 0 | P41: 0 | Q41: =AVERAGE(K41:P41) -> 0
A42: 902 | B42: 37452 | C42: 22 | D42: 86 | E42: 83 | F42: 98 | G42: 103 | H42: 94 | I42: 104 | J42: =AVERAGE(D42:I42) -> 94.666667 | K42: 83 | L42: 93 | M42: 86 | N42: 79 | O42: 101 | P42: 91 | Q42: =AVERAGE(K42:P42) -> 88.833333
A43: 903 | B43: DS | C43: 31 | D43: 0 | E43: 0 | F43: 0 | G43: 0 | H43: 0 | I43: 0 | J43: =AVERAGE(D43:I43) -> 0 | K43: 0 | L43: 0 | M43: 0 | N43: 0 | O43: 0 | P43: 0 | Q43: =AVERAGE(K43:P43) -> 0
A44: 904 | B44: 37408 | C44: 21 | D44: 61 | E44: 60 | F44: 55 | G44: 42 | H44: 43 | I44: 50 | J44: =AVERAGE(D44:I44) -> 51.833333 | K44: 68 | L44: 60 | M44: 60 | N44: 46 | O44: 60 | P44: 57 | Q44: =AVERAGE(K44:P44) -> 58.5
A45: 905 | B45: WS | C45: 32 | D45: 0 | E45: 0 | F45: 0 | G45: 0 | H45: 0 | I45: 0 | J45: =AVERAGE(D45:I45) -> 0 | K45: 0 | L45: 0 | M45: 0 | N45: 0 | O45: 0 | P45: 0 | Q45: =AVERAGE(K45:P45) -> 0
A46: 906 | B46: 37452 | C46: 22 | D46: 101 | E46: 101 | F46: 107 | G46: 110 | H46: 93 | I46: 128 | J46: =AVERAGE(D46:I46) -> 106.66667 | K46: 91 | L46: 103 | M46: 101 | N46: 102 | O46: 95 | P46: 98 | Q46: =AVERAGE(K46:P46) -> 98.333333
A47: 907 | B47: DS | C47: 31 | D47: 0 | E47: 0 | F47: 0 | G47: 0 | H47: 0 | I47: 0 | J47: =AVERAGE(D47:I47) -> 0 | K47: 0 | L47: 0 | M47: 0 | N47: 0 | O47: 0 | P47: 0 | Q47: =AVERAGE(K47:P47) -> 0
A48: 908 | B48: 37408 | C48: 21 | D48: 46 | E48: 46 | F48: 50 | G48: 45 | H48: 53 | I48: 46 | J48: =AVERAGE(D48:I48) -> 47.666667 | K48: 53 | L48: 56 | M48: 62 | N48: 51 | O48: 52 | P48: 46 | Q48: =AVERAGE(K48:P48) -> 53.333333

Sheet HgtDOY225
A1: F105
A3: 37481
A4: DOY 225 | E4: R= harvest row number
A5: Plant Canopy Measurements
F7: Plant Height Cm) | M7: Plant Canopy Width (cm)
A8: Plot | B8: acron | C8: trt. | D8: R3 | E8: R4 | F8: R5 | G8: R6 | H8: R7 | I8: R8 | J8: average ht | K8: R3 | L8: R4 | M8: R5 | N8: R6 | O8: R7 | P8: R8 | Q8: average width
A9: 101 | B9: FSH | C9: 1 | D9: 102 | E9: 101 | F9: 103 | G9: 114 | H9: 113 | I9: 98 | J9: =AVERAGE(D9:I9) -> 105.16667 | K9: 107 | L9: 105 | M9: 103 | N9: 105 | O9: 103 | P9: 97 | Q9: =AVERAGE(K9:P9) -> 103.33333
A10: 102 | B10: FTL | C10: 4 | D10: 100 | E10: 103 | F10: 104 | G10: 109 | H10: 88 | I10: 106 | J10: =AVERAGE(D10:I10) -> 101.66667 | K10: 100 | L10: 96 | M10: 95 | N10: 108 | O10: 88 | P10: 93 | Q10: =AVERAGE(K10:P10) -> 96.666667
A11: 103 | B11: FDH | C11: 5 | D11: 127 | E11: 121 | F11: 121 | G11: 120 | H11: 103 | I11: 103 | J11: =AVERAGE(D11:I11) -> 115.83333 | K11: 110 | L11: 110 | M11: 115 | N11: 103 | O11: 98 | P11: 105 | Q11: =AVERAGE(K11:P11) -> 106.83333
A12: 104 | B12: NTL | C12: 10 | D12: 82 | E12: 90 | F12: 83 | G12: 100 | H12: 91 | I12: 92 | J12: =AVERAGE(D12:I12) -> 89.666667 | K12: 77 | L12: 96 | M12: 98 | N12: 98 | O12: 90 | P12: 85 | Q12: =AVERAGE(K12:P12) -> 90.666667
A13: 105 | B13: NDL | C13: 12 | D13: 92 | E13: 108 | F13: 94 | G13: 98 | H13: 91 | I13: 89 | J13: =AVERAGE(D13:I13) -> 95.333333 | K13: 91 | L13: 112 | M13: 110 | N13: 100 | O13: 82 | P13: 100 | Q13: =AVERAGE(K13:P13) -> 99.166667
A14: 106 | B14: NTH | C14: 9 | D14: 102 | E14: 105 | F14: 109 | G14: 111 | H14: 98 | I14: 107 | J14: =AVERAGE(D14:I14) -> 105.33333 | K14: 92 | L14: 102 | M14: 105 | N14: 93 | O14: 103 | P14: 93 | Q14: =AVERAGE(K14:P14) -> 98
A15: 107 | B15: NTL | C15: 10 | D15: 103 | E15: 109 | F15: 96 | G15: 95 | H15: 107 | I15: 112 | J15: =AVERAGE(D15:I15) -> 103.66667 | K15: 91 | L15: 104 | M15: 90 | N15: 103 | O15: 103 | P15: 90 | Q15: =AVERAGE(K15:P15) -> 96.833333
A16: 108 | B16: FTH | C16: 3 | D16: 112 | E16: 111 | F16: 116 | G16: 103 | H16: 108 | I16: 122 | J16: =AVERAGE(D16:I16) -> 112 | K16: 99 | L16: 98 | M16: 110 | N16: 110 | O16: 98 | P16: 95 | Q16: =AVERAGE(K16:P16) -> 101.66667
A17: 201 | B17: NDL | C17: 12 | D17: 96 | E17: 99 | F17: 90 | G17: 83 | H17: 79 | I17: 81 | J17: =AVERAGE(D17:I17) -> 88 | K17: 106 | L17: 88 | M17: 104 | N17: 91 | O17: 99 | P17: 83 | Q17: =AVERAGE(K17:P17) -> 95.166667
A18: 202 | B18: NTH | C18: 9 | D18: 100 | E18: 87 | F18: 111 | G18: 106 | H18: 121 | I18: 100 | J18: =AVERAGE(D18:I18) -> 104.16667 | K18: 92 | L18: 99 | M18: 94 | N18: 83 | O18: 92 | P18: 83 | Q18: =AVERAGE(K18:P18) -> 90.5
A19: 203 | B19: FTH | C19: 3 | D19: 129 | E19: 106 | F19: 110 | G19: 105 | H19: 108 | I19: 108 | J19: =AVERAGE(D19:I19) -> 111 | K19: 102 | L19: 99 | M19: 93 | N19: 106 | O19: 101 | P19: 106 | Q19: =AVERAGE(K19:P19) -> 101.16667
A20: 204 | B20: NDH | C20: 11 | D20: 107 | E20: 102 | F20: 107 | G20: 103 | H20: 128 | I20: 125 | J20: =AVERAGE(D20:I20) -> 112 | K20: 93 | L20: 102 | M20: 105 | N20: 105 | O20: 106 | P20: 101 | Q20: =AVERAGE(K20:P20) -> 102
... A41: 901 | B41: WS | C41: 32 | D41: 0 | E41: 0 | F41: 0 | G41: 0 | H41: 0 | I41: 0 | J41: =AVERAGE(D41:I41) -> 0 | K41: 0 | L41: 0 | M41: 0 | N41: 0 | O41: 0 | P41: 0 | Q41: =AVERAGE(K41:P41) -> 0
A42: 902 | B42: 37452 | C42: 22 | D42: 91 | E42: 83 | F42: 97 | G42: 103 | H42: 96 | I42: 107 | J42: =AVERAGE(D42:I42) -> 96.166667 | K42: 85 | L42: 102 | M42: 91 | N42: 86 | O42: 89 | P42: 90 | Q42: =AVERAGE(K42:P42) -> 90.5
A43: 903 | B43: DS | C43: 31 | D43: 0 | E43: 0 | F43: 0 | G43: 0 | H43: 0 | I43: 0 | J43: =AVERAGE(D43:I43) -> 0 | K43: 0 | L43: 0 | M43: 0 | N43: 0 | O43: 0 | P43: 0 | Q43: =AVERAGE(K43:P43) -> 0
A44: 904 | B44: 37408 | C44: 21 | D44: 61 | E44: 48 | F44: 55 | G44: 44 | H44: 40 | I44: 50 | J44: =AVERAGE(D44:I44) -> 49.666667 | K44: 54 | L44: 49 | M44: 51 | N44: 45 | O44: 53 | P44: 47 | Q44: =AVERAGE(K44:P44) -> 49.833333
A45: 905 | B45: WS | C45: 32 | D45: 0 | E45: 0 | F45: 0 | G45: 0 | H45: 0 | I45: 0 | J45: =AVERAGE(D45:I45) -> 0 | K45: 0 | L45: 0 | M45: 0 | N45: 0 | O45: 0 | P45: 0 | Q45: =AVERAGE(K45:P45) -> 0
A46: 906 | B46: 37452 | C46: 22 | D46: 102 | E46: 102 | F46: 102 | G46: 103 | H46: 93 | I46: 103 | J46: =AVERAGE(D46:I46) -> 100.83333 | K46: 97 | L46: 85 | M46: 103 | N46: 110 | O46: 87 | P46: 100 | Q46: =AVERAGE(K46:P46) -> 97
A47: 907 | B47: DS | C47: 31 | D47: 0 | E47: 0 | F47: 0 | G47: 0 | H47: 0 | I47: 0 | J47: =AVERAGE(D47:I47) -> 0 | K47: 0 | L47: 0 | M47: 0 | N47: 0 | O47: 0 | P47: 0 | Q47: =AVERAGE(K47:P47) -> 0
A48: 908 | B48: 37408 | C48: 21 | D48: 58 | E48: 48 | F48: 51 | G48: 48 | H48: 52 | I48: 53 | J48: =AVERAGE(D48:I48) -> 51.666667 | K48: 50 | L48: 61 | M48: 56 | N48: 51 | O48: 50 | P48: 48 | Q48: =AVERAGE(K48:P48) -> 52.666667

Sheet HgtDOY232
A1: F105
A3: 37488
A4: DOY232 | E4: R= harvest row number
A5: Plant Canopy Measurements
F7: Plant Height Cm) | M7: Plant Canopy Width (cm)
A8: Plot | B8: acron | C8: trt. | D8: R3 | E8: R4 | F8: R5 | G8: R6 | H8: R7 | I8: R8 | J8: average ht | K8: R3 | L8: R4 | M8: R5 | N8: R6 | O8: R7 | P8: R8 | Q8: average width
A9: 101 | B9: FSH | C9: 1 | D9: 110 | E9: 96 | F9: 98 | G9: 103 | H9: 86 | I9: 104 | J9: =AVERAGE(D9:I9) -> 99.5 | K9: 92 | L9: 85 | M9: 105 | N9: 95 | O9: 93 | P9: 88 | Q9: =AVERAGE(K9:P9) -> 93
A10: 102 | B10: FTL | C10: 4 | D10: 100 | E10: 112 | F10: 121 | G10: 102 | H10: 103 | I10: 104 | J10: =AVERAGE(D10:I10) -> 107 | K10: 104 | L10: 83 | M10: 87 | N10: 98 | O10: 79 | P10: 88 | Q10: =AVERAGE(K10:P10) -> 89.833333
A11: 103 | B11: FDH | C11: 5 | D11: 122 | E11: 122 | F11: 125 | G11: 113 | H11: 110 | I11: 105 | J11: =AVERAGE(D11:I11) -> 116.16667 | K11: 105 | L11: 105 | M11: 105 | N11: 105 | O11: 105 | P11: 105 | Q11: =AVERAGE(K11:P11) -> 105
A12: 104 | B12: NTL | C12: 10 | D12: 90 | E12: 93 | F12: 85 | G12: 97 | H12: 92 | I12: 86 | J12: =AVERAGE(D12:I12) -> 90.5 | K12: 85 | L12: 103 | M12: 101 | N12: 100 | O12: 89 | P12: 76 | Q12: =AVERAGE(K12:P12) -> 92.333333
A13: 105 | B13: NDL | C13: 12 | D13: 96 | E13: 107 | F13: 92 | G13: 98 | H13: 87 | I13: 93 | J13: =AVERAGE(D13:I13) -> 95.5 | K13: 105 | L13: 100 | M13: 105 | N13: 98 | O13: 100 | P13: 97 | Q13: =AVERAGE(K13:P13) -> 100.83333
A14: 106 | B14: NTH | C14: 9 | D14: 100 | E14: 107 | F14: 127 | G14: 110 | H14: 101 | I14: 107 | J14: =AVERAGE(D14:I14) -> 108.66667 | K14: 91 | L14: 88 | M14: 89 | N14: 102 | O14: 102 | P14: 92 | Q14: =AVERAGE(K14:P14) -> 94
A15: 107 | B15: NTL | C15: 10 | D15: 104 | E15: 113 | F15: 97 | G15: 93 | H15: 102 | I15: 110 | J15: =AVERAGE(D15:I15) -> 103.16667 | K15: 94 | L15: 101 | M15: 95 | N15: 104 | O15: 94 | P15: 85 | Q15: =AVERAGE(K15:P15) -> 95.5
A16: 108 | B16: FTH | C16: 3 | D16: 107 | E16: 107 | F16: 108 | G16: 103 | H16: 106 | I16: 121 | J16: =AVERAGE(D16:I16) -> 108.66667 | K16: 105 | L16: 105 | M16: 95 | N16: 105 | O16: 94 | P16: 105 | Q16: =AVERAGE(K16:P16) -> 101.5
A17: 201 | B17: NDL | C17: 12 | D17: 96 | E17: 98 | F17: 86 | G17: 94 | H17: 96 | I17: 93 | J17: =AVERAGE(D17:I17) -> 93.833333 | K17: 100 | L17: 99 | M17: 100 | N17: 88 | O17: 100 | P17: 100 | Q17: =AVERAGE(K17:P17) -> 97.833333
A18: 202 | B18: NTH | C18: 9 | D18: 105 | E18: 100 | F18: 113 | G18: 125 | H18: 128 | I18: 106 | J18: =AVERAGE(D18:I18) -> 112.83333 | K18: 96 | L18: 92 | M18: 95 | N18: 98 | O18: 87 | P18: 86 | Q18: =AVERAGE(K18:P18) -> 92.333333
A19: 203 | B19: FTH | C19: 3 | D19: 127 | E19: 104 | F19: 103 | G19: 128 | H19: 104 | I19: 107 | J19: =AVERAGE(D19:I19) -> 112.16667 | K19: 100 | L19: 100 | M19: 100 | N19: 100 | O19: 100 | P19: 100 | Q19: =AVERAGE(K19:P19) -> 100
A20: 204 | B20: NDH | C20: 11 | D20: 117 | E20: 119 | F20: 109 | G20: 108 | H20: 103 | I20: 107 | J20: =AVERAGE(D20:I20) -> 110.5 | K20: 100 | L20: 100 | M20: 100 | N20: 100 | O20: 100 | P20: 100 | Q20: =AVERAGE(K20:P20) -> 100
... A41: 901 | B41: WS | C41: 32 | D41: 0 | E41: 0 | F41: 0 | G41: 0 | H41: 0 | I41: 0 | J41: =AVERAGE(D41:I41) -> 0 | K41: 0 | L41: 0 | M41: 0 | N41: 0 | O41: 0 | P41: 0 | Q41: =AVERAGE(K41:P41) -> 0
A42: 902 | B42: 37452 | C42: 22 | D42: 91 | E42: 81 | F42: 93 | G42: 102 | H42: 95 | I42: 106 | J42: =AVERAGE(D42:I42) -> 94.666667 | K42: 90 | L42: 99 | M42: 90 | N42: 81 | O42: 97 | P42: 96 | Q42: =AVERAGE(K42:P42) -> 92.166667
A43: 903 | B43: DS | C43: 31 | D43: 0 | E43: 0 | F43: 0 | G43: 0 | H43: 0 | I43: 0 | J43: =AVERAGE(D43:I43) -> 0 | K43: 0 | L43: 0 | M43: 0 | N43: 0 | O43: 0 | P43: 0 | Q43: =AVERAGE(K43:P43) -> 0
A44: 904 | B44: 37408 | C44: 21 | D44: 58 | E44: 58 | F44: 57 | G44: 43 | H44: 47 | I44: 50 | J44: =AVERAGE(D44:I44) -> 52.166667 | K44: 62 | L44: 50 | M44: 60 | N44: 50 | O44: 56 | P44: 55 | Q44: =AVERAGE(K44:P44) -> 55.5
A45: 905 | B45: WS | C45: 32 | D45: 0 | E45: 0 | F45: 0 | G45: 0 | H45: 0 | I45: 0 | J45: =AVERAGE(D45:I45) -> 0 | K45: 0 | L45: 0 | M45: 0 | N45: 0 | O45: 0 | P45: 0 | Q45: =AVERAGE(K45:P45) -> 0
A46: 906 | B46: 37452 | C46: 22 | D46: 101 | E46: 98 | F46: 103 | G46: 102 | H46: 104 | I46: 102 | J46: =AVERAGE(D46:I46) -> 101.66667 | K46: 100 | L46: 100 | M46: 100 | N46: 100 | O46: 100 | P46: 100 | Q46: =AVERAGE(K46:P46) -> 100
A47: 907 | B47: DS | C47: 31 | D47: 0 | E47: 0 | F47: 0 | G47: 0 | H47: 0 | I47: 0 | J47: =AVERAGE(D47:I47) -> 0 | K47: 0 | L47: 0 | M47: 0 | N47: 0 | O47: 0 | P47: 0 | Q47: =AVERAGE(K47:P47) -> 0
A48: 908 | B48: 37408 | C48: 21 | D48: 60 | E48: 47 | F48: 50 | G48: 48 | H48: 52 | I48: 50 | J48: =AVERAGE(D48:I48) -> 51.166667 | K48: 63 | L48: 56 | M48: 54 | N48: 48 | O48: 52 | P48: 45 | Q48: =AVERAGE(K48:P48) -> 53

Sheet HgtDOY239
A1: F105
A3: 37495
A4: DOY239 | E4: R= harvest row number
A5: Plant Canopy Measurements
F7: Plant Height Cm) | M7: Plant Canopy Width (cm)
A8: Plot | B8: acron | C8: trt. | D8: R3 | E8: R4 | F8: R5 | G8: R6 | H8: R7 | I8: R8 | J8: average ht | K8: R3 | L8: R4 | M8: R5 | N8: R6 | O8: R7 | P8: R8 | Q8: average width
A9: 101 | B9: FSH | C9: 1 | D9: 110 | E9: 98 | F9: 100 | G9: 109 | H9: 112 | I9: 115 | J9: =AVERAGE(D9:I9) -> 107.33333 | K9: 105 | L9: 105 | M9: 100 | N9: 100 | O9: 105 | P9: 105 | Q9: =AVERAGE(K9:P9) -> 103.33333
A10: 102 | B10: FTL | C10: 4 | D10: 103 | E10: 116 | F10: 116 | G10: 110 | H10: 106 | I10: 103 | J10: =AVERAGE(D10:I10) -> 109 | K10: 92 | L10: 91 | M10: 93 | N10: 100 | O10: 81 | P10: 100 | Q10: =AVERAGE(K10:P10) -> 92.833333
A11: 103 | B11: FDH | C11: 5 | D11: 129 | E11: 122 | F11: 116 | G11: 115 | H11: 116 | I11: 108 | J11: =AVERAGE(D11:I11) -> 117.66667 | K11: 105 | L11: 105 | M11: 105 | N11: 105 | O11: 85 | P11: 100 | Q11: =AVERAGE(K11:P11) -> 100.83333
A12: 104 | B12: NTL | C12: 10 | D12: 92 | E12: 82 | F12: 85 | G12: 98 | H12: 93 | I12: 91 | J12: =AVERAGE(D12:I12) -> 90.166667 | K12: 85 | L12: 102 | M12: 97 | N12: 101 | O12: 92 | P12: 83 | Q12: =AVERAGE(K12:P12) -> 93.333333
A13: 105 | B13: NDL | C13: 12 | D13: 99 | E13: 108 | F13: 90 | G13: 97 | H13: 87 | I13: 96 | J13: =AVERAGE(D13:I13) -> 96.166667 | K13: 105 | L13: 105 | M13: 105 | N13: 107 | O13: 95 | P13: 97 | Q13: =AVERAGE(K13:P13) -> 102.33333
A14: 106 | B14: NTH | C14: 9 | D14: 106 | E14: 126 | F14: 131 | G14: 119 | H14: 127 | I14: 124 | J14: =AVERAGE(D14:I14) -> 122.16667 | K14: 105 | L14: 105 | M14: 105 | N14: 105 | O14: 105 | P14: 105 | Q14: =AVERAGE(K14:P14) -> 105
A15: 107 | B15: NTL | C15: 10 | D15: 123 | E15: 128 | F15: 97 | G15: 98 | H15: 101 | I15: 108 | J15: =AVERAGE(D15:I15) -> 109.16667 | K15: 105 | L15: 105 | M15: 101 | N15: 102 | O15: 105 | P15: 86 | Q15: =AVERAGE(K15:P15) -> 100.66667
A16: 108 | B16: FTH | C16: 3 | D16: 125 | E16: 123 | F16: 123 | G16: 108 | H16: 121 | I16: 123 | J16: =AVERAGE(D16:I16) -> 120.5 | K16: 105 | L16: 100 | M16: 100 | N16: 105 | O16: 105 | P16: 105 | Q16: =AVERAGE(K16:P16) -> 103.33333
A17: 201 | B17: NDL | C17: 12 | D17: 93 | E17: 100 | F17: 99 | G17: 95 | H17: 88 | I17: 89 | J17: =AVERAGE(D17:I17) -> 94 | K17: 97 | L17: 99 | M17: 107 | N17: 92 | O17: 99 | P17: 98 | Q17: =AVERAGE(K17:P17) -> 98.666667
A18: 202 | B18: NTH | C18: 9 | D18: 109 | E18: 102 | F18: 115 | G18: 116 | H18: 135 | I18: 114 | J18: =AVERAGE(D18:I18) -> 115.16667 | K18: 101 | L18: 91 | M18: 93 | N18: 86 | O18: 91 | P18: 100 | Q18: =AVERAGE(K18:P18) -> 93.666667
A19: 203 | B19: FTH | C19: 3 | D19: 127 | E19: 130 | F19: 121 | G19: 113 | H19: 105 | I19: 103 | J19: =AVERAGE(D19:I19) -> 116.5 | K19: 105 | L19: 105 | M19: 101 | N19: 102 | O19: 81 | P19: 107 | Q19: =AVERAGE(K19:P19) -> 100.16667
A20: 204 | B20: NDH | C20: 11 | D20: 119 | E20: 118 | F20: 105 | G20: 127 | H20: 119 | I20: 112 | J20: =AVERAGE(D20:I20) -> 116.66667 | K20: 105 | L20: 105 | M20: 105 | N20: 105 | O20: 105 | P20: 105 | Q20: =AVERAGE(K20:P20) -> 105
... A41: 901 | B41: WS | C41: 32 | D41: 0 | E41: 0 | F41: 0 | G41: 0 | H41: 0 | I41: 0 | J41: =AVERAGE(D41:I41) -> 0 | K41: 0 | L41: 0 | M41: 0 | N41: 0 | O41: 0 | P41: 0 | Q41: =AVERAGE(K41:P41) -> 0
A42: 902 | B42: 37452 | C42: 22 | D42: 91 | E42: 80 | F42: 94 | G42: 106 | H42: 97 | I42: 107 | J42: =AVERAGE(D42:I42) -> 95.833333 | K42: 83 | L42: 102 | M42: 93 | N42: 80 | O42: 113 | P42: 99 | Q42: =AVERAGE(K42:P42) -> 95
A43: 903 | B43: DS | C43: 31 | D43: 0 | E43: 0 | F43: 0 | G43: 0 | H43: 0 | I43: 0 | J43: =AVERAGE(D43:I43) -> 0 | K43: 0 | L43: 0 | M43: 0 | N43: 0 | O43: 0 | P43: 0 | Q43: =AVERAGE(K43:P43) -> 0
A44: 904 | B44: 37408 | C44: 21 | D44: 63 | E44: 47 | F44: 57 | G44: 50 | H44: 50 | I44: 53 | J44: =AVERAGE(D44:I44) -> 53.333333 | K44: 58 | L44: 52 | M44: 52 | N44: 46 | O44: 47 | P44: 48 | Q44: =AVERAGE(K44:P44) -> 50.5
A45: 905 | B45: WS | C45: 32 | D45: 0 | E45: 0 | F45: 0 | G45: 0 | H45: 0 | I45: 0 | J45: =AVERAGE(D45:I45) -> 0 | K45: 0 | L45: 0 | M45: 0 | N45: 0 | O45: 0 | P45: 0 | Q45: =AVERAGE(K45:P45) -> 0
A46: 906 | B46: 37452 | C46: 22 | D46: 102 | E46: 102 | F46: 100 | G46: 103 | H46: 109 | I46: 112 | J46: =AVERAGE(D46:I46) -> 104.66667 | K46: 87 | L46: 96 | M46: 105 | N46: 93 | O46: 96 | P46: 92 | Q46: =AVERAGE(K46:P46) -> 94.833333
A47: 907 | B47: DS | C47: 31 | D47: 0 | E47: 0 | F47: 0 | G47: 0 | H47: 0 | I47: 0 | J47: =AVERAGE(D47:I47) -> 0 | K47: 0 | L47: 0 | M47: 0 | N47: 0 | O47: 0 | P47: 0 | Q47: =AVERAGE(K47:P47) -> 0
A48: 908 | B48: 37408 | C48: 21 | D48: 61 | E48: 40 | F48: 52 | G48: 45 | H48: 52 | I48: 48 | J48: =AVERAGE(D48:I48) -> 49.666667 | K48: 51 | L48: 50 | M48: 54 | N48: 46 | O48: 50 | P48: 35 | Q48: =AVERAGE(K48:P48) -> 47.666667

Sheet HgtDOY246
A1: F105
A3: 37502
A4: DOY 246 | E4: R= harvest row number
A5: Plant Canopy Measurements
F7: Plant Height Cm) | M7: Plant Canopy Width (cm)
A8: Plot | B8: acron | C8: trt. | D8: R3 | E8: R4 | F8: R5 | G8: R6 | H8: R7 | I8: R8 | J8: average ht | K8: R3 | L8: R4 | M8: R5 | N8: R6 | O8: R7 | P8: R8 | Q8: average width
A9: 101 | B9: FSH | C9: 1 | D9: 110 | E9: 98 | F9: 103 | G9: 119 | H9: 115 | I9: 129 | J9: =AVERAGE(D9:I9) -> 112.33333 | K9: 100 | L9: 100 | M9: 100 | N9: 100 | O9: 100 | P9: 100 | Q9: =AVERAGE(K9:P9) -> 100
A10: 102 | B10: FTL | C10: 4 | D10: 100 | E10: 118 | F10: 125 | G10: 108 | H10: 105 | I10: 102 | J10: =AVERAGE(D10:I10) -> 109.66667 | K10: 100 | L10: 100 | M10: 100 | N10: 100 | O10: 100 | P10: 100 | Q10: =AVERAGE(K10:P10) -> 100
A11: 103 | B11: FDH | C11: 5 | D11: 131 | E11: 130 | F11: 129 | G11: 102 | H11: 121 | I11: 107 | J11: =AVERAGE(D11:I11) -> 120 | K11: 100 | L11: 100 | M11: 100 | N11: 100 | O11: 100 | P11: 100 | Q11: =AVERAGE(K11:P11) -> 100
A12: 104 | B12: NTL | C12: 10 | D12: 93 | E12: 98 | F12: 81 | G12: 103 | H12: 90 | I12: 91 | J12: =AVERAGE(D12:I12) -> 92.666667 | K12: 87 | L12: 100 | M12: 100 | N12: 100 | O12: 100 | P12: 100 | Q12: =AVERAGE(K12:P12) -> 97.833333
A13: 105 | B13: NDL | C13: 12 | D13: 100 | E13: 105 | F13: 103 | G13: 95 | H13: 86 | I13: 95 | J13: =AVERAGE(D13:I13) -> 97.333333 | K13: 91 | L13: 100 | M13: 100 | N13: 100 | O13: 100 | P13: 100 | Q13: =AVERAGE(K13:P13) -> 98.5
A14: 106 | B14: NTH | C14: 9 | D14: 105 | E14: 112 | F14: 108 | G14: 110 | H14: 102 | I14: 121 | J14: =AVERAGE(D14:I14) -> 109.66667 | K14: 100 | L14: 100 | M14: 100 | N14: 100 | O14: 100 | P14: 100 | Q14: =AVERAGE(K14:P14) -> 100
A15: 107 | B15: NTL | C15: 10 | D15: 126 | E15: 126 | F15: 98 | G15: 97 | H15: 102 | I15: 109 | J15: =AVERAGE(D15:I15) -> 109.66667 | K15: 100 | L15: 100 | M15: 100 | N15: 100 | O15: 100 | P15: 100 | Q15: =AVERAGE(K15:P15) -> 100
A16: 108 | B16: FTH | C16: 3 | D16: 123 | E16: 112 | F16: 125 | G16: 109 | H16: 114 | I16: 125 | J16: =AVERAGE(D16:I16) -> 118 | K16: 100 | L16: 100 | M16: 100 | N16: 100 | O16: 100 | P16: 100 | Q16: =AVERAGE(K16:P16) -> 100
A17: 201 | B17: NDL | C17: 12 | D17: 108 | E17: 100 | F17: 100 | G17: 82 | H17: 94 | I17: 91 | J17: =AVERAGE(D17:I17) -> 95.833333 | K17: 100 | L17: 100 | M17: 100 | N17: 100 | O17: 100 | P17: 100 | Q17: =AVERAGE(K17:P17) -> 100
A18: 202 | B18: NTH | C18: 9 | D18: 112 | E18: 108 | F18: 110 | G18: 123 | H18: 130 | I18: 104 | J18: =AVERAGE(D18:I18) -> 114.5 | K18: 107 | L18: 92 | M18: 100 | N18: 100 | O18: 98 | Q18: =AVERAGE(K18:P18) -> 99.4
A19: 203 | B19: FTH | C19: 3 | D19: 126 | E19: 124 | F19: 121 | G19: 107 | H19: 118 | I19: 104 | J19: =AVERAGE(D19:I19) -> 116.66667 | K19: 100 | L19: 100 | M19: 100 | N19: 100 | O19: 100 | P19: 100 | Q19: =AVERAGE(K19:P19) -> 100
A20: 204 | B20: NDH | C20: 11 | D20: 129 | E20: 123 | F20: 127 | G20: 106 | H20: 129 | I20: 124 | J20: =AVERAGE(D20:I20) -> 123 | K20: 100 | L20: 100 | M20: 100 | N20: 100 | O20: 100 | P20: 100 | Q20: =AVERAGE(K20:P20) -> 100
A21: 205 | B21: FSH | C21: 1 | D21: 126 | E21: 108 | F21: 108 | G21: 148 | H21: 130 | I21: 127 | J21: =AVERAGE(D21:I21) -> 124.5 | K21: 100 | L21: 100 | M21: 100 | N21: 100 | O21: 100 | P21: 100 | Q21: =AVERAGE(K21:P21) -> 100
A22: 206 | B22: NSL | C22: 8 | D22: 89 | E22: 96 | F22: 95 | G22: 90 | H22: 98 | I22: 94 | J22: =AVERAGE(D22:I22) -> 93.666667 | K22: 100 | L22: 77 | M22: 96 | N22: 94 | O22: 96 | P22: 90 | Q22: =AVERAGE(K22:P22) -> 92.166667
A23: 207 | B23: FTL | C23: 4 | D23: 114 | E23: 105 | F23: 121 | G23: 122 | H23: 111 | I23: 110 | J23: =AVERAGE(D23:I23) -> 113.83333 | K23: 100 | L23: 112 | M23: 100 | N23: 100 | O23: 100 | P23: 100 | Q23: =AVERAGE(K23:P23) -> 102
A24: 208 | B24: FSL | C24: 2 | D24: 109 | E24: 99 | F24: 123 | G24: 112 | H24: 123 | I24: 97 | J24: =AVERAGE(D24:I24) -> 110.5 | K24: 100 | L24: 100 | M24: 100 | N24: 100 | O24: 100 | P24: 100 | Q24: =AVERAGE(K24:P24) -> 100
A25: 301 | B25: NTL | C25: 10 | D25: 94 | E25: 87 | F25: 83 | G25: 104 | H25: 96 | I25: 92 | J25: =AVERAGE(D25:I25) -> 92.666667 | K25: 101 | L25: 77 | M25: 82 | N25: 96 | O25: 93 | P25: 94 | Q25: =AVERAGE(K25:P25) -> 90.5
A26: 302 | B26: FTL | C26: 4 | D26: 120 | E26: 110 | F26: 117 | G26: 115 | H26: 92 | I26: 103 | J26: =AVERAGE(D26:I26) -> 109.5 | K26: 100 | L26: 97 | M26: 97 | N26: 105 | O26: 86 | P26: 102 | Q26: =AVERAGE(K26:P26) -> 97.833333
A27: 303 | B27: NSL | C27: 8 | D27: 130 | E27: 101 | F27: 106 | G27: 110 | H27: 108 | I27: 98 | J27: =AVERAGE(D27:I27) -> 108.83333 | K27: 100 | L27: 103 | M27: 103 | N27: 98 | O27: 102 | P27: 95 | Q27: =AVERAGE(K27:P27) -> 100.16667
A28: 304 | B28: FSL | C28: 2 | D28: 106 | E28: 107 | F28: 108 | G28: 115 | H28: 114 | I28: 116 | J28: =AVERAGE(D28:I28) -> 111 | K28: 100 | L28: 100 | M28: 100 | N28: 100 | O28: 100 | P28: 105 | Q28: =AVERAGE(K28:P28) -> 100.83333
A29: 305 | B29: NDH | C29: 11 | D29: 127 | E29: 135 | F29: 116 | G29: 121 | H29: 118 | I29: 118 | J29: =AVERAGE(D29:I29) -> 122.5 | K29: 100 | L29: 100 | M29: 100 | N29: 100 | O29: 100 | P29: 100 | Q29: =AVERAGE(K29:P29) -> 100
A30: 306 | B30: FTL | C30: 4 | D30: 116 | E30: 103 | F30: 92 | G30: 100 | H30: 110 | I30: 123 | J30: =AVERAGE(D30:I30) -> 107.33333 | K30: 100 | L30: 84 | M30: 90 | N30: 92 | O30: 87 | P30: 97 | Q30: =AVERAGE(K30:P30) -> 91.666667
... A41: 901 | B41: WS | C41: 32 | D41: 0 | E41: 0 | F41: 0 | G41: 0 | H41: 0 | I41: 0 | J41: =AVERAGE(D41:I41) -> 0 | K41: 0 | L41: 0 | M41: 0 | N41: 0 | O41: 0 | P41: 0 | Q41: =AVERAGE(K41:P41) -> 0
A42: 902 | B42: 37452 | C42: 22 | D42: 87 | E42: 81 | F42: 96 | G42: 103 | H42: 99 | I42: 107 | J42: =AVERAGE(D42:I42) -> 95.5 | K42: 84 | L42: 93 | M42: 83 | N42: 84 | O42: 97 | P42: 94 | Q42: =AVERAGE(K42:P42) -> 89.166667
A43: 903 | B43: DS | C43: 31 | D43: 0 | E43: 0 | F43: 0 | G43: 0 | H43: 0 | I43: 0 | J43: =AVERAGE(D43:I43) -> 0 | K43: 0 | L43: 0 | M43: 0 | N43: 0 | O43: 0 | P43: 0 | Q43: =AVERAGE(K43:P43) -> 0
A44: 904 | B44: 37408 | C44: 21 | D44: 61 | E44: 60 | F44: 57 | G44: 48 | H44: 48 | I44: 41 | J44: =AVERAGE(D44:I44) -> 52.5 | K44: 67 | L44: 58 | M44: 53 | N44: 51 | O44: 56 | P44: 43 | Q44: =AVERAGE(K44:P44) -> 54.666667
A45: 905 | B45: WS | C45: 32 | D45: 0 | E45: 0 | F45: 0 | G45: 0 | H45: 0 | I45: 0 | J45: =AVERAGE(D45:I45) -> 0 | K45: 0 | L45: 0 | M45: 0 | N45: 0 | O45: 0 | P45: 0 | Q45: =AVERAGE(K45:P45) -> 0
A46: 906 | B46: 37452 | C46: 22 | D46: 102 | E46: 92 | F46: 103 | G46: 103 | H46: 112 | I46: 103 | J46: =AVERAGE(D46:I46) -> 102.5 | K46: 96 | L46: 101 | M46: 87 | N46: 99 | O46: 100 | P46: 108 | Q46: =AVERAGE(K46:P46) -> 98.5
A47: 907 | B47: DS | C47: 31 | D47: 0 | E47: 0 | F47: 0 | G47: 0 | H47: 0 | I47: 0 | J47: =AVERAGE(D47:I47) -> 0 | K47: 0 | L47: 0 | M47: 0 | N47: 0 | O47: 0 | P47: 0 | Q47: =AVERAGE(K47:P47) -> 0
A48: 908 | B48: 37408 | C48: 21 | D48: 61 | E48: 41 | F48: 48 | G48: 51 | H48: 53 | I48: 51 | J48: =AVERAGE(D48:I48) -> 50.833333 | K48: 59 | L48: 47 | M48: 53 | N48: 46 | O48: 48 | P48: 42 | Q48: =AVERAGE(K48:P48) -> 49.166667

Sheet HgtDOY260
A1: F105
A3: 37516
A4: DOY 260 | E4: R= harvest row number
A5: Plant Canopy Measurements
F7: Plant Height Cm) | M7: Plant Canopy Width (cm)
A8: Plot | B8: acron | C8: trt. | D8: R3 | E8: R4 | F8: R5 | G8: R6 | H8: R7 | I8: R8 | J8: average ht | K8: R3 | L8: R4 | M8: R5 | N8: R6 | O8: R7 | P8: R8 | Q8: average width
A9: 101 | B9: FSH | C9: 1 | D9: 109 | E9: 93 | F9: 103 | G9: 118 | H9: 110 | I9: 121 | J9: =AVERAGE(D9:I9) -> 109 | K9: 100 | L9: 100 | M9: 100 | N9: 100 | O9: 100 | P9: 100 | Q9: =AVERAGE(K9:P9) -> 100
A10: 102 | B10: FTL | C10: 4 | D10: 96 | E10: 126 | F10: 125 | G10: 105 | H10: 106 | I10: 99 | J10: =AVERAGE(D10:I10) -> 109.5 | K10: 100 | L10: 92 | M10: 79 | N10: 101 | O10: 84 | P10: 99 | Q10: =AVERAGE(K10:P10) -> 92.5
A11: 103 | B11: FDH | C11: 5 | D11: 123 | E11: 126 | F11: 107 | G11: 124 | H11: 110 | I11: 112 | J11: =AVERAGE(D11:I11) -> 117 | K11: 100 | L11: 100 | M11: 100 | N11: 100 | O11: 100 | P11: 100 | Q11: =AVERAGE(K11:P11) -> 100
A12: 104 | B12: NTL | C12: 10 | D12: 91 | E12: 94 | F12: 85 | G12: 103 | H12: 90 | I12: 89 | J12: =AVERAGE(D12:I12) -> 92 | K12: 90 | L12: 100 | M12: 86 | N12: 103 | O12: 92 | P12: 79 | Q12: =AVERAGE(K12:P12) -> 91.666667
A13: 105 | B13: NDL | C13: 12 | D13: 102 | E13: 106 | F13: 103 | G13: 100 | H13: 88 | I13: 88 | J13: =AVERAGE(D13:I13) -> 97.833333 | K13: 86 | L13: 94 | M13: 103 | N13: 95 | O13: 100 | P13: 91 | Q13: =AVERAGE(K13:P13) -> 94.833333
A14: 106 | B14: NTH | C14: 9 | D14: 115 | E14: 106 | F14: 138 | G14: 119 | H14: 103 | I14: 120 | J14: =AVERAGE(D14:I14) -> 116.83333 | K14: 83 | L14: 124 | M14: 105 | N14: 95 | O14: 97 | P14: 100 | Q14: =AVERAGE(K14:P14) -> 100.66667
A15: 107 | B15: NTL | C15: 10 | D15: 121 | E15: 108 | F15: 98 | G15: 96 | H15: 100 | I15: 107 | J15: =AVERAGE(D15:I15) -> 105 | K15: 94 | Q15: =AVERAGE(K15:P15) -> 94
A16: 108 | B16: FTH | C16: 3 | D16: 125 | E16: 121 | F16: 121 | G16: 105 | H16: 107 | I16: 117 | J16: =AVERAGE(D16:I16) -> 116 | K16: 100 | Q16: =AVERAGE(K16:P16) -> 100
A17: 201 | B17: NDL | C17: 12 | D17: 107 | E17: 94 | F17: 97 | G17: 107 | H17: 101 | I17: 106 | J17: =AVERAGE(D17:I17) -> 102 | K17: 82 | Q17: =AVERAGE(K17:P17) -> 82
A18: 202 | B18: NTH | C18: 9 | D18: 125 | E18: 130 | F18: 117 | G18: 121 | H18: 113 | I18: 118 | J18: =AVERAGE(D18:I18) -> 120.66667 | K18: 100 | Q18: =AVERAGE(K18:P18) -> 100
A19: 203 | B19: FTH | C19: 3 | D19: 118 | E19: 117 | F19: 124 | G19: 113 | H19: 130 | I19: 126 | J19: =AVERAGE(D19:I19) -> 121.33333 | K19: 100 | Q19: =AVERAGE(K19:P19) -> 100
A20: 204 | B20: NDH | C20: 11 | D20: 112 | E20: 116 | F20: 111 | G20: 110 | H20: 121 | I20: 118 | J20: =AVERAGE(D20:I20) -> 114.66667 | K20: 100 | Q20: =AVERAGE(K20:P20) -> 100
A21: 205 | B21: FSH | C21: 1 | D21: 128 | E21: 133 | F21: 143 | G21: 118 | H21: 148 | I21: 123 | J21: =AVERAGE(D21:I21) -> 132.16667 | K21: 100 | Q21: =AVERAGE(K21:P21) -> 100
A22: 206 | B22: NSL | C22: 8 | D22: 96 | E22: 106 | F22: 100 | G22: 100 | H22: 73 | I22: 92 | J22: =AVERAGE(D22:I22) -> 94.5 | K22: 93 | Q22: =AVERAGE(K22:P22) -> 93
A23: 207 | B23: FTL | C23: 4 | D23: 109 | E23: 113 | F23: 121 | G23: 107 | H23: 110 | I23: 111 | J23: =AVERAGE(D23:I23) -> 111.83333 | K23: 100 | Q23: =AVERAGE(K23:P23) -> 100
A24: 208 | B24: FSL | C24: 2 | D24: 100 | E24: 106 | F24: 103 | G24: 102 | H24: 96 | I24: 107 | J24: =AVERAGE(D24:I24) -> 102.33333 | K24: 100 | Q24: =AVERAGE(K24:P24) -> 100
A25: 301 | B25: NTL | C25: 10 | D25: 95 | E25: 88 | F25: 79 | G25: 103 | H25: 91 | I25: 89 | J25: =AVERAGE(D25:I25) -> 90.833333 | K25: 100 | Q25: =AVERAGE(K25:P25) -> 100
A26: 302 | B26: FTL | C26: 4 | D26: 118 | E26: 101 | F26: 107 | G26: 107 | H26: 100 | I26: 107 | J26: =AVERAGE(D26:I26) -> 106.66667 | K26: 76 | Q26: =AVERAGE(K26:P26) -> 76
... A41: 901 | B41: WS | C41: 32 | D41: 0 | E41: 0 | F41: 0 | G41: 0 | H41: 0 | I41: 0 | J41: =AVERAGE(D41:I41) -> 0 | K41: 0 | Q41: =AVERAGE(K41:P41) -> 0
A42: 902 | B42: 37452 | C42: 22 | D42: 105 | E42: 82 | F42: 97 | G42: 99 | H42: 98 | I42: 104 | J42: =AVERAGE(D42:I42) -> 97.5 | K42: 98 | Q42: =AVERAGE(K42:P42) -> 98
A43: 903 | B43: DS | C43: 31 | D43: 0 | E43: 0 | F43: 0 | G43: 0 | H43: 0 | I43: 0 | J43: =AVERAGE(D43:I43) -> 0 | K43: 0 | Q43: =AVERAGE(K43:P43) -> 0
A44: 904 | B44: 37408 | C44: 21 | D44: 46 | E44: 61 | F44: 58 | G44: 68 | H44: 65 | I44: 55 | J44: =AVERAGE(D44:I44) -> 58.833333 | K44: 60 | Q44: =AVERAGE(K44:P44) -> 60
A45: 905 | B45: WS | C45: 32 | D45: 0 | E45: 0 | F45: 0 | G45: 0 | H45: 0 | I45: 0 | J45: =AVERAGE(D45:I45) -> 0 | K45: 0 | Q45: =AVERAGE(K45:P45) -> 0
A46: 906 | B46: 37452 | C46: 22 | D46: 103 | E46: 106 | F46: 131 | G46: 99 | H46: 111 | I46: 137 | J46: =AVERAGE(D46:I46) -> 114.5 | K46: 81 | Q46: =AVERAGE(K46:P46) -> 81
A47: 907 | B47: DS | C47: 31 | D47: 0 | E47: 0 | F47: 0 | G47: 0 | H47: 0 | I47: 0 | J47: =AVERAGE(D47:I47) -> 0 | K47: 0 | Q47: =AVERAGE(K47:P47) -> 0
A48: 908 | B48: 37408 | C48: 21 | D48: 60 | E48: 44 | F48: 48 | G48: 45 | H48: 48 | I48: 46 | J48: =AVERAGE(D48:I48) -> 48.5 | K48: 50 | Q48: =AVERAGE(K48:P48) -> 50

Sheet EmgSummary1
D8: 118 | E8: 119 | F8: 120 | G8: 121 | H8: 122 | I8: 123 | J8: 125 | K8: 133 | L8: 134 | M8: 135 | N8: 137 | O8: 140 | P8: 141 | Q8: 149
D10: =EmgDOY118!$S10 -> 4 | E10: =EmgDOY119!$S10 -> 5.25 | F10: =EmgDOY120!$S10 -> 5.25 | G10: =EmgDOY121!$S10 -> 5.5 | H10: =EmgDOY122!$S10 -> 5.25 | I10: =EmgDOY123!$S10 -> 5.75 | J10: =EmgDOY125!$S10 -> 5.25 | K10: =EmgDOY133!$S10 -> 6.75 | L10: =EmgDOY134!$S10 -> 7.5 | M10: =EmgDOY135!$S10 -> 9.75 | N10: =EmgDOY137!$S10 -> 10.75 | O10: =EmgDOY140!$S10 -> 12.5 | P10: =EmgDOY141!$S10 -> 9.8333333 | Q10: =EmgDOY149!$S10 -> 10.5 | R10: =[1]DOYxxx!$S10 -> #REF! | S10: =[1]DOYxxx!$S10 -> #REF! | T10: =[1]DOYxxx!$S10 -> #REF!
D11: =EmgDOY118!$S11 -> 3.3333333 | E11: =EmgDOY119!$S11 -> 2.75 | F11: =EmgDOY120!$S11 -> 3.5 | G11: =EmgDOY121!$S11 -> 5.6666667 | H11: =EmgDOY122!$S11 -> 4 | I11: =EmgDOY123!$S11 -> 4.25 | J11: =EmgDOY125!$S11 -> 3.75 | K11: =EmgDOY133!$S11 -> 6.5 | L11: =EmgDOY134!$S11 -> 8 | M11: =EmgDOY135!$S11 -> 10.833333 | N11: =EmgDOY137!$S11 -> 11.5 | O11: =EmgDOY140!$S11 -> 12.5 | P11: =EmgDOY141!$S11 -> 11.833333 | Q11: =EmgDOY149!$S11 -> 11.416667 | R11: =[1]DOYxxx!$S11 -> #REF! | S11: =[1]DOYxxx!$S11 -> #REF! | T11: =[1]DOYxxx!$S11 -> #REF!
D12: =EmgDOY118!$S12 -> 2.5 | E12: =EmgDOY119!$S12 -> 3.5 | F12: =EmgDOY120!$S12 -> 4.125 | G12: =EmgDOY121!$S12 -> 4.375 | H12: =EmgDOY122!$S12 -> 4.5 | I12: =EmgDOY123!$S12 -> 4.625 | J12: =EmgDOY125!$S12 -> 4.875 | K12: =EmgDOY133!$S12 -> 5.25 | L12: =EmgDOY134!$S12 -> 7.125 | M12: =EmgDOY135!$S12 -> 4.125 | N12: =EmgDOY137!$S12 -> 9.25 | O12: =EmgDOY140!$S12 -> 9.75 | P12: =EmgDOY141!$S12 -> 9.9166667 | Q12: =EmgDOY149!$S12 -> 10.208333 | R12: =[1]DOYxxx!$S12 -> #REF! | S12: =[1]DOYxxx!$S12 -> #REF! | T12: =[1]DOYxxx!$S12 -> #REF!
D13: =EmgDOY118!$S13 -> 4.75 | E13: =EmgDOY119!$S13 -> 5.5 | F13: =EmgDOY120!$S13 -> 6.75 | G13: =EmgDOY121!$S13 -> 7.25 | H13: =EmgDOY122!$S13 -> 6.25 | I13: =EmgDOY123!$S13 -> 7.25 | J13: =EmgDOY125!$S13 -> 6 | K13: =EmgDOY133!$S13 -> 7.5 | L13: =EmgDOY134!$S13 -> 11.25 | M13: =EmgDOY135!$S13 -> 13.25 | N13: =EmgDOY137!$S13 -> 13.25 | O13: =EmgDOY140!$S13 -> 13.5 | P13: =EmgDOY141!$S13 -> 11.583333 | Q13: =EmgDOY149!$S13 -> 11.25 | R13: =[1]DOYxxx!$S13 -> #REF! | S13: =[1]DOYxxx!$S13 -> #REF! | T13: =[1]DOYxxx!$S13 -> #REF!
D14: =EmgDOY118!$S14 -> 3.125 | E14: =EmgDOY119!$S14 -> 4.125 | F14: =EmgDOY120!$S14 -> 4.875 | G14: =EmgDOY121!$S14 -> 4.75 | H14: =EmgDOY122!$S14 -> 4.875 | I14: =EmgDOY123!$S14 -> 5 | J14: =EmgDOY125!$S14 -> 5 | K14: =EmgDOY133!$S14 -> 6.25 | L14: =EmgDOY134!$S14 -> 7.375 | M14: =EmgDOY135!$S14 -> 8 | N14: =EmgDOY137!$S14 -> 9.625 | O14: =EmgDOY140!$S14 -> 10.875 | P14: =EmgDOY141!$S14 -> 10.291667 | Q14: =EmgDOY149!$S14 -> 10.291667 | R14: =[1]DOYxxx!$S14 -> #REF! | S14: =[1]DOYxxx!$S14 -> #REF! | T14: =[1]DOYxxx!$S14 -> #REF!
D15: =EmgDOY118!$S15 -> 3.75 | E15: =EmgDOY119!$S15 -> 4 | F15: =EmgDOY120!$S15 -> 5.5 | G15: =EmgDOY121!$S15 -> 6 | H15: =EmgDOY122!$S15 -> 4.75 | I15: =EmgDOY123!$S15 -> 5.75 | J15: =EmgDOY125!$S15 -> 4.75 | K15: =EmgDOY133!$S15 -> 8 | L15: =EmgDOY134!$S15 -> 8.75 | M15: =EmgDOY135!$S15 -> 9.75 | N15: =EmgDOY137!$S15 -> 11 | O15: =EmgDOY140!$S15 -> 11.75 | P15: =EmgDOY141!$S15 -> 11.5 | Q15: =EmgDOY149!$S15 -> 11.916667 | R15: =[1]DOYxxx!$S15 -> #REF! | S15: =[1]DOYxxx!$S15 -> #REF! | T15: =[1]DOYxxx!$S15 -> #REF!
D16: =EmgDOY118!$S16 -> 4 | E16: =EmgDOY119!$S16 -> 5.25 | F16: =EmgDOY120!$S16 -> 6.5 | G16: =EmgDOY121!$S16 -> 6.5 | H16: =EmgDOY122!$S16 -> 6 | I16: =EmgDOY123!$S16 -> 6 | J16: =EmgDOY125!$S16 -> 6 | K16: =EmgDOY133!$S16 -> 9.25 | L16: =EmgDOY134!$S16 -> 10.75 | M16: =EmgDOY135!$S16 -> 11 | N16: =EmgDOY137!$S16 -> 11.5 | O16: =EmgDOY140!$S16 -> 12 | P16: =EmgDOY141!$S16 -> 10.833333 | Q16: =EmgDOY149!$S16 -> 10.583333 | R16: =[1]DOYxxx!$S16 -> #REF! | S16: =[1]DOYxxx!$S16 -> #REF! | T16: =[1]DOYxxx!$S16 -> #REF!
D17: =EmgDOY118!$S17 -> 3.75 | E17: =EmgDOY119!$S17 -> 4.5 | F17: =EmgDOY120!$S17 -> 4.75 | G17: =EmgDOY121!$S17 -> 5 | H17: =EmgDOY122!$S17 -> 4.75 | I17: =EmgDOY123!$S17 -> 5 | J17: =EmgDOY125!$S17 -> 4.75 | K17: =EmgDOY133!$S17 -> 10 | L17: =EmgDOY134!$S17 -> 11.75 | M17: =EmgDOY135!$S17 -> 12.5 | N17: =EmgDOY137!$S17 -> 13 | O17: =EmgDOY140!$S17 -> 13.75 | P17: =EmgDOY141!$S17 -> 12.666667 | Q17: =EmgDOY149!$S17 -> 12.75 | R17: =[1]DOYxxx!$S17 -> #REF! | S17: =[1]DOYxxx!$S17 -> #REF! | T17: =[1]DOYxxx!$S17 -> #REF!
D18: =EmgDOY118!$S18 -> 3.125 | E18: =EmgDOY119!$S18 -> 3.875 | F18: =EmgDOY120!$S18 -> 4.75 | G18: =EmgDOY121!$S18 -> 5 | H18: =EmgDOY122!$S18 -> 4.875 | I18: =EmgDOY123!$S18 -> 5.25 | J18: =EmgDOY125!$S18 -> 5.5 | K18: =EmgDOY133!$S18 -> 6.75 | L18: =EmgDOY134!$S18 -> 8.375 | M18: =EmgDOY135!$S18 -> 9.125 | N18: =EmgDOY137!$S18 -> 11.125 | O18: =EmgDOY140!$S18 -> 12.875 | P18: =EmgDOY141!$S18 -> 11.5 | Q18: =EmgDOY149!$S18 -> 11.166667 | R18: =[1]DOYxxx!$S18 -> #REF! | S18: =[1]DOYxxx!$S18 -> #REF! | T18: =[1]DOYxxx!$S18 -> #REF!
D19: =EmgDOY118!$S19 -> 2 | E19: =EmgDOY119!$S19 -> 3.25 | F19: =EmgDOY120!$S19 -> 4.5 | G19: =EmgDOY121!$S19 -> 5.1666667 | H19: =EmgDOY122!$S19 -> 3.75 | I19: =EmgDOY123!$S19 -> 4.5 | J19: =EmgDOY125!$S19 -> 4 | K19: =EmgDOY133!$S19 -> 5.8333333 | L19: =EmgDOY134!$S19 -> 7.3333333 | M19: =EmgDOY135!$S19 -> 9 | N19: =EmgDOY137!$S19 -> 10.166667 | O19: =EmgDOY140!$S19 -> 11 | P19: =EmgDOY141!$S19 -> 11.083333 | Q19: =EmgDOY149!$S19 -> 10.666667 | R19: =[1]DOYxxx!$S19 -> #REF! | S19: =[1]DOYxxx!$S19 -> #REF! | T19: =[1]DOYxxx!$S19 -> #REF!
D20: =EmgDOY118!$S20 -> 5.75 | E20: =EmgDOY119!$S20 -> 7.5 | F20: =EmgDOY120!$S20 -> 8.25 | G20: =EmgDOY121!$S20 -> 8.5 | H20: =EmgDOY122!$S20 -> 8.25 | I20: =EmgDOY123!$S20 -> 8.75 | J20: =EmgDOY125!$S20 -> 8 | K20: =EmgDOY133!$S20 -> 9 | L20: =EmgDOY134!$S20 -> 11.5 | M20: =EmgDOY135!$S20 -> 12 | N20: =EmgDOY137!$S20 -> 12 | O20: =EmgDOY140!$S20 -> 12 | P20: =EmgDOY141!$S20 -> 11.916667 | Q20: =EmgDOY149!$S20 -> 12.333333 | R20: =[1]DOYxxx!$S20 -> #REF! | S20: =[1]DOYxxx!$S20 -> #REF! | T20: =[1]DOYxxx!$S20 -> #REF!
D21: =EmgDOY118!$S21 -> 4.625 | E21: =EmgDOY119!$S21 -> 5.875 | F21: =EmgDOY120!$S21 -> 7 | G21: =EmgDOY121!$S21 -> 6.75 | H21: =EmgDOY122!$S21 -> 6.5 | I21: =EmgDOY123!$S21 -> 6.875 | J21: =EmgDOY125!$S21 -> 6.875 | K21: =EmgDOY133!$S21 -> 7.625 | L21: =EmgDOY134!$S21 -> 9.625 | M21: =EmgDOY135!$S21 -> 10.875 | N21: =EmgDOY137!$S21 -> 11.75 | O21: =EmgDOY140!$S21 -> 12.125 | P21: =EmgDOY141!$S21 -> 10.666667 | Q21: =EmgDOY149!$S21 -> 10.458333 | R21: =[1]DOYxxx!$S21 -> #REF! | S21: =[1]DOYxxx!$S21 -> #REF! | T21: =[1]DOYxxx!$S21 -> #REF!
... D49: =EmgDOY118!$S49 -> 0 | E49: =EmgDOY119!$S49 -> 3.75 | F49: =EmgDOY120!$S49 -> 7.25 | G49: =EmgDOY121!$S49 -> 7.75 | H49: =EmgDOY122!$S49 -> 6.75 | I49: =EmgDOY123!$S49 -> 7.75 | J49: =EmgDOY125!$S49 -> 7.5 | K49: =EmgDOY133!$S49 -> 8.5 | L49: =EmgDOY134!$S49 -> 8.5 | M49: =EmgDOY135!$S49 -> 8.75 | N49: =EmgDOY137!$S49 -> 12.25 | O49: =EmgDOY140!$S49 -> 13 | P49: =EmgDOY141!$S49 -> 12.75 | Q49: =EmgDOY149!$S49 -> 12.75 | R49: =[1]DOYxxx!$S49 -> #REF! | S49: =[1]DOYxxx!$S49 -> #REF! | T49: =[1]DOYxxx!$S49 -> #REF!
D52: =AVERAGE(D10:D41) -> 3.7369792 | E52: =AVERAGE(E10:E41) -> 4.8164062 | F52: =AVERAGE(F10:F41) -> 5.5546875 | G52: =AVERAGE(G10:G41) -> 5.9622396 | H52: =AVERAGE(H10:H41) -> 5.4453125 | I52: =AVERAGE(I10:I41) -> 5.9882812 | J52: =AVERAGE(J10:J41) -> 5.7578125 | K52: =AVERAGE(K10:K41) -> 7.8671875 | ... Q52: =AVERAGE(Q10:Q41) -> 11.059896

Sheet EmgSummary2
B1: 118 | C1: 119 | D1: 120 | E1: 121 | F1: 122 | G1: 123 | H1: 125 | I1: 133 | J1: 134 | K1: 135 | L1: 137 | M1: 140 | N1: 141 | O1: 149
A2: CCID | B2: DOY118 | C2: DOY119 | D2: DOY120 | E2: DOY121 | F2: DOY122 | G2: DOY123 | H2: DOY125 | I2: DOY133 | J2: DOY134 | K2: DOY135 | L2: DOY137 | M2: DOY140 | N2: DOY141 | O2: DOY149 | Q2: 0.5 | R2: 50% DOY | S2: PLPD
A3: p101-1 | N3: 22 | O3: 13 | Q3: =N3/2 -> 11 | S3: =O3/(2*1.016) -> 6.3976378
A4: p102-1 | N4: 25 | O4: 24 | Q4: =N4/2 -> 12.5 | S4: =O4/(2*1.016) -> 11.811024
A5: p103-1 | N5: 39 | O5: 42 | Q5: =N5/2 -> 19.5 | S5: =O5/(2*1.016) -> 20.669291
A6: p104-1 | N6: 24 | O6: 23 | Q6: =N6/2 -> 12 | S6: =O6/(2*1.016) -> 11.318898
A7: p105-1 | N7: 40 | O7: 41 | Q7: =N7/2 -> 20 | S7: =O7/(2*1.016) -> 20.177165
A8: p106-1 | N8: 24 | O8: 24 | Q8: =N8/2 -> 12 | S8: =O8/(2*1.016) -> 11.811024
A9: p107-1 | N9: 19 | O9: 19 | Q9: =N9/2 -> 9.5 | S9: =O9/(2*1.016) -> 9.3503937
A10: p108-1 | N10: 22 | O10: 27 | Q10: =N10/2 -> 11 | S10: =O10/(2*1.016) -> 13.287402
A11: p201-1 | N11: 43 | O11: 45 | Q11: =N11/2 -> 21.5 | S11: =O11/(2*1.016) -> 22.145669
A12: p202-1 | N12: 24 | O12: 21 | Q12: =N12/2 -> 12 | S12: =O12/(2*1.016) -> 10.334646
A13: p203-1 | N13: 25 | O13: 29 | Q13: =N13/2 -> 12.5 | S13: =O13/(2*1.016) -> 14.271654
A14: p204-1 | N14: 50 | O14: 51 | Q14: =N14/2 -> 25 | S14: =O14/(2*1.016) -> 25.098425
... A39: p101-2 | N39: 14 | O39: 10 | Q39: =N39/2 -> 7 | S39: =O39/(2*1.016) -> 4.9212598
A40: p102-2 | B40: 13 | D40: 19 | E40: 20 | I40: 21 | J40: 24 | K40: 27 | L40: 25 | M40: 28 | N40: 28 | O40: 25 | Q40: =N40/2 -> 14 | R40: =B$1+(Q40-B40)/(D40-B40)*(D$1-B$1) -> 118.33333 | S40: =O40/(2*1.016) -> 12.30315
A41: p103-2 | N41: 42 | O41: 43 | Q41: =N41/2 -> 21 | S41: =O41/(2*1.016) -> 21.161417
A42: p104-2 | N42: 26 | O42: 27 | Q42: =N42/2 -> 13 | S42: =O42/(2*1.016) -> 13.287402
A43: p105-2 | N43: 40 | O43: 38 | Q43: =N43/2 -> 20 | S43: =O43/(2*1.016) -> 18.700787
A44: p106-2 | N44: 29 | O44: 30 | Q44: =N44/2 -> 14.5 | S44: =O44/(2*1.016) -> 14.76378
A45: p107-2 | N45: 20 | O45: 19 | Q45: =N45/2 -> 10 | S45: =O45/(2*1.016) -> 9.3503937
A46: p108-2 | N46: 27 | O46: 27 | Q46: =N46/2 -> 13.5 | S46: =O46/(2*1.016) -> 13.287402
A47: p201-2 | N47: 41 | O47: 42 | Q47: =N47/2 -> 20.5 | S47: =O47/(2*1.016) -> 20.669291
A48: p202-2 | E48: 13 | I48: 14 | J48: 16 | K48: 17 | L48: 18 | M48: 19 | N48: 21 | O48: 21 | Q48: =N48/2 -> 10.5 | S48: =O48/(2*1.016) -> 10.334646
A49: p203-2 | N49: 24 | O49: 24 | Q49: =N49/2 -> 12 | S49: =O49/(2*1.016) -> 11.811024
A50: p204-2 | N50: 32 | O50: 31 | Q50: =N50/2 -> 16 | S50: =O50/(2*1.016) -> 15.255906
A51: p205-2 | N51: 27 | O51: 10 | Q51: =N51/2 -> 13.5 | S51: =O51/(2*1.016) -> 4.9212598
A52: p206-2 | N52: 23 | O52: 11 | Q52: =N52/2 -> 11.5 | S52: =O52/(2*1.016) -> 5.4133858
A53: p207-2 | N53: 26 | O53: 26 | Q53: =N53/2 -> 13 | S53: =O53/(2*1.016) -> 12.795276
A54: p208-2 | N54: 20 | O54: 11 | Q54: =N54/2 -> 10 | S54: =O54/(2*1.016) -> 5.4133858
A55: p301-2 | N55: 21 | O55: 21 | Q55: =N55/2 -> 10.5 | S55: =O55/(2*1.016) -> 10.334646
A56: p302-2 | E56: 12 | I56: 13 | J56: 16 | L56: 20 | N56: 20 | O56: 24 | Q56: =N56/2 -> 10 | S56: =O56/(2*1.016) -> 11.811024
A57: p303-2 | N57: 15 | O57: 10 | Q57: =N57/2 -> 7.5 | S57: =O57/(2*1.016) -> 4.9212598
A58: p304-2 | N58: 24 | O58: 11 | Q58: =N58/2 -> 12 | S58: =O58/(2*1.016) -> 5.4133858
A59: p305-2 | N59: 47 | O59: 45 | Q59: =N59/2 -> 23.5 | S59: =O59/(2*1.016) -> 22.145669
A60: p306-2 | N60: 21 | O60: 20 | Q60: =N60/2 -> 10.5 | S60: =O60/(2*1.016) -> 9.8425197
A61: p307-2 | N61: 21 | O61: 20 | Q61: =N61/2 -> 10.5 | S61: =O61/(2*1.016) -> 9.8425197
A62: p308-2 | N62: 56 | O62: 54 | Q62: =N62/2 -> 28 | S62: =O62/(2*1.016) -> 26.574803
A63: p401-2 | N63: 16 | O63: 9 | Q63: =N63/2 -> 8 | S63: =O63/(2*1.016) -> 4.4291339
A64: p402-2 | E64: 12 | I64: 15 | J64: 20 | K64: 30 | L64: 29 | M64: 32 | N64: 26 | O64: 25 | Q64: =N64/2 -> 13 | S64: =O64/(2*1.016) -> 12.30315
A65: p403-2 | N65: 38 | O65: 39 | Q65: =N65/2 -> 19 | S65: =O65/(2*1.016) -> 19.192913
A66: p404-2 | N66: 29 | O66: 24 | Q66: =N66/2 -> 14.5 | S66: =O66/(2*1.016) -> 11.811024
A67: p405-2 | N67: 38 | O67: 38 | Q67: =N67/2 -> 19 | S67: =O67/(2*1.016) -> 18.700787
A68: p406-2 | N68: 28 | O68: 27 | Q68: =N68/2 -> 14 | S68: =O68/(2*1.016) -> 13.287402
A69: p407-2 | N69: 32 | O69: 12 | Q69: =N69/2 -> 16 | S69: =O69/(2*1.016) -> 5.9055118
A70: p408-2 | N70: 27 | O70: 23 | Q70: =N70/2 -> 13.5 | S70: =O70/(2*1.016) -> 11.318898
A71: p902-2 | E71: 8 | I71: 14 | J71: 14 | K71: 24 | L71: 30 | N71: 28 | O71: 29 | Q71: =N71/2 -> 14 | S71: =O71/(2*1.016) -> 14.271654
A72: p904-2 | N72: 26 | O72: 25 | Q72: =N72/2 -> 13 | S72: =O72/(2*1.016) -> 12.30315
A73: p906-2 | N73: 26 | O73: 25 | Q73: =N73/2 -> 13 | S73: =O73/(2*1.016) -> 12.30315
A74: p908-2 | N74: 23 | O74: 23 | Q74: =N74/2 -> 11.5 | S74: =O74/(2*1.016) -> 11.318898
A75: p101-3 | B75: 10 | C75: 11 | D75: 12 | E75: 13 | F75: 11 | G75: 13 | H75: 12 | I75: 16 | J75: 17 | K75: 21 | L75: 21 | M75: 23 | N75: 21 | O75: 10 | Q75: =N75/2 -> 10.5 | R75: =B$1+(Q75-B75)/(C75-B75)*(C$1-B$1) -> 118.5 | S75: =O75/(2*1.016) -> 4.9212598
A76: p102-3 | B76: 0 | C76: 2 | D76: 0 | E76: 2 | F76: 3 | G76: 3 | H76: 2 | I76: 5 | J76: 9 | K76: 21 | L76: 25 | M76: 28 | N76: 27 | O76: 27 | Q76: =N76/2 -> 13.5 | R76: =J$1+(Q76-J76)/(K76-J76)*(K$1-J$1) -> 134.375 | S76: =O76/(2*1.016) -> 13.287402
A77: p103-3 | B77: 5 | C77: 10 | D77: 15 | E77: 16 | F77: 16 | G77: 17 | H77: 17 | I77: 21 | J77: 26 | K77: 29 | L77: 34 | M77: 37 | N77: 38 | O77: 37 | Q77: =N77/2 -> 19 | R77: =H$1+(Q77-H77)/(I77-H77)*(I$1-H$1) -> 129 | S77: =O77/(2*1.016) -> 18.208661
A78: p104-3 | B78: 8 | C78: 11 | D78: 14 | E78: 15 | F78: 13 | G78: 15 | H78: 12 | I78: 15 | J78: 21 | K78: 26 | L78: 24 | M78: 26 | N78: 23 | O78: 23 | Q78: =N78/2 -> 11.5 | R78: =C$1+(Q78-C78)/(D78-C78)*(D$1-C$1) -> 119.16667 | S78: =O78/(2*1.016) -> 11.318898
A79: p105-3 | B79: 14 | C79: 20 | D79: 23 | E79: 24 | F79: 25 | G79: 25 | H79: 25 | I79: 26 | J79: 29 | K79: 31 | L79: 37 | M79: 43 | N79: 44 | O79: 45 | Q79: =N79/2 -> 22 | R79: =C$1+(Q79-C79)/(D79-C79)*(D$1-C$1) -> 119.66667 | S79: =O79/(2*1.016) -> 22.145669
A80: p106-3 | B80: 8 | C80: 8 | D80: 10 | E80: 12 | F80: 9 | G80: 11 | H80: 8 | I80: 13 | J80: 14 | K80: 17 | L80: 21 | M80: 23 | N80: 21 | O80: 25 | Q80: =N80/2 -> 10.5 | R80: =D$1+(Q80-D80)/(E80-D80)*(E$1-D$1) -> 120.25 | S80: =O80/(2*1.016) -> 12.30315
A81: p107-3 | B81: 10 | C81: 13 | D81: 16 | E81: 16 | F81: 14 | G81: 15 | H81: 14 | I81: 20 | J81: 22 | K81: 23 | L81: 25 | M81: 26 | N81: 24 | O81: 24 | Q81: =N81/2 -> 12 | R81: =B$1+(Q81-B81)/(C81-B81)*(C$1-B$1) -> 118.66667 | S81: =O81/(2*1.016) -> 11.811024
A82: p108-3 | B82: 2 | C82: 2 | D82: 4 | E82: 4 | F82: 2 | G82: 4 | H82: 2 | I82: 21 | J82: 25 | K82: 23 | L82: 26 | M82: 28 | N82: 28 | O82: 26 | Q82: =N82/2 -> 14 | R82: =H$1+(Q82-H82)/(I82-H82)*(I$1-H$1) -> 130.05263 | S82: =O82/(2*1.016) -> 12.795276
A83: p201-3 | B83: 14 | C83: 18 | D83: 22 | E83: 24 | F83: 23 | G83: 25 | H83: 25 | I83: 32 | J83: 39 | K83: 42 | L83: 48 | M83: 57 | N83: 55 | O83: 45 | Q83: =N83/2 -> 27.5 | R83: =H$1+(Q83-H83)/(I83-H83)*(I$1-H$1) -> 127.85714 | S83: =O83/(2*1.016) -> 22.145669
A84: p202-3 | B84: 2 | C84: 5 | D84: 13 | E84: 5 | F84: 5 | G84: 6 | H84: 6 | I84: 9 | J84: 13 | K84: 18 | L84: 21 | M84: 22 | N84: 22 | O84: 21 | Q84: =N84/2 -> 11 | R84: =C$1+(Q84-C84)/(D84-C84)*(D$1-C$1) -> 119.75 | S84: =O84/(2*1.016) -> 10.334646
A85: p203-3 | B85: 13 | C85: 17 | D85: 18 | E85: 18 | F85: 17 | G85: 19 | H85: 16 | I85: 19 | J85: 25 | K85: 26 | L85: 25 | M85: 24 | N85: 26 | O85: 27 | Q85: =N85/2 -> 13 | R85: =B$1+(Q85-B85)/(C85-B85)*(C$1-B$1) -> 118 | S85: =O85/(2*1.016) -> 13.287402
A86: p204-3 | B86: 25 | C86: 29 | D86: 34 | E86: 34 | F86: 33 | G86: 34 | H86: 33 | I86: 33 | J86: 42 | K86: 46 | L86: 48 | M86: 51 | N86: 51 | O86: 49 | Q86: =N86/2 -> 25.5 | R86: =B$1+(Q86-B86)/(C86-B86)*(C$1-B$1) -> 118.125 | S86: =O86/(2*1.016) -> 24.114173
A87: p205-3 | B87: 8 | C87: 11 | D87: 14 | E87: 15 | F87: 13 | G87: 15 | H87: 13 | I87: 17 | J87: 18 | K87: 18 | L87: 18 | M87: 20 | N87: 20 | O87: 10 | Q87: =N87/2 -> 10 | R87: =B$1+(Q87-B87)/(C87-B87)*(C$1-B$1) -> 118.66667 | S87: =O87/(2*1.016) -> 4.9212598
A88: p206-3 | B88: 6 | C88: 7 | D88: 8 | E88: 8 | F88: 8 | G88: 9 | H88: 9 | I88: 17 | J88: 22 | K88: 23 | L88: 27 | M88: 27 | N88: 26 | O88: 12 | Q88: =N88/2 -> 13 | R88: =H$1+(Q88-H88)/(I88-H88)*(I$1-H$1) -> 129 | S88: =O88/(2*1.016) -> 5.9055118
A89: p207-3 | B89: 3 | C89: 3 | D89: 2 | E89: 3 | F89: 2 | G89: 2 | H89: 6 | I89: 18 | J89: 20 | K89: 23 | L89: 25 | M89: 26 | N89: 25 | O89: 22 | Q89: =N89/2 -> 12.5 | R89: =H$1+(Q89-H89)/(I89-H89)*(I$1-H$1) -> 129.33333 | S89: =O89/(2*1.016) -> 10.826772
A90: p208-3 | B90: 6 | C90: 8 | D90: 8 | E90: 8 | F90: 9 | G90: 9 | H90: 10 | I90: 21 | J90: 23 | K90: 22 | L90: 26 | M90: 27 | N90: 27 | O90: 10 | Q90: =N90/2 -> 13.5 | R90: =H$1+(Q90-H90)/(I90-H90)*(I$1-H$1) -> 127.54545 | S90: =O90/(2*1.016) -> 4.9212598
A91: p301-3 | B91: 11 | C91: 16 | D91: 15 | E91: 18 | F91: 17 | G91: 17 | H91: 19 | I91: 18 | J91: 22 | K91: 24 | L91: 27 | M91: 28 | N91: 27 | O91: 27 | Q91: =N91/2 -> 13.5 | R91: =B$1+(Q91-B91)/(C91-B91)*(C$1-B$1) -> 118.5 | S91: =O91/(2*1.016) -> 13.287402
A92: p302-3 | B92: 3 | C92: 4 | D92: 12 | E92: 5 | F92: 4 | G92: 5 | H92: 6 | I92: 12 | J92: 15 | K92: 24 | L92: 27 | M92: 22 | N92: 22 | O92: 27 | Q92: =N92/2 -> 11 | R92: =C$1+(Q92-C92)/(D92-C92)*(D$1-C$1) -> 119.875 | S92: =O92/(2*1.016) -> 13.287402
A93: p303-3 | B93: 5 | C93: 8 | D93: 9 | E93: 9 | F93: 8 | G93: 9 | H93: 9 | I93: 11 | J93: 11 | K93: 13 | L93: 15 | M93: 16 | N93: 16 | O93: 10 | Q93: =N93/2 -> 8 | R93: =C$1+(Q93-C93)/(D93-C93)*(D$1-C$1) -> 119 | S93: =O93/(2*1.016) -> 4.9212598
A94: p304-3 | B94: 2 | C94: 7 | D94: 9 | E94: 10 | F94: 10 | G94: 11 | H94: 11 | I94: 10 | J94: 15 | K94: 17 | L94: 19 | M94: 18 | N94: 19 | O94: 10 | Q94: =N94/2 -> 9.5 | R94: =D$1+(Q94-D94)/(E94-D94)*(E$1-D$1) -> 120.5 | S94: =O94/(2*1.016) -> 4.9212598
A95: p305-3 | B95: 24 | C95: 32 | D95: 33 | E95: 35 | F95: 34 | G95: 37 | H95: 38 | I95: 44 | J95: 50 | K95: 52 | L95: 56 | M95: 54 | N95: 51 | O95: 51 | Q95: =N95/2 -> 25.5 | R95: =B$1+(Q95-B95)/(C95-B95)*(C$1-B$1) -> 118.1875 | S95: =O95/(2*1.016) -> 25.098425
A96: p306-3 | B96: 11 | C96: 14 | D96: 14 | E96: 14 | F96: 15 | G96: 14 | H96: 14 | I96: 21 | J96: 22 | K96: 22 | L96: 25 | M96: 25 | N96: 26 | O96: 25 | Q96: =N96/2 -> 13 | R96: =B$1+(Q96-B96)/(C96-B96)*(C$1-B$1) -> 118.66667 | S96: =O96/(2*1.016) -> 12.30315
A97: p307-3 | B97: 10 | C97: 10 | D97: 11 | E97: 13 | F97: 12 | G97: 14 | H97: 13 | I97: 19 | J97: 23 | K97: 24 | L97: 25 | M97: 25 | N97: 26 | O97: 25 | Q97: =N97/2 -> 13 | R97: =D$1+(Q97-D97)/(E97-D97)*(E$1-D$1) -> 121 | S97: =O97/(2*1.016) -> 12.30315
A98: p308-3 | B98: 11 | C98: 14 | D98: 19 | E98: 20 | F98: 18 | G98: 19 | H98: 21 | I98: 29 | J98: 42 | K98: 45 | L98: 45 | M98: 49 | N98: 47 | O98: 46 | Q98: =N98/2 -> 23.5 | R98: =H$1+(Q98-H98)/(I98-H98)*(I$1-H$1) -> 127.5 | S98: =O98/(2*1.016) -> 22.637795
A99: p401-3 | B99: 2 | C99: 2 | D99: 3 | E99: 3 | F99: 2 | G99: 3 | H99: 3 | I99: 5 | J99: 6 | K99: 13 | L99: 16 | M99: 23 | N99: 23 | O99: 11 | Q99: =N99/2 -> 11.5 | R99: =J$1+(Q99-J99)/(K99-J99)*(K$1-J$1) -> 134.78571 | S99: =O99/(2*1.016) -> 5.4133858
A100: p402-3 | B100: 1 | C100: 3 | D100: 12 | E100: 6 | F100: 4 | G100: 5 | H100: 4 | I100: 5 | J100: 9 | K100: 10 | L100: 14 | M100: 16 | N100: 33 | O100: 14 | Q100: =N100/2 -> 16.5 | R100: =M$1+(Q100-M100)/(N100-M100)*(N$1-M$1) -> 140.02941 | S100: =O100/(2*1.016) -> 6.8897638
A101: p403-3 | B101: 16 | C101: 20 | D101: 24 | E101: 27 | F101: 25 | G101: 28 | H101: 18 | I101: 31 | J101: 32 | K101: 38 | L101: 42 | M101: 47 | N101: 44 | O101: 44 | Q101: =N101/2 -> 22 | R101: =C$1+(Q101-C101)/(D101-C101)*(D$1-C$1) -> 119.5 | S101: =O101/(2*1.016) -> 21.653543
A102: p404-3 | B102: 10 | C102: 15 | D102: 15 | E102: 16 | F102: 16 | G102: 18 | H102: 16 | I102: 20 | J102: 20 | K102: 24 | L102: 25 | M102: 26 | N102: 25 | O102: 20 | Q102: =N102/2 -> 12.5 | R102: =B$1+(Q102-B102)/(C102-B102)*(C$1-B$1) -> 118.5 | S102: =O102/(2*1.016) -> 9.8425197
A103: p405-3 | B103: 20 | C103: 27 | D103: 28 | E103: 28 | F103: 27 | G103: 27 | H103: 28 | I103: 31 | J103: 38 | K103: 42 | L103: 47 | M103: 46 | N103: 48 | O103: 46 | Q103: =N103/2 -> 24 | R103: =B$1+(Q103-B103)/(C103-B103)*(C$1-B$1) -> 118.57143 | S103: =O103/(2*1.016) -> 22.637795
A104: p406-3 | B104: 6 | C104: 9 | D104: 13 | E104: 11 | F104: 11 | G104: 11 | H104: 11 | I104: 16 | J104: 16 | K104: 19 | L104: 17 | M104: 19 | N104: 20 | O104: 19 | Q104: =N104/2 -> 10 | R104: =C$1+(Q104-C104)/(D104-C104)*(D$1-C$1) -> 119.25 | S104: =O104/(2*1.016) -> 9.3503937
A105: p407-3 | B105: 10 | C105: 11 | D105: 13 | E105: 13 | F105: 11 | G105: 14 | H105: 13 | I105: 22 | J105: 23 | K105: 23 | L105: 25 | M105: 26 | N105: 25 | O105: 9 | Q105: =N105/2 -> 12.5 | R105: =C$1+(Q105-C105)/(D105-C105)*(D$1-C$1) -> 119.75 | S105: =O105/(2*1.016) -> 4.4291339
A106: p408-3 | B106: 9 | C106: 13 | D106: 14 | E106: 13 | F106: 12 | G106: 13 | H106: 12 | I106: 19 | J106: 25 | K106: 25 | L106: 27 | M106: 29 | N106: 27 | O106: 23 | Q106: =N106/2 -> 13.5 | R106: =C$1+(Q106-C106)/(D106-C106)*(D$1-C$1) -> 119.5 | S106: =O106/(2*1.016) -> 11.318898
A107: p902-3 | B107: 0 | C107: 1 | D107: 8 | E107: 10 | F107: 18 | G107: 10 | H107: 12 | I107: 17 | J107: 16 | K107: 19 | L107: 30 | M107: 29 | N107: 29 | O107: 29 | Q107: =N107/2 -> 14.5 | R107: =E$1+(Q107-E107)/(F107-E107)*(F$1-E$1) -> 121.5625 | S107: =O107/(2*1.016) -> 14.271654
A108: p904-3 | B108: 0 | C108: 5 | D108: 10 | E108: 13 | F108: 13 | G108: 16 | H108: 16 | I108: 19 | J108: 19 | K108: 21 | L108: 26 | M108: 29 | N108: 27 | O108: 23 | Q108: =N108/2 -> 13.5 | R108: =F$1+(Q108-F108)/(G108-F108)*(G$1-F$1) -> 122.16667 | S108: =O108/(2*1.016) -> 11.318898
A109: p906-3 | B109: 0 | C109: 1 | D109: 3 | E109: 9 | F109: 11 | G109: 10 | H109: 10 | I109: 10 | J109: 10 | K109: 13 | L109: 19 | M109: 23 | N109: 23 | O109: 22 | Q109: =N109/2 -> 11.5 | R109: =E$1+(Q109-E109)/(F109-E109)*(F$1-E$1) -> 122.25 | S109: =O109/(2*1.016) -> 10.826772
A110: p908-3 | B110: 0 | C110: 5 | D110: 12 | E110: 13 | F110: 17 | G110: 13 | H110: 13 | I110: 15 | J110: 15 | K110: 15 | L110: 23 | M110: 25 | N110: 24 | O110: 24 | Q110: =N110/2 -> 12 | R110: =C$1+(Q110-C110)/(D110-C110)*(D$1-C$1) -> 120 | S110: =O110/(2*1.016) -> 11.811024
A111: p101-4 | B111: 6 | C111: 10 | D111: 9 | E111: 9 | F111: 10 | G111: 10 | H111: 9 | I111: 11 | J111: 13 | K111: 18 | L111: 22 | M111: 27 | N111: 26 | O111: 11 | Q111: =N111/2 -> 13 | R111: =I$1+(Q111-I111)/(J111-I111)*(J$1-I$1) -> 134 | S111: =O111/(2*1.016) -> 5.4133858
A112: p102-4 | B112: 7 | C112: 9 | D112: 2 | E112: 12 | F112: 13 | G112: 14 | H112: 13 | I112: 13 | J112: 15 | K112: 17 | L112: 19 | M112: 19 | N112: 18 | O112: 18 | Q112: =N112/2 -> 9 | R112: =C$1+(Q112-C112)/(D112-C112)*(D$1-C$1) -> 119 | S112: =O112/(2*1.016) -> 8.8582677
A113: p103-4 | B113: 15 | C113: 18 | D113: 18 | E113: 19 | F113: 20 | G113: 20 | H113: 22 | I113: 21 | J113: 31 | K113: 4 | L113: 40 | M113: 41 | N113: 38 | O113: 38 | Q113: =N113/2 -> 19 | R113: =D$1+(Q113-D113)/(E113-D113)*(E$1-D$1) -> 121 | S113: =O113/(2*1.016) -> 18.700787
A114: p104-4 | B114: 11 | C114: 11 | D114: 13 | E114: 14 | F114: 12 | G114: 14 | H114: 12 | I114: 15 | J114: 24 | K114: 27 | L114: 29 | M114: 28 | N114: 27 | O114: 24 | Q114: =N114/2 -> 13.5 | R114: =D$1+(Q114-D114)/(E114-D114)*(E$1-D$1) -> 120.5 | S114: =O114/(2*1.016) -> 11.811024
A115: p105-4 | B115: 11 | C115: 13 | D115: 16 | E115: 14 | F115: 14 | G115: 15 | H115: 15 | I115: 24 | J115: 30 | K115: 33 | L115: 40 | M115: 44 | N115: 41 | O115: 41 | Q115: =N115/2 -> 20.5 | R115: =H$1+(Q115-H115)/(I115-H115)*(I$1-H$1) -> 129.88889 | S115: =O115/(2*1.016) -> 20.177165
A116: p106-4 | B116: 7 | C116: 8 | D116: 12 | E116: 12 | F116: 10 | G116: 12 | H116: 11 | I116: 19 | J116: 21 | K116: 22 | L116: 23 | M116: 24 | N116: 23 | O116: 24 | Q116: =N116/2 -> 11.5 | R116: =C$1+(Q116-C116)/(D116-C116)*(D$1-C$1) -> 119.875 | S116: =O116/(2*1.016) -> 11.811024
A117: p107-4 | B117: 6 | C117: 8 | D117: 10 | E117: 10 | F117: 10 | G117: 9 | H117: 10 | I117: 17 | J117: 21 | K117: 21 | L117: 21 | M117: 22 | N117: 21 | O117: 20 | Q117: =N117/2 -> 10.5 | R117: =C$1+(Q117-C117)/(D117-C117)*(D$1-C$1) -> 120.25 | S117: =O117/(2*1.016) -> 9.8425197
A118: p108-4 | B118: 13 | C118: 16 | D118: 15 | E118: 16 | F118: 17 | G118: 16 | H118: 17 | I118: 19 | J118: 22 | K118: 27 | L118: 26 | M118: 27 | N118: 25 | O118: 24 | Q118: =N118/2 -> 12.5 | R118: =B$1+(Q118-B118)/(C118-B118)*(C$1-B$1) -> 117.83333 | S118: =O118/(2*1.016) -> 11.811024
A119: p201-4 | B119: 11 | C119: 13 | D119: 16 | E119: 16 | F119: 16 | G119: 17 | H119: 19 | I119: 22 | J119: 28 | K119: 31 | L119: 41 | M119: 46 | N119: 41 | O119: 40 | Q119: =N119/2 -> 20.5 | R119: =H$1+(Q119-H119)/(I119-H119)*(I$1-H$1) -> 129 | S119: =O119/(2*1.016) -> 19.685039
A120: p202-4 | B120: 6 | C120: 8 | D120: 5 | E120: 13 | F120: 10 | G120: 12 | H120: 10 | I120: 12 | J120: 15 | K120: 19 | L120: 22 | M120: 25 | N120: 22 | O120: 22 | Q120: =N120/2 -> 11 | R120: =D$1+(Q120-D120)/(E120-D120)*(E$1-D$1) -> 120.75 | S120: =O120/(2*1.016) -> 10.826772
A121: p203-4 | B121: 10 | C121: 13 | D121: 15 | E121: 16 | F121: 16 | G121: 16 | H121: 16 | I121: 17 | J121: 21 | K121: 22 | L121: 23 | M121: 24 | N121: 23 | O121: 22 | Q121: =N121/2 -> 11.5 | R121: =B$1+(Q121-B121)/(C121-B121)*(C$1-B$1) -> 118.5 | S121: =O121/(2*1.016) -> 10.826772
A122: p204-4 | B122: 12 | C122: 18 | D122: 22 | E122: 20 | F122: 19 | G122: 21 | H122: 22 | I122: 28 | J122: 35 | K122: 41 | L122: 46 | M122: 46 | N122: 41 | O122: 41 | Q122: =N122/2 -> 20.5 | R122: =C$1+(Q122-C122)/(D122-C122)*(D$1-C$1) -> 119.625 | S122: =O122/(2*1.016) -> 20.177165
A123: p205-4 | B123: 12 | C123: 13 | D123: 14 | E123: 14 | F123: 13 | G123: 14 | H123: 15 | I123: 20 | J123: 25 | K123: 25 | L123: 29 | M123: 28 | N123: 27 | O123: 14 | Q123: =N123/2 -> 13.5 | R123: =C$1+(Q123-C123)/(D123-C123)*(D$1-C$1) -> 119.5 | S123: =O123/(2*1.016) -> 6.8897638
A124: p206-4 | B124: 12 | C124: 15 | D124: 16 | E124: 15 | F124: 14 | G124: 16 | H124: 15 | I124: 19 | J124: 18 | K124: 19 | L124: 17 | M124: 19 | N124: 18 | O124: 9 | Q124: =N124/2 -> 9 | R124: =B$1+(Q124-B124)/(C124-B124)*(C$1-B$1) -> 117 | S124: =O124/(2*1.016) -> 4.4291339
...

Sheet EmgDOY118
A1: Plant Emergence Counts
B3: DOY: | C3: 118 | E3: Start: | F3: 851
E4: End: | F4: 931 | N4: =AVERAGE(Q10:Q11,Q13,Q15:Q17,Q19:Q20,Q22:Q29,Q31:Q32,Q34:Q35,Q37,Q39:Q41) -> 3.7847222 | O4: =AVERAGE(Q12,Q14,Q18,Q21,Q30,Q36,Q38,Q33) -> 7.1875
B6: Comments: | D6: Soil surface is dry and somewhat crusted, but no sign of rain, Many of seeds in apparent skips have not imbibed.
D7: No sign that plants are unable to break thru surface, but many are in dry soil. Counted all with cotyl or green epicotyl visible
B9: Plot | C9: Acron | D9: Trt. | E9: Irrig. | F9: Pop. | G9: N | H9: Block | I9: Col. | J9: Exotech Code | K9: Row3 | L9: Row4 | M9: Row5 | N9: Row6 | O9: Row7 | P9: Row8 | Q9: Mean per meter | R9: std err | S9: Nrml. mean per meter | T9: Comments
B10: 101 | C10: FSH | D10: 1 | E10: =IF(LEFT($C10,1)="F",1,2) -> 1 | F10: =IF(MID($C10,2,1)="S",1,IF(MID($C10,2,1)="T",2,IF(MID($C10,2,1)="D",3,0))) -> 1 | G10: =IF(RIGHT($C10,1)="L",1,2) -> 2 | H10: 1 | I10: =B10-INT(B10/100)*100 -> 1 | J10: =(E10&F10&G10&"."&H10) -> 112.1 | M10: 10 | N10: 6 | Q10: =AVERAGE(K10:P10)/2 -> 4 | R10: =STDEV(K10:P10)/2/SQRT(COUNT(K10:P10)) -> 1 | S10: =IF(F10=3,Q10/2,Q10) -> 4 | T10: 0851h | V10: Average of Nrml. mean per meter
B11: 102 | C11: FTL | D11: 4 | E11: =IF(LEFT($C11,1)="F",1,2) -> 1 | F11: =IF(MID($C11,2,1)="S",1,IF(MID($C11,2,1)="T",2,IF(MID($C11,2,1)="D",3,0))) -> 2 | G11: =IF(RIGHT($C11,1)="L",1,2) -> 1 | H11: 1 | I11: =B11-INT(B11/100)*100 -> 2 | J11: =(E11&F11&G11&"."&H11) -> 121.1 | L11: 13 | M11: 0 | N11: 7 | Q11: =AVERAGE(K11:P11)/2 -> 3.3333333 | R11: =STDEV(K11:P11)/2/SQRT(COUNT(K11:P11)) -> 1.8782379 | S11: =IF(F11=3,Q11/2,Q11) -> 3.3333333 | V11: Col. | W11: Total
B12: 103 | C12: FDH | D12: 5 | E12: =IF(LEFT($C12,1)="F",1,2) -> 1 | F12: =IF(MID($C12,2,1)="S",1,IF(MID($C12,2,1)="T",2,IF(MID($C12,2,1)="D",3,0))) -> 3 | G12: =IF(RIGHT($C12,1)="L",1,2) -> 2 | H12: 1 | I12: =B12-INT(B12/100)*100 -> 3 | J12: =(E12&F12&G12&"."&H12) -> 132.1 | M12: 5 | N12: 15 | Q12: =AVERAGE(K12:P12)/2 -> 5 | R12: =STDEV(K12:P12)/2/SQRT(COUNT(K12:P12)) -> 2.5 | S12: =IF(F12=3,Q12/2,Q12) -> 2.5 | V12: 1 | W12: 3.21875
B13: 104 | C13: NTL | D13: 10 | E13: =IF(LEFT($C13,1)="F",1,2) -> 2 | F13: =IF(MID($C13,2,1)="S",1,IF(MID($C13,2,1)="T",2,IF(MID($C13,2,1)="D",3,0))) -> 2 | G13: =IF(RIGHT($C13,1)="L",1,2) -> 1 | H13: 1 | I13: =B13-INT(B13/100)*100 -> 4 | J13: =(E13&F13&G13&"."&H13) -> 221.1 | M13: 8 | N13: 11 | Q13: =AVERAGE(K13:P13)/2 -> 4.75 | R13: =STDEV(K13:P13)/2/SQRT(COUNT(K13:P13)) -> 0.75 | S13: =IF(F13=3,Q13/2,Q13) -> 4.75 | V13: 2 | W13: 2.8333333
B14: 105 | C14: NDL | D14: 12 | E14: =IF(LEFT($C14,1)="F",1,2) -> 2 | F14: =IF(MID($C14,2,1)="S",1,IF(MID($C14,2,1)="T",2,IF(MID($C14,2,1)="D",3,0))) -> 3 | G14: =IF(RIGHT($C14,1)="L",1,2) -> 1 | H14: 2 | I14: =B14-INT(B14/100)*100 -> 5 | J14: =(E14&F14&G14&"."&H14) -> 231.2 | M14: 14 | N14: 11 | Q14: =AVERAGE(K14:P14)/2 -> 6.25 | R14: =STDEV(K14:P14)/2/SQRT(COUNT(K14:P14)) -> 0.75 | S14: =IF(F14=3,Q14/2,Q14) -> 3.125 | V14: 3 | W14: 3.3125
B15: 106 | C15: NTH | D15: 9 | E15: =IF(LEFT($C15,1)="F",1,2) -> 2 | F15: =IF(MID($C15,2,1)="S",1,IF(MID($C15,2,1)="T",2,IF(MID($C15,2,1)="D",3,0))) -> 2 | G15: =IF(RIGHT($C15,1)="L",1,2) -> 2 | H15: 2 | I15: =B15-INT(B15/100)*100 -> 6 | J15: =(E15&F15&G15&"."&H15) -> 222.2 | M15: 8 | N15: 7 | Q15: =AVERAGE(K15:P15)/2 -> 3.75 | R15: =STDEV(K15:P15)/2/SQRT(COUNT(K15:P15)) -> 0.25 | S15: =IF(F15=3,Q15/2,Q15) -> 3.75 | V15: 4 | W15: 4.53125
B16: 107 | C16: NTL | D16: 10 | E16: =IF(LEFT($C16,1)="F",1,2) -> 2 | F16: =IF(MID($C16,2,1)="S",1,IF(MID($C16,2,1)="T",2,IF(MID($C16,2,1)="D",3,0))) -> 2 | G16: =IF(RIGHT($C16,1)="L",1,2) -> 1 | H16: 2 | I16: =B16-INT(B16/100)*100 -> 7 | J16: =(E16&F16&G16&"."&H16) -> 221.2 | M16: 10 | N16: 6 | Q16: =AVERAGE(K16:P16)/2 -> 4 | R16: =STDEV(K16:P16)/2/SQRT(COUNT(K16:P16)) -> 1 | S16: =IF(F16=3,Q16/2,Q16) -> 4 | V16: 5 | W16: 4.28125
B17: 108 | C17: FTH | D17: 3 | E17: =IF(LEFT($C17,1)="F",1,2) -> 1 | F17: =IF(MID($C17,2,1)="S",1,IF(MID($C17,2,1)="T",2,IF(MID($C17,2,1)="D",3,0))) -> 2 | G17: =IF(RIGHT($C17,1)="L",1,2) -> 2 | H17: 2 | I17: =B17-INT(B17/100)*100 -> 8 | J17: =(E17&F17&G17&"."&H17) -> 122.2 | M17: 2 | N17: 13 | Q17: =AVERAGE(K17:P17)/2 -> 3.75 | R17: =STDEV(K17:P17)/2/SQRT(COUNT(K17:P17)) -> 2.75 | S17: =IF(F17=3,Q17/2,Q17) -> 3.75 | T17: 0840h | V17: 6 | W17: 5
B18: 201 | C18: NDL | D18: 12 | E18: =IF(LEFT($C18,1)="F",1,2) -> 2 | F18: =IF(MID($C18,2,1)="S",1,IF(MID($C18,2,1)="T",2,IF(MID($C18,2,1)="D",3,0))) -> 3 | G18: =IF(RIGHT($C18,1)="L",1,2) -> 1 | H18: 1 | I18: =B18-INT(B18/100)*100 -> 1 | J18: =(E18&F18&G18&"."&H18) -> 231.1 | M18: 14 | N18: 11 | Q18: =AVERAGE(K18:P18)/2 -> 6.25 | R18: =STDEV(K18:P18)/2/SQRT(COUNT(K18:P18)) -> 0.75 | S18: =IF(F18=3,Q18/2,Q18) -> 3.125 | T18: 0852h | V18: 7 | W18: 2.875
B19: 202 | C19: NTH | D19: 9 | E19: =IF(LEFT($C19,1)="F",1,2) -> 2 | F19: =IF(MID($C19,2,1)="S",1,IF(MID($C19,2,1)="T",2,IF(MID($C19,2,1)="D",3,0))) -> 2 | G19: =IF(RIGHT($C19,1)="L",1,2) -> 2 | H19: 1 | I19: =B19-INT(B19/100)*100 -> 2 | J19: =(E19&F19&G19&"."&H19) -> 222.1 | M19: 2 | N19: 6 | Q19: =AVERAGE(K19:P19)/2 -> 2 | R19: =STDEV(K19:P19)/2/SQRT(COUNT(K19:P19)) -> 1 | S19: =IF(F19=3,Q19/2,Q19) -> 2 | V19: 8 | W19: 3.84375
B20: 203 | C20: FTH | D20: 3 | E20: =IF(LEFT($C20,1)="F",1,2) -> 1 | F20: =IF(MID($C20,2,1)="S",1,IF(MID($C20,2,1)="T",2,IF(MID($C20,2,1)="D",3,0))) -> 2 | G20: =IF(RIGHT($C20,1)="L",1,2) -> 2 | H20: 1 | I20: =B20-INT(B20/100)*100 -> 3 | J20: =(E20&F20&G20&"."&H20) -> 122.1 | M20: 13 | N20: 10 | Q20: =AVERAGE(K20:P20)/2 -> 5.75 | R20: =STDEV(K20:P20)/2/SQRT(COUNT(K20:P20)) -> 0.75 | S20: =IF(F20=3,Q20/2,Q20) -> 5.75 | V20: Grand Total | W20: 3.7369792
B21: 204 | C21: NDH | D21: 11 | E21: =IF(LEFT($C21,1)="F",1,2) -> 2 | F21: =IF(MID($C21,2,1)="S",1,IF(MID($C21,2,1)="T",2,IF(MID($C21,2,1)="D",3,0))) -> 3 | G21: =IF(RIGHT($C21,1)="L",1,2) -> 2 | H21: 1 | I21: =B21-INT(B21/100)*100 -> 4 | J21: =(E21&F21&G21&"."&H21) -> 232.1 | M21: 25 | N21: 12 | Q21: =AVERAGE(K21:P21)/2 -> 9.25 | R21: =STDEV(K21:P21)/2/SQRT(COUNT(K21:P21)) -> 3.25 | S21: =IF(F21=3,Q21/2,Q21) -> 4.625
B22: 205 | C22: FSH | D22: 1 | E22: =IF(LEFT($C22,1)="F",1,2) -> 1 | F22: =IF(MID($C22,2,1)="S",1,IF(MID($C22,2,1)="T",2,IF(MID($C22,2,1)="D",3,0))) -> 1 | G22: =IF(RIGHT($C22,1)="L",1,2) -> 2 | H22: 2 | I22: =B22-INT(B22/100)*100 -> 5 | J22: =(E22&F22&G22&"."&H22) -> 112.2 | M22: 8 | N22: 12 | Q22: =AVERAGE(K22:P22)/2 -> 5 | R22: =STDEV(K22:P22)/2/SQRT(COUNT(K22:P22)) -> 1 | S22: =IF(F22=3,Q22/2,Q22) -> 5
B23: 206 | C23: NSL | D23: 8 | E23: =IF(LEFT($C23,1)="F",1,2) -> 2 | F23: =IF(MID($C23,2,1)="S",1,IF(MID($C23,2,1)="T",2,IF(MID($C23,2,1)="D",3,0))) -> 1 | G23: =IF(RIGHT($C23,1)="L",1,2) -> 1 | H23: 2 | I23: =B23-INT(B23/100)*100 -> 6 | J23: =(E23&F23&G23&"."&H23) -> 211.2 | M23: 6 | N23: 12 | Q23: =AVERAGE(K23:P23)/2 -> 4.5 | R23: =STDEV(K23:P23)/2/SQRT(COUNT(K23:P23)) -> 1.5 | S23: =IF(F23=3,Q23/2,Q23) -> 4.5
B24: 207 | C24: FTL | D24: 4 | E24: =IF(LEFT($C24,1)="F",1,2) -> 1 | F24: =IF(MID($C24,2,1)="S",1,IF(MID($C24,2,1)="T",2,IF(MID($C24,2,1)="D",3,0))) -> 2 | G24: =IF(RIGHT($C24,1)="L",1,2) -> 1 | H24: 2 | I24: =B24-INT(B24/100)*100 -> 7 | J24: =(E24&F24&G24&"."&H24) -> 121.2 | M24: 3 | N24: 1 | Q24: =AVERAGE(K24:P24)/2 -> 1 | R24: =STDEV(K24:P24)/2/SQRT(COUNT(K24:P24)) -> 0.5 | S24: =IF(F24=3,Q24/2,Q24) -> 1 | V24: =AVERAGE(W15:W17,W19) -> 4.4140625
B25: 208 | C25: FSL | D25: 2 | E25: =IF(LEFT($C25,1)="F",1,2) -> 1 | F25: =IF(MID($C25,2,1)="S",1,IF(MID($C25,2,1)="T",2,IF(MID($C25,2,1)="D",3,0))) -> 1 | G25: =IF(RIGHT($C25,1)="L",1,2) -> 1 | H25: 2 | I25: =B25-INT(B25/100)*100 -> 8 | J25: =(E25&F25&G25&"."&H25) -> 111.2 | M25: 6 | N25: 9 | Q25: =AVERAGE(K25:P25)/2 -> 3.75 | R25: =STDEV(K25:P25)/2/SQRT(COUNT(K25:P25)) -> 0.75 | S25: =IF(F25=3,Q25/2,Q25) -> 3.75 | T25: 0905h
B26: 301 | C26: NTL | D26: 10 | E26: =IF(LEFT($C26,1)="F",1,2) -> 2 | F26: =IF(MID($C26,2,1)="S",1,IF(MID($C26,2,1)="T",2,IF(MID($C26,2,1)="D",3,0))) -> 2 | G26: =IF(RIGHT($C26,1)="L",1,2) -> 1 | H26: 3 | I26: =B26-INT(B26/100)*100 -> 1 | J26: =(E26&F26&G26&"."&H26) -> 221.3 | M26: 11 | N26: 5 | Q26: =AVERAGE(K26:P26)/2 -> 4 | R26: =STDEV(K26:P26)/2/SQRT(COUNT(K26:P26)) -> 1.5 | S26: =IF(F26=3,Q26/2,Q26) -> 4 | T26: 0916h | V26: =AVERAGE(W12:W14,W18) -> 3.0598958
B27: 302 | C27: FTL | D27: 4 | E27: =IF(LEFT($C27,1)="F",1,2) -> 1 | F27: =IF(MID($C27,2,1)="S",1,IF(MID($C27,2,1)="T",2,IF(MID($C27,2,1)="D",3,0))) -> 2 | G27: =IF(RIGHT($C27,1)="L",1,2) -> 1 | H27: 3 | I27: =B27-INT(B27/100)*100 -> 2 | J27: =(E27&F27&G27&"."&H27) -> 121.3 | M27: 3 | N27: 8 | Q27: =AVERAGE(K27:P27)/2 -> 2.75 | R27: =STDEV(K27:P27)/2/SQRT(COUNT(K27:P27)) -> 1.25 | S27: =IF(F27=3,Q27/2,Q27) -> 2.75
B28: 303 | C28: NSL | D28: 8 | E28: =IF(LEFT($C28,1)="F",1,2) -> 2 | F28: =IF(MID($C28,2,1)="S",1,IF(MID($C28,2,1)="T",2,IF(MID($C28,2,1)="D",3,0))) -> 1 | G28: =IF(RIGHT($C28,1)="L",1,2) -> 1 | H28: 3 | I28: =B28-INT(B28/100)*100 -> 3 | J28: =(E28&F28&G28&"."&H28) -> 211.3 | M28: 5 | N28: 1 | Q28: =AVERAGE(K28:P28)/2 -> 1.5 | R28: =STDEV(K28:P28)/2/SQRT(COUNT(K28:P28)) -> 1 | S28: =IF(F28=3,Q28/2,Q28) -> 1.5
B29: 304 | C29: FSL | D29: 2 | E29: =IF(LEFT($C29,1)="F",1,2) -> 1 | F29: =IF(MID($C29,2,1)="S",1,IF(MID($C29,2,1)="T",2,IF(MID($C29,2,1)="D",3,0))) -> 1 | G29: =IF(RIGHT($C29,1)="L",1,2) -> 1 | H29: 3 | I29: =B29-INT(B29/100)*100 -> 4 | J29: =(E29&F29&G29&"."&H29) -> 111.3 | M29: 2 | N29: 7 | Q29: =AVERAGE(K29:P29)/2 -> 2.25 | R29: =STDEV(K29:P29)/2/SQRT(COUNT(K29:P29)) -> 1.25 | S29: =IF(F29=3,Q29/2,Q29) -> 2.25
B30: 305 | C30: NDH | D30: 11 | E30: =IF(LEFT($C30,1)="F",1,2) -> 2 | F30: =IF(MID($C30,2,1)="S",1,IF(MID($C30,2,1)="T",2,IF(MID($C30,2,1)="D",3,0))) -> 3 | G30: =IF(RIGHT($C30,1)="L",1,2) -> 2 | H30: 4 | I30: =B30-INT(B30/100)*100 -> 5 | J30: =(E30&F30&G30&"."&H30) -> 232.4 | M30: 24 | N30: 17 | Q30: =AVERAGE(K30:P30)/2 -> 10.25 | R30: =STDEV(K30:P30)/2/SQRT(COUNT(K30:P30)) -> 1.75 | S30: =IF(F30=3,Q30/2,Q30) -> 5.125
B31: 306 | C31: FTL | D31: 4 | E31: =IF(LEFT($C31,1)="F",1,2) -> 1 | F31: =IF(MID($C31,2,1)="S",1,IF(MID($C31,2,1)="T",2,IF(MID($C31,2,1)="D",3,0))) -> 2 | G31: =IF(RIGHT($C31,1)="L",1,2) -> 1 | H31: 4 | I31: =B31-INT(B31/100)*100 -> 6 | J31: =(E31&F31&G31&"."&H31) -> 121.4 | M31: 11 | N31: 17 | Q31: =AVERAGE(K31:P31)/2 -> 7 | R31: =STDEV(K31:P31)/2/SQRT(COUNT(K31:P31)) -> 1.5 | S31: =IF(F31=3,Q31/2,Q31) -> 7
B32: 307 | C32: NTH | D32: 9 | E32: =IF(LEFT($C32,1)="F",1,2) -> 2 | F32: =IF(MID($C32,2,1)="S",1,IF(MID($C32,2,1)="T",2,IF(MID($C32,2,1)="D",3,0))) -> 2 | G32: =IF(RIGHT($C32,1)="L",1,2) -> 2 | H32: 4 | I32: =B32-INT(B32/100)*100 -> 7 | J32: =(E32&F32&G32&"."&H32) -> 222.4 | M32: 10 | N32: 2 | Q32: =AVERAGE(K32:P32)/2 -> 3 | R32: =STDEV(K32:P32)/2/SQRT(COUNT(K32:P32)) -> 2 | S32: =IF(F32=3,Q32/2,Q32) -> 3
B33: 308 | C33: FDH | D33: 5 | E33: =IF(LEFT($C33,1)="F",1,2) -> 1 | F33: =IF(MID($C33,2,1)="S",1,IF(MID($C33,2,1)="T",2,IF(MID($C33,2,1)="D",3,0))) -> 3 | G33: =IF(RIGHT($C33,1)="L",1,2) -> 2 | H33: 4 | I33: =B33-INT(B33/100)*100 -> 8 | J33: =(E33&F33&G33&"."&H33) -> 132.4 | M33: 11 | N33: 12 | Q33: =AVERAGE(K33:P33)/2 -> 5.75 | R33: =STDEV(K33:P33)/2/SQRT(COUNT(K33:P33)) -> 0.25 | S33: =IF(F33=3,Q33/2,Q33) -> 2.875 | T33: 0907h
B34: 401 | C34: NSH | D34: 7 | E34: =IF(LEFT($C34,1)="F",1,2) -> 2 | F34: =IF(MID($C34,2,1)="S",1,IF(MID($C34,2,1)="T",2,IF(MID($C34,2,1)="D",3,0))) -> 1 | G34: =IF(RIGHT($C34,1)="L",1,2) -> 2 | H34: 3 | I34: =B34-INT(B34/100)*100 -> 1 | J34: =(E34&F34&G34&"."&H34) -> 212.3 | M34: 2 | N34: 5 | Q34: =AVERAGE(K34:P34)/2 -> 1.75 | R34: =STDEV(K34:P34)/2/SQRT(COUNT(K34:P34)) -> 0.75 | S34: =IF(F34=3,Q34/2,Q34) -> 1.75 | T34: 0918h
B35: 402 | C35: NTH | D35: 9 | E35: =IF(LEFT($C35,1)="F",1,2) -> 2 | F35: =IF(MID($C35,2,1)="S",1,IF(MID($C35,2,1)="T",2,IF(MID($C35,2,1)="D",3,0))) -> 2 | G35: =IF(RIGHT($C35,1)="L",1,2) -> 2 | H35: 3 | I35: =B35-INT(B35/100)*100 -> 2 | J35: =(E35&F35&G35&"."&H35) -> 222.3 | M35: 1 | N35: 12 | Q35: =AVERAGE(K35:P35)/2 -> 3.25 | R35: =STDEV(K35:P35)/2/SQRT(COUNT(K35:P35)) -> 2.75 | S35: =IF(F35=3,Q35/2,Q35) -> 3.25
B36: 403 | C36: FDL | D36: 6 | E36: =IF(LEFT($C36,1)="F",1,2) -> 1 | F36: =IF(MID($C36,2,1)="S",1,IF(MID($C36,2,1)="T",2,IF(MID($C36,2,1)="D",3,0))) -> 3 | G36: =IF(RIGHT($C36,1)="L",1,2) -> 1 | H36: 3 | I36: =B36-INT(B36/100)*100 -> 3 | J36: =(E36&F36&G36&"."&H36) -> 131.3 | M36: 16 | N36: 12 | Q36: =AVERAGE(K36:P36)/2 -> 7 | R36: =STDEV(K36:P36)/2/SQRT(COUNT(K36:P36)) -> 1 | S36: =IF(F36=3,Q36/2,Q36) -> 3.5
B37: 404 | C37: FTH | D37: 3 | E37: =IF(LEFT($C37,1)="F",1,2) -> 1 | F37: =IF(MID($C37,2,1)="S",1,IF(MID($C37,2,1)="T",2,IF(MID($C37,2,1)="D",3,0))) -> 2 | G37: =IF(RIGHT($C37,1)="L",1,2) -> 2 | H37: 3 | I37: =B37-INT(B37/100)*100 -> 4 | J37: =(E37&F37&G37&"."&H37) -> 122.3 | M37: 10 | N37: 16 | Q37: =AVERAGE(K37:P37)/2 -> 6.5 | R37: =STDEV(K37:P37)/2/SQRT(COUNT(K37:P37)) -> 1.5 | S37: =IF(F37=3,Q37/2,Q37) -> 6.5
B38: 405 | C38: FDL | D38: 6 | E38: =IF(LEFT($C38,1)="F",1,2) -> 1 | F38: =IF(MID($C38,2,1)="S",1,IF(MID($C38,2,1)="T",2,IF(MID($C38,2,1)="D",3,0))) -> 3 | G38: =IF(RIGHT($C38,1)="L",1,2) -> 1 | H38: 4 | I38: =B38-INT(B38/100)*100 -> 5 | J38: =(E38&F38&G38&"."&H38) -> 131.4 | M38: 20 | N38: 11 | Q38: =AVERAGE(K38:P38)/2 -> 7.75 | R38: =STDEV(K38:P38)/2/SQRT(COUNT(K38:P38)) -> 2.25 | S38: =IF(F38=3,Q38/2,Q38) -> 3.875
B39: 406 | C39: FTH | D39: 3 | E39: =IF(LEFT($C39,1)="F",1,2) -> 1 | F39: =IF(MID($C39,2,1)="S",1,IF(MID($C39,2,1)="T",2,IF(MID($C39,2,1)="D",3,0))) -> 2 | G39: =IF(RIGHT($C39,1)="L",1,2) -> 2 | H39: 4 | I39: =B39-INT(B39/100)*100 -> 6 | J39: =(E39&F39&G39&"."&H39) -> 122.4 | M39: 6 | N39: 13 | Q39: =AVERAGE(K39:P39)/2 -> 4.75 | R39: =STDEV(K39:P39)/2/SQRT(COUNT(K39:P39)) -> 1.75 | S39: =IF(F39=3,Q39/2,Q39) -> 4.75
B40: 407 | C40: NSH | D40: 7 | E40: =IF(LEFT($C40,1)="F",1,2) -> 2 | F40: =IF(MID($C40,2,1)="S",1,IF(MID($C40,2,1)="T",2,IF(MID($C40,2,1)="D",3,0))) -> 1 | G40: =IF(RIGHT($C40,1)="L",1,2) -> 2 | H40: 4 | I40: =B40-INT(B40/100)*100 -> 7 | J40: =(E40&F40&G40&"."&H40) -> 212.4 | M40: 10 | N40: 4 | Q40: =AVERAGE(K40:P40)/2 -> 3.5 | R40: =STDEV(K40:P40)/2/SQRT(COUNT(K40:P40)) -> 1.5 | S40: =IF(F40=3,Q40/2,Q40) -> 3.5 | V40: Average of Mean per meter
B41: 408 | C41: NTL | D41: 10 | E41: =IF(LEFT($C41,1)="F",1,2) -> 2 | F41: =IF(MID($C41,2,1)="S",1,IF(MID($C41,2,1)="T",2,IF(MID($C41,2,1)="D",3,0))) -> 2 | G41: =IF(RIGHT($C41,1)="L",1,2) -> 1 | H41: 4 | I41: =B41-INT(B41/100)*100 -> 8 | J41: =(E41&F41&G41&"."&H41) -> 221.4 | M41: 9 | N41: 11 | Q41: =AVERAGE(K41:P41)/2 -> 5 | R41: =STDEV(K41:P41)/2/SQRT(COUNT(K41:P41)) -> 0.5 | S41: =IF(F41=3,Q41/2,Q41) -> 5 | T41: 0929h | V41: Acron | W41: Total
B42: 901 | C42: WS | D42: 32 | E42: 9 | F42: 0 | G42: 1 | H42: 1 | I42: =B42-INT(B42/100)*100 -> 1 | J42: =(E42&F42&G42&"."&H42) -> 901.1 | M42: 0 | N42: 0 | Q42: =AVERAGE(K42:P42)/2 -> 0 | R42: =STDEV(K42:P42)/2/SQRT(COUNT(K42:P42)) -> 0 | S42: =IF(F42=3,Q42/2,Q42) -> 0 | V42: FDH | W42: 5.375
B43: 902 | C43: 15Jul | D43: 22 | E43: 4 | F43: 2 | G43: 2 | H43: 1 | I43: =B43-INT(B43/100)*100 -> 2 | J43: =(E43&F43&G43&"."&H43) -> 422.1 | M43: 0 | N43: 0 | Q43: =AVERAGE(K43:P43)/2 -> 0 | R43: =STDEV(K43:P43)/2/SQRT(COUNT(K43:P43)) -> 0 | S43: =IF(F43=3,Q43/2,Q43) -> 0 | T43: 0934h dug up 8 seeds (3hypo, 3dry, 2imbibed) | V43: FDL | W43: 7.375
B44: 903 | C44: DS | D44: 31 | E44: 8 | F44: 0 | G44: 1 | H44: 1 | I44: =B44-INT(B44/100)*100 -> 3 | J44: =(E44&F44&G44&"."&H44) -> 801.1 | M44: 0 | N44: 0 | Q44: =AVERAGE(K44:P44)/2 -> 0 | R44: =STDEV(K44:P44)/2/SQRT(COUNT(K44:P44)) -> 0 | S44: =IF(F44=3,Q44/2,Q44) -> 0 | V44: FSH | W44: 4.5
B45: 904 | C45: 1Jun | D45: 21 | E45: 3 | F45: 2 | G45: 2 | H45: 1 | I45: =B45-INT(B45/100)*100 -> 4 | J45: =(E45&F45&G45&"."&H45) -> 322.1 | M45: 0 | N45: 0 | Q45: =AVERAGE(K45:P45)/2 -> 0 | R45: =STDEV(K45:P45)/2/SQRT(COUNT(K45:P45)) -> 0 | S45: =IF(F45=3,Q45/2,Q45) -> 0 | V45: FSL | W45: 3
B46: 905 | C46: WS | D46: 32 | E46: 9 | F46: 0 | G46: 1 | H46: 2 | I46: =B46-INT(B46/100)*100 -> 5 | J46: =(E46&F46&G46&"."&H46) -> 901.2 | M46: 0 | N46: 0 | Q46: =AVERAGE(K46:P46)/2 -> 0 | R46: =STDEV(K46:P46)/2/SQRT(COUNT(K46:P46)) -> 0 | S46: =IF(F46=3,Q46/2,Q46) -> 0 | V46: FTH | W46: 5.1875
B47: 906 | C47: 15Jul | D47: 22 | E47: 4 | F47: 2 | G47: 2 | H47: 2 | I47: =B47-INT(B47/100)*100 -> 6 | J47: =(E47&F47&G47&"."&H47) -> 422.2 | M47: 0 | N47: 0 | Q47: =AVERAGE(K47:P47)/2 -> 0 | R47: =STDEV(K47:P47)/2/SQRT(COUNT(K47:P47)) -> 0 | S47: =IF(F47=3,Q47/2,Q47) -> 0 | V47: FTL | W47: 3.5208333
B48: 907 | C48: DS | D48: 31 | E48: 8 | F48: 0 | G48: 1 | H48: 2 | I48: =B48-INT(B48/100)*100 -> 7 | J48: =(E48&F48&G48&"."&H48) -> 801.2 | M48: 0 | N48: 0 | Q48: =AVERAGE(K48:P48)/2 -> 0 | R48: =STDEV(K48:P48)/2/SQRT(COUNT(K48:P48)) -> 0 | S48: =IF(F48=3,Q48/2,Q48) -> 0 | V48: NDH | W48: 9.75
B49: 908 | C49: 1Jun | D49: 21 | E49: 3 | F49: 2 | G49: 2 | H49: 2 | I49: =B49-INT(B49/100)*100 -> 8 | J49: =(E49&F49&G49&"."&H49) -> 322.2 | M49: 0 | N49: 0 | Q49: =AVERAGE(K49:P49)/2 -> 0 | R49: =STDEV(K49:P49)/2/SQRT(COUNT(K49:P49)) -> 0 | S49: =IF(F49=3,Q49/2,Q49) -> 0 | T49: 0931h | V49: NDL | W49: 6.25
V50: NSH | W50: 2.625
V51: NSL | W51: 3
V52: NTH | W52: 3
V53: NTL | W53: 4.4375

Sheet EmgDOY119
A1: Plant Emergence Counts
B3: DOY: | C3: 119 | E3: Start: | F3: 0620h | H3: Operator
E4: End: | F4: 0841h | N4: =AVERAGE(Q10:Q11,Q13,Q15:Q17,Q19:Q20,Q22:Q29,Q31:Q32,Q34:Q35,Q37,Q39:Q41) -> 4.875 | O4: =AVERAGE(Q12,Q14,Q18,Q21,Q30,Q36,Q38,Q33) -> 9.28125
B6: Comments: | D6: Soil surface is dry. Measurements made ahead of irrigation. Seem to be a few more plants with bent epicotyl visible.
B9: Plot | C9: Acron | D9: Trt. | E9: Irrig. | F9: Pop. | G9: N | H9: Block | I9: Col. | J9: Exotech Code | K9: Row3 | L9: Row4 | M9: Row5 | N9: Row6 | O9: Row7 | P9: Row8 | Q9: Mean per meter | R9: std err | S9: Nrml. mean per meter | T9: Comments
B10: 101 | C10: FSH | D10: 1 | E10: =IF(LEFT($C10,1)="F",1,2) -> 1 | F10: =IF(MID($C10,2,1)="S",1,IF(MID($C10,2,1)="T",2,IF(MID($C10,2,1)="D",3,0))) -> 1 | G10: =IF(RIGHT($C10,1)="L",1,2) -> 2 | H10: 1 | I10: =B10-INT(B10/100)*100 -> 1 | J10: =(E10&F10&G10&"."&H10) -> 112.1 | M10: 11 | N10: 10 | Q10: =AVERAGE(K10:P10)/2 -> 5.25 | R10: =STDEV(K10:P10)/2/SQRT(COUNT(K10:P10)) -> 0.25 | S10: =IF(F10=3,Q10/2,Q10) -> 5.25 | T10: 0851h | V10: Average of Nrml. mean per meter
B11: 102 | C11: FTL | D11: 4 | E11: =IF(LEFT($C11,1)="F",1,2) -> 1 | F11: =IF(MID($C11,2,1)="S",1,IF(MID($C11,2,1)="T",2,IF(MID($C11,2,1)="D",3,0))) -> 2 | G11: =IF(RIGHT($C11,1)="L",1,2) -> 1 | H11: 1 | I11: =B11-INT(B11/100)*100 -> 2 | J11: =(E11&F11&G11&"."&H11) -> 121.1 | M11: 2 | N11: 9 | Q11: =AVERAGE(K11:P11)/2 -> 2.75 | R11: =STDEV(K11:P11)/2/SQRT(COUNT(K11:P11)) -> 1.75 | S11: =IF(F11=3,Q11/2,Q11) -> 2.75 | V11: Col. | W11: Total
B12: 103 | C12: FDH | D12: 5 | E12: =IF(LEFT($C12,1)="F",1,2) -> 1 | F12: =IF(MID($C12,2,1)="S",1,IF(MID($C12,2,1)="T",2,IF(MID($C12,2,1)="D",3,0))) -> 3 | G12: =IF(RIGHT($C12,1)="L",1,2) -> 2 | H12: 1 | I12: =B12-INT(B12/100)*100 -> 3 | J12: =(E12&F12&G12&"."&H12) -> 132.1 | M12: 10 | N12: 18 | Q12: =AVERAGE(K12:P12)/2 -> 7 | R12: =STDEV(K12:P12)/2/SQRT(COUNT(K12:P12)) -> 2 | S12: =IF(F12=3,Q12/2,Q12) -> 3.5 | V12: 1 | W12: 4.71875
B13: 104 | C13: NTL | D13: 10 | E13: =IF(LEFT($C13,1)="F",1,2) -> 2 | F13: =IF(MID($C13,2,1)="S",1,IF(MID($C13,2,1)="T",2,IF(MID($C13,2,1)="D",3,0))) -> 2 | G13: =IF(RIGHT($C13,1)="L",1,2) -> 1 | H13: 1 | I13: =B13-INT(B13/100)*100 -> 4 | J13: =(E13&F13&G13&"."&H13) -> 221.1 | M13: 11 | N13: 11 | Q13: =AVERAGE(K13:P13)/2 -> 5.5 | R13: =STDEV(K13:P13)/2/SQRT(COUNT(K13:P13)) -> 0 | S13: =IF(F13=3,Q13/2,Q13) -> 5.5 | V13: 2 | W13: 3.625
B14: 105 | C14: NDL | D14: 12 | E14: =IF(LEFT($C14,1)="F",1,2) -> 2 | F14: =IF(MID($C14,2,1)="S",1,IF(MID($C14,2,1)="T",2,IF(MID($C14,2,1)="D",3,0))) -> 3 | G14: =IF(RIGHT($C14,1)="L",1,2) -> 1 | H14: 2 | I14: =B14-INT(B14/100)*100 -> 5 | J14: =(E14&F14&G14&"."&H14) -> 231.2 | M14: 20 | N14: 13 | Q14: =AVERAGE(K14:P14)/2 -> 8.25 | R14: =STDEV(K14:P14)/2/SQRT(COUNT(K14:P14)) -> 1.75 | S14: =IF(F14=3,Q14/2,Q14) -> 4.125 | V14: 3 | W14: 4.46875
B15: 106 | C15: NTH | D15: 9 | E15: =IF(LEFT($C15,1)="F",1,2) -> 2 | F15: =IF(MID($C15,2,1)="S",1,IF(MID($C15,2,1)="T",2,IF(MID($C15,2,1)="D",3,0))) -> 2 | G15: =IF(RIGHT($C15,1)="L",1,2) -> 2 | H15: 2 | I15: =B15-INT(B15/100)*100 -> 6 | J15: =(E15&F15&G15&"."&H15) -> 222.2 | M15: 8 | N15: 8 | Q15: =AVERAGE(K15:P15)/2 -> 4 | R15: =STDEV(K15:P15)/2/SQRT(COUNT(K15:P15)) -> 0 | S15: =IF(F15=3,Q15/2,Q15) -> 4 | V15: 4 | W15: 5.90625
B16: 107 | C16: NTL | D16: 10 | E16: =IF(LEFT($C16,1)="F",1,2) -> 2 | F16: =IF(MID($C16,2,1)="S",1,IF(MID($C16,2,1)="T",2,IF(MID($C16,2,1)="D",3,0))) -> 2 | G16: =IF(RIGHT($C16,1)="L",1,2) -> 1 | H16: 2 | I16: =B16-INT(B16/100)*100 -> 7 | J16: =(E16&F16&G16&"."&H16) -> 221.2 | M16: 13 | N16: 8 | Q16: =AVERAGE(K16:P16)/2 -> 5.25 | R16: =STDEV(K16:P16)/2/SQRT(COUNT(K16:P16)) -> 1.25 | S16: =IF(F16=3,Q16/2,Q16) -> 5.25 | V16: 5 | W16: 5.40625
B17: 108 | C17: FTH | D17: 3 | E17: =IF(LEFT($C17,1)="F",1,2) -> 1 | F17: =IF(MID($C17,2,1)="S",1,IF(MID($C17,2,1)="T",2,IF(MID($C17,2,1)="D",3,0))) -> 2 | G17: =IF(RIGHT($C17,1)="L",1,2) -> 2 | H17: 2 | I17: =B17-INT(B17/100)*100 -> 8 | J17: =(E17&F17&G17&"."&H17) -> 122.2 | M17: 2 | N17: 16 | Q17: =AVERAGE(K17:P17)/2 -> 4.5 | R17: =STDEV(K17:P17)/2/SQRT(COUNT(K17:P17)) -> 3.5 | S17: =IF(F17=3,Q17/2,Q17) -> 4.5 | T17: 0840h | V17: 6 | W17: 6.0625
B18: 201 | C18: NDL | D18: 12 | E18: =IF(LEFT($C18,1)="F",1,2) -> 2 | F18: =IF(MID($C18,2,1)="S",1,IF(MID($C18,2,1)="T",2,IF(MID($C18,2,1)="D",3,0))) -> 3 | G18: =IF(RIGHT($C18,1)="L",1,2) -> 1 | H18: 1 | I18: =B18-INT(B18/100)*100 -> 1 | J18: =(E18&F18&G18&"."&H18) -> 231.1 | M18: 18 | N18: 13 | Q18: =AVERAGE(K18:P18)/2 -> 7.75 | R18: =STDEV(K18:P18)/2/SQRT(COUNT(K18:P18)) -> 1.25 | S18: =IF(F18=3,Q18/2,Q18) -> 3.875 | T18: 0852h | V18: 7 | W18: 3.5
B19: 202 | C19: NTH | D19: 9 | E19: =IF(LEFT($C19,1)="F",1,2) -> 2 | F19: =IF(MID($C19,2,1)="S",1,IF(MID($C19,2,1)="T",2,IF(MID($C19,2,1)="D",3,0))) -> 2 | G19: =IF(RIGHT($C19,1)="L",1,2) -> 2 | H19: 1 | I19: =B19-INT(B19/100)*100 -> 2 | J19: =(E19&F19&G19&"."&H19) -> 222.1 | M19: 5 | N19: 8 | Q19: =AVERAGE(K19:P19)/2 -> 3.25 | R19: =STDEV(K19:P19)/2/SQRT(COUNT(K19:P19)) -> 0.75 | S19: =IF(F19=3,Q19/2,Q19) -> 3.25 | V19: 8 | W19: 4.84375
B20: 203 | C20: FTH | D20: 3 | E20: =IF(LEFT($C20,1)="F",1,2) -> 1 | F20: =IF(MID($C20,2,1)="S",1,IF(MID($C20,2,1)="T",2,IF(MID($C20,2,1)="D",3,0))) -> 2 | G20: =IF(RIGHT($C20,1)="L",1,2) -> 2 | H20: 1 | I20: =B20-INT(B20/100)*100 -> 3 | J20: =(E20&F20&G20&"."&H20) -> 122.1 | M20: 17 | N20: 13 | Q20: =AVERAGE(K20:P20)/2 -> 7.5 | R20: =STDEV(K20:P20)/2/SQRT(COUNT(K20:P20)) -> 1 | S20: =IF(F20=3,Q20/2,Q20) -> 7.5 | V20: Grand Total | W20: 4.8164062
B21: 204 | C21: NDH | D21: 11 | E21: =IF(LEFT($C21,1)="F",1,2) -> 2 | F21: =IF(MID($C21,2,1)="S",1,IF(MID($C21,2,1)="T",2,IF(MID($C21,2,1)="D",3,0))) -> 3 | G21: =IF(RIGHT($C21,1)="L",1,2) -> 2 | H21: 1 | I21: =B21-INT(B21/100)*100 -> 4 | J21: =(E21&F21&G21&"."&H21) -> 232.1 | M21: 29 | N21: 18 | Q21: =AVERAGE(K21:P21)/2 -> 11.75 | R21: =STDEV(K21:P21)/2/SQRT(COUNT(K21:P21)) -> 2.75 | S21: =IF(F21=3,Q21/2,Q21) -> 5.875
B22: 205 | C22: FSH | D22: 1 | E22: =IF(LEFT($C22,1)="F",1,2) -> 1 | F22: =IF(MID($C22,2,1)="S",1,IF(MID($C22,2,1)="T",2,IF(MID($C22,2,1)="D",3,0))) -> 1 | G22: =IF(RIGHT($C22,1)="L",1,2) -> 2 | H22: 2 | I22: =B22-INT(B22/100)*100 -> 5 | J22: =(E22&F22&G22&"."&H22) -> 112.2 | M22: 11 | N22: 13 | Q22: =AVERAGE(K22:P22)/2 -> 6 | R22: =STDEV(K22:P22)/2/SQRT(COUNT(K22:P22)) -> 0.5 | S22: =IF(F22=3,Q22/2,Q22) -> 6
B23: 206 | C23: NSL | D23: 8 | E23: =IF(LEFT($C23,1)="F",1,2) -> 2 | F23: =IF(MID($C23,2,1)="S",1,IF(MID($C23,2,1)="T",2,IF(MID($C23,2,1)="D",3,0))) -> 1 | G23: =IF(RIGHT($C23,1)="L",1,2) -> 1 | H23: 2 | I23: =B23-INT(B23/100)*100 -> 6 | J23: =(E23&F23&G23&"."&H23) -> 211.2 | M23: 7 | N23: 15 | Q23: =AVERAGE(K23:P23)/2 -> 5.5 | R23: =STDEV(K23:P23)/2/SQRT(COUNT(K23:P23)) -> 2 | S23: =IF(F23=3,Q23/2,Q23) -> 5.5
B24: 207 | C24: FTL | D24: 4 | E24: =IF(LEFT($C24,1)="F",1,2) -> 1 | F24: =IF(MID($C24,2,1)="S",1,IF(MID($C24,2,1)="T",2,IF(MID($C24,2,1)="D",3,0))) -> 2 | G24: =IF(RIGHT($C24,1)="L",1,2) -> 1 | H24: 2 | I24: =B24-INT(B24/100)*100 -> 7 | J24: =(E24&F24&G24&"."&H24) -> 121.2 | M24: 3 | N24: 2 | Q24: =AVERAGE(K24:P24)/2 -> 1.25 | R24: =STDEV(K24:P24)/2/SQRT(COUNT(K24:P24)) -> 0.25 | S24: =IF(F24=3,Q24/2,Q24) -> 1.25 | V24: =AVERAGE(W15:W17,W19) -> 5.5546875
B25: 208 | C25: FSL | D25: 2 | E25: =IF(LEFT($C25,1)="F",1,2) -> 1 | F25: =IF(MID($C25,2,1)="S",1,IF(MID($C25,2,1)="T",2,IF(MID($C25,2,1)="D",3,0))) -> 1 | G25: =IF(RIGHT($C25,1)="L",1,2) -> 1 | H25: 2 | I25: =B25-INT(B25/100)*100 -> 8 | J25: =(E25&F25&G25&"."&H25) -> 111.2 | M25: 8 | N25: 11 | Q25: =AVERAGE(K25:P25)/2 -> 4.75 | R25: =STDEV(K25:P25)/2/SQRT(COUNT(K25:P25)) -> 0.75 | S25: =IF(F25=3,Q25/2,Q25) -> 4.75 | T25: 0905h
B26: 301 | C26: NTL | D26: 10 | E26: =IF(LEFT($C26,1)="F",1,2) -> 2 | F26: =IF(MID($C26,2,1)="S",1,IF(MID($C26,2,1)="T",2,IF(MID($C26,2,1)="D",3,0))) -> 2 | G26: =IF(RIGHT($C26,1)="L",1,2) -> 1 | H26: 3 | I26: =B26-INT(B26/100)*100 -> 1 | J26: =(E26&F26&G26&"."&H26) -> 221.3 | M26: 16 | N26: 12 | Q26: =AVERAGE(K26:P26)/2 -> 7 | R26: =STDEV(K26:P26)/2/SQRT(COUNT(K26:P26)) -> 1 | S26: =IF(F26=3,Q26/2,Q26) -> 7 | T26: 0916h | V26: =AVERAGE(W12:W14,W18) -> 4.078125
B27: 302 | C27: FTL | D27: 4 | E27: =IF(LEFT($C27,1)="F",1,2) -> 1 | F27: =IF(MID($C27,2,1)="S",1,IF(MID($C27,2,1)="T",2,IF(MID($C27,2,1)="D",3,0))) -> 2 | G27: =IF(RIGHT($C27,1)="L",1,2) -> 1 | H27: 3 | I27: =B27-INT(B27/100)*100 -> 2 | J27: =(E27&F27&G27&"."&H27) -> 121.3 | M27: 4 | N27: 13 | Q27: =AVERAGE(K27:P27)/2 -> 4.25 | R27: =STDEV(K27:P27)/2/SQRT(COUNT(K27:P27)) -> 2.25 | S27: =IF(F27=3,Q27/2,Q27) -> 4.25
B28: 303 | C28: NSL | D28: 8 | E28: =IF(LEFT($C28,1)="F",1,2) -> 2 | F28: =IF(MID($C28,2,1)="S",1,IF(MID($C28,2,1)="T",2,IF(MID($C28,2,1)="D",3,0))) -> 1 | G28: =IF(RIGHT($C28,1)="L",1,2) -> 1 | H28: 3 | I28: =B28-INT(B28/100)*100 -> 3 | J28: =(E28&F28&G28&"."&H28) -> 211.3 | M28: 8 | N28: 1 | Q28: =AVERAGE(K28:P28)/2 -> 2.25 | R28: =STDEV(K28:P28)/2/SQRT(COUNT(K28:P28)) -> 1.75 | S28: =IF(F28=3,Q28/2,Q28) -> 2.25
B29: 304 | C29: FSL | D29: 2 | E29: =IF(LEFT($C29,1)="F",1,2) -> 1 | F29: =IF(MID($C29,2,1)="S",1,IF(MID($C29,2,1)="T",2,IF(MID($C29,2,1)="D",3,0))) -> 1 | G29: =IF(RIGHT($C29,1)="L",1,2) -> 1 | H29: 3 | I29: =B29-INT(B29/100)*100 -> 4 | J29: =(E29&F29&G29&"."&H29) -> 111.3 | M29: 7 | N29: 10 | Q29: =AVERAGE(K29:P29)/2 -> 4.25 | R29: =STDEV(K29:P29)/2/SQRT(COUNT(K29:P29)) -> 0.75 | S29: =IF(F29=3,Q29/2,Q29) -> 4.25
B30: 305 | C30: NDH | D30: 11 | E30: =IF(LEFT($C30,1)="F",1,2) -> 2 | F30: =IF(MID($C30,2,1)="S",1,IF(MID($C30,2,1)="T",2,IF(MID($C30,2,1)="D",3,0))) -> 3 | G30: =IF(RIGHT($C30,1)="L",1,2) -> 2 | H30: 4 | I30: =B30-INT(B30/100)*100 -> 5 | J30: =(E30&F30&G30&"."&H30) -> 232.4 | M30: 32 | N30: 19 | Q30: =AVERAGE(K30:P30)/2 -> 12.75 | R30: =STDEV(K30:P30)/2/SQRT(COUNT(K30:P30)) -> 3.25 | S30: =IF(F30=3,Q30/2,Q30) -> 6.375
B31: 306 | C31: FTL | D31: 4 | E31: =IF(LEFT($C31,1)="F",1,2) -> 1 | F31: =IF(MID($C31,2,1)="S",1,IF(MID($C31,2,1)="T",2,IF(MID($C31,2,1)="D",3,0))) -> 2 | G31: =IF(RIGHT($C31,1)="L",1,2) -> 1 | H31: 4 | I31: =B31-INT(B31/100)*100 -> 6 | J31: =(E31&F31&G31&"."&H31) -> 121.4 | M31: 14 | N31: 21 | Q31: =AVERAGE(K31:P31)/2 -> 8.75 | R31: =STDEV(K31:P31)/2/SQRT(COUNT(K31:P31)) -> 1.75 | S31: =IF(F31=3,Q31/2,Q31) -> 8.75
B32: 307 | C32: NTH | D32: 9 | E32: =IF(LEFT($C32,1)="F",1,2) -> 2 | F32: =IF(MID($C32,2,1)="S",1,IF(MID($C32,2,1)="T",2,IF(MID($C32,2,1)="D",3,0))) -> 2 | G32: =IF(RIGHT($C32,1)="L",1,2) -> 2 | H32: 4 | I32: =B32-INT(B32/100)*100 -> 7 | J32: =(E32&F32&G32&"."&H32) -> 222.4 | M32: 10 | N32: 4 | Q32: =AVERAGE(K32:P32)/2 -> 3.5 | R32: =STDEV(K32:P32)/2/SQRT(COUNT(K32:P32)) -> 1.5 | S32: =IF(F32=3,Q32/2,Q32) -> 3.5
B33: 308 | C33: FDH | D33: 5 | E33: =IF(LEFT($C33,1)="F",1,2) -> 1 | F33: =IF(MID($C33,2,1)="S",1,IF(MID($C33,2,1)="T",2,IF(MID($C33,2,1)="D",3,0))) -> 3 | G33: =IF(RIGHT($C33,1)="L",1,2) -> 2 | H33: 4 | I33: =B33-INT(B33/100)*100 -> 8 | J33: =(E33&F33&G33&"."&H33) -> 132.4 | M33: 14 | N33: 15 | Q33: =AVERAGE(K33:P33)/2 -> 7.25 | R33: =STDEV(K33:P33)/2/SQRT(COUNT(K33:P33)) -> 0.25 | S33: =IF(F33=3,Q33/2,Q33) -> 3.625 | T33: 0907h
B34: 401 | C34: NSH | D34: 7 | E34: =IF(LEFT($C34,1)="F",1,2) -> 2 | F34: =IF(MID($C34,2,1)="S",1,IF(MID($C34,2,1)="T",2,IF(MID($C34,2,1)="D",3,0))) -> 1 | G34: =IF(RIGHT($C34,1)="L",1,2) -> 2 | H34: 3 | I34: =B34-INT(B34/100)*100 -> 1 | J34: =(E34&F34&G34&"."&H34) -> 212.3 | M34: 2 | N34: 9 | Q34: =AVERAGE(K34:P34)/2 -> 2.75 | R34: =STDEV(K34:P34)/2/SQRT(COUNT(K34:P34)) -> 1.75 | S34: =IF(F34=3,Q34/2,Q34) -> 2.75 | T34: 0918h
B35: 402 | C35: NTH | D35: 9 | E35: =IF(LEFT($C35,1)="F",1,2) -> 2 | F35: =IF(MID($C35,2,1)="S",1,IF(MID($C35,2,1)="T",2,IF(MID($C35,2,1)="D",3,0))) -> 2 | G35: =IF(RIGHT($C35,1)="L",1,2) -> 2 | H35: 3 | I35: =B35-INT(B35/100)*100 -> 2 | J35: =(E35&F35&G35&"."&H35) -> 222.3 | M35: 3 | N35: 14 | Q35: =AVERAGE(K35:P35)/2 -> 4.25 | R35: =STDEV(K35:P35)/2/SQRT(COUNT(K35:P35)) -> 2.75 | S35: =IF(F35=3,Q35/2,Q35) -> 4.25
B36: 403 | C36: FDL | D36: 6 | E36: =IF(LEFT($C36,1)="F",1,2) -> 1 | F36: =IF(MID($C36,2,1)="S",1,IF(MID($C36,2,1)="T",2,IF(MID($C36,2,1)="D",3,0))) -> 3 | G36: =IF(RIGHT($C36,1)="L",1,2) -> 1 | H36: 3 | I36: =B36-INT(B36/100)*100 -> 3 | J36: =(E36&F36&G36&"."&H36) -> 131.3 | M36: 20 | N36: 17 | Q36: =AVERAGE(K36:P36)/2 -> 9.25 | R36: =STDEV(K36:P36)/2/SQRT(COUNT(K36:P36)) -> 0.75 | S36: =IF(F36=3,Q36/2,Q36) -> 4.625
B37: 404 | C37: FTH | D37: 3 | E37: =IF(LEFT($C37,1)="F",1,2) -> 1 | F37: =IF(MID($C37,2,1)="S",1,IF(MID($C37,2,1)="T",2,IF(MID($C37,2,1)="D",3,0))) -> 2 | G37: =IF(RIGHT($C37,1)="L",1,2) -> 2 | H37: 3 | I37: =B37-INT(B37/100)*100 -> 4 | J37: =(E37&F37&G37&"."&H37) -> 122.3 | M37: 15 | N37: 17 | Q37: =AVERAGE(K37:P37)/2 -> 8 | R37: =STDEV(K37:P37)/2/SQRT(COUNT(K37:P37)) -> 0.5 | S37: =IF(F37=3,Q37/2,Q37) -> 8
B38: 405 | C38: FDL | D38: 6 | E38: =IF(LEFT($C38,1)="F",1,2) -> 1 | F38: =IF(MID($C38,2,1)="S",1,IF(MID($C38,2,1)="T",2,IF(MID($C38,2,1)="D",3,0))) -> 3 | G38: =IF(RIGHT($C38,1)="L",1,2) -> 1 | H38: 4 | I38: =B38-INT(B38/100)*100 -> 5 | J38: =(E38&F38&G38&"."&H38) -> 131.4 | M38: 27 | N38: 14 | Q38: =AVERAGE(K38:P38)/2 -> 10.25 | R38: =STDEV(K38:P38)/2/SQRT(COUNT(K38:P38)) -> 3.25 | S38: =IF(F38=3,Q38/2,Q38) -> 5.125
B39: 406 | C39: FTH | D39: 3 | E39: =IF(LEFT($C39,1)="F",1,2) -> 1 | F39: =IF(MID($C39,2,1)="S",1,IF(MID($C39,2,1)="T",2,IF(MID($C39,2,1)="D",3,0))) -> 2 | G39: =IF(RIGHT($C39,1)="L",1,2) -> 2 | H39: 4 | I39: =B39-INT(B39/100)*100 -> 6 | J39: =(E39&F39&G39&"."&H39) -> 122.4 | M39: 9 | N39: 15 | Q39: =AVERAGE(K39:P39)/2 -> 6 | R39: =STDEV(K39:P39)/2/SQRT(COUNT(K39:P39)) -> 1.5 | S39: =IF(F39=3,Q39/2,Q39) -> 6
B40: 407 | C40: NSH | D40: 7 | E40: =IF(LEFT($C40,1)="F",1,2) -> 2 | F40: =IF(MID($C40,2,1)="S",1,IF(MID($C40,2,1)="T",2,IF(MID($C40,2,1)="D",3,0))) -> 1 | G40: =IF(RIGHT($C40,1)="L",1,2) -> 2 | H40: 4 | I40: =B40-INT(B40/100)*100 -> 7 | J40: =(E40&F40&G40&"."&H40) -> 212.4 | M40: 11 | N40: 5 | Q40: =AVERAGE(K40:P40)/2 -> 4 | R40: =STDEV(K40:P40)/2/SQRT(COUNT(K40:P40)) -> 1.5 | S40: =IF(F40=3,Q40/2,Q40) -> 4 | V40: Average of Mean per meter
B41: 408 | C41: NTL | D41: 10 | E41: =IF(LEFT($C41,1)="F",1,2) -> 2 | F41: =IF(MID($C41,2,1)="S",1,IF(MID($C41,2,1)="T",2,IF(MID($C41,2,1)="D",3,0))) -> 2 | G41: =IF(RIGHT($C41,1)="L",1,2) -> 1 | H41: 4 | I41: =B41-INT(B41/100)*100 -> 8 | J41: =(E41&F41&G41&"."&H41) -> 221.4 | M41: 13 | N41: 13 | Q41: =AVERAGE(K41:P41)/2 -> 6.5 | R41: =STDEV(K41:P41)/2/SQRT(COUNT(K41:P41)) -> 0 | S41: =IF(F41=3,Q41/2,Q41) -> 6.5 | T41: 0929h | V41: Acron | W41: Total
B42: 901 | C42: WS | D42: 32 | E42: 9 | F42: 0 | G42: 1 | H42: 1 | I42: =B42-INT(B42/100)*100 -> 1 | J42: =(E42&F42&G42&"."&H42) -> 901.1 | M42: 0 | N42: 0 | Q42: =AVERAGE(K42:P42)/2 -> 0 | R42: =STDEV(K42:P42)/2/SQRT(COUNT(K42:P42)) -> 0 | S42: =IF(F42=3,Q42/2,Q42) -> 0 | V42: FDH | W42: 7.125
B43: 902 | C43: 15Jul | D43: 22 | E43: 4 | F43: 2 | G43: 2 | H43: 1 | I43: =B43-INT(B43/100)*100 -> 2 | J43: =(E43&F43&G43&"."&H43) -> 422.1 | M43: 1 | N43: 4 | Q43: =AVERAGE(K43:P43)/2 -> 1.25 | R43: =STDEV(K43:P43)/2/SQRT(COUNT(K43:P43)) -> 0.75 | S43: =IF(F43=3,Q43/2,Q43) -> 1.25 | T43: 0934h dug up 8 seeds (3hypo, 3dry, 2imbibed) | V43: FDL | W43: 9.75
B44: 903 | C44: DS | D44: 31 | E44: 8 | F44: 0 | G44: 1 | H44: 1 | I44: =B44-INT(B44/100)*100 -> 3 | J44: =(E44&F44&G44&"."&H44) -> 801.1 | M44: 0 | N44: 0 | Q44: =AVERAGE(K44:P44)/2 -> 0 | R44: =STDEV(K44:P44)/2/SQRT(COUNT(K44:P44)) -> 0 | S44: =IF(F44=3,Q44/2,Q44) -> 0 | V44: FSH | W44: 5.625
B45: 904 | C45: 1Jun | D45: 21 | E45: 3 | F45: 2 | G45: 2 | H45: 1 | I45: =B45-INT(B45/100)*100 -> 4 | J45: =(E45&F45&G45&"."&H45) -> 322.1 | M45: 5 | N45: 3 | Q45: =AVERAGE(K45:P45)/2 -> 2 | R45: =STDEV(K45:P45)/2/SQRT(COUNT(K45:P45)) -> 0.5 | S45: =IF(F45=3,Q45/2,Q45) -> 2 | V45: FSL | W45: 4.5
B46: 905 | C46: WS | D46: 32 | E46: 9 | F46: 0 | G46: 1 | H46: 2 | I46: =B46-INT(B46/100)*100 -> 5 | J46: =(E46&F46&G46&"."&H46) -> 901.2 | M46: 0 | N46: 0 | Q46: =AVERAGE(K46:P46)/2 -> 0 | R46: =STDEV(K46:P46)/2/SQRT(COUNT(K46:P46)) -> 0 | S46: =IF(F46=3,Q46/2,Q46) -> 0 | V46: FTH | W46: 6.5
B47: 906 | C47: 15Jul | D47: 22 | E47: 4 | F47: 2 | G47: 2 | H47: 2 | I47: =B47-INT(B47/100)*100 -> 6 | J47: =(E47&F47&G47&"."&H47) -> 422.2 | M47: 1 | N47: 1 | Q47: =AVERAGE(K47:P47)/2 -> 0.5 | R47: =STDEV(K47:P47)/2/SQRT(COUNT(K47:P47)) -> 0 | S47: =IF(F47=3,Q47/2,Q47) -> 0.5 | V47: FTL | W47: 4.25
B48: 907 | C48: DS | D48: 31 | E48: 8 | F48: 0 | G48: 1 | H48: 2 | I48: =B48-INT(B48/100)*100 -> 7 | J48: =(E48&F48&G48&"."&H48) -> 801.2 | M48: 0 | N48: 0 | Q48: =AVERAGE(K48:P48)/2 -> 0 | R48: =STDEV(K48:P48)/2/SQRT(COUNT(K48:P48)) -> 0 | S48: =IF(F48=3,Q48/2,Q48) -> 0 | V48: NDH | W48: 12.25
B49: 908 | C49: 1Jun | D49: 21 | E49: 3 | F49: 2 | G49: 2 | H49: 2 | I49: =B49-INT(B49/100)*100 -> 8 | J49: =(E49&F49&G49&"."&H49) -> 322.2 | M49: 5 | N49: 10 | Q49: =AVERAGE(K49:P49)/2 -> 3.75 | R49: =STDEV(K49:P49)/2/SQRT(COUNT(K49:P49)) -> 1.25 | S49: =IF(F49=3,Q49/2,Q49) -> 3.75 | T49: 0931h | V49: NDL | W49: 8
V50: NSH | W50: 3.375
V51: NSL | W51: 3.875
V52: NTH | W52: 3.75
V53: NTL | W53: 6.0625

Sheet EmgDOY120
A1: Plant Emergence Counts
B3: DOY: | C3: 120 | E3: Start: | F3: 0735h | H3: By: | I3: Stacy
E4: End: | F4: 0842h | N4: =AVERAGE(Q10:Q11,Q13,Q15:Q17,Q19:Q20,Q22:Q29,Q31:Q32,Q34:Q35,Q37,Q39:Q41) -> 5.6041667 | O4: =AVERAGE(Q12,Q14,Q18,Q21,Q30,Q36,Q38,Q33) -> 10.8125
B6: Comments: | D6: It seems that on the double density beds the east side row has better germination
B9: Plot | C9: Acron | D9: Trt. | E9: Irrig. | F9: Pop. | G9: N | H9: Block | I9: Col. | J9: Exotech Code | K9: Row3 | L9: Row4 | M9: Row5 | N9: Row6 | O9: Row7 | P9: Row8 | Q9: Mean per meter | R9: std err | S9: Nrml. mean per meter | T9: Comments
B10: 101 | C10: FSH | D10: 1 | E10: =IF(LEFT($C10,1)="F",1,2) -> 1 | F10: =IF(MID($C10,2,1)="S",1,IF(MID($C10,2,1)="T",2,IF(MID($C10,2,1)="D",3,0))) -> 1 | G10: =IF(RIGHT($C10,1)="L",1,2) -> 2 | H10: 1 | I10: =B10-INT(B10/100)*100 -> 1 | J10: =(E10&F10&G10&"."&H10) -> 112.1 | M10: 12 | N10: 9 | Q10: =AVERAGE(K10:P10)/2 -> 5.25 | R10: =STDEV(K10:P10)/2/SQRT(COUNT(K10:P10)) -> 0.75 | S10: =IF(F10=3,Q10/2,Q10) -> 5.25 | T10: ended at 8: 42 am | V10: Average of Nrml. mean per meter
B11: 102 | C11: FTL | D11: 4 | E11: =IF(LEFT($C11,1)="F",1,2) -> 1 | F11: =IF(MID($C11,2,1)="S",1,IF(MID($C11,2,1)="T",2,IF(MID($C11,2,1)="D",3,0))) -> 2 | G11: =IF(RIGHT($C11,1)="L",1,2) -> 1 | H11: 1 | I11: =B11-INT(B11/100)*100 -> 2 | J11: =(E11&F11&G11&"."&H11) -> 121.1 | L11: 19 | M11: 0 | N11: 2 | Q11: =AVERAGE(K11:P11)/2 -> 3.5 | R11: =STDEV(K11:P11)/2/SQRT(COUNT(K11:P11)) -> 3.0138569 | S11: =IF(F11=3,Q11/2,Q11) -> 3.5 | V11: Col. | W11: Total
B12: 103 | C12: FDH | D12: 5 | E12: =IF(LEFT($C12,1)="F",1,2) -> 1 | F12: =IF(MID($C12,2,1)="S",1,IF(MID($C12,2,1)="T",2,IF(MID($C12,2,1)="D",3,0))) -> 3 | G12: =IF(RIGHT($C12,1)="L",1,2) -> 2 | H12: 1 | I12: =B12-INT(B12/100)*100 -> 3 | J12: =(E12&F12&G12&"."&H12) -> 132.1 | M12: 15 | N12: 18 | Q12: =AVERAGE(K12:P12)/2 -> 8.25 | R12: =STDEV(K12:P12)/2/SQRT(COUNT(K12:P12)) -> 0.75 | S12: =IF(F12=3,Q12/2,Q12) -> 4.125 | V12: 1 | W12: 5.1875
B13: 104 | C13: NTL | D13: 10 | E13: =IF(LEFT($C13,1)="F",1,2) -> 2 | F13: =IF(MID($C13,2,1)="S",1,IF(MID($C13,2,1)="T",2,IF(MID($C13,2,1)="D",3,0))) -> 2 | G13: =IF(RIGHT($C13,1)="L",1,2) -> 1 | H13: 1 | I13: =B13-INT(B13/100)*100 -> 4 | J13: =(E13&F13&G13&"."&H13) -> 221.1 | M13: 14 | N13: 13 | Q13: =AVERAGE(K13:P13)/2 -> 6.75 | R13: =STDEV(K13:P13)/2/SQRT(COUNT(K13:P13)) -> 0.25 | S13: =IF(F13=3,Q13/2,Q13) -> 6.75 | V13: 2 | W13: 4.125
B14: 105 | C14: NDL | D14: 12 | E14: =IF(LEFT($C14,1)="F",1,2) -> 2 | F14: =IF(MID($C14,2,1)="S",1,IF(MID($C14,2,1)="T",2,IF(MID($C14,2,1)="D",3,0))) -> 3 | G14: =IF(RIGHT($C14,1)="L",1,2) -> 1 | H14: 2 | I14: =B14-INT(B14/100)*100 -> 5 | J14: =(E14&F14&G14&"."&H14) -> 231.2 | M14: 23 | N14: 16 | Q14: =AVERAGE(K14:P14)/2 -> 9.75 | R14: =STDEV(K14:P14)/2/SQRT(COUNT(K14:P14)) -> 1.75 | S14: =IF(F14=3,Q14/2,Q14) -> 4.875 | V14: 3 | W14: 5.15625
B15: 106 | C15: NTH | D15: 9 | E15: =IF(LEFT($C15,1)="F",1,2) -> 2 | F15: =IF(MID($C15,2,1)="S",1,IF(MID($C15,2,1)="T",2,IF(MID($C15,2,1)="D",3,0))) -> 2 | G15: =IF(RIGHT($C15,1)="L",1,2) -> 2 | H15: 2 | I15: =B15-INT(B15/100)*100 -> 6 | J15: =(E15&F15&G15&"."&H15) -> 222.2 | M15: 10 | N15: 12 | Q15: =AVERAGE(K15:P15)/2 -> 5.5 | R15: =STDEV(K15:P15)/2/SQRT(COUNT(K15:P15)) -> 0.5 | S15: =IF(F15=3,Q15/2,Q15) -> 5.5 | V15: 4 | W15: 6.9375
B16: 107 | C16: NTL | D16: 10 | E16: =IF(LEFT($C16,1)="F",1,2) -> 2 | F16: =IF(MID($C16,2,1)="S",1,IF(MID($C16,2,1)="T",2,IF(MID($C16,2,1)="D",3,0))) -> 2 | G16: =IF(RIGHT($C16,1)="L",1,2) -> 1 | H16: 2 | I16: =B16-INT(B16/100)*100 -> 7 | J16: =(E16&F16&G16&"."&H16) -> 221.2 | M16: 16 | N16: 10 | Q16: =AVERAGE(K16:P16)/2 -> 6.5 | R16: =STDEV(K16:P16)/2/SQRT(COUNT(K16:P16)) -> 1.5 | S16: =IF(F16=3,Q16/2,Q16) -> 6.5 | V16: 5 | W16: 6.03125
B17: 108 | C17: FTH | D17: 3 | E17: =IF(LEFT($C17,1)="F",1,2) -> 1 | F17: =IF(MID($C17,2,1)="S",1,IF(MID($C17,2,1)="T",2,IF(MID($C17,2,1)="D",3,0))) -> 2 | G17: =IF(RIGHT($C17,1)="L",1,2) -> 2 | H17: 2 | I17: =B17-INT(B17/100)*100 -> 8 | J17: =(E17&F17&G17&"."&H17) -> 122.2 | M17: 4 | N17: 15 | Q17: =AVERAGE(K17:P17)/2 -> 4.75 | R17: =STDEV(K17:P17)/2/SQRT(COUNT(K17:P17)) -> 2.75 | S17: =IF(F17=3,Q17/2,Q17) -> 4.75 | V17: 6 | W17: 6.6875
B18: 201 | C18: NDL | D18: 12 | E18: =IF(LEFT($C18,1)="F",1,2) -> 2 | F18: =IF(MID($C18,2,1)="S",1,IF(MID($C18,2,1)="T",2,IF(MID($C18,2,1)="D",3,0))) -> 3 | G18: =IF(RIGHT($C18,1)="L",1,2) -> 1 | H18: 1 | I18: =B18-INT(B18/100)*100 -> 1 | J18: =(E18&F18&G18&"."&H18) -> 231.1 | M18: 22 | N18: 16 | Q18: =AVERAGE(K18:P18)/2 -> 9.5 | R18: =STDEV(K18:P18)/2/SQRT(COUNT(K18:P18)) -> 1.5 | S18: =IF(F18=3,Q18/2,Q18) -> 4.75 | V18: 7 | W18: 4.5625
B19: 202 | C19: NTH | D19: 9 | E19: =IF(LEFT($C19,1)="F",1,2) -> 2 | F19: =IF(MID($C19,2,1)="S",1,IF(MID($C19,2,1)="T",2,IF(MID($C19,2,1)="D",3,0))) -> 2 | G19: =IF(RIGHT($C19,1)="L",1,2) -> 2 | H19: 1 | I19: =B19-INT(B19/100)*100 -> 2 | J19: =(E19&F19&G19&"."&H19) -> 222.1 | M19: 13 | N19: 5 | Q19: =AVERAGE(K19:P19)/2 -> 4.5 | R19: =STDEV(K19:P19)/2/SQRT(COUNT(K19:P19)) -> 2 | S19: =IF(F19=3,Q19/2,Q19) -> 4.5 | V19: 8 | W19: 5.75
B20: 203 | C20: FTH | D20: 3 | E20: =IF(LEFT($C20,1)="F",1,2) -> 1 | F20: =IF(MID($C20,2,1)="S",1,IF(MID($C20,2,1)="T",2,IF(MID($C20,2,1)="D",3,0))) -> 2 | G20: =IF(RIGHT($C20,1)="L",1,2) -> 2 | H20: 1 | I20: =B20-INT(B20/100)*100 -> 3 | J20: =(E20&F20&G20&"."&H20) -> 122.1 | M20: 18 | N20: 15 | Q20: =AVERAGE(K20:P20)/2 -> 8.25 | R20: =STDEV(K20:P20)/2/SQRT(COUNT(K20:P20)) -> 0.75 | S20: =IF(F20=3,Q20/2,Q20) -> 8.25 | V20: Grand Total | W20: 5.5546875
B21: 204 | C21: NDH | D21: 11 | E21: =IF(LEFT($C21,1)="F",1,2) -> 2 | F21: =IF(MID($C21,2,1)="S",1,IF(MID($C21,2,1)="T",2,IF(MID($C21,2,1)="D",3,0))) -> 3 | G21: =IF(RIGHT($C21,1)="L",1,2) -> 2 | H21: 1 | I21: =B21-INT(B21/100)*100 -> 4 | J21: =(E21&F21&G21&"."&H21) -> 232.1 | M21: 34 | N21: 22 | Q21: =AVERAGE(K21:P21)/2 -> 14 | R21: =STDEV(K21:P21)/2/SQRT(COUNT(K21:P21)) -> 3 | S21: =IF(F21=3,Q21/2,Q21) -> 7
B22: 205 | C22: FSH | D22: 1 | E22: =IF(LEFT($C22,1)="F",1,2) -> 1 | F22: =IF(MID($C22,2,1)="S",1,IF(MID($C22,2,1)="T",2,IF(MID($C22,2,1)="D",3,0))) -> 1 | G22: =IF(RIGHT($C22,1)="L",1,2) -> 2 | H22: 2 | I22: =B22-INT(B22/100)*100 -> 5 | J22: =(E22&F22&G22&"."&H22) -> 112.2 | M22: 14 | N22: 14 | Q22: =AVERAGE(K22:P22)/2 -> 7 | R22: =STDEV(K22:P22)/2/SQRT(COUNT(K22:P22)) -> 0 | S22: =IF(F22=3,Q22/2,Q22) -> 7
B23: 206 | C23: NSL | D23: 8 | E23: =IF(LEFT($C23,1)="F",1,2) -> 2 | F23: =IF(MID($C23,2,1)="S",1,IF(MID($C23,2,1)="T",2,IF(MID($C23,2,1)="D",3,0))) -> 1 | G23: =IF(RIGHT($C23,1)="L",1,2) -> 1 | H23: 2 | I23: =B23-INT(B23/100)*100 -> 6 | J23: =(E23&F23&G23&"."&H23) -> 211.2 | M23: 8 | N23: 16 | Q23: =AVERAGE(K23:P23)/2 -> 6 | R23: =STDEV(K23:P23)/2/SQRT(COUNT(K23:P23)) -> 2 | S23: =IF(F23=3,Q23/2,Q23) -> 6
B24: 207 | C24: FTL | D24: 4 | E24: =IF(LEFT($C24,1)="F",1,2) -> 1 | F24: =IF(MID($C24,2,1)="S",1,IF(MID($C24,2,1)="T",2,IF(MID($C24,2,1)="D",3,0))) -> 2 | G24: =IF(RIGHT($C24,1)="L",1,2) -> 1 | H24: 2 | I24: =B24-INT(B24/100)*100 -> 7 | J24: =(E24&F24&G24&"."&H24) -> 121.2 | M24: 2 | N24: 3 | Q24: =AVERAGE(K24:P24)/2 -> 1.25 | R24: =STDEV(K24:P24)/2/SQRT(COUNT(K24:P24)) -> 0.25 | S24: =IF(F24=3,Q24/2,Q24) -> 1.25
B25: 208 | C25: FSL | D25: 2 | E25: =IF(LEFT($C25,1)="F",1,2) -> 1 | F25: =IF(MID($C25,2,1)="S",1,IF(MID($C25,2,1)="T",2,IF(MID($C25,2,1)="D",3,0))) -> 1 | G25: =IF(RIGHT($C25,1)="L",1,2) -> 1 | H25: 2 | I25: =B25-INT(B25/100)*100 -> 8 | J25: =(E25&F25&G25&"."&H25) -> 111.2 | M25: 8 | N25: 15 | Q25: =AVERAGE(K25:P25)/2 -> 5.75 | R25: =STDEV(K25:P25)/2/SQRT(COUNT(K25:P25)) -> 1.75 | S25: =IF(F25=3,Q25/2,Q25) -> 5.75
B26: 301 | C26: NTL | D26: 10 | E26: =IF(LEFT($C26,1)="F",1,2) -> 2 | F26: =IF(MID($C26,2,1)="S",1,IF(MID($C26,2,1)="T",2,IF(MID($C26,2,1)="D",3,0))) -> 2 | G26: =IF(RIGHT($C26,1)="L",1,2) -> 1 | H26: 3 | I26: =B26-INT(B26/100)*100 -> 1 | J26: =(E26&F26&G26&"."&H26) -> 221.3 | M26: 15 | N26: 13 | Q26: =AVERAGE(K26:P26)/2 -> 7 | R26: =STDEV(K26:P26)/2/SQRT(COUNT(K26:P26)) -> 0.5 | S26: =IF(F26=3,Q26/2,Q26) -> 7
B27: 302 | C27: FTL | D27: 4 | E27: =IF(LEFT($C27,1)="F",1,2) -> 1 | F27: =IF(MID($C27,2,1)="S",1,IF(MID($C27,2,1)="T",2,IF(MID($C27,2,1)="D",3,0))) -> 2 | G27: =IF(RIGHT($C27,1)="L",1,2) -> 1 | H27: 3 | I27: =B27-INT(B27/100)*100 -> 2 | J27: =(E27&F27&G27&"."&H27) -> 121.3 | M27: 12 | N27: 5 | Q27: =AVERAGE(K27:P27)/2 -> 4.25 | R27: =STDEV(K27:P27)/2/SQRT(COUNT(K27:P27)) -> 1.75 | S27: =IF(F27=3,Q27/2,Q27) -> 4.25
B28: 303 | C28: NSL | D28: 8 | E28: =IF(LEFT($C28,1)="F",1,2) -> 2 | F28: =IF(MID($C28,2,1)="S",1,IF(MID($C28,2,1)="T",2,IF(MID($C28,2,1)="D",3,0))) -> 1 | G28: =IF(RIGHT($C28,1)="L",1,2) -> 1 | H28: 3 | I28: =B28-INT(B28/100)*100 -> 3 | J28: =(E28&F28&G28&"."&H28) -> 211.3 | M28: 9 | N28: 3 | Q28: =AVERAGE(K28:P28)/2 -> 3 | R28: =STDEV(K28:P28)/2/SQRT(COUNT(K28:P28)) -> 1.5 | S28: =IF(F28=3,Q28/2,Q28) -> 3
B29: 304 | C29: FSL | D29: 2 | E29: =IF(LEFT($C29,1)="F",1,2) -> 1 | F29: =IF(MID($C29,2,1)="S",1,IF(MID($C29,2,1)="T",2,IF(MID($C29,2,1)="D",3,0))) -> 1 | G29: =IF(RIGHT($C29,1)="L",1,2) -> 1 | H29: 3 | I29: =B29-INT(B29/100)*100 -> 4 | J29: =(E29&F29&G29&"."&H29) -> 111.3 | M29: 9 | N29: 14 | Q29: =AVERAGE(K29:P29)/2 -> 5.75 | R29: =STDEV(K29:P29)/2/SQRT(COUNT(K29:P29)) -> 1.25 | S29: =IF(F29=3,Q29/2,Q29) -> 5.75
B30: 305 | C30: NDH | D30: 11 | E30: =IF(LEFT($C30,1)="F",1,2) -> 2 | F30: =IF(MID($C30,2,1)="S",1,IF(MID($C30,2,1)="T",2,IF(MID($C30,2,1)="D",3,0))) -> 3 | G30: =IF(RIGHT($C30,1)="L",1,2) -> 2 | H30: 4 | I30: =B30-INT(B30/100)*100 -> 5 | J30: =(E30&F30&G30&"."&H30) -> 232.4 | M30: 33 | N30: 21 | Q30: =AVERAGE(K30:P30)/2 -> 13.5 | R30: =STDEV(K30:P30)/2/SQRT(COUNT(K30:P30)) -> 3 | S30: =IF(F30=3,Q30/2,Q30) -> 6.75
B31: 306 | C31: FTL | D31: 4 | E31: =IF(LEFT($C31,1)="F",1,2) -> 1 | F31: =IF(MID($C31,2,1)="S",1,IF(MID($C31,2,1)="T",2,IF(MID($C31,2,1)="D",3,0))) -> 2 | G31: =IF(RIGHT($C31,1)="L",1,2) -> 1 | H31: 4 | I31: =B31-INT(B31/100)*100 -> 6 | J31: =(E31&F31&G31&"."&H31) -> 121.4 | M31: 14 | N31: 20 | Q31: =AVERAGE(K31:P31)/2 -> 8.5 | R31: =STDEV(K31:P31)/2/SQRT(COUNT(K31:P31)) -> 1.5 | S31: =IF(F31=3,Q31/2,Q31) -> 8.5
B32: 307 | C32: NTH | D32: 9 | E32: =IF(LEFT($C32,1)="F",1,2) -> 2 | F32: =IF(MID($C32,2,1)="S",1,IF(MID($C32,2,1)="T",2,IF(MID($C32,2,1)="D",3,0))) -> 2 | G32: =IF(RIGHT($C32,1)="L",1,2) -> 2 | H32: 4 | I32: =B32-INT(B32/100)*100 -> 7 | J32: =(E32&F32&G32&"."&H32) -> 222.4 | M32: 11 | N32: 10 | Q32: =AVERAGE(K32:P32)/2 -> 5.25 | R32: =STDEV(K32:P32)/2/SQRT(COUNT(K32:P32)) -> 0.25 | S32: =IF(F32=3,Q32/2,Q32) -> 5.25
... B39: 406 | C39: FTH | D39: 3 | E39: =IF(LEFT($C39,1)="F",1,2) -> 1 | F39: =IF(MID($C39,2,1)="S",1,IF(MID($C39,2,1)="T",2,IF(MID($C39,2,1)="D",3,0))) -> 2 | G39: =IF(RIGHT($C39,1)="L",1,2) -> 2 | H39: 4 | I39: =B39-INT(B39/100)*100 -> 6 | J39: =(E39&F39&G39&"."&H39) -> 122.4 | M39: 13 | N39: 14 | Q39: =AVERAGE(K39:P39)/2 -> 6.75 | R39: =STDEV(K39:P39)/2/SQRT(COUNT(K39:P39)) -> 0.25 | S39: =IF(F39=3,Q39/2,Q39) -> 6.75
B40: 407 | C40: NSH | D40: 7 | E40: =IF(LEFT($C40,1)="F",1,2) -> 2 | F40: =IF(MID($C40,2,1)="S",1,IF(MID($C40,2,1)="T",2,IF(MID($C40,2,1)="D",3,0))) -> 1 | G40: =IF(RIGHT($C40,1)="L",1,2) -> 2 | H40: 4 | I40: =B40-INT(B40/100)*100 -> 7 | J40: =(E40&F40&G40&"."&H40) -> 212.4 | M40: 13 | N40: 8 | Q40: =AVERAGE(K40:P40)/2 -> 5.25 | R40: =STDEV(K40:P40)/2/SQRT(COUNT(K40:P40)) -> 1.25 | S40: =IF(F40=3,Q40/2,Q40) -> 5.25 | V40: Average of Mean per meter
B41: 408 | C41: NTL | D41: 10 | E41: =IF(LEFT($C41,1)="F",1,2) -> 2 | F41: =IF(MID($C41,2,1)="S",1,IF(MID($C41,2,1)="T",2,IF(MID($C41,2,1)="D",3,0))) -> 2 | G41: =IF(RIGHT($C41,1)="L",1,2) -> 1 | H41: 4 | I41: =B41-INT(B41/100)*100 -> 8 | J41: =(E41&F41&G41&"."&H41) -> 221.4 | M41: 14 | N41: 16 | Q41: =AVERAGE(K41:P41)/2 -> 7.5 | R41: =STDEV(K41:P41)/2/SQRT(COUNT(K41:P41)) -> 0.5 | S41: =IF(F41=3,Q41/2,Q41) -> 7.5 | T41: started at 7:35 am and went E to W serpentine | V41: Acron | W41: Total
B42: 901 | C42: WS | D42: 32 | E42: 9 | F42: 0 | G42: 1 | H42: 1 | I42: =B42-INT(B42/100)*100 -> 1 | J42: =(E42&F42&G42&"."&H42) -> 901.1 | M42: 0 | N42: 0 | Q42: =AVERAGE(K42:P42)/2 -> 0 | R42: =STDEV(K42:P42)/2/SQRT(COUNT(K42:P42)) -> 0 | S42: =IF(F42=3,Q42/2,Q42) -> 0 | V42: FDH | W42: 9.125
B43: 902 | C43: 15Jul | D43: 22 | E43: 4 | F43: 2 | G43: 2 | H43: 1 | I43: =B43-INT(B43/100)*100 -> 2 | J43: =(E43&F43&G43&"."&H43) -> 422.1 | M43: 8 | N43: 14 | Q43: =AVERAGE(K43:P43)/2 -> 5.5 | R43: =STDEV(K43:P43)/2/SQRT(COUNT(K43:P43)) -> 1.5 | S43: =IF(F43=3,Q43/2,Q43) -> 5.5 | V43: FDL | W43: 10.75
B44: 903 | C44: DS | D44: 31 | E44: 8 | F44: 0 | G44: 1 | H44: 1 | I44: =B44-INT(B44/100)*100 -> 3 | J44: =(E44&F44&G44&"."&H44) -> 801.1 | M44: 0 | N44: 0 | Q44: =AVERAGE(K44:P44)/2 -> 0 | R44: =STDEV(K44:P44)/2/SQRT(COUNT(K44:P44)) -> 0 | S44: =IF(F44=3,Q44/2,Q44) -> 0 | V44: FSH | W44: 6.125
B45: 904 | C45: 1Jun | D45: 21 | E45: 3 | F45: 2 | G45: 2 | H45: 1 | I45: =B45-INT(B45/100)*100 -> 4 | J45: =(E45&F45&G45&"."&H45) -> 322.1 | M45: 10 | N45: 12 | Q45: =AVERAGE(K45:P45)/2 -> 5.5 | R45: =STDEV(K45:P45)/2/SQRT(COUNT(K45:P45)) -> 0.5 | S45: =IF(F45=3,Q45/2,Q45) -> 5.5 | V45: FSL | W45: 5.75
B46: 905 | C46: WS | D46: 32 | E46: 9 | F46: 0 | G46: 1 | H46: 2 | I46: =B46-INT(B46/100)*100 -> 5 | J46: =(E46&F46&G46&"."&H46) -> 901.2 | M46: 0 | N46: 0 | Q46: =AVERAGE(K46:P46)/2 -> 0 | R46: =STDEV(K46:P46)/2/SQRT(COUNT(K46:P46)) -> 0 | S46: =IF(F46=3,Q46/2,Q46) -> 0 | V46: FTH | W46: 7
B47: 906 | C47: 15Jul | D47: 22 | E47: 4 | F47: 2 | G47: 2 | H47: 2 | I47: =B47-INT(B47/100)*100 -> 6 | J47: =(E47&F47&G47&"."&H47) -> 422.2 | M47: 3 | N47: 8 | Q47: =AVERAGE(K47:P47)/2 -> 2.75 | R47: =STDEV(K47:P47)/2/SQRT(COUNT(K47:P47)) -> 1.25 | S47: =IF(F47=3,Q47/2,Q47) -> 2.75 | V47: FTL | W47: 4.375
B48: 907 | C48: DS | D48: 31 | E48: 8 | F48: 0 | G48: 1 | H48: 2 | I48: =B48-INT(B48/100)*100 -> 7 | J48: =(E48&F48&G48&"."&H48) -> 801.2 | M48: 0 | N48: 0 | Q48: =AVERAGE(K48:P48)/2 -> 0 | R48: =STDEV(K48:P48)/2/SQRT(COUNT(K48:P48)) -> 0 | S48: =IF(F48=3,Q48/2,Q48) -> 0 | V48: NDH | W48: 13.75
B49: 908 | C49: 1Jun | D49: 21 | E49: 3 | F49: 2 | G49: 2 | H49: 2 | I49: =B49-INT(B49/100)*100 -> 8 | J49: =(E49&F49&G49&"."&H49) -> 322.2 | M49: 12 | N49: 17 | Q49: =AVERAGE(K49:P49)/2 -> 7.25 | R49: =STDEV(K49:P49)/2/SQRT(COUNT(K49:P49)) -> 1.25 | S49: =IF(F49=3,Q49/2,Q49) -> 7.25 | V49: NDL | W49: 9.625
V50: NSH | W50: 4.5
V51: NSL | W51: 4.5
V52: NTH | W52: 4.875
V53: NTL | W53: 6.9375

Sheet EmgDOY121
A1: Plant Emergence Counts
B3: DOY: | C3: 121 | E3: Start: | F3: 0749h | H3: By: | I3: Stacy Richards
E4: End: | F4: 0839h | N4: =AVERAGE(Q10:Q11,Q13,Q15:Q17,Q19:Q20,Q22:Q29,Q31:Q32,Q34:Q35,Q37,Q39:Q41) -> 6.0798611 | O4: =AVERAGE(Q12,Q14,Q18,Q21,Q30,Q36,Q38,Q33) -> 11.21875
B6: Comments: | D6: 37377
B9: Plot | C9: Acron | D9: Trt. | E9: Irrig. | F9: Pop. | G9: N | H9: Block | I9: Col. | J9: Exotech Code | K9: Row3 | L9: Row4 | M9: Row5 | N9: Row6 | O9: Row7 | P9: Row8 | Q9: Mean per meter | R9: std err | S9: Nrml. mean per meter | T9: Comments
B10: 101 | C10: FSH | D10: 1 | E10: =IF(LEFT($C10,1)="F",1,2) -> 1 | F10: =IF(MID($C10,2,1)="S",1,IF(MID($C10,2,1)="T",2,IF(MID($C10,2,1)="D",3,0))) -> 1 | G10: =IF(RIGHT($C10,1)="L",1,2) -> 2 | H10: 1 | I10: =B10-INT(B10/100)*100 -> 1 | J10: =(E10&F10&G10&"."&H10) -> 112.1 | M10: 13 | N10: 9 | Q10: =AVERAGE(K10:P10)/2 -> 5.5 | R10: =STDEV(K10:P10)/2/SQRT(COUNT(K10:P10)) -> 1 | S10: =IF(F10=3,Q10/2,Q10) -> 5.5 | T10: ended at 8: 42 am | V10: Average of Nrml. mean per meter
B11: 102 | C11: FTL | D11: 4 | E11: =IF(LEFT($C11,1)="F",1,2) -> 1 | F11: =IF(MID($C11,2,1)="S",1,IF(MID($C11,2,1)="T",2,IF(MID($C11,2,1)="D",3,0))) -> 2 | G11: =IF(RIGHT($C11,1)="L",1,2) -> 1 | H11: 1 | I11: =B11-INT(B11/100)*100 -> 2 | J11: =(E11&F11&G11&"."&H11) -> 121.1 | L11: 20 | M11: 2 | N11: 12 | Q11: =AVERAGE(K11:P11)/2 -> 5.6666667 | R11: =STDEV(K11:P11)/2/SQRT(COUNT(K11:P11)) -> 2.6034166 | S11: =IF(F11=3,Q11/2,Q11) -> 5.6666667 | V11: Col. | W11: Total
B12: 103 | C12: FDH | D12: 5 | E12: =IF(LEFT($C12,1)="F",1,2) -> 1 | F12: =IF(MID($C12,2,1)="S",1,IF(MID($C12,2,1)="T",2,IF(MID($C12,2,1)="D",3,0))) -> 3 | G12: =IF(RIGHT($C12,1)="L",1,2) -> 2 | H12: 1 | I12: =B12-INT(B12/100)*100 -> 3 | J12: =(E12&F12&G12&"."&H12) -> 132.1 | M12: 16 | N12: 19 | Q12: =AVERAGE(K12:P12)/2 -> 8.75 | R12: =STDEV(K12:P12)/2/SQRT(COUNT(K12:P12)) -> 0.75 | S12: =IF(F12=3,Q12/2,Q12) -> 4.375 | V12: 1 | W12: 6.625
B13: 104 | C13: NTL | D13: 10 | E13: =IF(LEFT($C13,1)="F",1,2) -> 2 | F13: =IF(MID($C13,2,1)="S",1,IF(MID($C13,2,1)="T",2,IF(MID($C13,2,1)="D",3,0))) -> 2 | G13: =IF(RIGHT($C13,1)="L",1,2) -> 1 | H13: 1 | I13: =B13-INT(B13/100)*100 -> 4 | J13: =(E13&F13&G13&"."&H13) -> 221.1 | M13: 15 | N13: 14 | Q13: =AVERAGE(K13:P13)/2 -> 7.25 | R13: =STDEV(K13:P13)/2/SQRT(COUNT(K13:P13)) -> 0.25 | S13: =IF(F13=3,Q13/2,Q13) -> 7.25 | V13: 2 | W13: 6.5
B14: 105 | C14: NDL | D14: 12 | E14: =IF(LEFT($C14,1)="F",1,2) -> 2 | F14: =IF(MID($C14,2,1)="S",1,IF(MID($C14,2,1)="T",2,IF(MID($C14,2,1)="D",3,0))) -> 3 | G14: =IF(RIGHT($C14,1)="L",1,2) -> 1 | H14: 2 | I14: =B14-INT(B14/100)*100 -> 5 | J14: =(E14&F14&G14&"."&H14) -> 231.2 | M14: 24 | N14: 14 | Q14: =AVERAGE(K14:P14)/2 -> 9.5 | R14: =STDEV(K14:P14)/2/SQRT(COUNT(K14:P14)) -> 2.5 | S14: =IF(F14=3,Q14/2,Q14) -> 4.75 | V14: 3 | W14: 6.34375
B15: 106 | C15: NTH | D15: 9 | E15: =IF(LEFT($C15,1)="F",1,2) -> 2 | F15: =IF(MID($C15,2,1)="S",1,IF(MID($C15,2,1)="T",2,IF(MID($C15,2,1)="D",3,0))) -> 2 | G15: =IF(RIGHT($C15,1)="L",1,2) -> 2 | H15: 2 | I15: =B15-INT(B15/100)*100 -> 6 | J15: =(E15&F15&G15&"."&H15) -> 222.2 | M15: 12 | N15: 12 | Q15: =AVERAGE(K15:P15)/2 -> 6 | R15: =STDEV(K15:P15)/2/SQRT(COUNT(K15:P15)) -> 0 | S15: =IF(F15=3,Q15/2,Q15) -> 6 | V15: 4 | W15: 7.90625
B16: 107 | C16: NTL | D16: 10 | E16: =IF(LEFT($C16,1)="F",1,2) -> 2 | F16: =IF(MID($C16,2,1)="S",1,IF(MID($C16,2,1)="T",2,IF(MID($C16,2,1)="D",3,0))) -> 2 | G16: =IF(RIGHT($C16,1)="L",1,2) -> 1 | H16: 2 | I16: =B16-INT(B16/100)*100 -> 7 | J16: =(E16&F16&G16&"."&H16) -> 221.2 | M16: 16 | N16: 10 | Q16: =AVERAGE(K16:P16)/2 -> 6.5 | R16: =STDEV(K16:P16)/2/SQRT(COUNT(K16:P16)) -> 1.5 | S16: =IF(F16=3,Q16/2,Q16) -> 6.5 | V16: 5 | W16: 8.0625
B17: 108 | C17: FTH | D17: 3 | E17: =IF(LEFT($C17,1)="F",1,2) -> 1 | F17: =IF(MID($C17,2,1)="S",1,IF(MID($C17,2,1)="T",2,IF(MID($C17,2,1)="D",3,0))) -> 2 | G17: =IF(RIGHT($C17,1)="L",1,2) -> 2 | H17: 2 | I17: =B17-INT(B17/100)*100 -> 8 | J17: =(E17&F17&G17&"."&H17) -> 122.2 | M17: 4 | N17: 16 | Q17: =AVERAGE(K17:P17)/2 -> 5 | R17: =STDEV(K17:P17)/2/SQRT(COUNT(K17:P17)) -> 3 | S17: =IF(F17=3,Q17/2,Q17) -> 5 | V17: 6 | W17: 9.3125
B18: 201 | C18: NDL | D18: 12 | E18: =IF(LEFT($C18,1)="F",1,2) -> 2 | F18: =IF(MID($C18,2,1)="S",1,IF(MID($C18,2,1)="T",2,IF(MID($C18,2,1)="D",3,0))) -> 3 | G18: =IF(RIGHT($C18,1)="L",1,2) -> 1 | H18: 1 | I18: =B18-INT(B18/100)*100 -> 1 | J18: =(E18&F18&G18&"."&H18) -> 231.1 | M18: 24 | N18: 16 | Q18: =AVERAGE(K18:P18)/2 -> 10 | R18: =STDEV(K18:P18)/2/SQRT(COUNT(K18:P18)) -> 2 | S18: =IF(F18=3,Q18/2,Q18) -> 5 | V18: 7 | W18: 9
B19: 202 | C19: NTH | D19: 9 | E19: =IF(LEFT($C19,1)="F",1,2) -> 2 | F19: =IF(MID($C19,2,1)="S",1,IF(MID($C19,2,1)="T",2,IF(MID($C19,2,1)="D",3,0))) -> 2 | G19: =IF(RIGHT($C19,1)="L",1,2) -> 2 | H19: 1 | I19: =B19-INT(B19/100)*100 -> 2 | J19: =(E19&F19&G19&"."&H19) -> 222.1 | L19: 13 | M19: 5 | N19: 13 | Q19: =AVERAGE(K19:P19)/2 -> 5.1666667 | R19: =STDEV(K19:P19)/2/SQRT(COUNT(K19:P19)) -> 1.3333333 | S19: =IF(F19=3,Q19/2,Q19) -> 5.1666667 | V19: 8 | W19: 9.1875
B20: 203 | C20: FTH | D20: 3 | E20: =IF(LEFT($C20,1)="F",1,2) -> 1 | F20: =IF(MID($C20,2,1)="S",1,IF(MID($C20,2,1)="T",2,IF(MID($C20,2,1)="D",3,0))) -> 2 | G20: =IF(RIGHT($C20,1)="L",1,2) -> 2 | H20: 1 | I20: =B20-INT(B20/100)*100 -> 3 | J20: =(E20&F20&G20&"."&H20) -> 122.1 | M20: 18 | N20: 16 | Q20: =AVERAGE(K20:P20)/2 -> 8.5 | R20: =STDEV(K20:P20)/2/SQRT(COUNT(K20:P20)) -> 0.5 | S20: =IF(F20=3,Q20/2,Q20) -> 8.5 | V20: Grand Total | W20: 7.8671875
B21: 204 | C21: NDH | D21: 11 | E21: =IF(LEFT($C21,1)="F",1,2) -> 2 | F21: =IF(MID($C21,2,1)="S",1,IF(MID($C21,2,1)="T",2,IF(MID($C21,2,1)="D",3,0))) -> 3 | G21: =IF(RIGHT($C21,1)="L",1,2) -> 2 | H21: 1 | I21: =B21-INT(B21/100)*100 -> 4 | J21: =(E21&F21&G21&"."&H21) -> 232.1 | M21: 34 | N21: 20 | Q21: =AVERAGE(K21:P21)/2 -> 13.5 | R21: =STDEV(K21:P21)/2/SQRT(COUNT(K21:P21)) -> 3.5 | S21: =IF(F21=3,Q21/2,Q21) -> 6.75
B22: 205 | C22: FSH | D22: 1 | E22: =IF(LEFT($C22,1)="F",1,2) -> 1 | F22: =IF(MID($C22,2,1)="S",1,IF(MID($C22,2,1)="T",2,IF(MID($C22,2,1)="D",3,0))) -> 1 | G22: =IF(RIGHT($C22,1)="L",1,2) -> 2 | H22: 2 | I22: =B22-INT(B22/100)*100 -> 5 | J22: =(E22&F22&G22&"."&H22) -> 112.2 | M22: 15 | N22: 14 | Q22: =AVERAGE(K22:P22)/2 -> 7.25 | R22: =STDEV(K22:P22)/2/SQRT(COUNT(K22:P22)) -> 0.25 | S22: =IF(F22=3,Q22/2,Q22) -> 7.25
B23: 206 | C23: NSL | D23: 8 | E23: =IF(LEFT($C23,1)="F",1,2) -> 2 | F23: =IF(MID($C23,2,1)="S",1,IF(MID($C23,2,1)="T",2,IF(MID($C23,2,1)="D",3,0))) -> 1 | G23: =IF(RIGHT($C23,1)="L",1,2) -> 1 | H23: 2 | I23: =B23-INT(B23/100)*100 -> 6 | J23: =(E23&F23&G23&"."&H23) -> 211.2 | M23: 8 | N23: 15 | Q23: =AVERAGE(K23:P23)/2 -> 5.75 | R23: =STDEV(K23:P23)/2/SQRT(COUNT(K23:P23)) -> 1.75 | S23: =IF(F23=3,Q23/2,Q23) -> 5.75
B24: 207 | C24: FTL | D24: 4 | E24: =IF(LEFT($C24,1)="F",1,2) -> 1 | F24: =IF(MID($C24,2,1)="S",1,IF(MID($C24,2,1)="T",2,IF(MID($C24,2,1)="D",3,0))) -> 2 | G24: =IF(RIGHT($C24,1)="L",1,2) -> 1 | H24: 2 | I24: =B24-INT(B24/100)*100 -> 7 | J24: =(E24&F24&G24&"."&H24) -> 121.2 | M24: 3 | N24: 3 | Q24: =AVERAGE(K24:P24)/2 -> 1.5 | R24: =STDEV(K24:P24)/2/SQRT(COUNT(K24:P24)) -> 0 | S24: =IF(F24=3,Q24/2,Q24) -> 1.5
B25: 208 | C25: FSL | D25: 2 | E25: =IF(LEFT($C25,1)="F",1,2) -> 1 | F25: =IF(MID($C25,2,1)="S",1,IF(MID($C25,2,1)="T",2,IF(MID($C25,2,1)="D",3,0))) -> 1 | G25: =IF(RIGHT($C25,1)="L",1,2) -> 1 | H25: 2 | I25: =B25-INT(B25/100)*100 -> 8 | J25: =(E25&F25&G25&"."&H25) -> 111.2 | M25: 8 | N25: 15 | Q25: =AVERAGE(K25:P25)/2 -> 5.75 | R25: =STDEV(K25:P25)/2/SQRT(COUNT(K25:P25)) -> 1.75 | S25: =IF(F25=3,Q25/2,Q25) -> 5.75
B26: 301 | C26: NTL | D26: 10 | E26: =IF(LEFT($C26,1)="F",1,2) -> 2 | F26: =IF(MID($C26,2,1)="S",1,IF(MID($C26,2,1)="T",2,IF(MID($C26,2,1)="D",3,0))) -> 2 | G26: =IF(RIGHT($C26,1)="L",1,2) -> 1 | H26: 3 | I26: =B26-INT(B26/100)*100 -> 1 | J26: =(E26&F26&G26&"."&H26) -> 221.3 | M26: 18 | N26: 13 | Q26: =AVERAGE(K26:P26)/2 -> 7.75 | R26: =STDEV(K26:P26)/2/SQRT(COUNT(K26:P26)) -> 1.25 | S26: =IF(F26=3,Q26/2,Q26) -> 7.75
B27: 302 | C27: FTL | D27: 4 | E27: =IF(LEFT($C27,1)="F",1,2) -> 1 | F27: =IF(MID($C27,2,1)="S",1,IF(MID($C27,2,1)="T",2,IF(MID($C27,2,1)="D",3,0))) -> 2 | G27: =IF(RIGHT($C27,1)="L",1,2) -> 1 | H27: 3 | I27: =B27-INT(B27/100)*100 -> 2 | J27: =(E27&F27&G27&"."&H27) -> 121.3 | L27: 12 | M27: 5 | N27: 18 | Q27: =AVERAGE(K27:P27)/2 -> 5.8333333 | R27: =STDEV(K27:P27)/2/SQRT(COUNT(K27:P27)) -> 1.8782379 | S27: =IF(F27=3,Q27/2,Q27) -> 5.8333333
B28: 303 | C28: NSL | D28: 8 | E28: =IF(LEFT($C28,1)="F",1,2) -> 2 | F28: =IF(MID($C28,2,1)="S",1,IF(MID($C28,2,1)="T",2,IF(MID($C28,2,1)="D",3,0))) -> 1 | G28: =IF(RIGHT($C28,1)="L",1,2) -> 1 | H28: 3 | I28: =B28-INT(B28/100)*100 -> 3 | J28: =(E28&F28&G28&"."&H28) -> 211.3 | M28: 9 | N28: 4 | Q28: =AVERAGE(K28:P28)/2 -> 3.25 | R28: =STDEV(K28:P28)/2/SQRT(COUNT(K28:P28)) -> 1.25 | S28: =IF(F28=3,Q28/2,Q28) -> 3.25
B29: 304 | C29: FSL | D29: 2 | E29: =IF(LEFT($C29,1)="F",1,2) -> 1 | F29: =IF(MID($C29,2,1)="S",1,IF(MID($C29,2,1)="T",2,IF(MID($C29,2,1)="D",3,0))) -> 1 | G29: =IF(RIGHT($C29,1)="L",1,2) -> 1 | H29: 3 | I29: =B29-INT(B29/100)*100 -> 4 | J29: =(E29&F29&G29&"."&H29) -> 111.3 | M29: 10 | N29: 16 | Q29: =AVERAGE(K29:P29)/2 -> 6.5 | R29: =STDEV(K29:P29)/2/SQRT(COUNT(K29:P29)) -> 1.5 | S29: =IF(F29=3,Q29/2,Q29) -> 6.5
B30: 305 | C30: NDH | D30: 11 | E30: =IF(LEFT($C30,1)="F",1,2) -> 2 | F30: =IF(MID($C30,2,1)="S",1,IF(MID($C30,2,1)="T",2,IF(MID($C30,2,1)="D",3,0))) -> 3 | G30: =IF(RIGHT($C30,1)="L",1,2) -> 2 | H30: 4 | I30: =B30-INT(B30/100)*100 -> 5 | J30: =(E30&F30&G30&"."&H30) -> 232.4 | M30: 35 | N30: 24 | Q30: =AVERAGE(K30:P30)/2 -> 14.75 | R30: =STDEV(K30:P30)/2/SQRT(COUNT(K30:P30)) -> 2.75 | S30: =IF(F30=3,Q30/2,Q30) -> 7.375
B31: 306 | C31: FTL | D31: 4 | E31: =IF(LEFT($C31,1)="F",1,2) -> 1 | F31: =IF(MID($C31,2,1)="S",1,IF(MID($C31,2,1)="T",2,IF(MID($C31,2,1)="D",3,0))) -> 2 | G31: =IF(RIGHT($C31,1)="L",1,2) -> 1 | H31: 4 | I31: =B31-INT(B31/100)*100 -> 6 | J31: =(E31&F31&G31&"."&H31) -> 121.4 | M31: 14 | N31: 22 | Q31: =AVERAGE(K31:P31)/2 -> 9 | R31: =STDEV(K31:P31)/2/SQRT(COUNT(K31:P31)) -> 2 | S31: =IF(F31=3,Q31/2,Q31) -> 9
B32: 307 | C32: NTH | D32: 9 | E32: =IF(LEFT($C32,1)="F",1,2) -> 2 | F32: =IF(MID($C32,2,1)="S",1,IF(MID($C32,2,1)="T",2,IF(MID($C32,2,1)="D",3,0))) -> 2 | G32: =IF(RIGHT($C32,1)="L",1,2) -> 2 | H32: 4 | I32: =B32-INT(B32/100)*100 -> 7 | J32: =(E32&F32&G32&"."&H32) -> 222.4 | M32: 13 | N32: 11 | Q32: =AVERAGE(K32:P32)/2 -> 6 | R32: =STDEV(K32:P32)/2/SQRT(COUNT(K32:P32)) -> 0.5 | S32: =IF(F32=3,Q32/2,Q32) -> 6
B33: 308 | C33: FDH | D33: 5 | E33: =IF(LEFT($C33,1)="F",1,2) -> 1 | F33: =IF(MID($C33,2,1)="S",1,IF(MID($C33,2,1)="T",2,IF(MID($C33,2,1)="D",3,0))) -> 3 | G33: =IF(RIGHT($C33,1)="L",1,2) -> 2 | H33: 4 | I33: =B33-INT(B33/100)*100 -> 8 | J33: =(E33&F33&G33&"."&H33) -> 132.4 | M33: 20 | N33: 21 | Q33: =AVERAGE(K33:P33)/2 -> 10.25 | R33: =STDEV(K33:P33)/2/SQRT(COUNT(K33:P33)) -> 0.25 | S33: =IF(F33=3,Q33/2,Q33) -> 5.125
B34: 401 | C34: NSH | D34: 7 | E34: =IF(LEFT($C34,1)="F",1,2) -> 2 | F34: =IF(MID($C34,2,1)="S",1,IF(MID($C34,2,1)="T",2,IF(MID($C34,2,1)="D",3,0))) -> 1 | G34: =IF(RIGHT($C34,1)="L",1,2) -> 2 | H34: 3 | I34: =B34-INT(B34/100)*100 -> 1 | J34: =(E34&F34&G34&"."&H34) -> 212.3 | M34: 3 | N34: 12 | Q34: =AVERAGE(K34:P34)/2 -> 3.75 | R34: =STDEV(K34:P34)/2/SQRT(COUNT(K34:P34)) -> 2.25 | S34: =IF(F34=3,Q34/2,Q34) -> 3.75
B35: 402 | C35: NTH | D35: 9 | E35: =IF(LEFT($C35,1)="F",1,2) -> 2 | F35: =IF(MID($C35,2,1)="S",1,IF(MID($C35,2,1)="T",2,IF(MID($C35,2,1)="D",3,0))) -> 2 | G35: =IF(RIGHT($C35,1)="L",1,2) -> 2 | H35: 3 | I35: =B35-INT(B35/100)*100 -> 2 | J35: =(E35&F35&G35&"."&H35) -> 222.3 | L35: 12 | M35: 6 | N35: 18 | Q35: =AVERAGE(K35:P35)/2 -> 6 | R35: =STDEV(K35:P35)/2/SQRT(COUNT(K35:P35)) -> 1.7320508 | S35: =IF(F35=3,Q35/2,Q35) -> 6
B36: 403 | C36: FDL | D36: 6 | E36: =IF(LEFT($C36,1)="F",1,2) -> 1 | F36: =IF(MID($C36,2,1)="S",1,IF(MID($C36,2,1)="T",2,IF(MID($C36,2,1)="D",3,0))) -> 3 | G36: =IF(RIGHT($C36,1)="L",1,2) -> 1 | H36: 3 | I36: =B36-INT(B36/100)*100 -> 3 | J36: =(E36&F36&G36&"."&H36) -> 131.3 | M36: 27 | N36: 18 | Q36: =AVERAGE(K36:P36)/2 -> 11.25 | R36: =STDEV(K36:P36)/2/SQRT(COUNT(K36:P36)) -> 2.25 | S36: =IF(F36=3,Q36/2,Q36) -> 5.625
B37: 404 | C37: FTH | D37: 3 | E37: =IF(LEFT($C37,1)="F",1,2) -> 1 | F37: =IF(MID($C37,2,1)="S",1,IF(MID($C37,2,1)="T",2,IF(MID($C37,2,1)="D",3,0))) -> 2 | G37: =IF(RIGHT($C37,1)="L",1,2) -> 2 | H37: 3 | I37: =B37-INT(B37/100)*100 -> 4 | J37: =(E37&F37&G37&"."&H37) -> 122.3 | M37: 16 | N37: 18 | Q37: =AVERAGE(K37:P37)/2 -> 8.5 | R37: =STDEV(K37:P37)/2/SQRT(COUNT(K37:P37)) -> 0.5 | S37: =IF(F37=3,Q37/2,Q37) -> 8.5
B38: 405 | C38: FDL | D38: 6 | E38: =IF(LEFT($C38,1)="F",1,2) -> 1 | F38: =IF(MID($C38,2,1)="S",1,IF(MID($C38,2,1)="T",2,IF(MID($C38,2,1)="D",3,0))) -> 3 | G38: =IF(RIGHT($C38,1)="L",1,2) -> 1 | H38: 4 | I38: =B38-INT(B38/100)*100 -> 5 | J38: =(E38&F38&G38&"."&H38) -> 131.4 | M38: 28 | N38: 19 | Q38: =AVERAGE(K38:P38)/2 -> 11.75 | R38: =STDEV(K38:P38)/2/SQRT(COUNT(K38:P38)) -> 2.25 | S38: =IF(F38=3,Q38/2,Q38) -> 5.875
B39: 406 | C39: FTH | D39: 3 | E39: =IF(LEFT($C39,1)="F",1,2) -> 1 | F39: =IF(MID($C39,2,1)="S",1,IF(MID($C39,2,1)="T",2,IF(MID($C39,2,1)="D",3,0))) -> 2 | G39: =IF(RIGHT($C39,1)="L",1,2) -> 2 | H39: 4 | I39: =B39-INT(B39/100)*100 -> 6 | J39: =(E39&F39&G39&"."&H39) -> 122.4 | M39: 11 | N39: 16 | Q39: =AVERAGE(K39:P39)/2 -> 6.75 | R39: =STDEV(K39:P39)/2/SQRT(COUNT(K39:P39)) -> 1.25 | S39: =IF(F39=3,Q39/2,Q39) -> 6.75
B40: 407 | C40: NSH | D40: 7 | E40: =IF(LEFT($C40,1)="F",1,2) -> 2 | F40: =IF(MID($C40,2,1)="S",1,IF(MID($C40,2,1)="T",2,IF(MID($C40,2,1)="D",3,0))) -> 1 | G40: =IF(RIGHT($C40,1)="L",1,2) -> 2 | H40: 4 | I40: =B40-INT(B40/100)*100 -> 7 | J40: =(E40&F40&G40&"."&H40) -> 212.4 | M40: 13 | N40: 9 | Q40: =AVERAGE(K40:P40)/2 -> 5.5 | R40: =STDEV(K40:P40)/2/SQRT(COUNT(K40:P40)) -> 1 | S40: =IF(F40=3,Q40/2,Q40) -> 5.5 | V40: Average of Mean per meter
B41: 408 | C41: NTL | D41: 10 | E41: =IF(LEFT($C41,1)="F",1,2) -> 2 | F41: =IF(MID($C41,2,1)="S",1,IF(MID($C41,2,1)="T",2,IF(MID($C41,2,1)="D",3,0))) -> 2 | G41: =IF(RIGHT($C41,1)="L",1,2) -> 1 | H41: 4 | I41: =B41-INT(B41/100)*100 -> 8 | J41: =(E41&F41&G41&"."&H41) -> 221.4 | M41: 13 | N41: 16 | Q41: =AVERAGE(K41:P41)/2 -> 7.25 | R41: =STDEV(K41:P41)/2/SQRT(COUNT(K41:P41)) -> 0.75 | S41: =IF(F41=3,Q41/2,Q41) -> 7.25 | T41: started at 7:49 am and went E to W serpentine | V41: Irrig. | W41: Total
B42: 901 | C42: WS | D42: 32 | E42: 9 | F42: 0 | G42: 1 | H42: 1 | I42: =B42-INT(B42/100)*100 -> 1 | J42: =(E42&F42&G42&"."&H42) -> 901.1 | M42: 0 | N42: 0 | Q42: =AVERAGE(K42:P42)/2 -> 0 | R42: =STDEV(K42:P42)/2/SQRT(COUNT(K42:P42)) -> 0 | S42: =IF(F42=3,Q42/2,Q42) -> 0 | V42: 1 | W42: 9.7447917
B43: 902 | C43: 15Jul | D43: 22 | E43: 4 | F43: 2 | G43: 2 | H43: 1 | I43: =B43-INT(B43/100)*100 -> 2 | J43: =(E43&F43&G43&"."&H43) -> 422.1 | L43: 8 | M43: 10 | N43: 19 | Q43: =AVERAGE(K43:P43)/2 -> 6.1666667 | R43: =STDEV(K43:P43)/2/SQRT(COUNT(K43:P43)) -> 1.6914819 | S43: =IF(F43=3,Q43/2,Q43) -> 6.1666667 | V43: 2 | W43: 9.5052083
B44: 903 | C44: DS | D44: 31 | E44: 8 | F44: 0 | G44: 1 | H44: 1 | I44: =B44-INT(B44/100)*100 -> 3 | J44: =(E44&F44&G44&"."&H44) -> 801.1 | M44: 0 | N44: 0 | Q44: =AVERAGE(K44:P44)/2 -> 0 | R44: =STDEV(K44:P44)/2/SQRT(COUNT(K44:P44)) -> 0 | S44: =IF(F44=3,Q44/2,Q44) -> 0
B45: 904 | C45: 1Jun | D45: 21 | E45: 3 | F45: 2 | G45: 2 | H45: 1 | I45: =B45-INT(B45/100)*100 -> 4 | J45: =(E45&F45&G45&"."&H45) -> 322.1 | M45: 13 | N45: 14 | Q45: =AVERAGE(K45:P45)/2 -> 6.75 | R45: =STDEV(K45:P45)/2/SQRT(COUNT(K45:P45)) -> 0.25 | S45: =IF(F45=3,Q45/2,Q45) -> 6.75
B46: 905 | C46: WS | D46: 32 | E46: 9 | F46: 0 | G46: 1 | H46: 2 | I46: =B46-INT(B46/100)*100 -> 5 | J46: =(E46&F46&G46&"."&H46) -> 901.2 | M46: 0 | N46: 0 | Q46: =AVERAGE(K46:P46)/2 -> 0 | R46: =STDEV(K46:P46)/2/SQRT(COUNT(K46:P46)) -> 0 | S46: =IF(F46=3,Q46/2,Q46) -> 0
B47: 906 | C47: 15Jul | D47: 22 | E47: 4 | F47: 2 | G47: 2 | H47: 2 | I47: =B47-INT(B47/100)*100 -> 6 | J47: =(E47&F47&G47&"."&H47) -> 422.2 | M47: 9 | N47: 11 | Q47: =AVERAGE(K47:P47)/2 -> 5 | R47: =STDEV(K47:P47)/2/SQRT(COUNT(K47:P47)) -> 0.5 | S47: =IF(F47=3,Q47/2,Q47) -> 5
B48: 907 | C48: DS | D48: 31 | E48: 8 | F48: 0 | G48: 1 | H48: 2 | I48: =B48-INT(B48/100)*100 -> 7 | J48: =(E48&F48&G48&"."&H48) -> 801.2 | M48: 0 | N48: 0 | Q48: =AVERAGE(K48:P48)/2 -> 0 | R48: =STDEV(K48:P48)/2/SQRT(COUNT(K48:P48)) -> 0 | S48: =IF(F48=3,Q48/2,Q48) -> 0
B49: 908 | C49: 1Jun | D49: 21 | E49: 3 | F49: 2 | G49: 2 | H49: 2 | I49: =B49-INT(B49/100)*100 -> 8 | J49: =(E49&F49&G49&"."&H49) -> 322.2 | M49: 13 | N49: 18 | Q49: =AVERAGE(K49:P49)/2 -> 7.75 | R49: =STDEV(K49:P49)/2/SQRT(COUNT(K49:P49)) -> 1.25 | S49: =IF(F49=3,Q49/2,Q49) -> 7.75

Sheet EmgDOY122
A1: Plant Emergence Counts
Q2: Plants per linear meter of row
B3: DOY: | E3: Start: | H3: Date: | Q3: Single Line | S3: =AVERAGE(Q10:Q11,Q13,Q15:Q17,Q19:Q20,Q22:Q29,Q31:Q32,Q34:Q35,Q37,Q39:Q41) -> 5.46875
E4: End: | H4: By: | Q4: Two Line | S4: =AVERAGE(Q12,Q14,Q18,Q21,Q30,Q36,Q38,Q33) -> 10.75
B6: Comments:
B9: Plot | C9: Acron | D9: Trt. | E9: Irrig. | F9: Pop. | G9: N | H9: Block | I9: Col. | J9: Exotech Code | K9: Row3 | L9: Row4 | M9: Row5 | N9: Row6 | O9: Row7 | P9: Row8 | Q9: Mean per meter | R9: std err | S9: Nrml. mean per meter | T9: Comments
B10: 101 | C10: FSH | D10: 1 | E10: =IF(LEFT($C10,1)="F",1,2) -> 1 | F10: =IF(MID($C10,2,1)="S",1,IF(MID($C10,2,1)="T",2,IF(MID($C10,2,1)="D",3,0))) -> 1 | G10: =IF(RIGHT($C10,1)="L",1,2) -> 2 | H10: 1 | I10: =B10-INT(B10/100)*100 -> 1 | J10: =(E10&F10&G10&"."&H10) -> 112.1 | M10: 11 | N10: 10 | Q10: =AVERAGE(K10:P10)/2 -> 5.25 | R10: =STDEV(K10:P10)/2/SQRT(COUNT(K10:P10)) -> 0.25 | S10: =IF(F10=3,Q10/2,Q10) -> 5.25 | V10: Average of Nrml. mean per meter
B11: 102 | C11: FTL | D11: 4 | E11: =IF(LEFT($C11,1)="F",1,2) -> 1 | F11: =IF(MID($C11,2,1)="S",1,IF(MID($C11,2,1)="T",2,IF(MID($C11,2,1)="D",3,0))) -> 2 | G11: =IF(RIGHT($C11,1)="L",1,2) -> 1 | H11: 1 | I11: =B11-INT(B11/100)*100 -> 2 | J11: =(E11&F11&G11&"."&H11) -> 121.1 | M11: 3 | N11: 13 | Q11: =AVERAGE(K11:P11)/2 -> 4 | R11: =STDEV(K11:P11)/2/SQRT(COUNT(K11:P11)) -> 2.5 | S11: =IF(F11=3,Q11/2,Q11) -> 4 | V11: Col. | W11: Total
B12: 103 | C12: FDH | D12: 5 | E12: =IF(LEFT($C12,1)="F",1,2) -> 1 | F12: =IF(MID($C12,2,1)="S",1,IF(MID($C12,2,1)="T",2,IF(MID($C12,2,1)="D",3,0))) -> 3 | G12: =IF(RIGHT($C12,1)="L",1,2) -> 2 | H12: 1 | I12: =B12-INT(B12/100)*100 -> 3 | J12: =(E12&F12&G12&"."&H12) -> 132.1 | M12: 16 | N12: 20 | Q12: =AVERAGE(K12:P12)/2 -> 9 | R12: =STDEV(K12:P12)/2/SQRT(COUNT(K12:P12)) -> 1 | S12: =IF(F12=3,Q12/2,Q12) -> 4.5 | V12: 1 | W12: 5.625
B13: 104 | C13: NTL | D13: 10 | E13: =IF(LEFT($C13,1)="F",1,2) -> 2 | F13: =IF(MID($C13,2,1)="S",1,IF(MID($C13,2,1)="T",2,IF(MID($C13,2,1)="D",3,0))) -> 2 | G13: =IF(RIGHT($C13,1)="L",1,2) -> 1 | H13: 1 | I13: =B13-INT(B13/100)*100 -> 4 | J13: =(E13&F13&G13&"."&H13) -> 221.1 | M13: 13 | N13: 12 | Q13: =AVERAGE(K13:P13)/2 -> 6.25 | R13: =STDEV(K13:P13)/2/SQRT(COUNT(K13:P13)) -> 0.25 | S13: =IF(F13=3,Q13/2,Q13) -> 6.25 | V13: 2 | W13: 5.8333333
B14: 105 | C14: NDL | D14: 12 | E14: =IF(LEFT($C14,1)="F",1,2) -> 2 | F14: =IF(MID($C14,2,1)="S",1,IF(MID($C14,2,1)="T",2,IF(MID($C14,2,1)="D",3,0))) -> 3 | G14: =IF(RIGHT($C14,1)="L",1,2) -> 1 | H14: 2 | I14: =B14-INT(B14/100)*100 -> 5 | J14: =(E14&F14&G14&"."&H14) -> 231.2 | M14: 25 | N14: 14 | Q14: =AVERAGE(K14:P14)/2 -> 9.75 | R14: =STDEV(K14:P14)/2/SQRT(COUNT(K14:P14)) -> 2.75 | S14: =IF(F14=3,Q14/2,Q14) -> 4.875 | V14: 3 | W14: 5.625
B15: 106 | C15: NTH | D15: 9 | E15: =IF(LEFT($C15,1)="F",1,2) -> 2 | F15: =IF(MID($C15,2,1)="S",1,IF(MID($C15,2,1)="T",2,IF(MID($C15,2,1)="D",3,0))) -> 2 | G15: =IF(RIGHT($C15,1)="L",1,2) -> 2 | H15: 2 | I15: =B15-INT(B15/100)*100 -> 6 | J15: =(E15&F15&G15&"."&H15) -> 222.2 | M15: 9 | N15: 10 | Q15: =AVERAGE(K15:P15)/2 -> 4.75 | R15: =STDEV(K15:P15)/2/SQRT(COUNT(K15:P15)) -> 0.25 | S15: =IF(F15=3,Q15/2,Q15) -> 4.75 | V15: 4 | W15: 7.46875
B16: 107 | C16: NTL | D16: 10 | E16: =IF(LEFT($C16,1)="F",1,2) -> 2 | F16: =IF(MID($C16,2,1)="S",1,IF(MID($C16,2,1)="T",2,IF(MID($C16,2,1)="D",3,0))) -> 2 | G16: =IF(RIGHT($C16,1)="L",1,2) -> 1 | H16: 2 | I16: =B16-INT(B16/100)*100 -> 7 | J16: =(E16&F16&G16&"."&H16) -> 221.2 | M16: 14 | N16: 10 | Q16: =AVERAGE(K16:P16)/2 -> 6 | R16: =STDEV(K16:P16)/2/SQRT(COUNT(K16:P16)) -> 1 | S16: =IF(F16=3,Q16/2,Q16) -> 6 | V16: 5 | W16: 6.40625
B17: 108 | C17: FTH | D17: 3 | E17: =IF(LEFT($C17,1)="F",1,2) -> 1 | F17: =IF(MID($C17,2,1)="S",1,IF(MID($C17,2,1)="T",2,IF(MID($C17,2,1)="D",3,0))) -> 2 | G17: =IF(RIGHT($C17,1)="L",1,2) -> 2 | H17: 2 | I17: =B17-INT(B17/100)*100 -> 8 | J17: =(E17&F17&G17&"."&H17) -> 122.2 | M17: 2 | N17: 17 | Q17: =AVERAGE(K17:P17)/2 -> 4.75 | R17: =STDEV(K17:P17)/2/SQRT(COUNT(K17:P17)) -> 3.75 | S17: =IF(F17=3,Q17/2,Q17) -> 4.75 | V17: 6 | W17: 6.8125
B18: 201 | C18: NDL | D18: 12 | E18: =IF(LEFT($C18,1)="F",1,2) -> 2 | F18: =IF(MID($C18,2,1)="S",1,IF(MID($C18,2,1)="T",2,IF(MID($C18,2,1)="D",3,0))) -> 3 | G18: =IF(RIGHT($C18,1)="L",1,2) -> 1 | H18: 1 | I18: =B18-INT(B18/100)*100 -> 1 | J18: =(E18&F18&G18&"."&H18) -> 231.1 | M18: 23 | N18: 16 | Q18: =AVERAGE(K18:P18)/2 -> 9.75 | R18: =STDEV(K18:P18)/2/SQRT(COUNT(K18:P18)) -> 1.75 | S18: =IF(F18=3,Q18/2,Q18) -> 4.875 | V18: 7 | W18: 4.9375
B19: 202 | C19: NTH | D19: 9 | E19: =IF(LEFT($C19,1)="F",1,2) -> 2 | F19: =IF(MID($C19,2,1)="S",1,IF(MID($C19,2,1)="T",2,IF(MID($C19,2,1)="D",3,0))) -> 2 | G19: =IF(RIGHT($C19,1)="L",1,2) -> 2 | H19: 1 | I19: =B19-INT(B19/100)*100 -> 2 | J19: =(E19&F19&G19&"."&H19) -> 222.1 | M19: 5 | N19: 10 | Q19: =AVERAGE(K19:P19)/2 -> 3.75 | R19: =STDEV(K19:P19)/2/SQRT(COUNT(K19:P19)) -> 1.25 | S19: =IF(F19=3,Q19/2,Q19) -> 3.75 | V19: 8 | W19: 5.90625
B20: 203 | C20: FTH | D20: 3 | E20: =IF(LEFT($C20,1)="F",1,2) -> 1 | F20: =IF(MID($C20,2,1)="S",1,IF(MID($C20,2,1)="T",2,IF(MID($C20,2,1)="D",3,0))) -> 2 | G20: =IF(RIGHT($C20,1)="L",1,2) -> 2 | H20: 1 | I20: =B20-INT(B20/100)*100 -> 3 | J20: =(E20&F20&G20&"."&H20) -> 122.1 | M20: 17 | N20: 16 | Q20: =AVERAGE(K20:P20)/2 -> 8.25 | R20: =STDEV(K20:P20)/2/SQRT(COUNT(K20:P20)) -> 0.25 | S20: =IF(F20=3,Q20/2,Q20) -> 8.25 | V20: Grand Total | W20: 6.0768229
B21: 204 | C21: NDH | D21: 11 | E21: =IF(LEFT($C21,1)="F",1,2) -> 2 | F21: =IF(MID($C21,2,1)="S",1,IF(MID($C21,2,1)="T",2,IF(MID($C21,2,1)="D",3,0))) -> 3 | G21: =IF(RIGHT($C21,1)="L",1,2) -> 2 | H21: 1 | I21: =B21-INT(B21/100)*100 -> 4 | J21: =(E21&F21&G21&"."&H21) -> 232.1 | M21: 33 | N21: 19 | Q21: =AVERAGE(K21:P21)/2 -> 13 | R21: =STDEV(K21:P21)/2/SQRT(COUNT(K21:P21)) -> 3.5 | S21: =IF(F21=3,Q21/2,Q21) -> 6.5
B22: 205 | C22: FSH | D22: 1 | E22: =IF(LEFT($C22,1)="F",1,2) -> 1 | F22: =IF(MID($C22,2,1)="S",1,IF(MID($C22,2,1)="T",2,IF(MID($C22,2,1)="D",3,0))) -> 1 | G22: =IF(RIGHT($C22,1)="L",1,2) -> 2 | H22: 2 | I22: =B22-INT(B22/100)*100 -> 5 | J22: =(E22&F22&G22&"."&H22) -> 112.2 | M22: 13 | N22: 13 | Q22: =AVERAGE(K22:P22)/2 -> 6.5 | R22: =STDEV(K22:P22)/2/SQRT(COUNT(K22:P22)) -> 0 | S22: =IF(F22=3,Q22/2,Q22) -> 6.5
B23: 206 | C23: NSL | D23: 8 | E23: =IF(LEFT($C23,1)="F",1,2) -> 2 | F23: =IF(MID($C23,2,1)="S",1,IF(MID($C23,2,1)="T",2,IF(MID($C23,2,1)="D",3,0))) -> 1 | G23: =IF(RIGHT($C23,1)="L",1,2) -> 1 | H23: 2 | I23: =B23-INT(B23/100)*100 -> 6 | J23: =(E23&F23&G23&"."&H23) -> 211.2 | M23: 8 | N23: 14 | Q23: =AVERAGE(K23:P23)/2 -> 5.5 | R23: =STDEV(K23:P23)/2/SQRT(COUNT(K23:P23)) -> 1.5 | S23: =IF(F23=3,Q23/2,Q23) -> 5.5
B24: 207 | C24: FTL | D24: 4 | E24: =IF(LEFT($C24,1)="F",1,2) -> 1 | F24: =IF(MID($C24,2,1)="S",1,IF(MID($C24,2,1)="T",2,IF(MID($C24,2,1)="D",3,0))) -> 2 | G24: =IF(RIGHT($C24,1)="L",1,2) -> 1 | H24: 2 | I24: =B24-INT(B24/100)*100 -> 7 | J24: =(E24&F24&G24&"."&H24) -> 121.2 | M24: 2 | N24: 2 | Q24: =AVERAGE(K24:P24)/2 -> 1 | R24: =STDEV(K24:P24)/2/SQRT(COUNT(K24:P24)) -> 0 | S24: =IF(F24=3,Q24/2,Q24) -> 1
B25: 208 | C25: FSL | D25: 2 | E25: =IF(LEFT($C25,1)="F",1,2) -> 1 | F25: =IF(MID($C25,2,1)="S",1,IF(MID($C25,2,1)="T",2,IF(MID($C25,2,1)="D",3,0))) -> 1 | G25: =IF(RIGHT($C25,1)="L",1,2) -> 1 | H25: 2 | I25: =B25-INT(B25/100)*100 -> 8 | J25: =(E25&F25&G25&"."&H25) -> 111.2 | M25: 9 | N25: 14 | Q25: =AVERAGE(K25:P25)/2 -> 5.75 | R25: =STDEV(K25:P25)/2/SQRT(COUNT(K25:P25)) -> 1.25 | S25: =IF(F25=3,Q25/2,Q25) -> 5.75
B26: 301 | C26: NTL | D26: 10 | E26: =IF(LEFT($C26,1)="F",1,2) -> 2 | F26: =IF(MID($C26,2,1)="S",1,IF(MID($C26,2,1)="T",2,IF(MID($C26,2,1)="D",3,0))) -> 2 | G26: =IF(RIGHT($C26,1)="L",1,2) -> 1 | H26: 3 | I26: =B26-INT(B26/100)*100 -> 1 | J26: =(E26&F26&G26&"."&H26) -> 221.3 | M26: 17 | N26: 13 | Q26: =AVERAGE(K26:P26)/2 -> 7.5 | R26: =STDEV(K26:P26)/2/SQRT(COUNT(K26:P26)) -> 1 | S26: =IF(F26=3,Q26/2,Q26) -> 7.5
B27: 302 | C27: FTL | D27: 4 | E27: =IF(LEFT($C27,1)="F",1,2) -> 1 | F27: =IF(MID($C27,2,1)="S",1,IF(MID($C27,2,1)="T",2,IF(MID($C27,2,1)="D",3,0))) -> 2 | G27: =IF(RIGHT($C27,1)="L",1,2) -> 1 | H27: 3 | I27: =B27-INT(B27/100)*100 -> 2 | J27: =(E27&F27&G27&"."&H27) -> 121.3 | M27: 4 | N27: 16 | Q27: =AVERAGE(K27:P27)/2 -> 5 | R27: =STDEV(K27:P27)/2/SQRT(COUNT(K27:P27)) -> 3 | S27: =IF(F27=3,Q27/2,Q27) -> 5
B28: 303 | C28: NSL | D28: 8 | E28: =IF(LEFT($C28,1)="F",1,2) -> 2 | F28: =IF(MID($C28,2,1)="S",1,IF(MID($C28,2,1)="T",2,IF(MID($C28,2,1)="D",3,0))) -> 1 | G28: =IF(RIGHT($C28,1)="L",1,2) -> 1 | H28: 3 | I28: =B28-INT(B28/100)*100 -> 3 | J28: =(E28&F28&G28&"."&H28) -> 211.3 | M28: 8 | N28: 2 | Q28: =AVERAGE(K28:P28)/2 -> 2.5 | R28: =STDEV(K28:P28)/2/SQRT(COUNT(K28:P28)) -> 1.5 | S28: =IF(F28=3,Q28/2,Q28) -> 2.5
B29: 304 | C29: FSL | D29: 2 | E29: =IF(LEFT($C29,1)="F",1,2) -> 1 | F29: =IF(MID($C29,2,1)="S",1,IF(MID($C29,2,1)="T",2,IF(MID($C29,2,1)="D",3,0))) -> 1 | G29: =IF(RIGHT($C29,1)="L",1,2) -> 1 | H29: 3 | I29: =B29-INT(B29/100)*100 -> 4 | J29: =(E29&F29&G29&"."&H29) -> 111.3 | M29: 10 | N29: 14 | Q29: =AVERAGE(K29:P29)/2 -> 6 | R29: =STDEV(K29:P29)/2/SQRT(COUNT(K29:P29)) -> 1 | S29: =IF(F29=3,Q29/2,Q29) -> 6
B30: 305 | C30: NDH | D30: 11 | E30: =IF(LEFT($C30,1)="F",1,2) -> 2 | F30: =IF(MID($C30,2,1)="S",1,IF(MID($C30,2,1)="T",2,IF(MID($C30,2,1)="D",3,0))) -> 3 | G30: =IF(RIGHT($C30,1)="L",1,2) -> 2 | H30: 4 | I30: =B30-INT(B30/100)*100 -> 5 | J30: =(E30&F30&G30&"."&H30) -> 232.4 | M30: 34 | N30: 22 | Q30: =AVERAGE(K30:P30)/2 -> 14 | R30: =STDEV(K30:P30)/2/SQRT(COUNT(K30:P30)) -> 3 | S30: =IF(F30=3,Q30/2,Q30) -> 7
B31: 306 | C31: FTL | D31: 4 | E31: =IF(LEFT($C31,1)="F",1,2) -> 1 | F31: =IF(MID($C31,2,1)="S",1,IF(MID($C31,2,1)="T",2,IF(MID($C31,2,1)="D",3,0))) -> 2 | G31: =IF(RIGHT($C31,1)="L",1,2) -> 1 | H31: 4 | I31: =B31-INT(B31/100)*100 -> 6 | J31: =(E31&F31&G31&"."&H31) -> 121.4 | M31: 15 | N31: 21 | Q31: =AVERAGE(K31:P31)/2 -> 9 | R31: =STDEV(K31:P31)/2/SQRT(COUNT(K31:P31)) -> 1.5 | S31: =IF(F31=3,Q31/2,Q31) -> 9
B32: 307 | C32: NTH | D32: 9 | E32: =IF(LEFT($C32,1)="F",1,2) -> 2 | F32: =IF(MID($C32,2,1)="S",1,IF(MID($C32,2,1)="T",2,IF(MID($C32,2,1)="D",3,0))) -> 2 | G32: =IF(RIGHT($C32,1)="L",1,2) -> 2 | H32: 4 | I32: =B32-INT(B32/100)*100 -> 7 | J32: =(E32&F32&G32&"."&H32) -> 222.4 | M32: 12 | N32: 9 | Q32: =AVERAGE(K32:P32)/2 -> 5.25 | R32: =STDEV(K32:P32)/2/SQRT(COUNT(K32:P32)) -> 0.75 | S32: =IF(F32=3,Q32/2,Q32) -> 5.25
... B39: 406 | C39: FTH | D39: 3 | E39: =IF(LEFT($C39,1)="F",1,2) -> 1 | F39: =IF(MID($C39,2,1)="S",1,IF(MID($C39,2,1)="T",2,IF(MID($C39,2,1)="D",3,0))) -> 2 | G39: =IF(RIGHT($C39,1)="L",1,2) -> 2 | H39: 4 | I39: =B39-INT(B39/100)*100 -> 6 | J39: =(E39&F39&G39&"."&H39) -> 122.4 | M39: 11 | N39: 15 | Q39: =AVERAGE(K39:P39)/2 -> 6.5 | R39: =STDEV(K39:P39)/2/SQRT(COUNT(K39:P39)) -> 1 | S39: =IF(F39=3,Q39/2,Q39) -> 6.5
B40: 407 | C40: NSH | D40: 7 | E40: =IF(LEFT($C40,1)="F",1,2) -> 2 | F40: =IF(MID($C40,2,1)="S",1,IF(MID($C40,2,1)="T",2,IF(MID($C40,2,1)="D",3,0))) -> 1 | G40: =IF(RIGHT($C40,1)="L",1,2) -> 2 | H40: 4 | I40: =B40-INT(B40/100)*100 -> 7 | J40: =(E40&F40&G40&"."&H40) -> 212.4 | M40: 11 | N40: 9 | Q40: =AVERAGE(K40:P40)/2 -> 5 | R40: =STDEV(K40:P40)/2/SQRT(COUNT(K40:P40)) -> 0.5 | S40: =IF(F40=3,Q40/2,Q40) -> 5 | V40: Average of Mean per meter
B41: 408 | C41: NTL | D41: 10 | E41: =IF(LEFT($C41,1)="F",1,2) -> 2 | F41: =IF(MID($C41,2,1)="S",1,IF(MID($C41,2,1)="T",2,IF(MID($C41,2,1)="D",3,0))) -> 2 | G41: =IF(RIGHT($C41,1)="L",1,2) -> 1 | H41: 4 | I41: =B41-INT(B41/100)*100 -> 8 | J41: =(E41&F41&G41&"."&H41) -> 221.4 | M41: 12 | N41: 14 | Q41: =AVERAGE(K41:P41)/2 -> 6.5 | R41: =STDEV(K41:P41)/2/SQRT(COUNT(K41:P41)) -> 0.5 | S41: =IF(F41=3,Q41/2,Q41) -> 6.5 | V41: Acron | W41: Total
B42: 901 | C42: WS | D42: 32 | E42: 9 | F42: 0 | G42: 1 | H42: 1 | I42: =B42-INT(B42/100)*100 -> 1 | J42: =(E42&F42&G42&"."&H42) -> 901.1 | M42: 0 | N42: 0 | Q42: =AVERAGE(K42:P42)/2 -> 0 | R42: =STDEV(K42:P42)/2/SQRT(COUNT(K42:P42)) -> 0 | S42: =IF(F42=3,Q42/2,Q42) -> 0 | V42: FDH | W42: 9.75
B43: 902 | C43: 15Jul | D43: 22 | E43: 4 | F43: 2 | G43: 2 | H43: 1 | I43: =B43-INT(B43/100)*100 -> 2 | J43: =(E43&F43&G43&"."&H43) -> 422.1 | M43: 18 | N43: 14 | Q43: =AVERAGE(K43:P43)/2 -> 8 | R43: =STDEV(K43:P43)/2/SQRT(COUNT(K43:P43)) -> 1 | S43: =IF(F43=3,Q43/2,Q43) -> 8 | V43: FDL | W43: 11.625
B44: 903 | C44: DS | D44: 31 | E44: 8 | F44: 0 | G44: 1 | H44: 1 | I44: =B44-INT(B44/100)*100 -> 3 | J44: =(E44&F44&G44&"."&H44) -> 801.1 | M44: 0 | N44: 0 | Q44: =AVERAGE(K44:P44)/2 -> 0 | R44: =STDEV(K44:P44)/2/SQRT(COUNT(K44:P44)) -> 0 | S44: =IF(F44=3,Q44/2,Q44) -> 0 | V44: FSH | W44: 6.5
B45: 904 | C45: 1Jun | D45: 21 | E45: 3 | F45: 2 | G45: 2 | H45: 1 | I45: =B45-INT(B45/100)*100 -> 4 | J45: =(E45&F45&G45&"."&H45) -> 322.1 | M45: 13 | N45: 16 | Q45: =AVERAGE(K45:P45)/2 -> 7.25 | R45: =STDEV(K45:P45)/2/SQRT(COUNT(K45:P45)) -> 0.75 | S45: =IF(F45=3,Q45/2,Q45) -> 7.25 | V45: FSL | W45: 6.375
B46: 905 | C46: WS | D46: 32 | E46: 9 | F46: 0 | G46: 1 | H46: 2 | I46: =B46-INT(B46/100)*100 -> 5 | J46: =(E46&F46&G46&"."&H46) -> 901.2 | M46: 0 | N46: 0 | Q46: =AVERAGE(K46:P46)/2 -> 0 | R46: =STDEV(K46:P46)/2/SQRT(COUNT(K46:P46)) -> 0 | S46: =IF(F46=3,Q46/2,Q46) -> 0 | V46: FTH | W46: 7.25
B47: 906 | C47: 15Jul | D47: 22 | E47: 4 | F47: 2 | G47: 2 | H47: 2 | I47: =B47-INT(B47/100)*100 -> 6 | J47: =(E47&F47&G47&"."&H47) -> 422.2 | M47: 11 | N47: 18 | Q47: =AVERAGE(K47:P47)/2 -> 7.25 | R47: =STDEV(K47:P47)/2/SQRT(COUNT(K47:P47)) -> 1.75 | S47: =IF(F47=3,Q47/2,Q47) -> 7.25 | V47: FTL | W47: 5.6458333
B48: 907 | C48: DS | D48: 31 | E48: 8 | F48: 0 | G48: 1 | H48: 2 | I48: =B48-INT(B48/100)*100 -> 7 | J48: =(E48&F48&G48&"."&H48) -> 801.2 | M48: 0 | N48: 0 | Q48: =AVERAGE(K48:P48)/2 -> 0 | R48: =STDEV(K48:P48)/2/SQRT(COUNT(K48:P48)) -> 0 | S48: =IF(F48=3,Q48/2,Q48) -> 0 | V48: NDH | W48: 14.5
