Workbook

Sheet Summary
A1: Year | B1: DOY | C1: Experiment | D1: Tube | E1: d290cm | F1: d270cm | G1: d250cm | H1: d230cm | I1: d210cm | J1: d190cm | K1: d170cm | L1: d150cm | M1: d130cm | N1: d110cm | O1: d090cm | P1: d070cm | Q1: d050cm | R1: d015cm
A2: 2003 | B2: 104 | C2: FISE | D2: 101 | E2: 0.194 | F2: 0.195 | G2: 0.197 | H2: 0.145 | I2: 0.095 | J2: 0.094 | K2: 0.101 | L2: 0.094 | M2: 0.093 | N2: 0.075 | O2: 0.071 | P2: 0.086 | Q2: 0.093 | R2: 0.082
A3: 2003 | B3: 104 | C3: FISE | D3: 102 | E3: 0.182 | F3: 0.181 | G3: 0.186 | H3: 0.166 | I3: 0.127 | J3: 0.113 | K3: 0.101 | L3: 0.099 | M3: 0.096 | N3: 0.083 | O3: 0.067 | P3: 0.072 | Q3: 0.094 | R3: 0.077
A4: 2003 | B4: 104 | C4: FISE | D4: 103 | E4: 0.17 | F4: 0.178 | G4: 0.163 | H4: 0.166 | I4: 0.134 | J4: 0.118 | K4: 0.14 | L4: 0.133 | M4: 0.144 | N4: 0.139 | O4: 0.143 | P4: 0.121 | Q4: 0.093 | R4: 0.073
A5: 2003 | B5: 104 | C5: FISE | D5: 104 | E5: 0.182 | F5: 0.186 | G5: 0.194 | H5: 0.196 | I5: 0.142 | J5: 0.106 | K5: 0.115 | L5: 0.133 | M5: 0.152 | N5: 0.151 | O5: 0.13 | P5: 0.115 | Q5: 0.105 | R5: 0.092
A6: 2003 | B6: 104 | C6: FISE | D6: 105 | E6: 0.17 | F6: 0.174 | G6: 0.192 | H6: 0.199 | I6: 0.134 | J6: 0.133 | K6: 0.139 | L6: 0.153 | M6: 0.149 | N6: 0.145 | O6: 0.154 | P6: 0.124 | Q6: 0.105 | R6: 0.081
A7: 2003 | B7: 104 | C7: FISE | D7: 106 | E7: 0.18 | F7: 0.181 | G7: 0.193 | H7: 0.188 | I7: 0.186 | J7: 0.128 | K7: 0.119 | L7: 0.122 | M7: 0.142 | N7: 0.151 | O7: 0.14 | P7: 0.116 | Q7: 0.096 | R7: 0.065
A8: 2003 | B8: 104 | C8: FISE | D8: 107 | E8: 0.172 | F8: 0.172 | G8: 0.194 | H8: 0.19 | I8: 0.145 | J8: 0.121 | K8: 0.107 | L8: 0.101 | M8: 0.115 | N8: 0.106 | O8: 0.099 | P8: 0.096 | Q8: 0.096 | R8: 0.077
A9: 2003 | B9: 104 | C9: FISE | D9: 108 | E9: 0.136 | F9: 0.128 | G9: 0.143 | H9: 0.118 | I9: 0.099 | J9: 0.1 | K9: 0.105 | L9: 0.128 | M9: 0.149 | N9: 0.152 | O9: 0.118 | P9: 0.095 | Q9: 0.088 | R9: 0.078
A10: 2003 | B10: 104 | C10: FISE | D10: 201 | E10: 0.182 | F10: 0.184 | G10: 0.182 | H10: 0.161 | I10: 0.112 | J10: 0.103 | K10: 0.107 | L10: 0.121 | M10: 0.132 | N10: 0.136 | O10: 0.13 | P10: 0.122 | Q10: 0.104 | R10: 0.093
A11: 2003 | B11: 104 | C11: FISE | D11: 202 | E11: 0.184 | F11: 0.187 | G11: 0.157 | H11: 0.132 | I11: 0.105 | J11: 0.102 | K11: 0.076 | L11: 0.071 | M11: 0.067 | N11: 0.07 | O11: 0.07 | P11: 0.08 | Q11: 0.092 | R11: 0.069
A12: 2003 | B12: 104 | C12: FISE | D12: 203 | E12: 0.187 | F12: 0.186 | G12: 0.185 | H12: 0.188 | I12: 0.139 | J12: 0.119 | K12: 0.114 | L12: 0.118 | M12: 0.143 | N12: 0.138 | O12: 0.123 | P12: 0.107 | Q12: 0.095 | R12: 0.087
A13: 2003 | B13: 104 | C13: FISE | D13: 204 | E13: 0.184 | F13: 0.185 | G13: 0.185 | H13: 0.198 | I13: 0.139 | J13: 0.119 | K13: 0.116 | L13: 0.118 | M13: 0.142 | N13: 0.138 | O13: 0.131 | P13: 0.103 | Q13: 0.098 | R13: 0.071
... A1159: 2003 | B1159: 279 | C1159: FISE | D1159: 106 | E1159: 0.194 | F1159: 0.207 | G1159: 0.207 | H1159: 0.199 | I1159: 0.139 | J1159: 0.13 | K1159: 0.131 | L1159: 0.158 | M1159: 0.166 | N1159: 0.15 | O1159: 0.127 | P1159: 0.103 | Q1159: 0.073 | R1159: 0.104
A1160: 2003 | B1160: 279 | C1160: FISE | D1160: 107 | E1160: 0.189 | F1160: 0.211 | G1160: 0.204 | H1160: 0.16 | I1160: 0.13 | J1160: 0.126 | K1160: 0.126 | L1160: 0.146 | M1160: 0.136 | N1160: 0.125 | O1160: 0.109 | P1160: 0.109 | Q1160: 0.069
A1161: 2003 | B1161: 279 | C1161: FISE | D1161: 108 | E1161: 0.151 | F1161: 0.154 | G1161: 0.127 | H1161: 0.107 | I1161: 0.108 | J1161: 0.116 | K1161: 0.139 | L1161: 0.16 | M1161: 0.167 | N1161: 0.141 | O1161: 0.102 | P1161: 0.096 | Q1161: 0.061 | R1161: 0.099
A1162: 2003 | B1162: 279 | C1162: FISE | D1162: 201 | E1162: 0.208 | F1162: 0.202 | G1162: 0.173 | H1162: 0.13 | I1162: 0.124 | J1162: 0.143 | K1162: 0.15 | L1162: 0.17 | M1162: 0.163 | N1162: 0.148 | O1162: 0.134 | P1162: 0.113 | Q1162: 0.073 | R1162: 0.09
A1163: 2003 | B1163: 279 | C1163: FISE | D1163: 202 | E1163: 0.202 | F1163: 0.17 | G1163: 0.145 | H1163: 0.116 | I1163: 0.111 | J1163: 0.084 | K1163: 0.077 | L1163: 0.075 | M1163: 0.076 | N1163: 0.077 | O1163: 0.086 | P1163: 0.099 | Q1163: 0.067 | R1163: 0.097
A1164: 2003 | B1164: 279 | C1164: FISE | D1164: 203 | E1164: 0.204 | F1164: 0.205 | G1164: 0.202 | H1164: 0.149 | I1164: 0.128 | J1164: 0.133 | K1164: 0.144 | L1164: 0.164 | M1164: 0.159 | N1164: 0.143 | O1164: 0.12 | P1164: 0.102 | Q1164: 0.067 | R1164: 0.1
A1165: 2003 | B1165: 279 | C1165: FISE | D1165: 204 | E1165: 0.198 | F1165: 0.201 | G1165: 0.213 | H1165: 0.149 | I1165: 0.128 | J1165: 0.135 | K1165: 0.141 | L1165: 0.163 | M1165: 0.163 | N1165: 0.154 | O1165: 0.115 | P1165: 0.105 | Q1165: 0.071 | R1165: 0.071
A1166: 2003 | B1166: 279 | C1166: FISE | D1166: 205 | E1166: 0.212 | F1166: 0.213 | G1166: 0.206 | H1166: 0.178 | I1166: 0.124 | J1166: 0.118 | K1166: 0.128 | L1166: 0.154 | M1166: 0.178 | N1166: 0.169 | O1166: 0.167 | P1166: 0.118 | Q1166: 0.069 | R1166: 0.099
A1167: 2003 | B1167: 279 | C1167: FISE | D1167: 206 | E1167: 0.177 | F1167: 0.187 | G1167: 0.18 | H1167: 0.189 | I1167: 0.147 | J1167: 0.149 | K1167: 0.152 | L1167: 0.156 | M1167: 0.149 | O1167: 0.118 | P1167: 0.107 | Q1167: 0.072 | R1167: 0.061
A1168: 2003 | B1168: 279 | C1168: FISE | D1168: 207 | E1168: 0.177 | F1168: 0.178 | G1168: 0.166 | H1168: 0.136 | I1168: 0.133 | J1168: 0.142 | K1168: 0.148 | L1168: 0.167 | M1168: 0.167 | N1168: 0.159 | O1168: 0.111 | P1168: 0.112 | Q1168: 0.076 | R1168: 0.097
A1169: 2003 | B1169: 279 | C1169: FISE | D1169: 208 | E1169: 0.203 | F1169: 0.201 | G1169: 0.16 | H1169: 0.13 | I1169: 0.122 | J1169: 0.119 | K1169: 0.107 | L1169: 0.117 | M1169: 0.125 | N1169: 0.101 | O1169: 0.092 | P1169: 0.099 | Q1169: 0.069 | R1169: 0.07
A1170: 2003 | B1170: 279 | C1170: FISE | D1170: 301 | E1170: 0.205 | F1170: 0.234 | G1170: 0.231 | H1170: 0.225 | I1170: 0.21 | J1170: 0.121 | K1170: 0.102 | L1170: 0.123 | M1170: 0.165 | N1170: 0.174 | O1170: 0.16 | P1170: 0.125 | Q1170: 0.075 | R1170: 0.077
A1171: 2003 | B1171: 279 | C1171: FISE | D1171: 302 | E1171: 0.243 | F1171: 0.232 | G1171: 0.234 | H1171: 0.251 | I1171: 0.204 | J1171: 0.172 | K1171: 0.164 | L1171: 0.165 | M1171: 0.186 | N1171: 0.175 | O1171: 0.129 | P1171: 0.117 | Q1171: 0.072 | R1171: 0.109
A1172: 2003 | B1172: 279 | C1172: FISE | D1172: 303 | E1172: 0.236 | F1172: 0.223 | G1172: 0.232 | H1172: 0.227 | I1172: 0.15 | J1172: 0.155 | K1172: 0.156 | L1172: 0.181 | M1172: 0.189 | N1172: 0.181 | O1172: 0.163 | P1172: 0.117 | Q1172: 0.074 | R1172: 0.086
A1173: 2003 | B1173: 279 | C1173: FISE | D1173: 304 | E1173: 0.207 | F1173: 0.215 | G1173: 0.212 | H1173: 0.192 | I1173: 0.173 | J1173: 0.181 | K1173: 0.179 | L1173: 0.172 | M1173: 0.172 | N1173: 0.173 | O1173: 0.159 | P1173: 0.123 | Q1173: 0.071 | R1173: 0.069
A1174: 2003 | B1174: 279 | C1174: FISE | D1174: 305 | E1174: 0.223 | F1174: 0.232 | G1174: 0.235 | H1174: 0.238 | I1174: 0.177 | J1174: 0.136 | K1174: 0.129 | L1174: 0.122 | M1174: 0.128 | N1174: 0.127 | O1174: 0.129 | P1174: 0.105 | Q1174: 0.071 | R1174: 0.074
A1175: 2003 | B1175: 279 | C1175: FISE | D1175: 306 | E1175: 0.225 | F1175: 0.231 | G1175: 0.243 | H1175: 0.231 | I1175: 0.156 | J1175: 0.167 | K1175: 0.164 | L1175: 0.16 | M1175: 0.187 | N1175: 0.188 | O1175: 0.179 | P1175: 0.135 | Q1175: 0.085 | R1175: 0.067
A1176: 2003 | B1176: 279 | C1176: FISE | D1176: 307 | E1176: 0.207 | F1176: 0.221 | G1176: 0.224 | H1176: 0.223 | I1176: 0.187 | J1176: 0.128 | K1176: 0.127 | L1176: 0.145 | M1176: 0.154 | N1176: 0.154 | O1176: 0.12 | P1176: 0.101 | Q1176: 0.066 | R1176: 0.051
A1177: 2003 | B1177: 279 | C1177: FISE | D1177: 308 | E1177: 0.222 | F1177: 0.23 | G1177: 0.229 | H1177: 0.208 | I1177: 0.201 | J1177: 0.132 | K1177: 0.094 | L1177: 0.091 | M1177: 0.079 | N1177: 0.078 | O1177: 0.074 | P1177: 0.088 | Q1177: 0.069 | R1177: 0.078
A1178: 2003 | B1178: 279 | C1178: FISE | D1178: 401 | E1178: 0.211 | F1178: 0.235 | G1178: 0.239 | H1178: 0.243 | I1178: 0.196 | J1178: 0.135 | K1178: 0.112 | L1178: 0.13 | M1178: 0.13 | N1178: 0.136 | O1178: 0.137 | P1178: 0.107 | Q1178: 0.066 | R1178: 0.067
A1179: 2003 | B1179: 279 | C1179: FISE | D1179: 402 | E1179: 0.186 | F1179: 0.211 | G1179: 0.21 | H1179: 0.22 | I1179: 0.215 | J1179: 0.115 | K1179: 0.121 | L1179: 0.111 | M1179: 0.149 | N1179: 0.154 | O1179: 0.146 | P1179: 0.123 | Q1179: 0.078 | R1179: 0.095
... A1217: 2003 | B1217: 282 | C1217: FISE | D1217: 408 | E1217: 0.209 | F1217: 0.186 | G1217: 0.188 | H1217: 0.186 | I1217: 0.163 | J1217: 0.14 | K1217: 0.107 | L1217: 0.122 | M1217: 0.143 | N1217: 0.182 | O1217: 0.182 | P1217: 0.162 | Q1217: 0.119 | R1217: 0.09

Sheet A
A1: DOY (Julian) | F1: 104 | M1: 115 | U1: 120 | AC1: 127 | AK1: 132 | AS1: 136 | BA1: 141 | BI1: 143 | BQ1: 147 | BY1: 149 | CG1: 151 | CO1: 152 | CW1: 155 | DE1: 156 | DM1: 159 | DU1: 161 | EC1: 162 | EK1: 163 | ES1: 164 | FA1: 166 | FI1: 167 | FQ1: 168 | FY1: 169 | GG1: 171 | GO1: 173 | GW1: 176 | HE1: 177 | HM1: 178 | HU1: 181 | IC1: 184 | IK1: 185 | IS1: 188
A2: RS cotton 2003 | C2: Neutron/TDR readings | H2: RS cotton 2003 | J2: Neutron/TDR readings | P2: RS cotton 2003 | R2: Neutron/TDR readings | X2: RS cotton 2003 | Z2: Neutron/TDR readings | AF2: RS cotton 2003 | AH2: Neutron/TDR readings | AN2: RS cotton 2003 | AP2: Neutron/TDR readings | AV2: RS cotton 2003 | AX2: Neutron/TDR readings | BD2: RS cotton 2003 | BF2: Neutron/TDR readings | BL2: RS cotton 2003 | BN2: Neutron/TDR readings | BT2: RS cotton 2003 | BV2: Neutron/TDR readings | CB2: RS cotton 2003 | CD2: Neutron/TDR readings | CJ2: RS cotton 2003 | CL2: Neutron/TDR readings | CR2: RS cotton 2003 | CT2: Neutron/TDR readings | CZ2: RS cotton 2003 | DB2: Neutron/TDR readings | DH2: RS cotton 2003 | DJ2: Neutron/TDR readings | DP2: RS cotton 2003 | DR2: Neutron/TDR readings | DX2: RS cotton 2003 | DZ2: Neutron/TDR readings | EF2: RS cotton 2003 | EH2: Neutron/TDR readings | EN2: RS cotton 2003 | EP2: Neutron/TDR readings | EV2: RS cotton 2003 | EX2: Neutron/TDR readings | FD2: RS cotton 2003 | FF2: Neutron/TDR readings | FL2: RS cotton 2003 | FN2: Neutron/TDR readings | FT2: RS cotton 2003 | FV2: Neutron/TDR readings | GB2: RS cotton 2003 | GD2: Neutron/TDR readings | GJ2: RS cotton 2003 | GL2: Neutron/TDR readings | GR2: RS cotton 2003 | GT2: Neutron/TDR readings | GZ2: RS cotton 2003 | HB2: Neutron/TDR readings | HH2: RS cotton 2003 | HJ2: Neutron/TDR readings | HP2: RS cotton 2003 | HR2: Neutron/TDR readings | HX2: RS cotton 2003 | HZ2: Neutron/TDR readings | IF2: RS cotton 2003 | IH2: Neutron/TDR readings | IN2: RS cotton 2003 | IP2: Neutron/TDR readings
A3: Treatdment summary | C3: 0-170 cm depth | H3: Treatdment summary | J3: 0-170 cm depth | L3: After irrig. | P3: Treatdment summary | R3: 0-170 cm depth | T3: Before irrig. | X3: Treatdment summary | Z3: 0-170 cm depth | AB3: After irrig. | AF3: Treatdment summary | AH3: 0-170 cm depth | AJ3: After irrig. | AN3: Treatdment summary | AP3: 0-170 cm depth | AR3: After irrig. | AV3: Treatdment summary | AX3: 0-170 cm depth | BD3: Treatdment summary | BF3: 0-170 cm depth | BL3: Treatdment summary | BN3: 0-170 cm depth | BT3: Treatdment summary | BV3: 0-170 cm depth | CB3: Treatdment summary | CD3: 0-170 cm depth | CJ3: Treatdment summary | CL3: 0-170 cm depth | CR3: Treatdment summary | CT3: 0-170 cm depth | CZ3: Treatdment summary | DB3: 0-170 cm depth | DH3: Treatdment summary | DJ3: 0-170 cm depth | DP3: Treatdment summary | DR3: 0-170 cm depth | DX3: Treatdment summary | DZ3: 0-170 cm depth | EF3: Treatdment summary | EH3: 0-170 cm depth | EN3: Treatdment summary | EP3: 0-170 cm depth | EV3: Treatdment summary | EX3: 0-170 cm depth | FD3: Treatdment summary | FF3: 0-170 cm depth | FL3: Treatdment summary | FN3: 0-170 cm depth | FT3: Treatdment summary | FV3: 0-170 cm depth | GB3: Treatdment summary | GD3: 0-170 cm depth | GJ3: Treatdment summary | GL3: 0-170 cm depth | GR3: Treatdment summary | GT3: 0-170 cm depth | GZ3: Treatdment summary | HB3: 0-170 cm depth | HH3: Treatdment summary | HJ3: 0-170 cm depth | HP3: Treatdment summary | HR3: 0-170 cm depth | HX3: Treatdment summary | HZ3: 0-170 cm depth | IF3: Treatdment summary | IH3: 0-170 cm depth | IN3: Treatdment summary | IP3: 0-170 cm depth
A4: Date: 14-Apr-03 | C4: File name: RS10403 | F4: Cum | H4: Date: 25-Apr-03 | J4: File name: RS11503 | M4: Cum | N4: Accum. | P4: Date: 30-Apr-03 | R4: File name: RS12003 | U4: Cum | V4: Accum. | X4: Date: 7-May-03 | Z4: File name: RS12703 | AC4: Cum | AD4: Accum. | AF4: Date: 12-May-03 | AH4: File name: RS13203 | AK4: Cum | AL4: Accum. | AN4: Date: 16-May-03 | AP4: File name: RS13603 | AS4: Cum | AT4: Accum. | AV4: Date: 21-May-03 | AX4: File name: RS14103 | BA4: Cum | BB4: Accum. | BD4: Date: 23-May-03 | BF4: File name: RS14303 | BI4: Cum | BJ4: Accum. | BL4: Date: 27-May-03 | BN4: File name: RS14703 | BQ4: Cum | BR4: Accum. | BT4: Date: 29-May-03 | BV4: File name: RS14903 | BY4: Cum | BZ4: Accum. | CB4: Date: 31-May-03 | CD4: File name: RS15103 | CG4: Cum | CH4: Accum. | CJ4: Date: 01-Jun-03 | CL4: File name: RS15203 | CO4: Cum | CP4: Accum. | CR4: Date: 04-Jun-03 | CT4: File name: RS15503 | CW4: Cum | CX4: Accum. | CZ4: Date: 05-Jun-03 | DB4: File name: RS15603 | DE4: Cum | DF4: Accum. | DH4: Date: 08-Jun-03 | DJ4: File name: RS15903 | DM4: Cum | DN4: Accum. | DP4: Date: 10-Jun-03 | DR4: File name: RS16103 | DU4: Cum | DV4: Accum. | DX4: Date: 11-Jun-03 | DZ4: File name: RS16203 | EC4: Cum | ED4: Accum. | EF4: Date: 12-Jun-03 | EH4: File name: RS16303 | EK4: Cum | EL4: Accum. | EN4: Date: 13-Jun-03 | EP4: File name: RS16403 | ES4: Cum | ET4: Accum. | EV4: Date: 15-Jun-03 | EX4: File name: RS16603 | FA4: Cum | FB4: Accum. | FD4: Date: 16-Jun-03 | FF4: File name: RS16703 | FI4: Cum | FJ4: Accum. | FL4: Date: 17-Jun-03 | FN4: File name: RS16903 | FQ4: Cum | FR4: Accum. | FT4: Date: 18-Jun-03 | FV4: File name: RS16903 | FY4: Cum | FZ4: Accum. | GB4: Date: 20-Jun-03 | GD4: File name: RS17103 | GG4: Cum | GH4: Accum. | GJ4: Date: 22-Jun-03 | GL4: File name: RS17303 | GO4: Cum | GP4: Accum. | GR4: Date: 25-Jun-03 | GT4: File name: RS17603 | GW4: Cum | GX4: Accum. | GZ4: Date: 26-Jun-03 | HB4: File name: RS17703 | HE4: Cum | HF4: Accum. | HH4: Date: 27-Jun-03 | HJ4: File name: RS17803 | HM4: Cum | HN4: Accum. | HP4: Date: 30-Jun-03 | HR4: File name: RS18103 | HU4: Cum | HV4: Accum. | HX4: Date: 03-Jul-03 | HZ4: File name: RS18403 | IC4: Cum | ID4: Accum. | IF4: Date: 04-Jul-03 | IH4: File name: RS18803 | II4: RS18503 | IK4: Cum | IL4: Accum. | IN4: Date: 07-Jul-03 | IP4: File name: RS18803 | IS4: Cum | IT4: Accum.
C5: ALL | F5: Storage | J5: ALL | M5: Storage | N5: diff | U5: Storage | V5: diff | AC5: Storage | AD5: diff | AK5: Storage | AL5: diff | AS5: Storage | AT5: diff | AX5: ALL | BA5: Storage | BB5: diff | BF5: NDH-L | BI5: Storage | BJ5: diff | BN5: ALL | BQ5: Storage | BR5: diff | BV5: NSH-L | BY5: Storage | BZ5: diff | CD5: FAO-NTH-L | CG5: Storage | CH5: diff | CL5: NDH-L-NSH-L | CO5: Storage | CP5: diff | CT5: NDH-L | CW5: Storage | CX5: diff | DB5: ALL BUT NDH-L | DE5: Storage | DF5: diff | DJ5: NDH-L | DM5: Storage | DN5: diff | DR5: FAO | DU5: Storage | DV5: diff | DZ5: 2 NTH-L | EC5: Storage | ED5: diff | EH5: NTH-L | EK5: Storage | EL5: diff | EP5: FAO and 1 NTH-L | ES5: Storage | ET5: diff | EX5: NDVI and FSH | FA5: Storage | FB5: diff | FF5: NTH-L | FI5: Storage | FJ5: diff | FN5: All but NSH | FQ5: Storage | FR5: diff | FV5: All but NSH | FY5: Storage | FZ5: diff | GD5: NSH | GG5: Storage | GH5: diff | GL5: FAO | GO5: Storage | GP5: diff | GT5: NDH-L & NTH | GW5: Storage | GX5: diff | HB5: FAO | HE5: Storage | HF5: diff | HJ5: NTH | HM5: Storage | HN5: diff | HR5: All | HU5: Storage | HV5: diff | HZ5: All but NSL, 1NTL and 1NTH | IC5: Storage | ID5: diff | IH5: NDH-L | IK5: Storage | IL5: diff | IP5: NDH-L | IS5: Storage | IT5: diff
A6: Tube no. | B6: Trt/Rep | C6: Depth cm | D6: % H2O | E6: H2O cm | F6: cm | H6: Tube no. | I6: Trt/Rep | J6: Depth cm | K6: % H2O | L6: H2O cm | M6: cm | N6: cm | P6: Tube no. | Q6: Trt/Rep | R6: Depth cm | S6: % H2O | T6: H2O cm | U6: cm | V6: cm | X6: Tube no. | Y6: Trt/Rep | Z6: Depth cm | AA6: % H2O | AB6: H2O cm | AC6: cm | AD6: cm | AF6: Tube no. | AG6: Trt/Rep | AH6: Depth cm | AI6: % H2O | AJ6: H2O cm | AK6: cm | AL6: cm | AN6: Tube no. | AO6: Trt/Rep | AP6: Depth cm | AQ6: % H2O | AR6: H2O cm | AS6: cm | AT6: cm | AV6: Tube no. | AW6: Trt/Rep | AX6: Depth cm | AY6: % H2O | AZ6: H2O cm | BA6: cm | BB6: cm | BD6: Tube no. | BE6: Trt/Rep | BF6: Depth cm | BG6: % H2O | BH6: H2O cm | BI6: cm | BJ6: cm | BL6: Tube no. | BM6: Trt/Rep | BN6: Depth cm | BO6: % H2O | BP6: H2O cm | BQ6: cm | BR6: cm | BT6: Tube no. | BU6: Trt/Rep | BV6: Depth cm | BW6: % H2O | BX6: H2O cm | BY6: cm | BZ6: cm | CB6: Tube no. | CC6: Trt/Rep | CD6: Depth cm | CE6: % H2O | CF6: H2O cm | CG6: cm | CH6: cm | CJ6: Tube no. | CK6: Trt/Rep | CL6: Depth cm | CM6: % H2O | CN6: H2O cm | CO6: cm | CP6: cm | CR6: Tube no. | CS6: Trt/Rep | CT6: Depth cm | CU6: % H2O | CV6: H2O cm | CW6: cm | CX6: cm | CZ6: Tube no. | DA6: Trt/Rep | DB6: Depth cm | DC6: % H2O | DD6: H2O cm | DE6: cm | DF6: cm | DH6: Tube no. | DI6: Trt/Rep | DJ6: Depth cm | DK6: % H2O | DL6: H2O cm | DM6: cm | DN6: cm | DP6: Tube no. | DQ6: Trt/Rep | DR6: Depth cm | DS6: % H2O | DT6: H2O cm | DU6: cm | DV6: cm | DX6: Tube no. | DY6: Trt/Rep | DZ6: Depth cm | EA6: % H2O | EB6: H2O cm | EC6: cm | ED6: cm | EF6: Tube no. | EG6: Trt/Rep | EH6: Depth cm | EI6: % H2O | EJ6: H2O cm | EK6: cm | EL6: cm | EN6: Tube no. | EO6: Trt/Rep | EP6: Depth cm | EQ6: % H2O | ER6: H2O cm | ES6: cm | ET6: cm | EV6: Tube no. | EW6: Trt/Rep | EX6: Depth cm | EY6: % H2O | EZ6: H2O cm | FA6: cm | FB6: cm | FD6: Tube no. | FE6: Trt/Rep | FF6: Depth cm | FG6: % H2O | FH6: H2O cm | FI6: cm | FJ6: cm | FL6: Tube no. | FM6: Trt/Rep | FN6: Depth cm | FO6: % H2O | FP6: H2O cm | FQ6: cm | FR6: cm | FT6: Tube no. | FU6: Trt/Rep | FV6: Depth cm | FW6: % H2O | FX6: H2O cm | FY6: cm | FZ6: cm | GB6: Tube no. | GC6: Trt/Rep | GD6: Depth cm | GE6: % H2O | GF6: H2O cm | GG6: cm | GH6: cm | GJ6: Tube no. | GK6: Trt/Rep | GL6: Depth cm | GM6: % H2O | GN6: H2O cm | GO6: cm | GP6: cm | GR6: Tube no. | GS6: Trt/Rep | GT6: Depth cm | GU6: % H2O | GV6: H2O cm | GW6: cm | GX6: cm | GZ6: Tube no. | HA6: Trt/Rep | HB6: Depth cm | HC6: % H2O | HD6: H2O cm | HE6: cm | HF6: cm | HH6: Tube no. | HI6: Trt/Rep | HJ6: Depth cm | HK6: % H2O | HL6: H2O cm | HM6: cm | HN6: cm | HP6: Tube no. | HQ6: Trt/Rep | HR6: Depth cm | HS6: % H2O | HT6: H2O cm | HU6: cm | HV6: cm | HX6: Tube no. | HY6: Trt/Rep | HZ6: Depth cm | IA6: % H2O | IB6: H2O cm | IC6: cm | ID6: cm | IF6: Tube no. | IG6: Trt/Rep | IH6: Depth cm | II6: % H2O | IJ6: H2O cm | IK6: cm | IL6: cm | IN6: Tube no. | IO6: Trt/Rep | IP6: Depth cm | IQ6: % H2O | IR6: H2O cm | IS6: cm | IT6: cm
A7: 101 | B7: T1R1 | C7: 30 | D7: 0.082 | E7: =D7*30 -> 2.46 | F7: =E7 -> 2.46 | H7: 101 | I7: T1R1 | J7: 30 | K7: 0.192 | L7: =K7*30 -> 5.76 | M7: =L7 -> 5.76 | N7: =F7-M7 -> -3.3 | P7: 101 | Q7: T1R1 | R7: 30 | S7: 0.173 | T7: =S7*30 -> 5.19 | U7: =T7 -> 5.19 | V7: =M7-U7 -> 0.57 | X7: 101 | Y7: T1R1 | Z7: 30 | AA7: 0.142 | AB7: =AA7*30 -> 4.26 | AC7: =AB7 -> 4.26 | AD7: =U7-AC7 -> 0.93 | AF7: 101 | AG7: T1R1 | AH7: 30 | AI7: 0.208 | AJ7: =AI7*30 -> 6.24 | AK7: =AJ7 -> 6.24 | AL7: =AC7-AK7 -> -1.98 | AN7: 101 | AO7: T1R1 | AP7: 30 | AQ7: 0.192 | AR7: =AQ7*30 -> 5.76 | AS7: =AR7 -> 5.76 | AT7: =AK7-AS7 -> 0.48 | AV7: 101 | AW7: T1R1 | AX7: 30 | AY7: 0.177 | AZ7: =AY7*30 -> 5.31 | BA7: =AZ7 -> 5.31 | BB7: =AS7-BA7 -> 0.45 | BD7: 101 | BE7: T1R1 | BF7: 30 | BG7: 0 | BH7: =BG7*30 -> 0 | BI7: =BH7 -> 0 | BJ7: 0 | BL7: 101 | BM7: T1R1 | BN7: 30 | BO7: 0.16 | BP7: =BO7*30 -> 4.8 | BQ7: =BP7 -> 4.8 | BR7: =BA7-BQ7 -> 0.51 | BT7: 101 | BU7: T1R1 | BV7: 30 | BW7: 0 | BX7: =BW7*30 -> 0 | BY7: =BX7 -> 0 | BZ7: 0 | CB7: 101 | CC7: T1R1 | CD7: 30 | CE7: 0 | CF7: =CE7*30 -> 0 | CG7: =CF7 -> 0 | CH7: =BY7-CG7 -> 0 | CJ7: 101 | CK7: T1R1 | CL7: 30 | CM7: 0 | CN7: =CM7*30 -> 0 | CO7: =CN7 -> 0 | CP7: =CG7-CO7 -> 0 | CR7: 101 | CS7: T1R1 | CT7: 30 | CU7: 0 | CV7: =CU7*30 -> 0 | CW7: =CV7 -> 0 | CX7: =CO7-CW7 -> 0 | CZ7: 101 | DA7: T1R1 | DB7: 30 | DC7: 0.173 | DD7: =DC7*30 -> 5.19 | DE7: =DD7 -> 5.19 | DF7: =BQ7-DE7 -> -0.39 | DH7: 101 | DI7: T1R1 | DJ7: 30 | DK7: 0 | DL7: =DK7*30 -> 0 | DM7: =DL7 -> 0 | DN7: 0 | DP7: 101 | DQ7: T1R1 | DR7: 30 | DS7: 0.145 | DT7: =DS7*30 -> 4.35 | DU7: =DT7 -> 4.35 | DV7: =DE7-DU7 -> 0.84 | DX7: 101 | DY7: T1R1 | DZ7: 30 | EA7: 0 | EB7: =EA7*30 -> 0 | EC7: =EB7 -> 0 | ED7: 0 | EF7: 101 | EG7: T1R1 | EH7: 30 | EI7: 0 | EJ7: =EI7*30 -> 0 | EK7: =EJ7 -> 0 | EL7: =EC459-EK7 -> 0 | EN7: 101 | EO7: T1R1 | EP7: 30 | EQ7: 0.204 | ER7: =EQ7*30 -> 6.12 | ES7: =ER7 -> 6.12 | ET7: =DU7-ES7 -> -1.77 | EV7: 101 | EW7: T1R1 | EX7: 30 | EY7: 0 | EZ7: =EY7*30 -> 0 | FA7: =EZ7 -> 0 | FB7: 0 | FD7: 101 | FE7: T1R1 | FF7: 30 | FG7: 0 | FH7: =FG7*30 -> 0 | FI7: =FH7 -> 0 | FJ7: 0 | FL7: 101 | FM7: T1R1 | FN7: 30 | FO7: 0 | FP7: =FO7*30 -> 0 | FQ7: =FP7 -> 0 | FR7: 0 | FT7: 101 | FU7: T1R1 | FV7: 30 | FW7: 0.166 | FX7: =FW7*30 -> 4.98 | FY7: =FX7 -> 4.98 | FZ7: =ES7-FY7 -> 1.14 | GB7: 101 | GC7: T1R1 | GD7: 30 | GE7: 0 | GF7: =GE7*30 -> 0 | GG7: =GF7 -> 0 | GH7: 0 | GJ7: 101 | GK7: T1R1 | GL7: 30 | GM7: 0.122 | GN7: =GM7*30 -> 3.66 | GO7: =GN7 -> 3.66 | GP7: =FY7-GO7 -> 1.32 | GR7: 101 | GS7: T1R1 | GT7: 30 | GU7: 0 | GV7: =GU7*30 -> 0 | GW7: =GV7 -> 0 | GX7: 0 | GZ7: 101 | HA7: T1R1 | HB7: 30 | HC7: 0.192 | HD7: =HC7*30 -> 5.76 | HE7: =HD7 -> 5.76 | HF7: =GO7-HE7 -> -2.1 | HH7: 101 | HI7: T1R1 | HJ7: 30 | HK7: 0 | HL7: =HK7*30 -> 0 | HM7: =HL7 -> 0 | HN7: 0 | HP7: 101 | HQ7: T1R1 | HR7: 30 | HS7: 0.148 | HT7: =HS7*30 -> 4.44 | HU7: =HT7 -> 4.44 | HV7: =HE7-HU7 -> 1.32 | HX7: 101 | HY7: T1R1 | HZ7: 30 | IA7: 0.128 | IB7: =IA7*30 -> 3.84 | IC7: =IB7 -> 3.84 | ID7: =HU7-IC7 -> 0.6 | IF7: 101 | IG7: T1R1 | IH7: 30 | II7: 0 | IJ7: =II7*30 -> 0 | IK7: =IJ7 -> 0 | IL7: 0 | IN7: 101 | IO7: T1R1 | IP7: 30 | IQ7: 0.197 | IR7: =IQ7*30 -> 5.91 | IS7: =IR7 -> 5.91 | IT7: =IC7-IS7 -> -2.07
A8: W to E | C8: 50 | D8: 0.093 | E8: =D8*20 -> 1.86 | F8: =F7+E8 -> 4.32 | H8: W to E | J8: 50 | K8: 0.17125005 | L8: =K8*20 -> 3.4250009 | M8: =M7+L8 -> 9.1850009 | N8: =F8-M8 -> -4.8650009 | P8: W to E | R8: 50 | S8: 0.16257909 | T8: =S8*20 -> 3.2515817 | U8: =U7+T8 -> 8.4415817 | V8: =M8-U8 -> 0.74341924 | X8: W to E | Z8: 50 | AA8: 0.16474516 | AB8: =AA8*20 -> 3.2949032 | AC8: =AC7+AB8 -> 7.5549032 | AD8: =U8-AC8 -> 0.88667849 | AF8: W to E | AH8: 50 | AI8: 0.18636273 | AJ8: =AI8*20 -> 3.7272546 | AK8: =AK7+AJ8 -> 9.9672546 | AL8: =AC8-AK8 -> -2.4123514 | AN8: W to E | AP8: 50 | AQ8: 0.17996669 | AR8: =AQ8*20 -> 3.5993338 | AS8: =AS7+AR8 -> 9.3593338 | AT8: =AK8-AS8 -> 0.60792083 | AV8: W to E | AX8: 50 | AY8: 0.17726916 | AZ8: =AY8*20 -> 3.5453832 | BA8: =BA7+AZ8 -> 8.8553832 | BB8: =AS8-BA8 -> 0.5039506 | BD8: W to E | BF8: 50 | BG8: 0 | BH8: =BG8*20 -> 0 | BI8: =BI7+BH8 -> 0 | BJ8: 0 | BL8: W to E | BN8: 50 | BO8: 0.16797553 | BP8: =BO8*20 -> 3.3595106 | BQ8: =BQ7+BP8 -> 8.1595106 | BR8: =BA8-BQ8 -> 0.69587258 | BT8: W to E | BV8: 50 | BW8: 0 | BX8: =BW8*20 -> 0 | BY8: =BY7+BX8 -> 0 | BZ8: 0 | CB8: W to E | CD8: 50 | CE8: 0 | CF8: =CE8*20 -> 0 | CG8: =CG7+CF8 -> 0 | CH8: =BY8-CG8 -> 0 | CJ8: W to E | CL8: 50 | CM8: 0 | CN8: =CM8*20 -> 0 | CO8: =CO7+CN8 -> 0 | CP8: =CG8-CO8 -> 0 | CR8: W to E | CT8: 50 | CU8: 0 | CV8: =CU8*20 -> 0 | CW8: =CW7+CV8 -> 0 | CX8: =CO8-CW8 -> 0 | CZ8: W to E | DB8: 50 | DC8: 0.17133762 | DD8: =DC8*20 -> 3.4267523 | DE8: =DE7+DD8 -> 8.6167523 | DF8: =BQ8-DE8 -> -0.45724175 | DH8: W to E | DJ8: 50 | DK8: 0 | DL8: =DK8*20 -> 0 | DM8: =DM7+DL8 -> 0 | DN8: 0 | DP8: W to E | DR8: 50 | DS8: 0.15261779 | DT8: =DS8*20 -> 3.0523559 | DU8: =DU7+DT8 -> 7.4023559 | DV8: =DE8-DU8 -> 1.2143964 | DX8: W to E | DZ8: 50 | EA8: 0 | EB8: =EA8*20 -> 0 | EC8: =EC7+EB8 -> 0 | ED8: 0 | EF8: W to E | EH8: 50 | EI8: 0 | EJ8: =EI8*20 -> 0 | EK8: =EK7+EJ8 -> 0 | EL8: =EC460-EK8 -> 0 | EN8: W to E | EP8: 50 | EQ8: 0.18681171 | ER8: =EQ8*20 -> 3.7362342 | ES8: =ES7+ER8 -> 9.8562342 | ET8: =DU8-ES8 -> -2.4538783 | EV8: W to E | EX8: 50 | EY8: 0 | EZ8: =EY8*20 -> 0 | FA8: =FA7+EZ8 -> 0 | FB8: 0 | FD8: W to E | FF8: 50 | FG8: 0 | FH8: =FG8*20 -> 0 | FI8: =FI7+FH8 -> 0 | FJ8: 0 | FL8: W to E | FN8: 50 | FO8: 0 | FP8: =FO8*20 -> 0 | FQ8: =FQ7+FP8 -> 0 | FR8: 0 | FT8: W to E | FV8: 50 | FW8: 0.15678036 | FX8: =FW8*20 -> 3.1356073 | FY8: =FY7+FX8 -> 8.1156073 | FZ8: =ES8-FY8 -> 1.7406269 | GB8: W to E | GD8: 50 | GE8: 0 | GF8: =GE8*20 -> 0 | GG8: =GG7+GF8 -> 0 | GH8: 0 | GJ8: W to E | GL8: 50 | GM8: 0.12316134 | GN8: =GM8*20 -> 2.4632269 | GO8: =GO7+GN8 -> 6.1232269 | GP8: =FY8-GO8 -> 1.9923804 | GR8: W to E | GT8: 50 | GU8: 0 | GV8: =GU8*20 -> 0 | GW8: =GW7+GV8 -> 0 | GX8: 0 | GZ8: W to E | HB8: 50 | HC8: 0.18444103 | HD8: =HC8*20 -> 3.6888207 | HE8: =HE7+HD8 -> 9.4488207 | HF8: =GO8-HE8 -> -3.3255938 | HH8: W to E | HJ8: 50 | HK8: 0 | HL8: =HK8*20 -> 0 | HM8: =HM7+HL8 -> 0 | HN8: 0 | HP8: W to E | HR8: 50 | HS8: 0.15427731 | HT8: =HS8*20 -> 3.0855462 | HU8: =HU7+HT8 -> 7.5255462 | HV8: =HE8-HU8 -> 1.9232745 | HX8: W to E | HZ8: 50 | IA8: 0.11879648 | IB8: =IA8*20 -> 2.3759296 | IC8: =IC7+IB8 -> 6.2159296 | ID8: =HU8-IC8 -> 1.3096166 | IF8: W to E | IH8: 50 | II8: 0 | IJ8: =II8*20 -> 0 | IK8: =IK7+IJ8 -> 0 | IL8: 0 | IN8: W to E | IP8: 50 | IQ8: 0.1870427 | IR8: =IQ8*20 -> 3.7408539 | IS8: =IS7+IR8 -> 9.6508539 | IT8: =IC8-IS8 -> -3.4349243
C9: 70 | D9: 0.086 | E9: =D9*20 -> 1.72 | F9: =F8+E9 -> 6.04 | J9: 70 | K9: 0.16017439 | L9: =K9*20 -> 3.2034879 | M9: =M8+L9 -> 12.388489 | N9: =F9-M9 -> -6.3484888 | R9: 70 | S9: 0.1569982 | T9: =S9*20 -> 3.1399639 | U9: =U8+T9 -> 11.581546 | V9: =M9-U9 -> 0.80694321 | Z9: 70 | AA9: 0.15351189 | AB9: =AA9*20 -> 3.0702378 | AC9: =AC8+AB9 -> 10.625141 | AD9: =U9-AC9 -> 0.95640461 | AH9: 70 | AI9: 0.17246814 | AJ9: =AI9*20 -> 3.4493628 | AK9: =AK8+AJ9 -> 13.416617 | AL9: =AC9-AK9 -> -2.7914764 | AP9: 70 | AQ9: 0.16896844 | AR9: =AQ9*20 -> 3.3793687 | AS9: =AS8+AR9 -> 12.738703 | AT9: =AK9-AS9 -> 0.67791491 | AX9: 70 | AY9: 0.1653688 | AZ9: =AY9*20 -> 3.307376 | BA9: =BA8+AZ9 -> 12.162759 | BB9: =AS9-BA9 -> 0.57594338 | BF9: 70 | BG9: 0 | BH9: =BG9*20 -> 0 | BI9: =BI8+BH9 -> 0 | BJ9: 0 | BN9: 70 | BO9: 0.15320185 | BP9: =BO9*20 -> 3.0640371 | BQ9: =BQ8+BP9 -> 11.223548 | BR9: =BA9-BQ9 -> 0.93921146 | BV9: 70 | BW9: 0 | BX9: =BW9*20 -> 0 | BY9: =BY8+BX9 -> 0 | BZ9: 0 | CD9: 70 | CE9: 0 | CF9: =CE9*20 -> 0 | CG9: =CG8+CF9 -> 0 | CH9: =BY9-CG9 -> 0 | CL9: 70 | CM9: 0 | CN9: =CM9*20 -> 0 | CO9: =CO8+CN9 -> 0 | CP9: =CG9-CO9 -> 0 | CT9: 70 | CU9: 0 | CV9: =CU9*20 -> 0 | CW9: =CW8+CV9 -> 0 | CX9: =CO9-CW9 -> 0 | DB9: 70 | DC9: 0.1621389 | DD9: =DC9*20 -> 3.2427779 | DE9: =DE8+DD9 -> 11.85953 | DF9: =BQ9-DE9 -> -0.63598258 | DJ9: 70 | DK9: 0 | DL9: =DK9*20 -> 0 | DM9: =DM8+DL9 -> 0 | DN9: 0 | DR9: 70 | DS9: 0.14875646 | DT9: =DS9*20 -> 2.9751291 | DU9: =DU8+DT9 -> 10.377485 | DV9: =DE9-DU9 -> 1.4820452 | DZ9: 70 | EA9: 0 | EB9: =EA9*20 -> 0 | EC9: =EC8+EB9 -> 0 | ED9: 0 | EH9: 70 | EI9: 0 | EJ9: =EI9*20 -> 0 | EK9: =EK8+EJ9 -> 0 | EL9: =EC461-EK9 -> 0 | EP9: 70 | EQ9: 0.17465364 | ER9: =EQ9*20 -> 3.4930728 | ES9: =ES8+ER9 -> 13.349307 | ET9: =DU9-ES9 -> -2.971822 | EX9: 70 | EY9: 0 | EZ9: =EY9*20 -> 0 | FA9: =FA8+EZ9 -> 0 | FB9: 0 | FF9: 70 | FG9: 0 | FH9: =FG9*20 -> 0 | FI9: =FI8+FH9 -> 0 | FJ9: 0 | FN9: 70 | FO9: 0 | FP9: =FO9*20 -> 0 | FQ9: =FQ8+FP9 -> 0 | FR9: 0 | FV9: 70 | FW9: 0.15065604 | FX9: =FW9*20 -> 3.0131209 | FY9: =FY8+FX9 -> 11.128728 | FZ9: =ES9-FY9 -> 2.2205788 | GD9: 70 | GE9: 0 | GF9: =GE9*20 -> 0 | GG9: =GG8+GF9 -> 0 | GH9: 0 | GL9: 70 | GM9: 0.12912855 | GN9: =GM9*20 -> 2.582571 | GO9: =GO8+GN9 -> 8.7057979 | GP9: =FY9-GO9 -> 2.4229303 | GT9: 70 | GU9: 0 | GV9: =GU9*20 -> 0 | GW9: =GW8+GV9 -> 0 | GX9: 0 | HB9: 70 | HC9: 0.17200287 | HD9: =HC9*20 -> 3.4400574 | HE9: =HE8+HD9 -> 12.888878 | HF9: =GO9-HE9 -> -4.1830802 | HJ9: 70 | HK9: 0 | HL9: =HK9*20 -> 0 | HM9: =HM8+HL9 -> 0 | HN9: 0 | HR9: 70 | HS9: 0.15022711 | HT9: =HS9*20 -> 3.0045421 | HU9: =HU8+HT9 -> 10.530088 | HV9: =HE9-HU9 -> 2.3587898 | HZ9: 70 | IA9: 0.12179237 | IB9: =IA9*20 -> 2.4358473 | IC9: =IC8+IB9 -> 8.6517769 | ID9: =HU9-IC9 -> 1.8783113 | IH9: 70 | II9: 0 | IJ9: =II9*20 -> 0 | IK9: =IK8+IJ9 -> 0 | IL9: 0 | IP9: 70 | IQ9: 0.17146395 | IR9: =IQ9*20 -> 3.4292789 | IS9: =IS8+IR9 -> 13.080133 | IT9: =IC9-IS9 -> -4.4283559
C10: 90 | D10: 0.071 | E10: =D10*20 -> 1.42 | F10: =F9+E10 -> 7.46 | J10: 90 | K10: 0.15740548 | L10: =K10*20 -> 3.1481096 | M10: =M9+L10 -> 15.536598 | N10: =F10-M10 -> -8.0765985 | R10: 90 | S10: 0.14862686 | T10: =S10*20 -> 2.9725373 | U10: =U9+T10 -> 14.554083 | V10: =M10-U10 -> 0.98251559 | Z10: 90 | AA10: 0.14602304 | AB10: =AA10*20 -> 2.9204609 | AC10: =AC9+AB10 -> 13.545602 | AD10: =U10-AC10 -> 1.008481 | AH10: 90 | AI10: 0.16552085 | AJ10: =AI10*20 -> 3.3104169 | AK10: =AK9+AJ10 -> 16.727034 | AL10: =AC10-AK10 -> -3.1814325 | AP10: 90 | AQ10: 0.16296939 | AR10: =AQ10*20 -> 3.2593878 | AS10: =AS9+AR10 -> 15.99809 | AT10: =AK10-AS10 -> 0.72894401 | AX10: 90 | AY10: 0.15446014 | AZ10: =AY10*20 -> 3.0892027 | BA10: =BA9+AZ10 -> 15.251962 | BB10: =AS10-BA10 -> 0.7461285 | BF10: 90 | BG10: 0 | BH10: =BG10*20 -> 0 | BI10: =BI9+BH10 -> 0 | BJ10: 0 | BN10: 90 | BO10: 0.14926221 | BP10: =BO10*20 -> 2.9852442 | BQ10: =BQ9+BP10 -> 14.208792 | BR10: =BA10-BQ10 -> 1.04317 | BV10: 90 | BW10: 0 | BX10: =BW10*20 -> 0 | BY10: =BY9+BX10 -> 0 | BZ10: 0 | CD10: 90 | CE10: 0 | CF10: =CE10*20 -> 0 | CG10: =CG9+CF10 -> 0 | CH10: =BY10-CG10 -> 0 | CL10: 90 | CM10: 0 | CN10: =CM10*20 -> 0 | CO10: =CO9+CN10 -> 0 | CP10: =CG10-CO10 -> 0 | CT10: 90 | CU10: 0 | CV10: =CU10*20 -> 0 | CW10: =CW9+CV10 -> 0 | CX10: =CO10-CW10 -> 0 | DB10: 90 | DC10: 0.15089602 | DD10: =DC10*20 -> 3.0179203 | DE10: =DE9+DD10 -> 14.877451 | DF10: =BQ10-DE10 -> -0.66865873 | DJ10: 90 | DK10: 0 | DL10: =DK10*20 -> 0 | DM10: =DM9+DL10 -> 0 | DN10: 0 | DR10: 90 | DS10: 0.14392978 | DT10: =DS10*20 -> 2.8785956 | DU10: =DU9+DT10 -> 13.256081 | DV10: =DE10-DU10 -> 1.6213699 | DZ10: 90 | EA10: 0 | EB10: =EA10*20 -> 0 | EC10: =EC9+EB10 -> 0 | ED10: 0 | EH10: 90 | EI10: 0 | EJ10: =EI10*20 -> 0 | EK10: =EK9+EJ10 -> 0 | EL10: =EC462-EK10 -> 0 | EP10: 90 | EQ10: 0.16249557 | ER10: =EQ10*20 -> 3.2499113 | ES10: =ES9+ER10 -> 16.599218 | ET10: =DU10-ES10 -> -3.3431377 | EX10: 90 | EY10: 0 | EZ10: =EY10*20 -> 0 | FA10: =FA9+EZ10 -> 0 | FB10: 0 | FF10: 90 | FG10: 0 | FH10: =FG10*20 -> 0 | FI10: =FI9+FH10 -> 0 | FJ10: 0 | FN10: 90 | FO10: 0 | FP10: =FO10*20 -> 0 | FQ10: =FQ9+FP10 -> 0 | FR10: 0 | FV10: 90 | FW10: 0.15167676 | FX10: =FW10*20 -> 3.0335353 | FY10: =FY9+FX10 -> 14.162263 | FZ10: =ES10-FY10 -> 2.4369549 | GD10: 90 | GE10: 0 | GF10: =GE10*20 -> 0 | GG10: =GG9+GF10 -> 0 | GH10: 0 | GL10: 90 | GM10: 0.1420575 | GN10: =GM10*20 -> 2.84115 | GO10: =GO9+GN10 -> 11.546948 | GP10: =FY10-GO10 -> 2.6153156 | GT10: 90 | GU10: 0 | GV10: =GU10*20 -> 0 | GW10: =GW9+GV10 -> 0 | GX10: 0 | HB10: 90 | HC10: 0.16785682 | HD10: =HC10*20 -> 3.3571363 | HE10: =HE9+HD10 -> 16.246014 | HF10: =GO10-HE10 -> -4.6990665 | HJ10: 90 | HK10: 0 | HL10: =HK10*20 -> 0 | HM10: =HM9+HL10 -> 0 | HN10: 0 | HR10: 90 | HS10: 0.14718945 | HT10: =HS10*20 -> 2.9437891 | HU10: =HU9+HT10 -> 13.473877 | HV10: =HE10-HU10 -> 2.7721371 | HZ10: 90 | IA10: 0.1297814 | IB10: =IA10*20 -> 2.595628 | IC10: =IC9+IB10 -> 11.247405 | ID10: =HU10-IC10 -> 2.2264724 | IH10: 90 | II10: 0 | IJ10: =II10*20 -> 0 | IK10: =IK9+IJ10 -> 0 | IL10: 0 | IP10: 90 | IQ10: 0.16938678 | IR10: =IQ10*20 -> 3.3877356 | IS10: =IS9+IR10 -> 16.467868 | IT10: =IC10-IS10 -> -5.2204635
C11: 110 | D11: 0.075 | E11: =D11*20 -> 1.5 | F11: =F10+E11 -> 8.96 | J11: 110 | K11: 0.15940411 | L11: =K11*20 -> 3.1880821 | M11: =M10+L11 -> 18.724681 | N11: =F11-M11 -> -9.7646806 | R11: 110 | S11: 0.15792834 | T11: =S11*20 -> 3.1585669 | U11: =U10+T11 -> 17.71265 | V11: =M11-U11 -> 1.0120308 | Z11: 110 | AA11: 0.1553841 | AB11: =AA11*20 -> 3.107682 | AC11: =AC10+AB11 -> 16.653284 | AD11: =U11-AC11 -> 1.0593658 | AH11: 110 | AI11: 0.17544555 | AJ11: =AI11*20 -> 3.5089111 | AK11: =AK10+AJ11 -> 20.235945 | AL11: =AC11-AK11 -> -3.5826615 | AP11: 110 | AQ11: 0.17096812 | AR11: =AQ11*20 -> 3.4193624 | AS11: =AS10+AR11 -> 19.417453 | AT11: =AK11-AS11 -> 0.81849269 | AX11: 110 | AY11: 0.16834389 | AZ11: =AY11*20 -> 3.3668778 | BA11: =BA10+AZ11 -> 18.61884 | BB11: =AS11-BA11 -> 0.79861312 | BF11: 110 | BG11: 0 | BH11: =BG11*20 -> 0 | BI11: =BI10+BH11 -> 0 | BJ11: 0 | BN11: 110 | BO11: 0.16108115 | BP11: =BO11*20 -> 3.2216229 | BQ11: =BQ10+BP11 -> 17.430415 | BR11: =BA11-BQ11 -> 1.1884248 | BV11: 110 | BW11: 0 | BX11: =BW11*20 -> 0 | BY11: =BY10+BX11 -> 0 | BZ11: 0 | CD11: 110 | CE11: 0 | CF11: =CE11*20 -> 0 | CG11: =CG10+CF11 -> 0 | CH11: =BY11-CG11 -> 0 | CL11: 110 | CM11: 0 | CN11: =CM11*20 -> 0 | CO11: =CO10+CN11 -> 0 | CP11: =CG11-CO11 -> 0 | CT11: 110 | CU11: 0 | CV11: =CU11*20 -> 0 | CW11: =CW10+CV11 -> 0 | CX11: =CO11-CW11 -> 0 | DB11: 110 | DC11: 0.1672493 | DD11: =DC11*20 -> 3.3449859 | DE11: =DE10+DD11 -> 18.222436 | DF11: =BQ11-DE11 -> -0.79202171 | DJ11: 110 | DK11: 0 | DL11: =DK11*20 -> 0 | DM11: =DM10+DL11 -> 0 | DN11: 0 | DR11: 110 | DS11: 0.1555138 | DT11: =DS11*20 -> 3.110276 | DU11: =DU10+DT11 -> 16.366357 | DV11: =DE11-DU11 -> 1.8560798 | DZ11: 110 | EA11: 0 | EB11: =EA11*20 -> 0 | EC11: =EC10+EB11 -> 0 | ED11: 0 | EH11: 110 | EI11: 0 | EJ11: =EI11*20 -> 0 | EK11: =EK10+EJ11 -> 0 | EL11: =EC463-EK11 -> 0 | EP11: 110 | EQ11: 0.1685746 | ER11: =EQ11*20 -> 3.371492 | ES11: =ES10+ER11 -> 19.97071 | ET11: =DU11-ES11 -> -3.6043537 | EX11: 110 | EY11: 0 | EZ11: =EY11*20 -> 0 | FA11: =FA10+EZ11 -> 0 | FB11: 0 | FF11: 110 | FG11: 0 | FH11: =FG11*20 -> 0 | FI11: =FI10+FH11 -> 0 | FJ11: 0 | FN11: 110 | FO11: 0 | FP11: =FO11*20 -> 0 | FQ11: =FQ10+FP11 -> 0 | FR11: 0 | FV11: 110 | FW11: 0.16188396 | FX11: =FW11*20 -> 3.2376793 | FY11: =FY10+FX11 -> 17.399943 | FZ11: =ES11-FY11 -> 2.5707676 | GD11: 110 | GE11: 0 | GF11: =GE11*20 -> 0 | GG11: =GG10+GF11 -> 0 | GH11: 0 | GL11: 110 | GM11: 0.15697552 | GN11: =GM11*20 -> 3.1395104 | GO11: =GO10+GN11 -> 14.686458 | GP11: =FY11-GO11 -> 2.7134844 | GT11: 110 | GU11: 0 | GV11: =GU11*20 -> 0 | GW11: =GW10+GV11 -> 0 | GX11: 0 | HB11: 110 | HC11: 0.17511241 | HD11: =HC11*20 -> 3.5022482 | HE11: =HE10+HD11 -> 19.748263 | HF11: =GO11-HE11 -> -5.0618043 | HJ11: 110 | HK11: 0 | HL11: =HK11*20 -> 0 | HM11: =HM10+HL11 -> 0 | HN11: 0 | HR11: 110 | HS11: 0.16339026 | HT11: =HS11*20 -> 3.2678053 | HU11: =HU10+HT11 -> 16.741683 | HV11: =HE11-HU11 -> 3.00658 | HZ11: 110 | IA11: 0.14775672 | IB11: =IA11*20 -> 2.9551344 | IC11: =IC10+IB11 -> 14.202539 | ID11: =HU11-IC11 -> 2.5391432 | IH11: 110 | II11: 0 | IJ11: =II11*20 -> 0 | IK11: =IK10+IJ11 -> 0 | IL11: 0 | IP11: 110 | IQ11: 0.1745797 | IR11: =IQ11*20 -> 3.4915939 | IS11: =IS10+IR11 -> 19.959462 | IT11: =IC11-IS11 -> -5.756923
C12: 130 | D12: 0.093 | E12: =D12*20 -> 1.86 | F12: =F11+E12 -> 10.82 | J12: 130 | K12: 0.1847865 | L12: =K12*20 -> 3.6957299 | M12: =M11+L12 -> 22.420411 | N12: =F12-M12 -> -11.600411 | R12: 130 | S12: 0.18490264 | T12: =S12*20 -> 3.6980528 | U12: =U11+T12 -> 21.410703 | V12: =M12-U12 -> 1.0097079 | Z12: 130 | AA12: 0.18346728 | AB12: =AA12*20 -> 3.6693456 | AC12: =AC11+AB12 -> 20.322629 | AD12: =U12-AC12 -> 1.0880731 | AH12: 130 | AI12: 0.20323473 | AJ12: =AI12*20 -> 4.0646946 | AK12: =AK11+AJ12 -> 24.30064 | AL12: =AC12-AK12 -> -3.9780105 | AP12: 130 | AQ12: 0.20396287 | AR12: =AQ12*20 -> 4.0792574 | AS12: =AS11+AR12 -> 23.49671 | AT12: =AK12-AS12 -> 0.80392986 | AX12: 130 | AY12: 0.19710309 | AZ12: =AY12*20 -> 3.9420618 | BA12: =BA11+AZ12 -> 22.560901 | BB12: =AS12-BA12 -> 0.93580874 | BF12: 130 | BG12: 0 | BH12: =BG12*20 -> 0 | BI12: =BI11+BH12 -> 0 | BJ12: 0 | BN12: 130 | BO12: 0.19161341 | BP12: =BO12*20 -> 3.8322681 | BQ12: =BQ11+BP12 -> 21.262683 | BR12: =BA12-BQ12 -> 1.2982185 | BV12: 130 | BW12: 0 | BX12: =BW12*20 -> 0 | BY12: =BY11+BX12 -> 0 | BZ12: 0 | CD12: 130 | CE12: 0 | CF12: =CE12*20 -> 0 | CG12: =CG11+CF12 -> 0 | CH12: =BY12-CG12 -> 0 | CL12: 130 | CM12: 0 | CN12: =CM12*20 -> 0 | CO12: =CO11+CN12 -> 0 | CP12: =CG12-CO12 -> 0 | CT12: 130 | CU12: 0 | CV12: =CU12*20 -> 0 | CW12: =CW11+CV12 -> 0 | CX12: =CO12-CW12 -> 0 | DB12: 130 | DC12: 0.1979117 | DD12: =DC12*20 -> 3.9582339 | DE12: =DE11+DD12 -> 22.18067 | DF12: =BQ12-DE12 -> -0.91798749 | DJ12: 130 | DK12: 0 | DL12: =DK12*20 -> 0 | DM12: =DM11+DL12 -> 0 | DN12: 0 | DR12: 130 | DS12: 0.19219652 | DT12: =DS12*20 -> 3.8439304 | DU12: =DU11+DT12 -> 20.210287 | DV12: =DE12-DU12 -> 1.9703833 | DZ12: 130 | EA12: 0 | EB12: =EA12*20 -> 0 | EC12: =EC11+EB12 -> 0 | ED12: 0 | EH12: 130 | EI12: 0 | EJ12: =EI12*20 -> 0 | EK12: =EK11+EJ12 -> 0 | EL12: =EC464-EK12 -> 0 | EP12: 130 | EQ12: 0.20302247 | ER12: =EQ12*20 -> 4.0604495 | ES12: =ES11+ER12 -> 24.03116 | ET12: =DU12-ES12 -> -3.8208728 | EX12: 130 | EY12: 0 | EZ12: =EY12*20 -> 0 | FA12: =FA11+EZ12 -> 0 | FB12: 0 | FF12: 130 | FG12: 0 | FH12: =FG12*20 -> 0 | FI12: =FI11+FH12 -> 0 | FJ12: 0 | FN12: 130 | FO12: 0 | FP12: =FO12*20 -> 0 | FQ12: =FQ11+FP12 -> 0 | FR12: 0 | FV12: 130 | FW12: 0.19352628 | FX12: =FW12*20 -> 3.8705257 | FY12: =FY11+FX12 -> 21.270468 | FZ12: =ES12-FY12 -> 2.7606914 | GD12: 130 | GE12: 0 | GF12: =GE12*20 -> 0 | GG12: =GG11+GF12 -> 0 | GH12: 0 | GL12: 130 | GM12: 0.19277877 | GN12: =GM12*20 -> 3.8555754 | GO12: =GO11+GN12 -> 18.542034 | GP12: =FY12-GO12 -> 2.7284347 | GT12: 130 | GU12: 0 | GV12: =GU12*20 -> 0 | GW12: =GW11+GV12 -> 0 | GX12: 0 | HB12: 130 | HC12: 0.20309828 | HD12: =HC12*20 -> 4.0619656 | HE12: =HE11+HD12 -> 23.810228 | HF12: =GO12-HE12 -> -5.2681946 | HJ12: 130 | HK12: 0 | HL12: =HK12*20 -> 0 | HM12: =HM11+HL12 -> 0 | HN12: 0 | HR12: 130 | HS12: 0.19781698 | HT12: =HS12*20 -> 3.9563397 | HU12: =HU11+HT12 -> 20.698022 | HV12: =HE12-HU12 -> 3.112206 | HZ12: 130 | IA12: 0.18570463 | IB12: =IA12*20 -> 3.7140925 | IC12: =IC11+IB12 -> 17.916632 | ID12: =HU12-IC12 -> 2.7813904 | IH12: 130 | II12: 0 | IJ12: =II12*20 -> 0 | IK12: =IK11+IJ12 -> 0 | IL12: 0 | IP12: 130 | IQ12: 0.20262145 | IR12: =IQ12*20 -> 4.0524289 | IS12: =IS11+IR12 -> 24.011891 | IT12: =IC12-IS12 -> -6.0952594
C13: 150 | D13: 0.094 | E13: =D13*20 -> 1.88 | F13: =F12+E13 -> 12.7 | J13: 150 | K13: 0.18140273 | L13: =K13*20 -> 3.6280546 | M13: =M12+L13 -> 26.048465 | N13: =F13-M13 -> -13.348465 | R13: 150 | S13: 0.1821122 | T13: =S13*20 -> 3.6422439 | U13: =U12+T13 -> 25.052947 | V13: =M13-U13 -> 0.99551855 | Z13: 150 | AA13: 0.18065896 | AB13: =AA13*20 -> 3.6131792 | AC13: =AC12+AB13 -> 23.935809 | AD13: =U13-AC13 -> 1.1171378 | AH13: 150 | AI13: 0.19502573 | AJ13: =AI13*20 -> 3.9005146 | AK13: =AK12+AJ13 -> 28.201155 | AL13: =AC13-AK13 -> -4.2653459 | AP13: 150 | AQ13: 0.19096414 | AR13: =AQ13*20 -> 3.8192829 | AS13: =AS12+AR13 -> 27.315993 | AT13: =AK13-AS13 -> 0.88516163 | AX13: 150 | AY13: 0.19214461 | AZ13: =AY13*20 -> 3.8428921 | BA13: =BA12+AZ13 -> 26.403794 | BB13: =AS13-BA13 -> 0.91219947 | BF13: 150 | BG13: 0 | BH13: =BG13*20 -> 0 | BI13: =BI12+BH13 -> 0 | BJ13: 0 | BN13: 150 | BO13: 0.18964358 | BP13: =BO13*20 -> 3.7928717 | BQ13: =BQ12+BP13 -> 25.055555 | BR13: =BA13-BQ13 -> 1.348239 | BV13: 150 | BW13: 0 | BX13: =BW13*20 -> 0 | BY13: =BY12+BX13 -> 0 | BZ13: 0 | CD13: 150 | CE13: 0 | CF13: =CE13*20 -> 0 | CG13: =CG12+CF13 -> 0 | CH13: =BY13-CG13 -> 0 | CL13: 150 | CM13: 0 | CN13: =CM13*20 -> 0 | CO13: =CO12+CN13 -> 0 | CP13: =CG13-CO13 -> 0 | CT13: 150 | CU13: 0 | CV13: =CU13*20 -> 0 | CW13: =CW12+CV13 -> 0 | CX13: =CO13-CW13 -> 0 | DB13: 150 | DC13: 0.19484546 | DD13: =DC13*20 -> 3.8969091 | DE13: =DE12+DD13 -> 26.07758 | DF13: =BQ13-DE13 -> -1.0220249 | DJ13: 150 | DK13: 0 | DL13: =DK13*20 -> 0 | DM13: =DM12+DL13 -> 0 | DN13: 0 | DR13: 150 | DS13: 0.18447384 | DT13: =DS13*20 -> 3.6894769 | DU13: =DU12+DT13 -> 23.899764 | DV13: =DE13-DU13 -> 2.1778156 | DZ13: 150 | EA13: 0 | EB13: =EA13*20 -> 0 | EC13: =EC12+EB13 -> 0 | ED13: 0 | EH13: 150 | EI13: 0 | EJ13: =EI13*20 -> 0 | EK13: =EK12+EJ13 -> 0 | EL13: =EC465-EK13 -> 0 | EP13: 150 | EQ13: 0.19896978 | ER13: =EQ13*20 -> 3.9793957 | ES13: =ES12+ER13 -> 28.010556 | ET13: =DU13-ES13 -> -4.1107915 | EX13: 150 | EY13: 0 | EZ13: =EY13*20 -> 0 | FA13: =FA12+EZ13 -> 0 | FB13: 0 | FF13: 150 | FG13: 0 | FH13: =FG13*20 -> 0 | FI13: =FI12+FH13 -> 0 | FJ13: 0 | FN13: 150 | FO13: 0 | FP13: =FO13*20 -> 0 | FQ13: =FQ12+FP13 -> 0 | FR13: 0 | FV13: 150 | FW13: 0.19250556 | FX13: =FW13*20 -> 3.8501113 | FY13: =FY12+FX13 -> 25.12058 | FZ13: =ES13-FY13 -> 2.8899758 | GD13: 150 | GE13: 0 | GF13: =GE13*20 -> 0 | GG13: =GG12+GF13 -> 0 | GH13: 0 | GL13: 150 | GM13: 0.18681156 | GN13: =GM13*20 -> 3.7362312 | GO13: =GO12+GN13 -> 22.278265 | GP13: =FY13-GO13 -> 2.8423148 | GT13: 150 | GU13: 0 | GV13: =GU13*20 -> 0 | GW13: =GW12+GV13 -> 0 | GX13: 0 | HB13: 150 | HC13: 0.20102525 | HD13: =HC13*20 -> 4.0205051 | HE13: =HE12+HD13 -> 27.830733 | HF13: =GO13-HE13 -> -5.5524685 | HJ13: 150 | HK13: 0 | HL13: =HK13*20 -> 0 | HM13: =HM12+HL13 -> 0 | HN13: 0 | HR13: 150 | HS13: 0.19781698 | HT13: =HS13*20 -> 3.9563397 | HU13: =HU12+HT13 -> 24.654362 | HV13: =HE13-HU13 -> 3.1763714 | HZ13: 150 | IA13: 0.1916964 | IB13: =IA13*20 -> 3.833928 | IC13: =IC12+IB13 -> 21.75056 | ID13: =HU13-IC13 -> 2.9038021 | IH13: 150 | II13: 0 | IJ13: =II13*20 -> 0 | IK13: =IK12+IJ13 -> 0 | IL13: 0 | IP13: 150 | IQ13: 0.20158286 | IR13: =IQ13*20 -> 4.0316573 | IS13: =IS12+IR13 -> 28.043549 | IT13: =IC13-IS13 -> -6.2929887
C14: 170 | D14: 0.101 | E14: =D14*20 -> 2.02 | F14: =F13+E14 -> 14.72 | J14: 170 | K14: 0.19155541 | L14: =K14*20 -> 3.8311082 | M14: =M13+L14 -> 29.879573 | N14: =F14-M14 -> -15.159573 | R14: 170 | S14: 0.19420412 | T14: =S14*20 -> 3.8840824 | U14: =U13+T14 -> 28.937029 | V14: =M14-U14 -> 0.9425443 | Z14: 170 | AA14: 0.19657276 | AB14: =AA14*20 -> 3.9314552 | AC14: =AC13+AB14 -> 27.867264 | AD14: =U14-AC14 -> 1.0697651 | AH14: 170 | AI14: 0.20918955 | AJ14: =AI14*20 -> 4.1837911 | AK14: =AK13+AJ14 -> 32.384946 | AL14: =AC14-AK14 -> -4.5176818 | AP14: 170 | AQ14: 0.21396128 | AR14: =AQ14*20 -> 4.2792256 | AS14: =AS13+AR14 -> 31.595219 | AT14: =AK14-AS14 -> 0.78972709 | AX14: 170 | AY14: 0.21098684 | AZ14: =AY14*20 -> 4.2197368 | BA14: =BA13+AZ14 -> 30.62353 | BB14: =AS14-BA14 -> 0.97168823 | BF14: 170 | BG14: 0 | BH14: =BG14*20 -> 0 | BI14: =BI13+BH14 -> 0 | BJ14: 0 | BN14: 170 | BO14: 0.20638708 | BP14: =BO14*20 -> 4.1277416 | BQ14: =BQ13+BP14 -> 29.183296 | BR14: =BA14-BQ14 -> 1.4402342 | BV14: 170 | BW14: 0 | BX14: =BW14*20 -> 0 | BY14: =BY13+BX14 -> 0 | BZ14: 0 | CD14: 170 | CE14: 0 | CF14: =CE14*20 -> 0 | CG14: =CG13+CF14 -> 0 | CH14: =BY14-CG14 -> 0 | CL14: 170 | CM14: 0 | CN14: =CM14*20 -> 0 | CO14: =CO13+CN14 -> 0 | CP14: =CG14-CO14 -> 0 | CT14: 170 | CU14: 0 | CV14: =CU14*20 -> 0 | CW14: =CW13+CV14 -> 0 | CX14: =CO14-CW14 -> 0 | DB14: 170 | DC14: 0.20608834 | DD14: =DC14*20 -> 4.1217667 | DE14: =DE13+DD14 -> 30.199346 | DF14: =BQ14-DE14 -> -1.0160501 | DJ14: 170 | DK14: 0 | DL14: =DK14*20 -> 0 | DM14: =DM13+DL14 -> 0 | DN14: 0 | DR14: 170 | DS14: 0.1999192 | DT14: =DS14*20 -> 3.998384 | DU14: =DU13+DT14 -> 27.898148 | DV14: =DE14-DU14 -> 2.3011983 | DZ14: 170 | EA14: 0 | EB14: =EA14*20 -> 0 | EC14: =EC13+EB14 -> 0 | ED14: 0 | EH14: 170 | EI14: 0 | EJ14: =EI14*20 -> 0 | EK14: =EK13+EJ14 -> 0 | EL14: =EC466-EK14 -> 0 | EP14: 170 | EQ14: 0.21112786 | ER14: =EQ14*20 -> 4.2225571 | ES14: =ES13+ER14 -> 32.233113 | ET14: =DU14-ES14 -> -4.3349646 | EX14: 170 | EY14: 0 | EZ14: =EY14*20 -> 0 | FA14: =FA13+EZ14 -> 0 | FB14: 0 | FF14: 170 | FG14: 0 | FH14: =FG14*20 -> 0 | FI14: =FI13+FH14 -> 0 | FJ14: 0 | FN14: 170 | FO14: 0 | FP14: =FO14*20 -> 0 | FQ14: =FQ13+FP14 -> 0 | FR14: 0 | FV14: 170 | FW14: 0.20883708 | FX14: =FW14*20 -> 4.1767417 | FY14: =FY13+FX14 -> 29.297321 | FZ14: =ES14-FY14 -> 2.9357913 | GD14: 170 | GE14: 0 | GF14: =GE14*20 -> 0 | GG14: =GG13+GF14 -> 0 | GH14: 0 | GL14: 170 | GM14: 0.20471318 | GN14: =GM14*20 -> 4.0942637 | GO14: =GO13+GN14 -> 26.372529 | GP14: =FY14-GO14 -> 2.9247928 | GT14: 170 | GU14: 0 | GV14: =GU14*20 -> 0 | GW14: =GW13+GV14 -> 0 | GX14: 0 | HB14: 170 | HC14: 0.21657296 | HD14: =HC14*20 -> 4.3314592 | HE14: =HE13+HD14 -> 32.162193 | HF14: =GO14-HE14 -> -5.789664 | HJ14: 170 | HK14: 0 | HL14: =HK14*20 -> 0 | HM14: =HM13+HL14 -> 0 | HN14: 0 | HR14: 170 | HS14: 0.21503034 | HT14: =HS14*20 -> 4.3006069 | HU14: =HU13+HT14 -> 28.954969 | HV14: =HE14-HU14 -> 3.2072237 | HZ14: 170 | IA14: 0.20467858 | IB14: =IA14*20 -> 4.0935715 | IC14: =IC13+IB14 -> 25.844131 | ID14: =HU14-IC14 -> 3.1108375 | IH14: 170 | II14: 0 | IJ14: =II14*20 -> 0 | IK14: =IK13+IJ14 -> 0 | IL14: 0 | IP14: 170 | IQ14: 0.21716161 | IR14: =IQ14*20 -> 4.3432323 | IS14: =IS13+IR14 -> 32.386781 | IT14: =IC14-IS14 -> -6.5426494
C15: 190 | D15: 0.094 | E15: =D15*20 -> 1.88 | F15: =F14+E15 -> 16.6 | J15: 190 | K15: 0.17863382 | L15: =K15*20 -> 3.5726763 | M15: =M14+L15 -> 33.45225 | N15: =F15-M15 -> -16.85225 | R15: 190 | S15: 0.18490264 | T15: =S15*20 -> 3.6980528 | U15: =U14+T15 -> 32.635082 | V15: =M15-U15 -> 0.81716779 | Z15: 190 | AA15: 0.18346728 | AB15: =AA15*20 -> 3.6693456 | AC15: =AC14+AB15 -> 31.536609 | AD15: =U15-AC15 -> 1.0984723 | AH15: 190 | AI15: 0.19929496 | AJ15: =AI15*20 -> 3.9858993 | AK15: =AK14+AJ15 -> 36.370845 | AL15: =AC15-AK15 -> -4.8342355 | AP15: 190 | AQ15: 0.19796383 | AR15: =AQ15*20 -> 3.9592765 | AS15: =AS14+AR15 -> 35.554495 | AT15: =AK15-AS15 -> 0.81634988 | AX15: 190 | AY15: 0.1951197 | AZ15: =AY15*20 -> 3.9023939 | BA15: =BA14+AZ15 -> 34.525924 | BB15: =AS15-BA15 -> 1.0285708 | BF15: 190 | BG15: 0 | BH15: =BG15*20 -> 0 | BI15: =BI14+BH15 -> 0 | BJ15: 0 | BN15: 190 | BO15: 0.18668885 | BP15: =BO15*20 -> 3.733777 | BQ15: =BQ14+BP15 -> 32.917073 | BR15: =BA15-BQ15 -> 1.6088511 | BV15: 190 | BW15: 0 | BX15: =BW15*20 -> 0 | BY15: =BY14+BX15 -> 0 | BZ15: 0 | CD15: 190 | CE15: 0 | CF15: =CE15*20 -> 0 | CG15: =CG14+CF15 -> 0 | CH15: =BY15-CG15 -> 0 | CL15: 190 | CM15: 0 | CN15: =CM15*20 -> 0 | CO15: =CO14+CN15 -> 0 | CP15: =CG15-CO15 -> 0 | CT15: 190 | CU15: 0 | CV15: =CU15*20 -> 0 | CW15: =CW14+CV15 -> 0 | CX15: =CO15-CW15 -> 0 | DB15: 190 | DC15: 0.19075714 | DD15: =DC15*20 -> 3.8151427 | DE15: =DE14+DD15 -> 34.014489 | DF15: =BQ15-DE15 -> -1.0974158 | DJ15: 190 | DK15: 0 | DL15: =DK15*20 -> 0 | DM15: =DM14+DL15 -> 0 | DN15: 0 | DR15: 190 | DS15: 0.18157784 | DT15: =DS15*20 -> 3.6315568 | DU15: =DU14+DT15 -> 31.529705 | DV15: =DE15-DU15 -> 2.4847842 | DZ15: 190 | EA15: 0 | EB15: =EA15*20 -> 0 | EC15: =EC14+EB15 -> 0 | ED15: 0 | EH15: 190 | EI15: 0 | EJ15: =EI15*20 -> 0 | EK15: =EK14+EJ15 -> 0 | EL15: =EC467-EK15 -> 0 | EP15: 190 | EQ15: 0.19187757 | ER15: =EQ15*20 -> 3.8375515 | ES15: =ES14+ER15 -> 36.070664 | ET15: =DU15-ES15 -> -4.5409593 | EX15: 190 | EY15: 0 | EZ15: =EY15*20 -> 0 | FA15: =FA14+EZ15 -> 0 | FB15: 0 | FF15: 190 | FG15: 0 | FH15: =FG15*20 -> 0 | FI15: =FI14+FH15 -> 0 | FJ15: 0 | FN15: 190 | FO15: 0 | FP15: =FO15*20 -> 0 | FQ15: =FQ14+FP15 -> 0 | FR15: 0 | FV15: 190 | FW15: 0.19046412 | FX15: =FW15*20 -> 3.8092825 | FY15: =FY14+FX15 -> 33.106604 | FZ15: =ES15-FY15 -> 2.9640603 | GD15: 190 | GE15: 0 | GF15: =GE15*20 -> 0 | GG15: =GG14+GF15 -> 0 | GH15: 0 | GL15: 190 | GM15: 0.18482249 | GN15: =GM15*20 -> 3.6964498 | GO15: =GO14+GN15 -> 30.068978 | GP15: =FY15-GO15 -> 3.0376255 | GT15: 190 | GU15: 0 | GV15: =GU15*20 -> 0 | GW15: =GW14+GV15 -> 0 | GX15: 0 | HB15: 190 | HC15: 0.19769658 | HD15: =HC15*20 -> 3.9539316 | HE15: =HE14+HD15 -> 36.116124 | HF15: =GO15-HE15 -> -6.0471457 | HJ15: 190 | HK15: 0 | HL15: =HK15*20 -> 0 | HM15: =HM14+HL15 -> 0 | HN15: 0 | HR15: 190 | HS15: 0.19072913 | HT15: =HS15*20 -> 3.8145826 | HU15: =HU14+HT15 -> 32.769551 | HV15: =HE15-HU15 -> 3.3465727 | HZ15: 190 | IA15: 0.19068406 | IB15: =IA15*20 -> 3.8136812 | IC15: =IC14+IB15 -> 29.657813 | ID15: =HU15-IC15 -> 3.1117388 | IH15: 190 | II15: 0 | IJ15: =II15*20 -> 0 | IK15: =IK14+IJ15 -> 0 | IL15: 0 | IP15: 190 | IQ15: 0.2057372 | IR15: =IQ15*20 -> 4.1147439 | IS15: =IS14+IR15 -> 36.501525 | IT15: =IC15-IS15 -> -6.8437121
C16: 210 | D16: 0.095 | E16: =D16*20 -> 1.9 | F16: =F15+E16 -> 18.5 | J16: 210 | K16: 0.1537136 | L16: =K16*20 -> 3.074272 | M16: =M15+L16 -> 36.526522 | N16: =F16-M16 -> -18.026522 | R16: 210 | S16: 0.1551379 | T16: =S16*20 -> 3.102758 | U16: =U15+T16 -> 35.73784 | V16: =M16-U16 -> 0.78868174 | Z16: 210 | AA16: 0.16193684 | AB16: =AA16*20 -> 3.2387369 | AC16: =AC15+AB16 -> 34.775346 | AD16: =U16-AC16 -> 0.96249346 | AH16: 210 | AI16: 0.1724832 | AJ16: =AI16*20 -> 3.449664 | AK16: =AK15+AJ16 -> 39.820509 | AL16: =AC16-AK16 -> -5.0451627 | AP16: 210 | AQ16: 0.17096812 | AR16: =AQ16*20 -> 3.4193624 | AS16: =AS15+AR16 -> 38.973857 | AT16: =AK16-AS16 -> 0.84665149 | AX16: 210 | AY16: 0.1653688 | AZ16: =AY16*20 -> 3.307376 | BA16: =BA15+AZ16 -> 37.8333 | BB16: =AS16-BA16 -> 1.1405572 | BF16: 210 | BG16: 0 | BH16: =BG16*20 -> 0 | BI16: =BI15+BH16 -> 0 | BJ16: 0 | BN16: 210 | BO16: 0.16600571 | BP16: =BO16*20 -> 3.3201141 | BQ16: =BQ15+BP16 -> 36.237187 | BR16: =BA16-BQ16 -> 1.596113 | BV16: 210 | BW16: 0 | BX16: =BW16*20 -> 0 | BY16: =BY15+BX16 -> 0 | BZ16: 0 | CD16: 210 | CE16: 0 | CF16: =CE16*20 -> 0 | CG16: =CG15+CF16 -> 0 | CH16: =BY16-CG16 -> 0 | CL16: 210 | CM16: 0 | CN16: =CM16*20 -> 0 | CO16: =CO15+CN16 -> 0 | CP16: =CG16-CO16 -> 0 | CT16: 210 | CU16: 0 | CV16: =CU16*20 -> 0 | CW16: =CW15+CV16 -> 0 | CX16: =CO16-CW16 -> 0 | DB16: 210 | DC16: 0.16520514 | DD16: =DC16*20 -> 3.3041027 | DE16: =DE15+DD16 -> 37.318592 | DF16: =BQ16-DE16 -> -1.0814044 | DJ16: 210 | DK16: 0 | DL16: =DK16*20 -> 0 | DM16: =DM15+DL16 -> 0 | DN16: 0 | DR16: 210 | DS16: 0.15937514 | DT16: =DS16*20 -> 3.1875028 | DU16: =DU15+DT16 -> 34.717208 | DV16: =DE16-DU16 -> 2.6013842 | DZ16: 210 | EA16: 0 | EB16: =EA16*20 -> 0 | EC16: =EC15+EB16 -> 0 | ED16: 0 | EH16: 210 | EI16: 0 | EJ16: =EI16*20 -> 0 | EK16: =EK15+EJ16 -> 0 | EL16: =EC468-EK16 -> 0 | EP16: 210 | EQ16: 0.17060095 | ER16: =EQ16*20 -> 3.412019 | ES16: =ES15+ER16 -> 39.482683 | ET16: =DU16-ES16 -> -4.7654755 | EX16: 210 | EY16: 0 | EZ16: =EY16*20 -> 0 | FA16: =FA15+EZ16 -> 0 | FB16: 0 | FF16: 210 | FG16: 0 | FH16: =FG16*20 -> 0 | FI16: =FI15+FH16 -> 0 | FJ16: 0 | FN16: 210 | FO16: 0 | FP16: =FO16*20 -> 0 | FQ16: =FQ15+FP16 -> 0 | FR16: 0 | FV16: 210 | FW16: 0.16596684 | FX16: =FW16*20 -> 3.3193369 | FY16: =FY15+FX16 -> 36.425941 | FZ16: =ES16-FY16 -> 3.0567423 | GD16: 210 | GE16: 0 | GF16: =GE16*20 -> 0 | GG16: =GG15+GF16 -> 0 | GH16: 0 | GL16: 210 | GM16: 0.16194819 | GN16: =GM16*20 -> 3.2389639 | GO16: =GO15+GN16 -> 33.307942 | GP16: =FY16-GO16 -> 3.1179985 | GT16: 210 | GU16: 0 | GV16: =GU16*20 -> 0 | GW16: =GW15+GV16 -> 0 | GX16: 0 | HB16: 210 | HC16: 0.17758977 | HD16: =HC16*20 -> 3.5517954 | HE16: =HE15+HD16 -> 39.66792 | HF16: =GO16-HE16 -> -6.3599773 | HJ16: 210 | HK16: 0 | HL16: =HK16*20 -> 0 | HM16: =HM15+HL16 -> 0 | HN16: 0 | HR16: 210 | HS16: 0.17149067 | HT16: =HS16*20 -> 3.4298134 | HU16: =HU15+HT16 -> 36.199365 | HV16: =HE16-HU16 -> 3.4685547 | HZ16: 210 | IA16: 0.16373479 | IB16: =IA16*20 -> 3.2746957 | IC16: =IC15+IB16 -> 32.932508 | ID16: =HU16-IC16 -> 3.2668565 | IH16: 210 | II16: 0 | IJ16: =II16*20 -> 0 | IK16: =IK15+IJ16 -> 0 | IL16: 0 | IP16: 210 | IQ16: 0.1795797 | IR16: =IQ16*20 -> 3.5915939 | IS16: =IS15+IR16 -> 40.093119 | IT16: =IC16-IS16 -> -7.1606103
C17: 230 | D17: 0.145 | E17: =D17*20 -> 2.9 | F17: =F16+E17 -> 21.4 | J17: 230 | K17: 0.16109737 | L17: =K17*20 -> 3.2219473 | M17: =M16+L17 -> 39.748469 | N17: =F17-M17 -> -18.348469 | R17: 230 | S17: 0.17002027 | T17: =S17*20 -> 3.4004054 | U17: =U16+T17 -> 39.138245 | V17: =M17-U17 -> 0.61022366 | Z17: 230 | AA17: 0.17410622 | AB17: =AA17*20 -> 3.4821244 | AC17: =AC16+AB17 -> 38.257471 | AD17: =U17-AC17 -> 0.88077449 | AH17: 230 | AI17: 0.18537026 | AJ17: =AI17*20 -> 3.7074052 | AK17: =AK16+AJ17 -> 43.527914 | AL17: =AC17-AK17 -> -5.2704435 | AP17: 230 | AQ17: 0.1899651 | AR17: =AQ17*20 -> 3.7993019 | AS17: =AS16+AR17 -> 42.773159 | AT17: =AK17-AS17 -> 0.75475472 | AX17: 230 | AY17: 0.18817782 | AZ17: =AY17*20 -> 3.7635564 | BA17: =BA16+AZ17 -> 41.596857 | BB17: =AS17-BA17 -> 1.1763028 | BF17: 230 | BG17: 0 | BH17: =BG17*20 -> 0 | BI17: =BI16+BH17 -> 0 | BJ17: 0 | BN17: 230 | BO17: 0.1827492 | BP17: =BO17*20 -> 3.654984 | BQ17: =BQ16+BP17 -> 39.892171 | BR17: =BA17-BQ17 -> 1.7046854 | BV17: 230 | BW17: 0 | BX17: =BW17*20 -> 0 | BY17: =BY16+BX17 -> 0 | BZ17: 0 | CD17: 230 | CE17: 0 | CF17: =CE17*20 -> 0 | CG17: =CG16+CF17 -> 0 | CH17: =BY17-CG17 -> 0 | CL17: 230 | CM17: 0 | CN17: =CM17*20 -> 0 | CO17: =CO16+CN17 -> 0 | CP17: =CG17-CO17 -> 0 | CT17: 230 | CU17: 0 | CV17: =CU17*20 -> 0 | CW17: =CW16+CV17 -> 0 | CX17: =CO17-CW17 -> 0 | DB17: 230 | DC17: 0.1876909 | DD17: =DC17*20 -> 3.7538179 | DE17: =DE16+DD17 -> 41.07241 | DF17: =BQ17-DE17 -> -1.1802383 | DJ17: 230 | DK17: 0 | DL17: =DK17*20 -> 0 | DM17: =DM16+DL17 -> 0 | DN17: 0 | DR17: 230 | DS17: 0.1777165 | DT17: =DS17*20 -> 3.55433 | DU17: =DU16+DT17 -> 38.271538 | DV17: =DE17-DU17 -> 2.8008721 | DZ17: 230 | EA17: 0 | EB17: =EA17*20 -> 0 | EC17: =EC16+EB17 -> 0 | ED17: 0 | EH17: 230 | EI17: 0 | EJ17: =EI17*20 -> 0 | EK17: =EK16+EJ17 -> 0 | EL17: =EC469-EK17 -> 0 | EP17: 230 | EQ17: 0.18745847 | ER17: =EQ17*20 -> 3.7491695 | ES17: =ES16+ER17 -> 43.231853 | ET17: =DU17-ES17 -> -4.960315 | EX17: 230 | EY17: 0 | EZ17: =EY17*20 -> 0 | FA17: =FA16+EZ17 -> 0 | FB17: 0 | FF17: 230 | FG17: 0 | FH17: =FG17*20 -> 0 | FI17: =FI16+FH17 -> 0 | FJ17: 0 | FN17: 230 | FO17: 0 | FP17: =FO17*20 -> 0 | FQ17: =FQ16+FP17 -> 0 | FR17: 0 | FV17: 230 | FW17: 0.18740196 | FX17: =FW17*20 -> 3.7480393 | FY17: =FY16+FX17 -> 40.17398 | FZ17: =ES17-FY17 -> 3.0578725 | GD17: 230 | GE17: 0 | GF17: =GE17*20 -> 0 | GG17: =GG16+GF17 -> 0 | GH17: 0 | GL17: 230 | GM17: 0.18283342 | GN17: =GM17*20 -> 3.6566684 | GO17: =GO16+GN17 -> 36.964611 | GP17: =FY17-GO17 -> 3.2093693 | GT17: 230 | GU17: 0 | GV17: =GU17*20 -> 0 | GW17: =GW16+GV17 -> 0 | GX17: 0 | HB17: 230 | HC17: 0.19973314 | HD17: =HC17*20 -> 3.9946629 | HE17: =HE16+HD17 -> 43.662582 | HF17: =GO17-HE17 -> -6.6979717 | HJ17: 230 | HK17: 0 | HL17: =HK17*20 -> 0 | HM17: =HM16+HL17 -> 0 | HN17: 0 | HR17: 230 | HS17: 0.19174168 | HT17: =HS17*20 -> 3.8348336 | HU17: =HU16+HT17 -> 40.034198 | HV17: =HE17-HU17 -> 3.628384 | HZ17: 230 | IA17: 0.17871422 | IB17: =IA17*20 -> 3.5742844 | IC17: =IC16+IB17 -> 36.506793 | ID17: =HU17-IC17 -> 3.5274056 | IH17: 230 | II17: 0 | IJ17: =II17*20 -> 0 | IK17: =IK16+IJ17 -> 0 | IL17: 0 | IP17: 230 | IQ17: 0.18496553 | IR17: =IQ17*20 -> 3.6993106 | IS17: =IS16+IR17 -> 43.792429 | IT17: =IC17-IS17 -> -7.2856364
C18: 250 | D18: 0.197 | E18: =D18*20 -> 3.94 | F18: =F17+E18 -> 25.34 | J18: 250 | K18: 0.21980162 | L18: =K18*20 -> 4.3960324 | M18: =M17+L18 -> 44.144501 | N18: =F18-M18 -> -18.804501 | R18: 250 | S18: 0.22117842 | T18: =S18*20 -> 4.4235684 | U18: =U17+T18 -> 43.561814 | V18: =M18-U18 -> 0.5826877 | Z18: 250 | AA18: 0.22559204 | AB18: =AA18*20 -> 4.5118408 | AC18: =AC17+AB18 -> 42.769312 | AD18: =U18-AC18 -> 0.79250202 | AH18: 250 | AI18: 0.23598626 | AJ18: =AI18*20 -> 4.7197252 | AK18: =AK17+AJ18 -> 48.247639 | AL18: =AC18-AK18 -> -5.4783278 | AP18: 250 | AQ18: 0.24295667 | AR18: =AQ18*20 -> 4.8591334 | AS18: =AS17+AR18 -> 47.632293 | AT18: =AK18-AS18 -> 0.61534654 | AX18: 250 | AY18: 0.24073774 | AZ18: =AY18*20 -> 4.8147548 | BA18: =BA17+AZ18 -> 46.411611 | BB18: =AS18-BA18 -> 1.2206813 | BF18: 250 | BG18: 0 | BH18: =BG18*20 -> 0 | BI18: =BI17+BH18 -> 0 | BJ18: 0 | BN18: 250 | BO18: 0.23790425 | BP18: =BO18*20 -> 4.758085 | BQ18: =BQ17+BP18 -> 44.650256 | BR18: =BA18-BQ18 -> 1.7613552 | BV18: 250 | BW18: 0 | BX18: =BW18*20 -> 0 | BY18: =BY17+BX18 -> 0 | BZ18: 0 | CD18: 250 | CE18: 0 | CF18: =CE18*20 -> 0 | CG18: =CG17+CF18 -> 0 | CH18: =BY18-CG18 -> 0 | CL18: 250 | CM18: 0 | CN18: =CM18*20 -> 0 | CO18: =CO17+CN18 -> 0 | CP18: =CG18-CO18 -> 0 | CT18: 250 | CU18: 0 | CV18: =CU18*20 -> 0 | CW18: =CW17+CV18 -> 0 | CX18: =CO18-CW18 -> 0 | DB18: 250 | DC18: 0.2387949 | DD18: =DC18*20 -> 4.7758979 | DE18: =DE17+DD18 -> 45.848308 | DF18: =BQ18-DE18 -> -1.1980512 | DJ18: 250 | DK18: 0 | DL18: =DK18*20 -> 0 | DM18: =DM17+DL18 -> 0 | DN18: 0 | DR18: 250 | DS18: 0.23370592 | DT18: =DS18*20 -> 4.6741184 | DU18: =DU17+DT18 -> 42.945656 | DV18: =DE18-DU18 -> 2.9026516 | DZ18: 250 | EA18: 0 | EB18: =EA18*20 -> 0 | EC18: =EC17+EB18 -> 0 | ED18: 0 | EH18: 250 | EI18: 0 | EJ18: =EI18*20 -> 0 | EK18: =EK17+EJ18 -> 0 | EL18: =EC470-EK18 -> 0 | EP18: 250 | EQ18: 0.24152304 | ER18: =EQ18*20 -> 4.8304607 | ES18: =ES17+ER18 -> 48.062313 | ET18: =DU18-ES18 -> -5.1166573 | EX18: 250 | EY18: 0 | EZ18: =EY18*20 -> 0 | FA18: =FA17+EZ18 -> 0 | FB18: 0 | FF18: 250 | FG18: 0 | FH18: =FG18*20 -> 0 | FI18: =FI17+FH18 -> 0 | FJ18: 0 | FN18: 250 | FO18: 0 | FP18: =FO18*20 -> 0 | FQ18: =FQ17+FP18 -> 0 | FR18: 0 | FV18: 250 | FW18: 0.23741724 | FX18: =FW18*20 -> 4.7483449 | FY18: =FY17+FX18 -> 44.922325 | FZ18: =ES18-FY18 -> 3.1399884 | GD18: 250 | GE18: 0 | GF18: =GE18*20 -> 0 | GG18: =GG17+GF18 -> 0 | GH18: 0 | GL18: 250 | GM18: 0.23053283 | GN18: =GM18*20 -> 4.6106566 | GO18: =GO17+GN18 -> 41.575267 | GP18: =FY18-GO18 -> 3.3470576 | GT18: 250 | GU18: 0 | GV18: =GU18*20 -> 0 | GW18: =GW17+GV18 -> 0 | GX18: 0 | HB18: 250 | HC18: 0.24652232 | HD18: =HC18*20 -> 4.9304463 | HE18: =HE17+HD18 -> 48.593029 | HF18: =GO18-HE18 -> -7.0177615 | HJ18: 250 | HK18: 0 | HL18: =HK18*20 -> 0 | HM18: =HM17+HL18 -> 0 | HN18: 0 | HR18: 250 | HS18: 0.24135666 | HT18: =HS18*20 -> 4.8271332 | HU18: =HU17+HT18 -> 44.861332 | HV18: =HE18-HU18 -> 3.7316971 | HZ18: 250 | IA18: 0.23763333 | IB18: =IA18*20 -> 4.7526667 | IC18: =IC17+IB18 -> 41.259459 | ID18: =HU18-IC18 -> 3.6018721 | IH18: 250 | II18: 0 | IJ18: =II18*20 -> 0 | IK18: =IK17+IJ18 -> 0 | IL18: 0 | IP18: 250 | IQ18: 0.24624195 | IR18: =IQ18*20 -> 4.9248389 | IS18: =IS17+IR18 -> 48.717268 | IT18: =IC18-IS18 -> -7.4578086
C19: 270 | D19: 0.195 | E19: =D19*20 -> 3.9 | F19: =F18+E19 -> 29.24 | J19: 270 | K19: 0.20617026 | L19: =K19*20 -> 4.1234053 | M19: =M18+L19 -> 48.267907 | N19: =F19-M19 -> -19.027907 | R19: 270 | S19: 0.21559753 | T19: =S19*20 -> 4.3119506 | U19: =U18+T19 -> 47.873764 | V19: =M19-U19 -> 0.3941424 | Z19: 270 | AA19: 0.22465594 | AB19: =AA19*20 -> 4.4931187 | AC19: =AC18+AB19 -> 47.26243 | AD19: =U19-AC19 -> 0.6113339 | AH19: 270 | AI19: 0.23598626 | AJ19: =AI19*20 -> 4.7197252 | AK19: =AK18+AJ19 -> 52.967365 | AL19: =AC19-AK19 -> -5.7049343 | AP19: 270 | AQ19: 0.24795587 | AR19: =AQ19*20 -> 4.9591175 | AS19: =AS18+AR19 -> 52.59141 | AT19: =AK19-AS19 -> 0.37595426 | AX19: 270 | AY19: 0.24371283 | AZ19: =AY19*20 -> 4.8742566 | BA19: =BA18+AZ19 -> 51.285868 | BB19: =AS19-BA19 -> 1.3055422 | BF19: 270 | BG19: 0 | BH19: =BG19*20 -> 0 | BI19: =BI18+BH19 -> 0 | BJ19: 0 | BN19: 270 | BO19: 0.23888916 | BP19: =BO19*20 -> 4.7777833 | BQ19: =BQ18+BP19 -> 49.42804 | BR19: =BA19-BQ19 -> 1.8578285 | BV19: 270 | BW19: 0 | BX19: =BW19*20 -> 0 | BY19: =BY18+BX19 -> 0 | BZ19: 0 | CD19: 270 | CE19: 0 | CF19: =CE19*20 -> 0 | CG19: =CG18+CF19 -> 0 | CH19: =BY19-CG19 -> 0 | CL19: 270 | CM19: 0 | CN19: =CM19*20 -> 0 | CO19: =CO18+CN19 -> 0 | CP19: =CG19-CO19 -> 0 | CT19: 270 | CU19: 0 | CV19: =CU19*20 -> 0 | CW19: =CW18+CV19 -> 0 | CX19: =CO19-CW19 -> 0 | DB19: 270 | DC19: 0.24492738 | DD19: =DC19*20 -> 4.8985475 | DE19: =DE18+DD19 -> 50.746855 | DF19: =BQ19-DE19 -> -1.3188154 | DJ19: 270 | DK19: 0 | DL19: =DK19*20 -> 0 | DM19: =DM18+DL19 -> 0 | DN19: 0 | DR19: 270 | DS19: 0.23177525 | DT19: =DS19*20 -> 4.635505 | DU19: =DU18+DT19 -> 47.581161 | DV19: =DE19-DU19 -> 3.1656941 | DZ19: 270 | EA19: 0 | EB19: =EA19*20 -> 0 | EC19: =EC18+EB19 -> 0 | ED19: 0 | EH19: 270 | EI19: 0 | EJ19: =EI19*20 -> 0 | EK19: =EK18+EJ19 -> 0 | EL19: =EC471-EK19 -> 0 | EP19: 270 | EQ19: 0.24509863 | ER19: =EQ19*20 -> 4.9019727 | ES19: =ES18+ER19 -> 52.964286 | ET19: =DU19-ES19 -> -5.383125 | EX19: 270 | EY19: 0 | EZ19: =EY19*20 -> 0 | FA19: =FA18+EZ19 -> 0 | FB19: 0 | FF19: 270 | FG19: 0 | FH19: =FG19*20 -> 0 | FI19: =FI18+FH19 -> 0 | FJ19: 0 | FN19: 270 | FO19: 0 | FP19: =FO19*20 -> 0 | FQ19: =FQ18+FP19 -> 0 | FR19: 0 | FV19: 270 | FW19: 0.24660372 | FX19: =FW19*20 -> 4.9320745 | FY19: =FY18+FX19 -> 49.854399 | FZ19: =ES19-FY19 -> 3.1098866 | GD19: 270 | GE19: 0 | GF19: =GE19*20 -> 0 | GG19: =GG18+GF19 -> 0 | GH19: 0 | GL19: 270 | GM19: 0.24051097 | GN19: =GM19*20 -> 4.8102193 | GO19: =GO18+GN19 -> 46.385487 | GP19: =FY19-GO19 -> 3.4689128 | GT19: 270 | GU19: 0 | GV19: =GU19*20 -> 0 | GW19: =GW18+GV19 -> 0 | GX19: 0 | HB19: 270 | HC19: 0.24863186 | HD19: =HC19*20 -> 4.9726371 | HE19: =HE18+HD19 -> 53.565666 | HF19: =GO19-HE19 -> -7.1801792 | HJ19: 270 | HK19: 0 | HL19: =HK19*20 -> 0 | HM19: =HM18+HL19 -> 0 | HN19: 0 | HR19: 270 | HS19: 0.24641941 | HT19: =HS19*20 -> 4.9283883 | HU19: =HU18+HT19 -> 49.78972 | HV19: =HE19-HU19 -> 3.775946 | HZ19: 270 | IA19: 0.24162237 | IB19: =IA19*20 -> 4.8324473 | IC19: =IC18+IB19 -> 46.091907 | ID19: =HU19-IC19 -> 3.6978131 | IH19: 270 | II19: 0 | IJ19: =II19*20 -> 0 | IK19: =IK18+IJ19 -> 0 | IL19: 0 | IP19: 270 | IQ19: 0.25247345 | IR19: =IQ19*20 -> 5.0494689 | IS19: =IS18+IR19 -> 53.766737 | IT19: =IC19-IS19 -> -7.6748302
C20: 290 | D20: 0.194 | E20: =D20*20 -> 3.88 | F20: =F19+E20 -> 33.12 | J20: 290 | K20: 0.20509461 | L20: =K20*20 -> 4.1018922 | M20: =M19+L20 -> 52.369799 | N20: =F20-M20 -> -19.249799 | R20: 290 | S20: 0.20164531 | T20: =S20*20 -> 4.0329061 | U20: =U19+T20 -> 51.90667 | V20: =M20-U20 -> 0.46312849 | Z20: 290 | AA20: 0.21342267 | AB20: =AA20*20 -> 4.2684533 | AC20: =AC19+AB20 -> 51.530884 | AD20: =U20-AC20 -> 0.37578674 | AH20: 290 | AI20: 0.22407661 | AJ20: =AI20*20 -> 4.4815322 | AK20: =AK19+AJ20 -> 57.448897 | AL20: =AC20-AK20 -> -5.9180132 | AP20: 290 | AQ20: 0.23295826 | AR20: =AQ20*20 -> 4.6591652 | AS20: =AS19+AR20 -> 57.250575 | AT20: =AK20-AS20 -> 0.19832133 | AX20: 290 | AY20: 0.23082077 | AZ20: =AY20*20 -> 4.6164155 | BA20: =BA19+AZ20 -> 55.902284 | BB20: =AS20-BA20 -> 1.3482918 | BF20: 290 | BG20: 0 | BH20: =BG20*20 -> 0 | BI20: =BI19+BH20 -> 0 | BJ20: 0 | BN20: 290 | BO20: 0.23002496 | BP20: =BO20*20 -> 4.6004992 | BQ20: =BQ19+BP20 -> 54.028539 | BR20: =BA20-BQ20 -> 1.8737448 | BV20: 290 | BW20: 0 | BX20: =BW20*20 -> 0 | BY20: =BY19+BX20 -> 0 | BZ20: 0 | CD20: 290 | CE20: 0 | CF20: =CE20*20 -> 0 | CG20: =CG19+CF20 -> 0 | CH20: =BY20-CG20 -> 0 | CL20: 290 | CM20: 0 | CN20: =CM20*20 -> 0 | CO20: =CO19+CN20 -> 0 | CP20: =CG20-CO20 -> 0 | CT20: 290 | CU20: 0 | CV20: =CU20*20 -> 0 | CW20: =CW19+CV20 -> 0 | CX20: =CO20-CW20 -> 0 | DB20: 290 | DC20: 0.22959618 | DD20: =DC20*20 -> 4.5919235 | DE20: =DE19+DD20 -> 55.338779 | DF20: =BQ20-DE20 -> -1.3102398 | DJ20: 290 | DK20: 0 | DL20: =DK20*20 -> 0 | DM20: =DM19+DL20 -> 0 | DN20: 0 | DR20: 290 | DS20: 0.22308724 | DT20: =DS20*20 -> 4.4617447 | DU20: =DU19+DT20 -> 52.042906 | DV20: =DE20-DU20 -> 3.2958729 | DZ20: 290 | EA20: 0 | EB20: =EA20*20 -> 0 | EC20: =EC19+EB20 -> 0 | ED20: 0 | EH20: 290 | EI20: 0 | EJ20: =EI20*20 -> 0 | EK20: =EK19+EJ20 -> 0 | EL20: =EC472-EK20 -> 0 | EP20: 290 | EQ20: 0.23341765 | ER20: =EQ20*20 -> 4.6683531 | ES20: =ES19+ER20 -> 57.632639 | ET20: =DU20-ES20 -> -5.5897334 | EX20: 290 | EY20: 0 | EZ20: =EY20*20 -> 0 | FA20: =FA19+EZ20 -> 0 | FB20: 0 | FF20: 290 | FG20: 0 | FH20: =FG20*20 -> 0 | FI20: =FI19+FH20 -> 0 | FJ20: 0 | FN20: 290 | FO20: 0 | FP20: =FO20*20 -> 0 | FQ20: =FQ19+FP20 -> 0 | FR20: 0 | FV20: 290 | FW20: 0.23231364 | FX20: =FW20*20 -> 4.6462729 | FY20: =FY19+FX20 -> 54.500672 | FZ20: =ES20-FY20 -> 3.1319668 | GD20: 290 | GE20: 0 | GF20: =GE20*20 -> 0 | GG20: =GG19+GF20 -> 0 | GH20: 0 | GL20: 290 | GM20: 0.23057109 | GN20: =GM20*20 -> 4.6114217 | GO20: =GO19+GN20 -> 50.996908 | GP20: =FY20-GO20 -> 3.503764 | GT20: 290 | GU20: 0 | GV20: =GU20*20 -> 0 | GW20: =GW19+GV20 -> 0 | GX20: 0 | HB20: 290 | HC20: 0.23926672 | HD20: =HC20*20 -> 4.7853344 | HE20: =HE19+HD20 -> 58.351 | HF20: =GO20-HE20 -> -7.3540919 | HJ20: 290 | HK20: 0 | HL20: =HK20*20 -> 0 | HM20: =HM19+HL20 -> 0 | HN20: 0 | HR20: 290 | HS20: 0.23528136 | HT20: =HS20*20 -> 4.7056271 | HU20: =HU19+HT20 -> 54.495347 | HV20: =HE20-HU20 -> 3.8556532 | HZ20: 290 | IA20: 0.23263608 | IB20: =IA20*20 -> 4.6527215 | IC20: =IC19+IB20 -> 50.744628 | ID20: =HU20-IC20 -> 3.7507187 | IH20: 290 | II20: 0 | IJ20: =II20*20 -> 0 | IK20: =IK19+IJ20 -> 0 | IL20: 0 | IP20: 290 | IQ20: 0.24208761 | IR20: =IQ20*20 -> 4.8417522 | IS20: =IS19+IR20 -> 58.608489 | IT20: =IC20-IS20 -> -7.8638609
A22: 102 | B22: T4R1 | C22: 30 | D22: 0.077 | E22: =D22*30 -> 2.31 | F22: =E22 -> 2.31 | H22: 102 | I22: T4R1 | J22: 30 | K22: 0.19 | L22: =K22*30 -> 5.7 | M22: =L22 -> 5.7 | N22: =F22-M22 -> -3.39 | P22: 102 | Q22: T4R1 | R22: 30 | S22: 0.177 | T22: =S22*30 -> 5.31 | U22: =T22 -> 5.31 | V22: =M22-U22 -> 0.39 | X22: 102 | Y22: T4R1 | Z22: 30 | AA22: 0.155 | AB22: =AA22*30 -> 4.65 | AC22: =AB22 -> 4.65 | AD22: =U22-AC22 -> 0.66 | AF22: 102 | AG22: T4R1 | AH22: 30 | AI22: 0.197 | AJ22: =AI22*30 -> 5.91 | AK22: =AJ22 -> 5.91 | AL22: =AC22-AK22 -> -1.26 | AN22: 102 | AO22: T4R1 | AP22: 30 | AQ22: 0.19 | AR22: =AQ22*30 -> 5.7 | AS22: =AR22 -> 5.7 | AT22: =AK22-AS22 -> 0.21 | AV22: 102 | AW22: T4R1 | AX22: 30 | AY22: 0.176 | AZ22: =AY22*30 -> 5.28 | BA22: =AZ22 -> 5.28 | BB22: =AS22-BA22 -> 0.42 | BD22: 102 | BE22: T4R1 | BF22: 30 | BG22: 0 | BH22: =BG22*30 -> 0 | BI22: =BH22 -> 0 | BJ22: 0 | BL22: 102 | BM22: T4R1 | BN22: 30 | BO22: 0.158 | BP22: =BO22*30 -> 4.74 | BQ22: =BP22 -> 4.74 | BR22: =BA22-BQ22 -> 0.54 | BT22: 102 | BU22: T4R1 | BV22: 30 | BW22: 0 | BX22: =BW22*30 -> 0 | BY22: =BX22 -> 0 | BZ22: 0 | CB22: 102 | CC22: T4R1 | CD22: 30 | CE22: 0.184 | CF22: =CE22*30 -> 5.52 | CG22: =CF22 -> 5.52 | CH22: =BQ22-CG22 -> -0.78 | CJ22: 102 | CK22: T4R1 | CL22: 30 | CM22: 0 | CN22: =CM22*30 -> 0 | CO22: =CN22 -> 0 | CP22: 0 | CR22: 102 | CS22: T4R1 | CT22: 30 | CU22: 0 | CV22: =CU22*30 -> 0 | CW22: =CV22 -> 0 | CX22: =CO22-CW22 -> 0 | CZ22: 102 | DA22: T4R1 | DB22: 30 | DC22: 0.149 | DD22: =DC22*30 -> 4.47 | DE22: =DD22 -> 4.47 | DF22: =CG22-DE22 -> 1.05 | DH22: 102 | DI22: T4R1 | DJ22: 30 | DK22: 0 | DL22: =DK22*30 -> 0 | DM22: =DL22 -> 0 | DN22: 0 | DP22: 102 | DQ22: T4R1 | DR22: 30 | DS22: 0.135 | DT22: =DS22*30 -> 4.05 | DU22: =DT22 -> 4.05 | DV22: =DE22-DU22 -> 0.42 | DX22: 102 | DY22: T4R1 | DZ22: 30 | EA22: 0 | EB22: =EA22*30 -> 0 | EC22: =EB22 -> 0 | ED22: 0 | EF22: 102 | EG22: T4R1 | EH22: 30 | EI22: 0 | EJ22: =EI22*30 -> 0 | EK22: =EJ22 -> 0 | EL22: =EC474-EK22 -> 0 | EN22: 102 | EO22: T4R1 | EP22: 30 | EQ22: 0.182 | ER22: =EQ22*30 -> 5.46 | ES22: =ER22 -> 5.46 | ET22: =DU22-ES22 -> -1.41 | EV22: 102 | EW22: T4R1 | EX22: 30 | EY22: 0 | EZ22: =EY22*30 -> 0 | FA22: =EZ22 -> 0 | FB22: 0 | FD22: 102 | FE22: T4R1 | FF22: 30 | FG22: 0 | FH22: =FG22*30 -> 0 | FI22: =FH22 -> 0 | FJ22: =FA22-FI22 -> 0 | FL22: 102 | FM22: T4R1 | FN22: 30 | FO22: 0 | FP22: =FO22*30 -> 0 | FQ22: =FP22 -> 0 | FR22: =FA22-FQ22 -> 0 | FT22: 102 | FU22: T4R1 | FV22: 30 | FW22: 0.148 | FX22: =FW22*30 -> 4.44 | FY22: =FX22 -> 4.44 | FZ22: =ES22-FY22 -> 1.02 | GB22: 102 | GC22: T4R1 | GD22: 30 | GE22: 0 | GF22: =GE22*30 -> 0 | GG22: =GF22 -> 0 | GH22: 0 | GJ22: 102 | GK22: T4R1 | GL22: 30 | GM22: 0.107 | GN22: =GM22*30 -> 3.21 | GO22: =GN22 -> 3.21 | GP22: =FY22-GO22 -> 1.23 | GR22: 102 | GS22: T4R1 | GT22: 30 | GU22: 0 | GV22: =GU22*30 -> 0 | GW22: =GV22 -> 0 | GX22: 0 | GZ22: 102 | HA22: T4R1 | HB22: 30 | HC22: 0.17 | HD22: =HC22*30 -> 5.1 | HE22: =HD22 -> 5.1 | HF22: =GO22-HE22 -> -1.89 | HH22: 102 | HI22: T4R1 | HJ22: 30 | HK22: 0 | HL22: =HK22*30 -> 0 | HM22: =HL22 -> 0 | HN22: 0 | HP22: 102 | HQ22: T4R1 | HR22: 30 | HS22: 0.136 | HT22: =HS22*30 -> 4.08 | HU22: =HT22 -> 4.08 | HV22: =HE22-HU22 -> 1.02 | HX22: 102 | HY22: T4R1 | HZ22: 30 | IA22: 0.111 | IB22: =IA22*30 -> 3.33 | IC22: =IB22 -> 3.33 | ID22: =HU22-IC22 -> 0.75 | IF22: 102 | IG22: T4R1 | IH22: 30 | II22: 0 | IJ22: =II22*30 -> 0 | IK22: =IJ22 -> 0 | IL22: 0 | IN22: 102 | IO22: T4R1 | IP22: 30 | IQ22: 0.185 | IR22: =IQ22*30 -> 5.55 | IS22: =IR22 -> 5.55 | IT22: =IC22-IS22 -> -2.22
C23: 50 | D23: 0.094 | E23: =D23*20 -> 1.88 | F23: =F22+E23 -> 4.19 | J23: 50 | K23: 0.16940411 | L23: =K23*20 -> 3.3880821 | M23: =M22+L23 -> 9.0880821 | N23: =F23-M23 -> -4.8980821 | R23: 50 | S23: 0.15978864 | T23: =S23*20 -> 3.1957728 | U23: =U22+T23 -> 8.5057728 | V23: =M23-U23 -> 0.58230929 | Z23: 50 | AA23: 0.15725631 | AB23: =AA23*20 -> 3.1451263 | AC23: =AC22+AB23 -> 7.7951263 | AD23: =U23-AC23 -> 0.71064654 | AH23: 50 | AI23: 0.18437779 | AJ23: =AI23*20 -> 3.6875558 | AK23: =AK22+AJ23 -> 9.5975558 | AL23: =AC23-AK23 -> -1.8024295 | AP23: 50 | AQ23: 0.17496748 | AR23: =AQ23*20 -> 3.4993497 | AS23: =AS22+AR23 -> 9.1993497 | AT23: =AK23-AS23 -> 0.3982061 | AX23: 50 | AY23: 0.16834389 | AZ23: =AY23*20 -> 3.3668778 | BA23: =BA22+AZ23 -> 8.6468778 | BB23: =AS23-BA23 -> 0.5524719 | BF23: 50 | BG23: 0 | BH23: =BG23*20 -> 0 | BI23: =BI22+BH23 -> 0 | BJ23: 0 | BN23: 50 | BO23: 0.15812641 | BP23: =BO23*20 -> 3.1625283 | BQ23: =BQ22+BP23 -> 7.9025283 | BR23: =BA23-BQ23 -> 0.74434951 | BV23: 50 | BW23: 0 | BX23: =BW23*20 -> 0 | BY23: =BY22+BX23 -> 0 | BZ23: 0 | CD23: 50 | CE23: 0.18719124 | CF23: =CE23*20 -> 3.7438248 | CG23: =CG22+CF23 -> 9.2638248 | CH23: =BQ23-CG23 -> -1.3612966 | CL23: 50 | CM23: 0 | CN23: =CM23*20 -> 0 | CO23: =CO22+CN23 -> 0 | CP23: 0 | CT23: 50 | CU23: 0 | CV23: =CU23*20 -> 0 | CW23: =CW22+CV23 -> 0 | CX23: =CO23-CW23 -> 0 | DB23: 50 | DC23: 0.16827138 | DD23: =DC23*20 -> 3.3654275 | DE23: =DE22+DD23 -> 7.8354275 | DF23: =CG23-DE23 -> 1.4283973 | DJ23: 50 | DK23: 0 | DL23: =DK23*20 -> 0 | DM23: =DM22+DL23 -> 0 | DN23: 0 | DR23: 50 | DS23: 0.14875646 | DT23: =DS23*20 -> 2.9751291 | DU23: =DU22+DT23 -> 7.0251291 | DV23: =DE23-DU23 -> 0.81029841 | DZ23: 50 | EA23: 0 | EB23: =EA23*20 -> 0 | EC23: =EC22+EB23 -> 0 | ED23: 0 | EH23: 50 | EI23: 0 | EJ23: =EI23*20 -> 0 | EK23: =EK22+EJ23 -> 0 | EL23: =EC475-EK23 -> 0 | EP23: 50 | EQ23: 0.18275902 | ER23: =EQ23*20 -> 3.6551804 | ES23: =ES22+ER23 -> 9.1151804 | ET23: =DU23-ES23 -> -2.0900513 | EX23: 50 | EY23: 0 | EZ23: =EY23*20 -> 0 | FA23: =FA22+EZ23 -> 0 | FB23: 0 | FF23: 50 | FG23: 0 | FH23: =FG23*20 -> 0 | FI23: =FI22+FH23 -> 0 | FJ23: =FA23-FI23 -> 0 | FN23: 50 | FO23: 0 | FP23: =FO23*20 -> 0 | FQ23: =FQ22+FP23 -> 0 | FR23: =FA23-FQ23 -> 0 | FV23: 50 | FW23: 0.16188396 | FX23: =FW23*20 -> 3.2376793 | FY23: =FY22+FX23 -> 7.6776793 | FZ23: =ES23-FY23 -> 1.4375011 | GD23: 50 | GE23: 0 | GF23: =GE23*20 -> 0 | GG23: =GG22+GF23 -> 0 | GH23: 0 | GL23: 50 | GM23: 0.14106297 | GN23: =GM23*20 -> 2.8212593 | GO23: =GO22+GN23 -> 6.0312593 | GP23: =FY23-GO23 -> 1.64642 | GT23: 50 | GU23: 0 | GV23: =GU23*20 -> 0 | GW23: =GW22+GV23 -> 0 | GX23: 0 | HB23: 50 | HC23: 0.18444103 | HD23: =HC23*20 -> 3.6888207 | HE23: =HE22+HD23 -> 8.7888207 | HF23: =GO23-HE23 -> -2.7575614 | HJ23: 50 | HK23: 0 | HL23: =HK23*20 -> 0 | HM23: =HM22+HL23 -> 0 | HN23: 0 | HR23: 50 | HS23: 0.15225221 | HT23: =HS23*20 -> 3.0450441 | HU23: =HU22+HT23 -> 7.1250441 | HV23: =HE23-HU23 -> 1.6637766 | HZ23: 50 | IA23: 0.12878277 | IB23: =IA23*20 -> 2.5756554 | IC23: =IC22+IB23 -> 5.9056554 | ID23: =HU23-IC23 -> 1.2193887 | IH23: 50 | II23: 0 | IJ23: =II23*20 -> 0 | IK23: =IK22+IJ23 -> 0 | IL23: 0 | IP23: 50 | IQ23: 0.18392695 | IR23: =IQ23*20 -> 3.6785389 | IS23: =IS22+IR23 -> 9.2285389 | IT23: =IC23-IS23 -> -3.3228835
C24: 70 | D24: 0.072 | E24: =D24*20 -> 1.44 | F24: =F23+E24 -> 5.63 | J24: 70 | K24: 0.15002171 | L24: =K24*20 -> 3.0004343 | M24: =M23+L24 -> 12.088516 | N24: =F24-M24 -> -6.4585164 | R24: 70 | S24: 0.13653494 | T24: =S24*20 -> 2.7306987 | U24: =U23+T24 -> 11.236472 | V24: =M24-U24 -> 0.85204482 | Z24: 70 | AA24: 0.13478977 | AB24: =AA24*20 -> 2.6957955 | AC24: =AC23+AB24 -> 10.490922 | AD24: =U24-AC24 -> 0.74554982 | AH24: 70 | AI24: 0.15857355 | AJ24: =AI24*20 -> 3.1714711 | AK24: =AK23+AJ24 -> 12.769027 | AL24: =AC24-AK24 -> -2.2781051 | AP24: 70 | AQ24: 0.15197114 | AR24: =AQ24*20 -> 3.0394228 | AS24: =AS23+AR24 -> 12.238772 | AT24: =AK24-AS24 -> 0.53025434 | AX24: 70 | AY24: 0.14850996 | AZ24: =AY24*20 -> 2.9701991 | BA24: =BA23+AZ24 -> 11.617077 | BB24: =AS24-BA24 -> 0.6216956 | BF24: 70 | BG24: 0 | BH24: =BG24*20 -> 0 | BI24: =BI23+BH24 -> 0 | BJ24: 0 | BN24: 70 | BO24: 0.13744327 | BP24: =BO24*20 -> 2.7488654 | BQ24: =BQ23+BP24 -> 10.651394 | BR24: =BA24-BQ24 -> 0.96568325 | BV24: 70 | BW24: 0 | BX24: =BW24*20 -> 0 | BY24: =BY23+BX24 -> 0 | BZ24: 0 | CD24: 70 | CE24: 0.15716473 | CF24: =CE24*20 -> 3.1432947 | CG24: =CG23+CF24 -> 12.40712 | CH24: =BQ24-CG24 -> -1.7557259 | CL24: 70 | CM24: 0 | CN24: =CM24*20 -> 0 | CO24: =CO23+CN24 -> 0 | CP24: 0 | CT24: 70 | CU24: 0 | CV24: =CU24*20 -> 0 | CW24: =CW23+CV24 -> 0 | CX24: =CO24-CW24 -> 0 | DB24: 70 | DC24: 0.14578562 | DD24: =DC24*20 -> 2.9157123 | DE24: =DE23+DD24 -> 10.75114 | DF24: =CG24-DE24 -> 1.6559797 | DJ24: 70 | DK24: 0 | DL24: =DK24*20 -> 0 | DM24: =DM23+DL24 -> 0 | DN24: 0 | DR24: 70 | DS24: 0.12944976 | DT24: =DS24*20 -> 2.5889952 | DU24: =DU23+DT24 -> 9.6141243 | DV24: =DE24-DU24 -> 1.1370155 | DZ24: 70 | EA24: 0 | EB24: =EA24*20 -> 0 | EC24: =EC23+EB24 -> 0 | ED24: 0 | EH24: 70 | EI24: 0 | EJ24: =EI24*20 -> 0 | EK24: =EK23+EJ24 -> 0 | EL24: =EC476-EK24 -> 0 | EP24: 70 | EQ24: 0.16046922 | ER24: =EQ24*20 -> 3.2093844 | ES24: =ES23+ER24 -> 12.324565 | ET24: =DU24-ES24 -> -2.7104405 | EX24: 70 | EY24: 0 | EZ24: =EY24*20 -> 0 | FA24: =FA23+EZ24 -> 0 | FB24: 0 | FF24: 70 | FG24: 0 | FH24: =FG24*20 -> 0 | FI24: =FI23+FH24 -> 0 | FJ24: =FA24-FI24 -> 0 | FN24: 70 | FO24: 0 | FP24: =FO24*20 -> 0 | FQ24: =FQ23+FP24 -> 0 | FR24: =FA24-FQ24 -> 0 | FV24: 70 | FW24: 0.143511 | FX24: =FW24*20 -> 2.8702201 | FY24: =FY23+FX24 -> 10.547899 | FZ24: =ES24-FY24 -> 1.7766655 | GD24: 70 | GE24: 0 | GF24: =GE24*20 -> 0 | GG24: =GG23+GF24 -> 0 | GH24: 0 | GL24: 70 | GM24: 0.12813402 | GN24: =GM24*20 -> 2.5626803 | GO24: =GO23+GN24 -> 8.5939396 | GP24: =FY24-GO24 -> 1.9539597 | GT24: 70 | GU24: 0 | GV24: =GU24*20 -> 0 | GW24: =GW23+GV24 -> 0 | GX24: 0 | HB24: 70 | HC24: 0.16474727 | HD24: =HC24*20 -> 3.2949455 | HE24: =HE23+HD24 -> 12.083766 | HF24: =GO24-HE24 -> -3.4898265 | HJ24: 70 | HK24: 0 | HL24: =HK24*20 -> 0 | HM24: =HM23+HL24 -> 0 | HN24: 0 | HR24: 70 | HS24: 0.1401016 | HT24: =HS24*20 -> 2.802032 | HU24: =HU23+HT24 -> 9.9270761 | HV24: =HE24-HU24 -> 2.1566901 | HZ24: 70 | IA24: 0.11879648 | IB24: =IA24*20 -> 2.3759296 | IC24: =IC23+IB24 -> 8.281585 | ID24: =HU24-IC24 -> 1.6454911 | IH24: 70 | II24: 0 | IJ24: =II24*20 -> 0 | IK24: =IK23+IJ24 -> 0 | IL24: 0 | IP24: 70 | IQ24: 0.16419386 | IR24: =IQ24*20 -> 3.2838773 | IS24: =IS23+IR24 -> 12.512416 | IT24: =IC24-IS24 -> -4.2308312
C25: 90 | D25: 0.067 | E25: =D25*20 -> 1.34 | F25: =F24+E25 -> 6.97 | J25: 90 | K25: 0.12894606 | L25: =K25*20 -> 2.5789212 | M25: =M24+L25 -> 14.667438 | N25: =F25-M25 -> -7.6974376 | R25: 90 | S25: 0.12258271 | T25: =S25*20 -> 2.4516543 | U25: =U24+T25 -> 13.688126 | V25: =M25-U25 -> 0.97931176 | Z25: 90 | AA25: 0.12168429 | AB25: =AA25*20 -> 2.4336858 | AC25: =AC24+AB25 -> 12.924608 | AD25: =U25-AC25 -> 0.76351829 | AH25: 90 | AI25: 0.14964132 | AJ25: =AI25*20 -> 2.9928264 | AK25: =AK24+AJ25 -> 15.761853 | AL25: =AC25-AK25 -> -2.8372456 | AP25: 90 | AQ25: 0.13997305 | AR25: =AQ25*20 -> 2.799461 | AS25: =AS24+AR25 -> 15.038233 | AT25: =AK25-AS25 -> 0.7236197 | AX25: 90 | AY25: 0.13363451 | AZ25: =AY25*20 -> 2.6726901 | BA25: =BA24+AZ25 -> 14.289767 | BB25: =AS25-BA25 -> 0.74846645 | BF25: 90 | BG25: 0 | BH25: =BG25*20 -> 0 | BI25: =BI24+BH25 -> 0 | BJ25: 0 | BN25: 90 | BO25: 0.12562433 | BP25: =BO25*20 -> 2.5124866 | BQ25: =BQ24+BP25 -> 13.16388 | BR25: =BA25-BQ25 -> 1.1258868 | BV25: 90 | BW25: 0 | BX25: =BW25*20 -> 0 | BY25: =BY24+BX25 -> 0 | BZ25: 0 | CD25: 90 | CE25: 0.13914883 | CF25: =CE25*20 -> 2.7829766 | CG25: =CG24+CF25 -> 15.190096 | CH25: =BQ25-CG25 -> -2.0262159 | CL25: 90 | CM25: 0 | CN25: =CM25*20 -> 0 | CO25: =CO24+CN25 -> 0 | CP25: 0 | CT25: 90 | CU25: 0 | CV25: =CU25*20 -> 0 | CW25: =CW24+CV25 -> 0 | CX25: =CO25-CW25 -> 0 | DB25: 90 | DC25: 0.1314765 | DD25: =DC25*20 -> 2.6295299 | DE25: =DE24+DD25 -> 13.38067 | DF25: =CG25-DE25 -> 1.8094264 | DJ25: 90 | DK25: 0 | DL25: =DK25*20 -> 0 | DM25: =DM24+DL25 -> 0 | DN25: 0 | DR25: 90 | DS25: 0.12172708 | DT25: =DS25*20 -> 2.4345416 | DU25: =DU24+DT25 -> 12.048666 | DV25: =DE25-DU25 -> 1.3320038 | DZ25: 90 | EA25: 0 | EB25: =EA25*20 -> 0 | EC25: =EC24+EB25 -> 0 | ED25: 0 | EH25: 90 | EI25: 0 | EJ25: =EI25*20 -> 0 | EK25: =EK24+EJ25 -> 0 | EL25: =EC477-EK25 -> 0 | EP25: 90 | EQ25: 0.14729798 | ER25: =EQ25*20 -> 2.9459595 | ES25: =ES24+ER25 -> 15.270524 | ET25: =DU25-ES25 -> -3.2218584 | EX25: 90 | EY25: 0 | EZ25: =EY25*20 -> 0 | FA25: =FA24+EZ25 -> 0 | FB25: 0 | FF25: 90 | FG25: 0 | FH25: =FG25*20 -> 0 | FI25: =FI24+FH25 -> 0 | FJ25: =FA25-FI25 -> 0 | FN25: 90 | FO25: 0 | FP25: =FO25*20 -> 0 | FQ25: =FQ24+FP25 -> 0 | FR25: =FA25-FQ25 -> 0 | FV25: 90 | FW25: 0.13126236 | FX25: =FW25*20 -> 2.6252473 | FY25: =FY24+FX25 -> 13.173147 | FZ25: =ES25-FY25 -> 2.0973777 | GD25: 90 | GE25: 0 | GF25: =GE25*20 -> 0 | GG25: =GG24+GF25 -> 0 | GH25: 0 | GL25: 90 | GM25: 0.12117227 | GN25: =GM25*20 -> 2.4234455 | GO25: =GO24+GN25 -> 11.017385 | GP25: =FY25-GO25 -> 2.1557615 | GT25: 90 | GU25: 0 | GV25: =GU25*20 -> 0 | GW25: =GW24+GV25 -> 0 | GX25: 0 | HB25: 90 | HC25: 0.15334562 | HD25: =HC25*20 -> 3.0669125 | HE25: =HE24+HD25 -> 15.150679 | HF25: =GO25-HE25 -> -4.1332936 | HJ25: 90 | HK25: 0 | HL25: =HK25*20 -> 0 | HM25: =HM24+HL25 -> 0 | HN25: 0 | HR25: 90 | HS25: 0.12997609 | HT25: =HS25*20 -> 2.5995219 | HU25: =HU24+HT25 -> 12.526598 | HV25: =HE25-HU25 -> 2.6240807 | HZ25: 90 | IA25: 0.11679922 | IB25: =IA25*20 -> 2.3359844 | IC25: =IC24+IB25 -> 10.617569 | ID25: =HU25-IC25 -> 1.9090285 | IH25: 90 | II25: 0 | IJ25: =II25*20 -> 0 | IK25: =IK24+IJ25 -> 0 | IL25: 0 | IP25: 90 | IQ25: 0.15173086 | IR25: =IQ25*20 -> 3.0346173 | IS25: =IS24+IR25 -> 15.547033 | IT25: =IC25-IS25 -> -4.929464
C26: 110 | D26: 0.083 | E26: =D26*20 -> 1.66 | F26: =F25+E26 -> 8.63 | J26: 110 | K26: 0.15848113 | L26: =K26*20 -> 3.1696227 | M26: =M25+L26 -> 17.83706 | N26: =F26-M26 -> -9.2070603 | R26: 110 | S26: 0.16164894 | T26: =S26*20 -> 3.2329787 | U26: =U25+T26 -> 16.921105 | V26: =M26-U26 -> 0.9159557 | Z26: 110 | AA26: 0.15351189 | AB26: =AA26*20 -> 3.0702378 | AC26: =AC25+AB26 -> 15.994845 | AD26: =U26-AC26 -> 0.92625922 | AH26: 110 | AI26: 0.18040791 | AJ26: =AI26*20 -> 3.6081581 | AK26: =AK25+AJ26 -> 19.370011 | AL26: =AC26-AK26 -> -3.3751659 | AP26: 110 | AQ26: 0.16996828 | AR26: =AQ26*20 -> 3.3993656 | AS26: =AS25+AR26 -> 18.437599 | AT26: =AK26-AS26 -> 0.93241225 | AX26: 110 | AY26: 0.17032728 | AZ26: =AY26*20 -> 3.4065456 | BA26: =BA25+AZ26 -> 17.696313 | BB26: =AS26-BA26 -> 0.74128639 | BF26: 110 | BG26: 0 | BH26: =BG26*20 -> 0 | BI26: =BI25+BH26 -> 0 | BJ26: 0 | BN26: 110 | BO26: 0.16108115 | BP26: =BO26*20 -> 3.2216229 | BQ26: =BQ25+BP26 -> 16.385503 | BR26: =BA26-BQ26 -> 1.3108095 | BV26: 110 | BW26: 0 | BX26: =BW26*20 -> 0 | BY26: =BY25+BX26 -> 0 | BZ26: 0 | CD26: 110 | CE26: 0.17217799 | CF26: =CE26*20 -> 3.4435598 | CG26: =CG25+CF26 -> 18.633656 | CH26: =BQ26-CG26 -> -2.2481527 | CL26: 110 | CM26: 0 | CN26: =CM26*20 -> 0 | CO26: =CO25+CN26 -> 0 | CP26: 0 | CT26: 110 | CU26: 0 | CV26: =CU26*20 -> 0 | CW26: =CW25+CV26 -> 0 | CX26: =CO26-CW26 -> 0 | DB26: 110 | DC26: 0.17031554 | DD26: =DC26*20 -> 3.4063107 | DE26: =DE25+DD26 -> 16.78698 | DF26: =CG26-DE26 -> 1.8466754 | DJ26: 110 | DK26: 0 | DL26: =DK26*20 -> 0 | DM26: =DM25+DL26 -> 0 | DN26: 0 | DR26: 110 | DS26: 0.16034047 | DT26: =DS26*20 -> 3.2068095 | DU26: =DU25+DT26 -> 15.255475 | DV26: =DE26-DU26 -> 1.5315051 | DZ26: 110 | EA26: 0 | EB26: =EA26*20 -> 0 | EC26: =EC25+EB26 -> 0 | ED26: 0 | EH26: 110 | EI26: 0 | EJ26: =EI26*20 -> 0 | EK26: =EK25+EJ26 -> 0 | EL26: =EC478-EK26 -> 0 | EP26: 110 | EQ26: 0.18681171 | ER26: =EQ26*20 -> 3.7362342 | ES26: =ES25+ER26 -> 19.006759 | ET26: =DU26-ES26 -> -3.7512832 | EX26: 110 | EY26: 0 | EZ26: =EY26*20 -> 0 | FA26: =FA25+EZ26 -> 0 | FB26: 0 | FF26: 110 | FG26: 0 | FH26: =FG26*20 -> 0 | FI26: =FI25+FH26 -> 0 | FJ26: =FA26-FI26 -> 0 | FN26: 110 | FO26: 0 | FP26: =FO26*20 -> 0 | FQ26: =FQ25+FP26 -> 0 | FR26: =FA26-FQ26 -> 0 | FV26: 110 | FW26: 0.17311188 | FX26: =FW26*20 -> 3.4622377 | FY26: =FY25+FX26 -> 16.635384 | FZ26: =ES26-FY26 -> 2.3713742 | GD26: 110 | GE26: 0 | GF26: =GE26*20 -> 0 | GG26: =GG25+GF26 -> 0 | GH26: 0 | GL26: 110 | GM26: 0.16095366 | GN26: =GM26*20 -> 3.2190732 | GO26: =GO25+GN26 -> 14.236458 | GP26: =FY26-GO26 -> 2.398926 | GT26: 110 | GU26: 0 | GV26: =GU26*20 -> 0 | GW26: =GW25+GV26 -> 0 | GX26: 0 | HB26: 110 | HC26: 0.19376966 | HD26: =HC26*20 -> 3.8753932 | HE26: =HE25+HD26 -> 19.026072 | HF26: =GO26-HE26 -> -4.7896135 | HJ26: 110 | HK26: 0 | HL26: =HK26*20 -> 0 | HM26: =HM25+HL26 -> 0 | HN26: 0 | HR26: 110 | HS26: 0.17452832 | HT26: =HS26*20 -> 3.4905664 | HU26: =HU25+HT26 -> 16.017164 | HV26: =HE26-HU26 -> 3.0089074 | HZ26: 110 | IA26: 0.15574575 | IB26: =IA26*20 -> 3.1149151 | IC26: =IC25+IB26 -> 13.732485 | ID26: =HU26-IC26 -> 2.2846799 | IH26: 110 | II26: 0 | IJ26: =II26*20 -> 0 | IK26: =IK25+IJ26 -> 0 | IL26: 0 | IP26: 110 | IQ26: 0.18184978 | IR26: =IQ26*20 -> 3.6369956 | IS26: =IS25+IR26 -> 19.184029 | IT26: =IC26-IS26 -> -5.4515445
C27: 130 | D27: 0.096 | E27: =D27*20 -> 1.92 | F27: =F26+E27 -> 10.55 | J27: 130 | K27: 0.18786353 | L27: =K27*20 -> 3.7572705 | M27: =M26+L27 -> 21.594331 | N27: =F27-M27 -> -11.044331 | R27: 130 | S27: 0.17932175 | T27: =S27*20 -> 3.586435 | U27: =U26+T27 -> 20.50754 | V27: =M27-U27 -> 1.0867912 | Z27: 130 | AA27: 0.17597843 | AB27: =AA27*20 -> 3.5195686 | AC27: =AC26+AB27 -> 19.514414 | AD27: =U27-AC27 -> 0.99312564 | AH27: 130 | AI27: 0.19827238 | AJ27: =AI27*20 -> 3.9654475 | AK27: =AK26+AJ27 -> 23.335459 | AL27: =AC27-AK27 -> -3.8210448 | AP27: 130 | AQ27: 0.19596414 | AR27: =AQ27*20 -> 3.9192829 | AS27: =AS26+AR27 -> 22.356882 | AT27: =AK27-AS27 -> 0.97857691 | AX27: 130 | AY27: 0.18817782 | AZ27: =AY27*20 -> 3.7635564 | BA27: =BA26+AZ27 -> 21.459869 | BB27: =AS27-BA27 -> 0.89701285 | BF27: 130 | BG27: 0 | BH27: =BG27*20 -> 0 | BI27: =BI26+BH27 -> 0 | BJ27: 0 | BN27: 130 | BO27: 0.18077938 | BP27: =BO27*20 -> 3.6155876 | BQ27: =BQ26+BP27 -> 20.001091 | BR27: =BA27-BQ27 -> 1.4587783 | BV27: 130 | BW27: 0 | BX27: =BW27*20 -> 0 | BY27: =BY26+BX27 -> 0 | BZ27: 0 | CD27: 130 | CE27: 0.19119478 | CF27: =CE27*20 -> 3.8238955 | CG27: =CG26+CF27 -> 22.457551 | CH27: =BQ27-CG27 -> -2.4564606 | CL27: 130 | CM27: 0 | CN27: =CM27*20 -> 0 | CO27: =CO26+CN27 -> 0 | CP27: 0 | CT27: 130 | CU27: 0 | CV27: =CU27*20 -> 0 | CW27: =CW26+CV27 -> 0 | CX27: =CO27-CW27 -> 0 | DB27: 130 | DC27: 0.18666882 | DD27: =DC27*20 -> 3.7333763 | DE27: =DE26+DD27 -> 20.520357 | DF27: =CG27-DE27 -> 1.9371946 | DJ27: 130 | DK27: 0 | DL27: =DK27*20 -> 0 | DM27: =DM26+DL27 -> 0 | DN27: 0 | DR27: 130 | DS27: 0.1777165 | DT27: =DS27*20 -> 3.55433 | DU27: =DU26+DT27 -> 18.809805 | DV27: =DE27-DU27 -> 1.7105514 | DZ27: 130 | EA27: 0 | EB27: =EA27*20 -> 0 | EC27: =EC26+EB27 -> 0 | ED27: 0 | EH27: 130 | EI27: 0 | EJ27: =EI27*20 -> 0 | EK27: =EK26+EJ27 -> 0 | EL27: =EC479-EK27 -> 0 | EP27: 130 | EQ27: 0.19896978 | ER27: =EQ27*20 -> 3.9793957 | ES27: =ES26+ER27 -> 22.986154 | ET27: =DU27-ES27 -> -4.1763488 | EX27: 130 | EY27: 0 | EZ27: =EY27*20 -> 0 | FA27: =FA26+EZ27 -> 0 | FB27: 0 | FF27: 130 | FG27: 0 | FH27: =FG27*20 -> 0 | FI27: =FI26+FH27 -> 0 | FJ27: =FA27-FI27 -> 0 | FN27: 130 | FO27: 0 | FP27: =FO27*20 -> 0 | FQ27: =FQ26+FP27 -> 0 | FR27: =FA27-FQ27 -> 0 | FV27: 130 | FW27: 0.19148484 | FX27: =FW27*20 -> 3.8296969 | FY27: =FY26+FX27 -> 20.465081 | FZ27: =ES27-FY27 -> 2.521073 | GD27: 130 | GE27: 0 | GF27: =GE27*20 -> 0 | GG27: =GG26+GF27 -> 0 | GH27: 0 | GL27: 130 | GM27: 0.18084435 | GN27: =GM27*20 -> 3.616887 | GO27: =GO26+GN27 -> 17.853345 | GP27: =FY27-GO27 -> 2.6117359 | GT27: 130 | GU27: 0 | GV27: =GU27*20 -> 0 | GW27: =GW26+GV27 -> 0 | GX27: 0 | HB27: 130 | HC27: 0.20724434 | HD27: =HC27*20 -> 4.1448867 | HE27: =HE26+HD27 -> 23.170959 | HF27: =GO27-HE27 -> -5.3176132 | HJ27: 130 | HK27: 0 | HL27: =HK27*20 -> 0 | HM27: =HM26+HL27 -> 0 | HN27: 0 | HR27: 130 | HS27: 0.19477933 | HT27: =HS27*20 -> 3.8955866 | HU27: =HU26+HT27 -> 19.912751 | HV27: =HE27-HU27 -> 3.2582075 | HZ27: 130 | IA27: 0.18270874 | IB27: =IA27*20 -> 3.6541748 | IC27: =IC26+IB27 -> 17.386659 | ID27: =HU27-IC27 -> 2.5260917 | IH27: 130 | II27: 0 | IJ27: =II27*20 -> 0 | IK27: =IK26+IJ27 -> 0 | IL27: 0 | IP27: 130 | IQ27: 0.20885295 | IR27: =IQ27*20 -> 4.1770589 | IS27: =IS26+IR27 -> 23.361088 | IT27: =IC27-IS27 -> -5.9744286
C28: 150 | D28: 0.099 | E28: =D28*20 -> 1.98 | F28: =F27+E28 -> 12.53 | J28: 150 | K28: 0.1847838 | L28: =K28*20 -> 3.6956761 | M28: =M27+L28 -> 25.290007 | N28: =F28-M28 -> -12.760007 | R28: 150 | S28: 0.18490264 | T28: =S28*20 -> 3.6980528 | U28: =U27+T28 -> 24.205592 | V28: =M28-U28 -> 1.0844144 | Z28: 150 | AA28: 0.18159507 | AB28: =AA28*20 -> 3.6319013 | AC28: =AC27+AB28 -> 23.146315 | AD28: =U28-AC28 -> 1.0592771 | AH28: 150 | AI28: 0.19827238 | AJ28: =AI28*20 -> 3.9654475 | AK28: =AK27+AJ28 -> 27.300906 | AL28: =AC28-AK28 -> -4.154591 | AP28: 150 | AQ28: 0.19796383 | AR28: =AQ28*20 -> 3.9592765 | AS28: =AS27+AR28 -> 26.316158 | AT28: =AK28-AS28 -> 0.98474794 | AX28: 150 | AY28: 0.19214461 | AZ28: =AY28*20 -> 3.8428921 | BA28: =BA27+AZ28 -> 25.302761 | BB28: =AS28-BA28 -> 1.0133972 | BF28: 150 | BG28: 0 | BH28: =BG28*20 -> 0 | BI28: =BI27+BH28 -> 0 | BJ28: 0 | BN28: 150 | BO28: 0.18767376 | BP28: =BO28*20 -> 3.7534752 | BQ28: =BQ27+BP28 -> 23.754566 | BR28: =BA28-BQ28 -> 1.5481952 | BV28: 150 | BW28: 0 | BX28: =BW28*20 -> 0 | BY28: =BY27+BX28 -> 0 | BZ28: 0 | CD28: 150 | CE28: 0.19419743 | CF28: =CE28*20 -> 3.8839485 | CG28: =CG27+CF28 -> 26.3415 | CH28: =BQ28-CG28 -> -2.5869339 | CL28: 150 | CM28: 0 | CN28: =CM28*20 -> 0 | CO28: =CO27+CN28 -> 0 | CP28: 0 | CT28: 150 | CU28: 0 | CV28: =CU28*20 -> 0 | CW28: =CW27+CV28 -> 0 | CX28: =CO28-CW28 -> 0 | DB28: 150 | DC28: 0.19382338 | DD28: =DC28*20 -> 3.8764675 | DE28: =DE27+DD28 -> 24.396824 | DF28: =CG28-DE28 -> 1.9446756 | DJ28: 150 | DK28: 0 | DL28: =DK28*20 -> 0 | DM28: =DM27+DL28 -> 0 | DN28: 0 | DR28: 150 | DS28: 0.18254317 | DT28: =DS28*20 -> 3.6508635 | DU28: =DU27+DT28 -> 22.460669 | DV28: =DE28-DU28 -> 1.9361554 | DZ28: 150 | EA28: 0 | EB28: =EA28*20 -> 0 | EC28: =EC27+EB28 -> 0 | ED28: 0 | EH28: 150 | EI28: 0 | EJ28: =EI28*20 -> 0 | EK28: =EK27+EJ28 -> 0 | EL28: =EC480-EK28 -> 0 | EP28: 150 | EQ28: 0.19694344 | ER28: =EQ28*20 -> 3.9388688 | ES28: =ES27+ER28 -> 26.925023 | ET28: =DU28-ES28 -> -4.4643541 | EX28: 150 | EY28: 0 | EZ28: =EY28*20 -> 0 | FA28: =FA27+EZ28 -> 0 | FB28: 0 | FF28: 150 | FG28: 0 | FH28: =FG28*20 -> 0 | FI28: =FI27+FH28 -> 0 | FJ28: =FA28-FI28 -> 0 | FN28: 150 | FO28: 0 | FP28: =FO28*20 -> 0 | FQ28: =FQ27+FP28 -> 0 | FR28: =FA28-FQ28 -> 0 | FV28: 150 | FW28: 0.19760916 | FX28: =FW28*20 -> 3.9521833 | FY28: =FY27+FX28 -> 24.417264 | FZ28: =ES28-FY28 -> 2.5077585 | GD28: 150 | GE28: 0 | GF28: =GE28*20 -> 0 | GG28: =GG27+GF28 -> 0 | GH28: 0 | GL28: 150 | GM28: 0.1907897 | GN28: =GM28*20 -> 3.815794 | GO28: =GO27+GN28 -> 21.669139 | GP28: =FY28-GO28 -> 2.7481252 | GT28: 150 | GU28: 0 | GV28: =GU28*20 -> 0 | GW28: =GW27+GV28 -> 0 | GX28: 0 | HB28: 150 | HC28: 0.21035388 | HD28: =HC28*20 -> 4.2070775 | HE28: =HE27+HD28 -> 27.378036 | HF28: =GO28-HE28 -> -5.7088967 | HJ28: 150 | HK28: 0 | HL28: =HK28*20 -> 0 | HM28: =HM27+HL28 -> 0 | HN28: 0 | HR28: 150 | HS28: 0.20085464 | HT28: =HS28*20 -> 4.0170927 | HU28: =HU27+HT28 -> 23.929844 | HV28: =HE28-HU28 -> 3.4481923 | HZ28: 150 | IA28: 0.18969914 | IB28: =IA28*20 -> 3.7939828 | IC28: =IC27+IB28 -> 21.180642 | ID28: =HU28-IC28 -> 2.7492016 | IH28: 150 | II28: 0 | IJ28: =II28*20 -> 0 | IK28: =IK27+IJ28 -> 0 | IL28: 0 | IP28: 150 | IQ28: 0.21093011 | IR28: =IQ28*20 -> 4.2186022 | IS28: =IS27+IR28 -> 27.57969 | IT28: =IC28-IS28 -> -6.3990481
C29: 170 | D29: 0.101 | E29: =D29*20 -> 2.02 | F29: =F28+E29 -> 14.55 | J29: 170 | K29: 0.18555409 | L29: =K29*20 -> 3.7110819 | M29: =M28+L29 -> 29.001089 | N29: =F29-M29 -> -14.451089 | R29: 170 | S29: 0.18862323 | T29: =S29*20 -> 3.7724647 | U29: =U28+T29 -> 27.978057 | V29: =M29-U29 -> 1.0230317 | Z29: 170 | AA29: 0.19189223 | AB29: =AA29*20 -> 3.8378446 | AC29: =AC28+AB29 -> 26.98416 | AD29: =U29-AC29 -> 0.99389719 | AH29: 170 | AI29: 0.20720461 | AJ29: =AI29*20 -> 4.1440922 | AK29: =AK28+AJ29 -> 31.444999 | AL29: =AC29-AK29 -> -4.4608387 | AP29: 170 | AQ29: 0.20096335 | AR29: =AQ29*20 -> 4.019267 | AS29: =AS28+AR29 -> 30.335425 | AT29: =AK29-AS29 -> 1.1095732 | AX29: 170 | AY29: 0.20007818 | AZ29: =AY29*20 -> 4.0015636 | BA29: =BA28+AZ29 -> 29.304325 | BB29: =AS29-BA29 -> 1.0311006 | BF29: 170 | BG29: 0 | BH29: =BG29*20 -> 0 | BI29: =BI28+BH29 -> 0 | BJ29: 0 | BN29: 170 | BO29: 0.19555305 | BP29: =BO29*20 -> 3.9110611 | BQ29: =BQ28+BP29 -> 27.665627 | BR29: =BA29-BQ29 -> 1.6386978 | BV29: 170 | BW29: 0 | BX29: =BW29*20 -> 0 | BY29: =BY28+BX29 -> 0 | BZ29: 0 | CD29: 170 | CE29: 0.20120361 | CF29: =CE29*20 -> 4.0240722 | CG29: =CG28+CF29 -> 30.365572 | CH29: =BQ29-CG29 -> -2.6999451 | CL29: 170 | CM29: 0 | CN29: =CM29*20 -> 0 | CO29: =CO28+CN29 -> 0 | CP29: 0 | CT29: 170 | CU29: 0 | CV29: =CU29*20 -> 0 | CW29: =CW28+CV29 -> 0 | CX29: =CO29-CW29 -> 0 | DB29: 170 | DC29: 0.20097794 | DD29: =DC29*20 -> 4.0195587 | DE29: =DE28+DD29 -> 28.416383 | DF29: =CG29-DE29 -> 1.9491891 | DJ29: 170 | DK29: 0 | DL29: =DK29*20 -> 0 | DM29: =DM28+DL29 -> 0 | DN29: 0 | DR29: 170 | DS29: 0.19509253 | DT29: =DS29*20 -> 3.9018505 | DU29: =DU28+DT29 -> 26.362519 | DV29: =DE29-DU29 -> 2.0538636 | DZ29: 170 | EA29: 0 | EB29: =EA29*20 -> 0 | EC29: =EC28+EB29 -> 0 | ED29: 0 | EH29: 170 | EI29: 0 | EJ29: =EI29*20 -> 0 | EK29: =EK28+EJ29 -> 0 | EL29: =EC481-EK29 -> 0 | EP29: 170 | EQ29: 0.20606199 | ER29: =EQ29*20 -> 4.1212398 | ES29: =ES28+ER29 -> 31.046263 | ET29: =DU29-ES29 -> -4.6837434 | EX29: 170 | EY29: 0 | EZ29: =EY29*20 -> 0 | FA29: =FA28+EZ29 -> 0 | FB29: 0 | FF29: 170 | FG29: 0 | FH29: =FG29*20 -> 0 | FI29: =FI28+FH29 -> 0 | FJ29: =FA29-FI29 -> 0 | FN29: 170 | FO29: 0 | FP29: =FO29*20 -> 0 | FQ29: =FQ28+FP29 -> 0 | FR29: =FA29-FQ29 -> 0 | FV29: 170 | FW29: 0.20169204 | FX29: =FW29*20 -> 4.0338409 | FY29: =FY28+FX29 -> 28.451105 | FZ29: =ES29-FY29 -> 2.5951575 | GD29: 170 | GE29: 0 | GF29: =GE29*20 -> 0 | GG29: =GG28+GF29 -> 0 | GH29: 0 | GL29: 170 | GM29: 0.19675691 | GN29: =GM29*20 -> 3.9351381 | GO29: =GO28+GN29 -> 25.604277 | GP29: =FY29-GO29 -> 2.8468279 | GT29: 170 | GU29: 0 | GV29: =GU29*20 -> 0 | GW29: =GW28+GV29 -> 0 | GX29: 0 | HB29: 170 | HC29: 0.21657296 | HD29: =HC29*20 -> 4.3314592 | HE29: =HE28+HD29 -> 31.709495 | HF29: =GO29-HE29 -> -6.1052178 | HJ29: 170 | HK29: 0 | HL29: =HK29*20 -> 0 | HM29: =HM28+HL29 -> 0 | HN29: 0 | HR29: 170 | HS29: 0.20794249 | HT29: =HS29*20 -> 4.1588498 | HU29: =HU28+HT29 -> 28.088694 | HV29: =HE29-HU29 -> 3.6208017 | HZ29: 170 | IA29: 0.19968543 | IB29: =IA29*20 -> 3.9937086 | IC29: =IC28+IB29 -> 25.174351 | ID29: =HU29-IC29 -> 2.9143428 | IH29: 170 | II29: 0 | IJ29: =II29*20 -> 0 | IK29: =IK28+IJ29 -> 0 | IL29: 0 | IP29: 170 | IQ29: 0.20989153 | IR29: =IQ29*20 -> 4.1978306 | IS29: =IS28+IR29 -> 31.777521 | IT29: =IC29-IS29 -> -6.60317
C30: 190 | D30: 0.113 | E30: =D30*20 -> 2.26 | F30: =F29+E30 -> 16.81 | J30: 190 | K30: 0.19801621 | L30: =K30*20 -> 3.9603241 | M30: =M29+L30 -> 32.961413 | N30: =F30-M30 -> -16.151413 | R30: 190 | S30: 0.19885486 | T30: =S30*20 -> 3.9770973 | U30: =U29+T30 -> 31.955154 | V30: =M30-U30 -> 1.0062585 | Z30: 190 | AA30: 0.20125329 | AB30: =AA30*20 -> 4.0250658 | AC30: =AC29+AB30 -> 31.009226 | AD30: =U30-AC30 -> 0.94592866 | AH30: 190 | AI30: 0.21216696 | AJ30: =AI30*20 -> 4.2433393 | AK30: =AK29+AJ30 -> 35.688338 | AL30: =AC30-AK30 -> -4.6791122 | AP30: 190 | AQ30: 0.21496112 | AR30: =AQ30*20 -> 4.2992224 | AS30: =AS29+AR30 -> 34.634648 | AT30: =AK30-AS30 -> 1.0536901 | AX30: 190 | AY30: 0.21297024 | AZ30: =AY30*20 -> 4.2594047 | BA30: =BA29+AZ30 -> 33.56373 | BB30: =AS30-BA30 -> 1.0709183 | BF30: 190 | BG30: 0 | BH30: =BG30*20 -> 0 | BI30: =BI29+BH30 -> 0 | BJ30: 0 | BN30: 190 | BO30: 0.2083569 | BP30: =BO30*20 -> 4.1671381 | BQ30: =BQ29+BP30 -> 31.832765 | BR30: =BA30-BQ30 -> 1.7309644 | BV30: 190 | BW30: 0 | BX30: =BW30*20 -> 0 | BY30: =BY29+BX30 -> 0 | BZ30: 0 | CD30: 190 | CE30: 0.2182098 | CF30: =CE30*20 -> 4.3641959 | CG30: =CG29+CF30 -> 34.729768 | CH30: =BQ30-CG30 -> -2.8970029 | CL30: 190 | CM30: 0 | CN30: =CM30*20 -> 0 | CO30: =CO29+CN30 -> 0 | CP30: 0 | CT30: 190 | CU30: 0 | CV30: =CU30*20 -> 0 | CW30: =CW29+CV30 -> 0 | CX30: =CO30-CW30 -> 0 | DB30: 190 | DC30: 0.2132429 | DD30: =DC30*20 -> 4.2648579 | DE30: =DE29+DD30 -> 32.681241 | DF30: =CG30-DE30 -> 2.0485271 | DJ30: 190 | DK30: 0 | DL30: =DK30*20 -> 0 | DM30: =DM29+DL30 -> 0 | DN30: 0 | DR30: 190 | DS30: 0.20474587 | DT30: =DS30*20 -> 4.0949175 | DU30: =DU29+DT30 -> 30.457437 | DV30: =DE30-DU30 -> 2.2238041 | DZ30: 190 | EA30: 0 | EB30: =EA30*20 -> 0 | EC30: =EC29+EB30 -> 0 | ED30: 0 | EH30: 190 | EI30: 0 | EJ30: =EI30*20 -> 0 | EK30: =EK29+EJ30 -> 0 | EL30: =EC482-EK30 -> 0 | EP30: 190 | EQ30: 0.21416737 | ER30: =EQ30*20 -> 4.2833475 | ES30: =ES29+ER30 -> 35.32961 | ET30: =DU30-ES30 -> -4.8721734 | EX30: 190 | EY30: 0 | EZ30: =EY30*20 -> 0 | FA30: =FA29+EZ30 -> 0 | FB30: 0 | FF30: 190 | FG30: 0 | FH30: =FG30*20 -> 0 | FI30: =FI29+FH30 -> 0 | FJ30: =FA30-FI30 -> 0 | FN30: 190 | FO30: 0 | FP30: =FO30*20 -> 0 | FQ30: =FQ29+FP30 -> 0 | FR30: =FA30-FQ30 -> 0 | FV30: 190 | FW30: 0.2149614 | FX30: =FW30*20 -> 4.2992281 | FY30: =FY29+FX30 -> 32.750333 | FZ30: =ES30-FY30 -> 2.5792768 | GD30: 190 | GE30: 0 | GF30: =GE30*20 -> 0 | GG30: =GG29+GF30 -> 0 | GH30: 0 | GL30: 190 | GM30: 0.21068039 | GN30: =GM30*20 -> 4.2136078 | GO30: =GO29+GN30 -> 29.817885 | GP30: =FY30-GO30 -> 2.9324481 | GT30: 190 | GU30: 0 | GV30: =GU30*20 -> 0 | GW30: =GW29+GV30 -> 0 | GX30: 0 | HB30: 190 | HC30: 0.2196825 | HD30: =HC30*20 -> 4.39365 | HE30: =HE29+HD30 -> 36.103145 | HF30: =GO30-HE30 -> -6.2852599 | HJ30: 190 | HK30: 0 | HL30: =HK30*20 -> 0 | HM30: =HM29+HL30 -> 0 | HN30: 0 | HR30: 190 | HS30: 0.218068 | HT30: =HS30*20 -> 4.3613599 | HU30: =HU29+HT30 -> 32.450053 | HV30: =HE30-HU30 -> 3.6530918 | HZ30: 190 | IA30: 0.21166898 | IB30: =IA30*20 -> 4.2333796 | IC30: =IC29+IB30 -> 29.40773 | ID30: =HU30-IC30 -> 3.0423231 | IH30: 190 | II30: 0 | IJ30: =II30*20 -> 0 | IK30: =IK29+IJ30 -> 0 | IL30: 0 | IP30: 190 | IQ30: 0.22547028 | IR30: =IQ30*20 -> 4.5094056 | IS30: =IS29+IR30 -> 36.286926 | IT30: =IC30-IS30 -> -6.879196
C31: 210 | D31: 0.127 | E31: =D31*20 -> 2.54 | F31: =F30+E31 -> 19.35 | J31: 210 | K31: 0.19801621 | L31: =K31*20 -> 3.9603241 | M31: =M30+L31 -> 36.921737 | N31: =F31-M31 -> -17.571737 | R31: 210 | S31: 0.19792471 | T31: =S31*20 -> 3.9584943 | U31: =U30+T31 -> 35.913649 | V31: =M31-U31 -> 1.0080884 | Z31: 210 | AA31: 0.19938108 | AB31: =AA31*20 -> 3.9876216 | AC31: =AC30+AB31 -> 34.996847 | AD31: =U31-AC31 -> 0.91680141 | AH31: 210 | AI31: 0.21216696 | AJ31: =AI31*20 -> 4.2433393 | AK31: =AK30+AJ31 -> 39.931677 | AL31: =AC31-AK31 -> -4.9348299 | AP31: 210 | AQ31: 0.21096176 | AR31: =AQ31*20 -> 4.2192351 | AS31: =AS30+AR31 -> 38.853883 | AT31: =AK31-AS31 -> 1.0777942 | AX31: 210 | AY31: 0.21197854 | AZ31: =AY31*20 -> 4.2395708 | BA31: =BA30+AZ31 -> 37.8033 | BB31: =AS31-BA31 -> 1.0505827 | BF31: 210 | BG31: 0 | BH31: =BG31*20 -> 0 | BI31: =BI30+BH31 -> 0 | BJ31: 0 | BN31: 210 | BO31: 0.20244743 | BP31: =BO31*20 -> 4.0489487 | BQ31: =BQ30+BP31 -> 35.881714 | BR31: =BA31-BQ31 -> 1.9215865 | BV31: 210 | BW31: 0 | BX31: =BW31*20 -> 0 | BY31: =BY30+BX31 -> 0 | BZ31: 0 | CD31: 210 | CE31: 0.20720891 | CF31: =CE31*20 -> 4.1441782 | CG31: =CG30+CF31 -> 38.873946 | CH31: =BQ31-CG31 -> -2.9922325 | CL31: 210 | CM31: 0 | CN31: =CM31*20 -> 0 | CO31: =CO30+CN31 -> 0 | CP31: 0 | CT31: 210 | CU31: 0 | CV31: =CU31*20 -> 0 | CW31: =CW30+CV31 -> 0 | CX31: =CO31-CW31 -> 0 | DB31: 210 | DC31: 0.21222082 | DD31: =DC31*20 -> 4.2444163 | DE31: =DE30+DD31 -> 36.925657 | DF31: =CG31-DE31 -> 1.948289 | DJ31: 210 | DK31: 0 | DL31: =DK31*20 -> 0 | DM31: =DM30+DL31 -> 0 | DN31: 0 | DR31: 210 | DS31: 0.20088454 | DT31: =DS31*20 -> 4.0176907 | DU31: =DU30+DT31 -> 34.475128 | DV31: =DE31-DU31 -> 2.4505297 | DZ31: 210 | EA31: 0 | EB31: =EA31*20 -> 0 | EC31: =EC30+EB31 -> 0 | ED31: 0 | EH31: 210 | EI31: 0 | EJ31: =EI31*20 -> 0 | EK31: =EK30+EJ31 -> 0 | EL31: =EC483-EK31 -> 0 | EP31: 210 | EQ31: 0.21214103 | ER31: =EQ31*20 -> 4.2428206 | ES31: =ES30+ER31 -> 39.572431 | ET31: =DU31-ES31 -> -5.0973032 | EX31: 210 | EY31: 0 | EZ31: =EY31*20 -> 0 | FA31: =FA30+EZ31 -> 0 | FB31: 0 | FF31: 210 | FG31: 0 | FH31: =FG31*20 -> 0 | FI31: =FI30+FH31 -> 0 | FJ31: =FA31-FI31 -> 0 | FN31: 210 | FO31: 0 | FP31: =FO31*20 -> 0 | FQ31: =FQ30+FP31 -> 0 | FR31: =FA31-FQ31 -> 0 | FV31: 210 | FW31: 0.21598212 | FX31: =FW31*20 -> 4.3196425 | FY31: =FY30+FX31 -> 37.069976 | FZ31: =ES31-FY31 -> 2.5024549 | GD31: 210 | GE31: 0 | GF31: =GE31*20 -> 0 | GG31: =GG30+GF31 -> 0 | GH31: 0 | GL31: 210 | GM31: 0.20769679 | GN31: =GM31*20 -> 4.1539358 | GO31: =GO30+GN31 -> 33.971821 | GP31: =FY31-GO31 -> 3.0981549 | GT31: 210 | GU31: 0 | GV31: =GU31*20 -> 0 | GW31: =GW30+GV31 -> 0 | GX31: 0 | HB31: 210 | HC31: 0.22279204 | HD31: =HC31*20 -> 4.4558408 | HE31: =HE30+HD31 -> 40.558986 | HF31: =GO31-HE31 -> -6.587165 | HJ31: 210 | HK31: 0 | HL31: =HK31*20 -> 0 | HM31: =HM30+HL31 -> 0 | HN31: 0 | HR31: 210 | HS31: 0.21503034 | HT31: =HS31*20 -> 4.3006069 | HU31: =HU30+HT31 -> 36.75066 | HV31: =HE31-HU31 -> 3.8083258 | HZ31: 210 | IA31: 0.21366624 | IB31: =IA31*20 -> 4.2733248 | IC31: =IC30+IB31 -> 33.681055 | ID31: =HU31-IC31 -> 3.0696052 | IH31: 210 | II31: 0 | IJ31: =II31*20 -> 0 | IK31: =IK30+IJ31 -> 0 | IL31: 0 | IP31: 210 | IQ31: 0.22547028 | IR31: =IQ31*20 -> 4.5094056 | IS31: =IS30+IR31 -> 40.796332 | IT31: =IC31-IS31 -> -7.1152768
C32: 230 | D32: 0.166 | E32: =D32*20 -> 3.32 | F32: =F31+E32 -> 22.67 | J32: 230 | K32: 0.204477 | L32: =K32*20 -> 4.0895401 | M32: =M31+L32 -> 41.011277 | N32: =F32-M32 -> -18.341277 | R32: 230 | S32: 0.21373723 | T32: =S32*20 -> 4.2747447 | U32: =U31+T32 -> 40.188393 | V32: =M32-U32 -> 0.82288377 | Z32: 230 | AA32: 0.20967824 | AB32: =AA32*20 -> 4.1935648 | AC32: =AC31+AB32 -> 39.190412 | AD32: =U32-AC32 -> 0.99798124 | AH32: 230 | AI32: 0.22705402 | AJ32: =AI32*20 -> 4.5410805 | AK32: =AK31+AJ32 -> 44.472758 | AL32: =AC32-AK32 -> -5.2823455 | AP32: 230 | AQ32: 0.23195842 | AR32: =AQ32*20 -> 4.6391683 | AS32: =AS31+AR32 -> 43.493051 | AT32: =AK32-AS32 -> 0.97970635 | AX32: 230 | AY32: 0.22685399 | AZ32: =AY32*20 -> 4.5370798 | BA32: =BA31+AZ32 -> 42.34038 | BB32: =AS32-BA32 -> 1.1526713 | BF32: 230 | BG32: 0 | BH32: =BG32*20 -> 0 | BI32: =BI31+BH32 -> 0 | BJ32: 0 | BN32: 230 | BO32: 0.22707022 | BP32: =BO32*20 -> 4.5414045 | BQ32: =BQ31+BP32 -> 40.423118 | BR32: =BA32-BQ32 -> 1.9172618 | BV32: 230 | BW32: 0 | BX32: =BW32*20 -> 0 | BY32: =BY31+BX32 -> 0 | BZ32: 0 | CD32: 230 | CE32: 0.2262257 | CF32: =CE32*20 -> 4.524514 | CG32: =CG31+CF32 -> 43.39846 | CH32: =BQ32-CG32 -> -2.975342 | CL32: 230 | CM32: 0 | CN32: =CM32*20 -> 0 | CO32: =CO31+CN32 -> 0 | CP32: 0 | CT32: 230 | CU32: 0 | CV32: =CU32*20 -> 0 | CW32: =CW31+CV32 -> 0 | CX32: =CO32-CW32 -> 0 | DB32: 230 | DC32: 0.23164034 | DD32: =DC32*20 -> 4.6328067 | DE32: =DE31+DD32 -> 41.558464 | DF32: =CG32-DE32 -> 1.8399962 | DJ32: 230 | DK32: 0 | DL32: =DK32*20 -> 0 | DM32: =DM31+DL32 -> 0 | DN32: 0 | DR32: 230 | DS32: 0.21632989 | DT32: =DS32*20 -> 4.3265978 | DU32: =DU31+DT32 -> 38.801725 | DV32: =DE32-DU32 -> 2.7567385 | DZ32: 230 | EA32: 0 | EB32: =EA32*20 -> 0 | EC32: =EC31+EB32 -> 0 | ED32: 0 | EH32: 230 | EI32: 0 | EJ32: =EI32*20 -> 0 | EK32: =EK31+EJ32 -> 0 | EL32: =EC484-EK32 -> 0 | EP32: 230 | EQ32: 0.23341765 | ER32: =EQ32*20 -> 4.6683531 | ES32: =ES31+ER32 -> 44.240784 | ET32: =DU32-ES32 -> -5.4390585 | EX32: 230 | EY32: 0 | EZ32: =EY32*20 -> 0 | FA32: =FA31+EZ32 -> 0 | FB32: 0 | FF32: 230 | FG32: 0 | FH32: =FG32*20 -> 0 | FI32: =FI31+FH32 -> 0 | FJ32: =FA32-FI32 -> 0 | FN32: 230 | FO32: 0 | FP32: =FO32*20 -> 0 | FQ32: =FQ31+FP32 -> 0 | FR32: =FA32-FQ32 -> 0 | FV32: 230 | FW32: 0.2302722 | FX32: =FW32*20 -> 4.6054441 | FY32: =FY31+FX32 -> 41.67542 | FZ32: =ES32-FY32 -> 2.5653639 | GD32: 230 | GE32: 0 | GF32: =GE32*20 -> 0 | GG32: =GG31+GF32 -> 0 | GH32: 0 | GL32: 230 | GM32: 0.22460388 | GN32: =GM32*20 -> 4.4920775 | GO32: =GO31+GN32 -> 38.463899 | GP32: =FY32-GO32 -> 3.2115214 | GT32: 230 | GU32: 0 | GV32: =GU32*20 -> 0 | GW32: =GW31+GV32 -> 0 | GX32: 0 | HB32: 230 | HC32: 0.23833975 | HD32: =HC32*20 -> 4.7667949 | HE32: =HE31+HD32 -> 45.325781 | HF32: =GO32-HE32 -> -6.8618824 | HJ32: 230 | HK32: 0 | HL32: =HK32*20 -> 0 | HM32: =HM31+HL32 -> 0 | HN32: 0 | HR32: 230 | HS32: 0.23123115 | HT32: =HS32*20 -> 4.6246231 | HU32: =HU31+HT32 -> 41.375283 | HV32: =HE32-HU32 -> 3.9504976 | HZ32: 230 | IA32: 0.22664842 | IB32: =IA32*20 -> 4.5329683 | IC32: =IC31+IB32 -> 38.214023 | ID32: =HU32-IC32 -> 3.16126 | IH32: 230 | II32: 0 | IJ32: =II32*20 -> 0 | IK32: =IK31+IJ32 -> 0 | IL32: 0 | IP32: 230 | IQ32: 0.24001045 | IR32: =IQ32*20 -> 4.8002089 | IS32: =IS31+IR32 -> 45.596541 | IT32: =IC32-IS32 -> -7.3825174
C33: 250 | D33: 0.186 | E33: =D33*20 -> 3.72 | F33: =F32+E33 -> 26.39 | J33: 250 | K33: 0.18694055 | L33: =K33*20 -> 3.7388111 | M33: =M32+L33 -> 44.750088 | N33: =F33-M33 -> -18.360088 | R33: 250 | S33: 0.22117842 | T33: =S33*20 -> 4.4235684 | U33: =U32+T33 -> 44.611962 | V33: =M33-U33 -> 0.13812648 | Z33: 250 | AA33: 0.22652815 | AB33: =AA33*20 -> 4.5305629 | AC33: =AC32+AB33 -> 43.720975 | AD33: =U33-AC33 -> 0.89098666 | AH33: 250 | AI33: 0.23598626 | AJ33: =AI33*20 -> 4.7197252 | AK33: =AK32+AJ33 -> 49.192483 | AL33: =AC33-AK33 -> -5.4715078 | AP33: 250 | AQ33: 0.23995715 | AR33: =AQ33*20 -> 4.7991429 | AS33: =AS32+AR33 -> 48.292194 | AT33: =AK33-AS33 -> 0.90028863 | AX33: 250 | AY33: 0.23776265 | AZ33: =AY33*20 -> 4.755253 | BA33: =BA32+AZ33 -> 47.095633 | BB33: =AS33-BA33 -> 1.1965611 | BF33: 250 | BG33: 0 | BH33: =BG33*20 -> 0 | BI33: =BI32+BH33 -> 0 | BJ33: 0 | BN33: 250 | BO33: 0.23396461 | BP33: =BO33*20 -> 4.6792921 | BQ33: =BQ32+BP33 -> 45.10241 | BR33: =BA33-BQ33 -> 1.9932227 | BV33: 250 | BW33: 0 | BX33: =BW33*20 -> 0 | BY33: =BY32+BX33 -> 0 | BZ33: 0 | CD33: 250 | CE33: 0.24023807 | CF33: =CE33*20 -> 4.8047614 | CG33: =CG32+CF33 -> 48.203222 | CH33: =BQ33-CG33 -> -3.1008112 | CL33: 250 | CM33: 0 | CN33: =CM33*20 -> 0 | CO33: =CO32+CN33 -> 0 | CP33: 0 | CT33: 250 | CU33: 0 | CV33: =CU33*20 -> 0 | CW33: =CW32+CV33 -> 0 | CX33: =CO33-CW33 -> 0 | DB33: 250 | DC33: 0.23777282 | DD33: =DC33*20 -> 4.7554563 | DE33: =DE32+DD33 -> 46.31392 | DF33: =CG33-DE33 -> 1.8893013 | DJ33: 250 | DK33: 0 | DL33: =DK33*20 -> 0 | DM33: =DM32+DL33 -> 0 | DN33: 0 | DR33: 250 | DS33: 0.23177525 | DT33: =DS33*20 -> 4.635505 | DU33: =DU32+DT33 -> 43.43723 | DV33: =DE33-DU33 -> 2.8766899 | DZ33: 250 | EA33: 0 | EB33: =EA33*20 -> 0 | EC33: =EC32+EB33 -> 0 | ED33: 0 | EH33: 250 | EI33: 0 | EJ33: =EI33*20 -> 0 | EK33: =EK32+EJ33 -> 0 | EL33: =EC485-EK33 -> 0 | EP33: 250 | EQ33: 0.24354938 | ER33: =EQ33*20 -> 4.8709876 | ES33: =ES32+ER33 -> 49.111772 | ET33: =DU33-ES33 -> -5.6745411 | EX33: 250 | EY33: 0 | EZ33: =EY33*20 -> 0 | FA33: =FA32+EZ33 -> 0 | FB33: 0 | FF33: 250 | FG33: 0 | FH33: =FG33*20 -> 0 | FI33: =FI32+FH33 -> 0 | FJ33: =FA33-FI33 -> 0 | FN33: 250 | FO33: 0 | FP33: =FO33*20 -> 0 | FQ33: =FQ32+FP33 -> 0 | FR33: =FA33-FQ33 -> 0 | FV33: 250 | FW33: 0.23945868 | FX33: =FW33*20 -> 4.7891737 | FY33: =FY32+FX33 -> 46.464594 | FZ33: =ES33-FY33 -> 2.6471779 | GD33: 250 | GE33: 0 | GF33: =GE33*20 -> 0 | GG33: =GG32+GF33 -> 0 | GH33: 0 | GL33: 250 | GM33: 0.23355469 | GN33: =GM33*20 -> 4.6710938 | GO33: =GO32+GN33 -> 43.134992 | GP33: =FY33-GO33 -> 3.3296013 | GT33: 250 | GU33: 0 | GV33: =GU33*20 -> 0 | GW33: =GW32+GV33 -> 0 | GX33: 0 | HB33: 250 | HC33: 0.24663186 | HD33: =HC33*20 -> 4.9326371 | HE33: =HE32+HD33 -> 50.258418 | HF33: =GO33-HE33 -> -7.1234257 | HJ33: 250 | HK33: 0 | HL33: =HK33*20 -> 0 | HM33: =HM32+HL33 -> 0 | HN33: 0 | HR33: 250 | HS33: 0.24641941 | HT33: =HS33*20 -> 4.9283883 | HU33: =HU32+HT33 -> 46.303672 | HV33: =HE33-HU33 -> 3.9547465 | HZ33: 250 | IA33: 0.246621 | IB33: =IA33*20 -> 4.9324199 | IC33: =IC32+IB33 -> 43.146443 | ID33: =HU33-IC33 -> 3.1572284 | IH33: 250 | II33: 0 | IJ33: =II33*20 -> 0 | IK33: =IK32+IJ33 -> 0 | IL33: 0 | IP33: 250 | IQ33: 0.25143486 | IR33: =IQ33*20 -> 5.0286973 | IS33: =IS32+IR33 -> 50.625238 | IT33: =IC33-IS33 -> -7.4787948
C34: 270 | D34: 0.181 | E34: =D34*20 -> 3.62 | F34: =F33+E34 -> 30.01 | J34: 270 | K34: 0.16109737 | L34: =K34*20 -> 3.2219473 | M34: =M33+L34 -> 47.972036 | N34: =F34-M34 -> -17.962036 | R34: 270 | S34: 0.19978501 | T34: =S34*20 -> 3.9957002 | U34: =U33+T34 -> 48.607662 | V34: =M34-U34 -> -0.63562642 | Z34: 270 | AA34: 0.20593382 | AB34: =AA34*20 -> 4.1186764 | AC34: =AC33+AB34 -> 47.839651 | AD34: =U34-AC34 -> 0.76801051 | AH34: 270 | AI34: 0.21911426 | AJ34: =AI34*20 -> 4.3822852 | AK34: =AK33+AJ34 -> 53.574768 | AL34: =AC34-AK34 -> -5.7351166 | AP34: 270 | AQ34: 0.22395969 | AR34: =AQ34*20 -> 4.4791938 | AS34: =AS33+AR34 -> 52.771388 | AT34: =AK34-AS34 -> 0.80338001 | AX34: 270 | AY34: 0.21991211 | AZ34: =AY34*20 -> 4.3982422 | BA34: =BA33+AZ34 -> 51.493875 | BB34: =AS34-BA34 -> 1.2775127 | BF34: 270 | BG34: 0 | BH34: =BG34*20 -> 0 | BI34: =BI33+BH34 -> 0 | BJ34: 0 | BN34: 270 | BO34: 0.21820602 | BP34: =BO34*20 -> 4.3641204 | BQ34: =BQ33+BP34 -> 49.466531 | BR34: =BA34-BQ34 -> 2.0273445 | BV34: 270 | BW34: 0 | BX34: =BW34*20 -> 0 | BY34: =BY33+BX34 -> 0 | BZ34: 0 | CD34: 270 | CE34: 0.22322305 | CF34: =CE34*20 -> 4.464461 | CG34: =CG33+CF34 -> 52.667683 | CH34: =BQ34-CG34 -> -3.2011518 | CL34: 270 | CM34: 0 | CN34: =CM34*20 -> 0 | CO34: =CO33+CN34 -> 0 | CP34: 0 | CT34: 270 | CU34: 0 | CV34: =CU34*20 -> 0 | CW34: =CW33+CV34 -> 0 | CX34: =CO34-CW34 -> 0 | DB34: 270 | DC34: 0.21937538 | DD34: =DC34*20 -> 4.3875075 | DE34: =DE33+DD34 -> 50.701428 | DF34: =CG34-DE34 -> 1.9662547 | DJ34: 270 | DK34: 0 | DL34: =DK34*20 -> 0 | DM34: =DM33+DL34 -> 0 | DN34: 0 | DR34: 270 | DS34: 0.21053788 | DT34: =DS34*20 -> 4.2107577 | DU34: =DU33+DT34 -> 47.647988 | DV34: =DE34-DU34 -> 3.0534397 | DZ34: 270 | EA34: 0 | EB34: =EA34*20 -> 0 | EC34: =EC33+EB34 -> 0 | ED34: 0 | EH34: 270 | EI34: 0 | EJ34: =EI34*20 -> 0 | EK34: =EK33+EJ34 -> 0 | EL34: =EC486-EK34 -> 0 | EP34: 270 | EQ34: 0.22024641 | ER34: =EQ34*20 -> 4.4049282 | ES34: =ES33+ER34 -> 53.5167 | ET34: =DU34-ES34 -> -5.8687116 | EX34: 270 | EY34: 0 | EZ34: =EY34*20 -> 0 | FA34: =FA33+EZ34 -> 0 | FB34: 0 | FF34: 270 | FG34: 0 | FH34: =FG34*20 -> 0 | FI34: =FI33+FH34 -> 0 | FJ34: =FA34-FI34 -> 0 | FN34: 270 | FO34: 0 | FP34: =FO34*20 -> 0 | FQ34: =FQ33+FP34 -> 0 | FR34: =FA34-FQ34 -> 0 | FV34: 270 | FW34: 0.22108572 | FX34: =FW34*20 -> 4.4217145 | FY34: =FY33+FX34 -> 50.886308 | FZ34: =ES34-FY34 -> 2.6303916 | GD34: 270 | GE34: 0 | GF34: =GE34*20 -> 0 | GG34: =GG33+GF34 -> 0 | GH34: 0 | GL34: 270 | GM34: 0.2196312 | GN34: =GM34*20 -> 4.3926241 | GO34: =GO33+GN34 -> 47.527616 | GP34: =FY34-GO34 -> 3.3586917 | GT34: 270 | GU34: 0 | GV34: =GU34*20 -> 0 | GW34: =GW33+GV34 -> 0 | GX34: 0 | HB34: 270 | HC34: 0.22901112 | HD34: =HC34*20 -> 4.5802225 | HE34: =HE33+HD34 -> 54.838641 | HF34: =GO34-HE34 -> -7.3110241 | HJ34: 270 | HK34: 0 | HL34: =HK34*20 -> 0 | HM34: =HM33+HL34 -> 0 | HN34: 0 | HR34: 270 | HS34: 0.22920605 | HT34: =HS34*20 -> 4.5841211 | HU34: =HU33+HT34 -> 50.887793 | HV34: =HE34-HU34 -> 3.9508479 | HZ34: 270 | IA34: 0.2226539 | IB34: =IA34*20 -> 4.453078 | IC34: =IC33+IB34 -> 47.599521 | ID34: =HU34-IC34 -> 3.2882714 | IH34: 270 | II34: 0 | IJ34: =II34*20 -> 0 | IK34: =IK33+IJ34 -> 0 | IL34: 0 | IP34: 270 | IQ34: 0.23585611 | IR34: =IQ34*20 -> 4.7171223 | IS34: =IS33+IR34 -> 55.34236 | IT34: =IC34-IS34 -> -7.742839
C35: 290 | D35: 0.182 | E35: =D35*20 -> 3.64 | F35: =F34+E35 -> 33.65 | J35: 290 | K35: 0.16663519 | L35: =K35*20 -> 3.3327038 | M35: =M34+L35 -> 51.304739 | N35: =F35-M35 -> -17.654739 | R35: 290 | S35: 0.19699457 | T35: =S35*20 -> 3.9398913 | U35: =U34+T35 -> 52.547553 | V35: =M35-U35 -> -1.2428139 | Z35: 290 | AA35: 0.20686992 | AB35: =AA35*20 -> 4.1373985 | AC35: =AC34+AB35 -> 51.97705 | AD35: =U35-AC35 -> 0.57050335 | AH35: 290 | AI35: 0.21415191 | AJ35: =AI35*20 -> 4.2830381 | AK35: =AK34+AJ35 -> 57.857806 | AL35: =AC35-AK35 -> -5.8807562 | AP35: 290 | AQ35: 0.22395969 | AR35: =AQ35*20 -> 4.4791938 | AS35: =AS34+AR35 -> 57.250582 | AT35: =AK35-AS35 -> 0.60722433 | AX35: 290 | AY35: 0.2238789 | AZ35: =AY35*20 -> 4.477578 | BA35: =BA34+AZ35 -> 55.971453 | BB35: =AS35-BA35 -> 1.2791285 | BF35: 290 | BG35: 0 | BH35: =BG35*20 -> 0 | BI35: =BI34+BH35 -> 0 | BJ35: 0 | BN35: 290 | BO35: 0.21919093 | BP35: =BO35*20 -> 4.3838186 | BQ35: =BQ34+BP35 -> 53.850349 | BR35: =BA35-BQ35 -> 2.1211039 | BV35: 290 | BW35: 0 | BX35: =BW35*20 -> 0 | BY35: =BY34+BX35 -> 0 | BZ35: 0 | CD35: 290 | CE35: 0.22222216 | CF35: =CE35*20 -> 4.4444433 | CG35: =CG34+CF35 -> 57.112126 | CH35: =BQ35-CG35 -> -3.2617765 | CL35: 290 | CM35: 0 | CN35: =CM35*20 -> 0 | CO35: =CO34+CN35 -> 0 | CP35: 0 | CT35: 290 | CU35: 0 | CV35: =CU35*20 -> 0 | CW35: =CW34+CV35 -> 0 | CX35: =CO35-CW35 -> 0 | DB35: 290 | DC35: 0.22755202 | DD35: =DC35*20 -> 4.5510403 | DE35: =DE34+DD35 -> 55.252468 | DF35: =CG35-DE35 -> 1.8596577 | DJ35: 290 | DK35: 0 | DL35: =DK35*20 -> 0 | DM35: =DM34+DL35 -> 0 | DN35: 0 | DR35: 290 | DS35: 0.21246855 | DT35: =DS35*20 -> 4.2493711 | DU35: =DU34+DT35 -> 51.897359 | DV35: =DE35-DU35 -> 3.355109 | DZ35: 290 | EA35: 0 | EB35: =EA35*20 -> 0 | EC35: =EC34+EB35 -> 0 | ED35: 0 | EH35: 290 | EI35: 0 | EJ35: =EI35*20 -> 0 | EK35: =EK34+EJ35 -> 0 | EL35: =#REF!-EK35 -> #REF! | EP35: 290 | EQ35: 0.2242991 | ER35: =EQ35*20 -> 4.485982 | ES35: =ES34+ER35 -> 58.002682 | ET35: =DU35-ES35 -> -6.1053226 | EX35: 290 | EY35: 0 | EZ35: =EY35*20 -> 0 | FA35: =FA34+EZ35 -> 0 | FB35: 0 | FF35: 290 | FG35: 0 | FH35: =FG35*20 -> 0 | FI35: =FI34+FH35 -> 0 | FJ35: =FA35-FI35 -> 0 | FN35: 290 | FO35: 0 | FP35: =FO35*20 -> 0 | FQ35: =FQ34+FP35 -> 0 | FR35: =FA35-FQ35 -> 0 | FV35: 290 | FW35: 0.2251686 | FX35: =FW35*20 -> 4.5033721 | FY35: =FY34+FX35 -> 55.38968 | FZ35: =ES35-FY35 -> 2.6130015 | GD35: 290 | GE35: 0 | GF35: =GE35*20 -> 0 | GG35: =GG34+GF35 -> 0 | GH35: 0 | GL35: 290 | GM35: 0.22360934 | GN35: =GM35*20 -> 4.4721869 | GO35: =GO34+GN35 -> 51.999803 | GP35: =FY35-GO35 -> 3.3898769 | GT35: 290 | GU35: 0 | GV35: =GU35*20 -> 0 | GW35: =GW34+GV35 -> 0 | GX35: 0 | HB35: 290 | HC35: 0.23315718 | HD35: =HC35*20 -> 4.6631436 | HE35: =HE34+HD35 -> 59.501784 | HF35: =GO35-HE35 -> -7.5019808 | HJ35: 290 | HK35: 0 | HL35: =HK35*20 -> 0 | HM35: =HM34+HL35 -> 0 | HN35: 0 | HR35: 290 | HS35: 0.2322437 | HT35: =HS35*20 -> 4.6448741 | HU35: =HU34+HT35 -> 55.532667 | HV35: =HE35-HU35 -> 3.9691174 | HZ35: 290 | IA35: 0.2296443 | IB35: =IA35*20 -> 4.592886 | IC35: =IC34+IB35 -> 52.192407 | ID35: =HU35-IC35 -> 3.3402595 | IH35: 290 | II35: 0 | IJ35: =II35*20 -> 0 | IK35: =IK34+IJ35 -> 0 | IL35: 0 | IP35: 290 | IQ35: 0.23793328 | IR35: =IQ35*20 -> 4.7586656 | IS35: =IS34+IR35 -> 60.101026 | IT35: =IC35-IS35 -> -7.9086186
A37: 103 | B37: T5R1 | C37: 30 | D37: 0.073 | E37: =D37*30 -> 2.19 | F37: =E37 -> 2.19 | H37: 103 | I37: T5R1 | J37: 30 | K37: 0.149 | L37: =K37*30 -> 4.47 | M37: =L37 -> 4.47 | N37: =F37-M37 -> -2.28 | P37: 103 | Q37: T5R1 | R37: 30 | S37: 0.132 | T37: =S37*30 -> 3.96 | U37: =T37 -> 3.96 | V37: =M37-U37 -> 0.51 | X37: 103 | Y37: T5R1 | Z37: 30 | AA37: 0.093 | AB37: =AA37*30 -> 2.79 | AC37: =AB37 -> 2.79 | AD37: =U37-AC37 -> 1.17 | AF37: 103 | AG37: T5R1 | AH37: 30 | AI37: 0.153 | AJ37: =AI37*30 -> 4.59 | AK37: =AJ37 -> 4.59 | AL37: =AC37-AK37 -> -1.8 | AN37: 103 | AO37: T5R1 | AP37: 30 | AQ37: 0.136 | AR37: =AQ37*30 -> 4.08 | AS37: =AR37 -> 4.08 | AT37: =AK37-AS37 -> 0.51 | AV37: 103 | AW37: T5R1 | AX37: 30 | AY37: 0.115 | AZ37: =AY37*30 -> 3.45 | BA37: =AZ37 -> 3.45 | BB37: =AS37-BA37 -> 0.63 | BD37: 103 | BE37: T5R1 | BF37: 30 | BG37: 0 | BH37: =BG37*30 -> 0 | BI37: =BH37 -> 0 | BJ37: =BA37-BI37 -> 3.45 | BL37: 103 | BM37: T5R1 | BN37: 30 | BO37: 0.084 | BP37: =BO37*30 -> 2.52 | BQ37: =BP37 -> 2.52 | BR37: =BA37-BQ37 -> 0.93 | BT37: 103 | BU37: T5R1 | BV37: 30 | BW37: 0 | BX37: =BW37*30 -> 0 | BY37: =BX37 -> 0 | BZ37: 0 | CB37: 103 | CC37: T5R1 | CD37: 30 | CE37: 0.152 | CF37: =CE37*30 -> 4.56 | CG37: =CF37 -> 4.56 | CH37: =BQ37-CG37 -> -2.04 | CJ37: 103 | CK37: T5R1 | CL37: 30 | CM37: 0 | CN37: =CM37*30 -> 0 | CO37: =CN37 -> 0 | CP37: 0 | CR37: 103 | CS37: T5R1 | CT37: 30 | CU37: 0 | CV37: =CU37*30 -> 0 | CW37: =CV37 -> 0 | CX37: =CO37-CW37 -> 0 | CZ37: 103 | DA37: T5R1 | DB37: 30 | DC37: 0.086 | DD37: =DC37*30 -> 2.58 | DE37: =DD37 -> 2.58 | DF37: =CG37-DE37 -> 1.98 | DH37: 103 | DI37: T5R1 | DJ37: 30 | DK37: 0 | DL37: =DK37*30 -> 0 | DM37: =DL37 -> 0 | DN37: 0 | DP37: 103 | DQ37: T5R1 | DR37: 30 | DS37: 0.075 | DT37: =DS37*30 -> 2.25 | DU37: =DT37 -> 2.25 | DV37: =DE37-DU37 -> 0.33 | DX37: 103 | DY37: T5R1 | DZ37: 30 | EA37: 0 | EB37: =EA37*30 -> 0 | EC37: =EB37 -> 0 | ED37: 0 | EF37: 103 | EG37: T5R1 | EH37: 30 | EI37: 0 | EJ37: =EI37*30 -> 0 | EK37: =EJ37 -> 0 | EL37: =EC488-EK37 -> 0 | EN37: 103 | EO37: T5R1 | EP37: 30 | EQ37: 0.169 | ER37: =EQ37*30 -> 5.07 | ES37: =ER37 -> 5.07 | ET37: =DU37-ES37 -> -2.82 | EV37: 103 | EW37: T5R1 | EX37: 30 | EY37: 0 | EZ37: =EY37*30 -> 0 | FA37: =EZ37 -> 0 | FB37: 0 | FD37: 103 | FE37: T5R1 | FF37: 30 | FG37: 0 | FH37: =FG37*30 -> 0 | FI37: =FH37 -> 0 | FJ37: =FA37-FI37 -> 0 | FL37: 103 | FM37: T5R1 | FN37: 30 | FO37: 0 | FP37: =FO37*30 -> 0 | FQ37: =FP37 -> 0 | FR37: =FA37-FQ37 -> 0 | FT37: 103 | FU37: T5R1 | FV37: 30 | FW37: 0.096 | FX37: =FW37*30 -> 2.88 | FY37: =FX37 -> 2.88 | FZ37: =ES37-FY37 -> 2.19 | GB37: 103 | GC37: T5R1 | GD37: 30 | GE37: 0 | GF37: =GE37*30 -> 0 | GG37: =GF37 -> 0 | GH37: 0 | GJ37: 103 | GK37: T5R1 | GL37: 30 | GM37: 0.066 | GN37: =GM37*30 -> 1.98 | GO37: =GN37 -> 1.98 | GP37: =FY37-GO37 -> 0.9 | GR37: 103 | GS37: T5R1 | GT37: 30 | GU37: 0 | GV37: =GU37*30 -> 0 | GW37: =GV37 -> 0 | GX37: 0 | GZ37: 103 | HA37: T5R1 | HB37: 30 | HC37: 0.169 | HD37: =HC37*30 -> 5.07 | HE37: =HD37 -> 5.07 | HF37: =GO37-HE37 -> -3.09 | HH37: 103 | HI37: T5R1 | HJ37: 30 | HK37: 0 | HL37: =HK37*30 -> 0 | HM37: =HL37 -> 0 | HN37: 0 | HP37: 103 | HQ37: T5R1 | HR37: 30 | HS37: 0.099 | HT37: =HS37*30 -> 2.97 | HU37: =HT37 -> 2.97 | HV37: =HE37-HU37 -> 2.1 | HX37: 103 | HY37: T5R1 | HZ37: 30 | IA37: 0.065 | IB37: =IA37*30 -> 1.95 | IC37: =IB37 -> 1.95 | ID37: =HU37-IC37 -> 1.02 | IF37: 103 | IG37: T5R1 | IH37: 30 | II37: 0 | IJ37: =II37*30 -> 0 | IK37: =IJ37 -> 0 | IL37: 0 | IN37: 103 | IO37: T5R1 | IP37: 30 | IQ37: 0.156 | IR37: =IQ37*30 -> 4.68 | IS37: =IR37 -> 4.68 | IT37: =IC37-IS37 -> -2.73
C38: 50 | D38: 0.093 | E38: =D38*20 -> 1.86 | F38: =F37+E38 -> 4.05 | J38: 50 | K38: 0.181 | L38: =K38*20 -> 3.62 | M38: =M37+L38 -> 8.09 | N38: =F38-M38 -> -4.04 | R38: 50 | S38: 0.17653131 | T38: =S38*20 -> 3.5306261 | U38: =U37+T38 -> 7.4906261 | V38: =M38-U38 -> 0.59937385 | Z38: 50 | AA38: 0.167 | AB38: =AA38*20 -> 3.34 | AC38: =AC37+AB38 -> 6.13 | AD38: =U38-AC38 -> 1.3606261 | AH38: 50 | AI38: 0.195 | AJ38: =AI38*20 -> 3.9 | AK38: =AK37+AJ38 -> 8.49 | AL38: =AC38-AK38 -> -2.36 | AP38: 50 | AQ38: 0.19196478 | AR38: =AQ38*20 -> 3.8392956 | AS38: =AS37+AR38 -> 7.9192956 | AT38: =AK38-AS38 -> 0.57070441 | AX38: 50 | AY38: 0.18222764 | AZ38: =AY38*20 -> 3.6445528 | BA38: =BA37+AZ38 -> 7.0945528 | BB38: =AS38-BA38 -> 0.82474277 | BF38: 50 | BG38: 0 | BH38: =BG38*20 -> 0 | BI38: =BI37+BH38 -> 0 | BJ38: =BA38-BI38 -> 7.0945528 | BN38: 50 | BO38: 0.16699062 | BP38: =BO38*20 -> 3.3398123 | BQ38: =BQ37+BP38 -> 5.8598123 | BR38: =BA38-BQ38 -> 1.2347405 | BV38: 50 | BW38: 0 | BX38: =BW38*20 -> 0 | BY38: =BY37+BX38 -> 0 | BZ38: 0 | CD38: 50 | CE38: 0.189 | CF38: =CE38*20 -> 3.78 | CG38: =CG37+CF38 -> 8.34 | CH38: =BQ38-CG38 -> -2.4801877 | CL38: 50 | CM38: 0 | CN38: =CM38*20 -> 0 | CO38: =CO37+CN38 -> 0 | CP38: 0 | CT38: 50 | CU38: 0 | CV38: =CU38*20 -> 0 | CW38: =CW37+CV38 -> 0 | CX38: =CO38-CW38 -> 0 | DB38: 50 | DC38: 0.17440386 | DD38: =DC38*20 -> 3.4880771 | DE38: =DE37+DD38 -> 6.0680771 | DF38: =CG38-DE38 -> 2.2719229 | DJ38: 50 | DK38: 0 | DL38: =DK38*20 -> 0 | DM38: =DM37+DL38 -> 0 | DN38: 0 | DR38: 50 | DS38: 0.1333111 | DT38: =DS38*20 -> 2.666222 | DU38: =DU37+DT38 -> 4.916222 | DV38: =DE38-DU38 -> 1.1518551 | DZ38: 50 | EA38: 0 | EB38: =EA38*20 -> 0 | EC38: =EC37+EB38 -> 0 | ED38: 0 | EH38: 50 | EI38: 0 | EJ38: =EI38*20 -> 0 | EK38: =EK37+EJ38 -> 0 | EL38: =EC489-EK38 -> 0 | EP38: 50 | EQ38: 0.17364047 | ER38: =EQ38*20 -> 3.4728093 | ES38: =ES37+ER38 -> 8.5428093 | ET38: =DU38-ES38 -> -3.6265873 | EX38: 50 | EY38: 0 | EZ38: =EY38*20 -> 0 | FA38: =FA37+EZ38 -> 0 | FB38: 0 | FF38: 50 | FG38: 0 | FH38: =FG38*20 -> 0 | FI38: =FI37+FH38 -> 0 | FJ38: =FA38-FI38 -> 0 | FN38: 50 | FO38: 0 | FP38: =FO38*20 -> 0 | FQ38: =FQ37+FP38 -> 0 | FR38: =FA38-FQ38 -> 0 | FV38: 50 | FW38: 0.14146956 | FX38: =FW38*20 -> 2.8293913 | FY38: =FY37+FX38 -> 5.7093913 | FZ38: =ES38-FY38 -> 2.833418 | GD38: 50 | GE38: 0 | GF38: =GE38*20 -> 0 | GG38: =GG37+GF38 -> 0 | GH38: 0 | GL38: 50 | GM38: 0.11818867 | GN38: =GM38*20 -> 2.3637734 | GO38: =GO37+GN38 -> 4.3437734 | GP38: =FY38-GO38 -> 1.3656179 | GT38: 50 | GU38: 0 | GV38: =GU38*20 -> 0 | GW38: =GW37+GV38 -> 0 | GX38: 0 | HB38: 50 | HC38: 0.18755058 | HD38: =HC38*20 -> 3.7510115 | HE38: =HE37+HD38 -> 8.8210115 | HF38: =GO38-HE38 -> -4.4772381 | HJ38: 50 | HK38: 0 | HL38: =HK38*20 -> 0 | HM38: =HM37+HL38 -> 0 | HN38: 0 | HR38: 50 | HS38: 0.15630241 | HT38: =HS38*20 -> 3.1260482 | HU38: =HU37+HT38 -> 6.0960482 | HV38: =HE38-HU38 -> 2.7249633 | HZ38: 50 | IA38: 0.12678551 | IB38: =IA38*20 -> 2.5357102 | IC38: =IC37+IB38 -> 4.4857102 | ID38: =HU38-IC38 -> 1.6103379 | IH38: 50 | II38: 0 | IJ38: =II38*20 -> 0 | IK38: =IK37+IJ38 -> 0 | IL38: 0 | IP38: 50 | IQ38: 0.19535136 | IR38: =IQ38*20 -> 3.9070273 | IS38: =IS37+IR38 -> 8.5870273 | IT38: =IC38-IS38 -> -4.101317
C39: 70 | D39: 0.121 | E39: =D39*20 -> 2.42 | F39: =F38+E39 -> 6.47 | J39: 70 | K39: 0.21001483 | L39: =K39*20 -> 4.2002966 | M39: =M38+L39 -> 12.290297 | N39: =F39-M39 -> -5.8202966 | R39: 70 | S39: 0.20815634 | T39: =S39*20 -> 4.1631269 | U39: =U38+T39 -> 11.653753 | V39: =M39-U39 -> 0.63654356 | Z39: 70 | AA39: 0.20499771 | AB39: =AA39*20 -> 4.0999543 | AC39: =AC38+AB39 -> 10.229954 | AD39: =U39-AC39 -> 1.4237988 | AH39: 70 | AI39: 0.23003144 | AJ39: =AI39*20 -> 4.6006287 | AK39: =AK38+AJ39 -> 13.090629 | AL39: =AC39-AK39 -> -2.8606745 | AP39: 70 | AQ39: 0.22595937 | AR39: =AQ39*20 -> 4.5191874 | AS39: =AS38+AR39 -> 12.438483 | AT39: =AK39-AS39 -> 0.65214568 | AX39: 70 | AY39: 0.2238789 | AZ39: =AY39*20 -> 4.477578 | BA39: =BA38+AZ39 -> 11.572131 | BB39: =AS39-BA39 -> 0.86635224 | BF39: 70 | BG39: 0 | BH39: =BG39*20 -> 0 | BI39: =BI38+BH39 -> 0 | BJ39: =BA39-BI39 -> 11.572131 | BN39: 70 | BO39: 0.20737199 | BP39: =BO39*20 -> 4.1474398 | BQ39: =BQ38+BP39 -> 10.007252 | BR39: =BA39-BQ39 -> 1.5648786 | BV39: 70 | BW39: 0 | BX39: =BW39*20 -> 0 | BY39: =BY38+BX39 -> 0 | BZ39: 0 | CD39: 70 | CE39: 0.22122128 | CF39: =CE39*20 -> 4.4244256 | CG39: =CG38+CF39 -> 12.764426 | CH39: =BQ39-CG39 -> -2.7571734 | CL39: 70 | CM39: 0 | CN39: =CM39*20 -> 0 | CO39: =CO38+CN39 -> 0 | CP39: 0 | CT39: 70 | CU39: 0 | CV39: =CU39*20 -> 0 | CW39: =CW38+CV39 -> 0 | CX39: =CO39-CW39 -> 0 | DB39: 70 | DC39: 0.21119874 | DD39: =DC39*20 -> 4.2239747 | DE39: =DE38+DD39 -> 10.292052 | DF39: =CG39-DE39 -> 2.4723738 | DJ39: 70 | DK39: 0 | DL39: =DK39*20 -> 0 | DM39: =DM38+DL39 -> 0 | DN39: 0 | DR39: 70 | DS39: 0.17095916 | DT39: =DS39*20 -> 3.4191831 | DU39: =DU38+DT39 -> 8.3354051 | DV39: =DE39-DU39 -> 1.9566467 | DZ39: 70 | EA39: 0 | EB39: =EA39*20 -> 0 | EC39: =EC38+EB39 -> 0 | ED39: 0 | EH39: 70 | EI39: 0 | EJ39: =EI39*20 -> 0 | EK39: =EK38+EJ39 -> 0 | EL39: =EC490-EK39 -> 0 | EP39: 70 | EQ39: 0.18782488 | ER39: =EQ39*20 -> 3.7564977 | ES39: =ES38+ER39 -> 12.299307 | ET39: =DU39-ES39 -> -3.9639019 | EX39: 70 | EY39: 0 | EZ39: =EY39*20 -> 0 | FA39: =FA38+EZ39 -> 0 | FB39: 0 | FF39: 70 | FG39: 0 | FH39: =FG39*20 -> 0 | FI39: =FI38+FH39 -> 0 | FJ39: =FA39-FI39 -> 0 | FN39: 70 | FO39: 0 | FP39: =FO39*20 -> 0 | FQ39: =FQ38+FP39 -> 0 | FR39: =FA39-FQ39 -> 0 | FV39: 70 | FW39: 0.16794612 | FX39: =FW39*20 -> 3.3589225 | FY39: =FY38+FX39 -> 9.0683138 | FZ39: =ES39-FY39 -> 3.2309932 | GD39: 70 | GE39: 0 | GF39: =GE39*20 -> 0 | GG39: =GG38+GF39 -> 0 | GH39: 0 | GL39: 70 | GM39: 0.1420575 | GN39: =GM39*20 -> 2.84115 | GO39: =GO38+GN39 -> 7.1849234 | GP39: =FY39-GO39 -> 1.8833904 | GT39: 70 | GU39: 0 | GV39: =GU39*20 -> 0 | GW39: =GW38+GV39 -> 0 | GX39: 0 | HB39: 70 | HC39: 0.20724434 | HD39: =HC39*20 -> 4.1448867 | HE39: =HE38+HD39 -> 12.965898 | HF39: =GO39-HE39 -> -5.7809748 | HJ39: 70 | HK39: 0 | HL39: =HK39*20 -> 0 | HM39: =HM38+HL39 -> 0 | HN39: 0 | HR39: 70 | HS39: 0.17554087 | HT39: =HS39*20 -> 3.5108174 | HU39: =HU38+HT39 -> 9.6068656 | HV39: =HE39-HU39 -> 3.3590326 | HZ39: 70 | IA39: 0.15874164 | IB39: =IA39*20 -> 3.1748328 | IC39: =IC38+IB39 -> 7.6605431 | ID39: =HU39-IC39 -> 1.9463225 | IH39: 70 | II39: 0 | IJ39: =II39*20 -> 0 | IK39: =IK38+IJ39 -> 0 | IL39: 0 | IP39: 70 | IQ39: 0.22858603 | IR39: =IQ39*20 -> 4.5717206 | IS39: =IS38+IR39 -> 13.158748 | IT39: =IC39-IS39 -> -5.4982048
C40: 90 | D40: 0.143 | E40: =D40*20 -> 2.86 | F40: =F39+E40 -> 9.33 | J40: 90 | K40: 0.23585802 | L40: =K40*20 -> 4.7171604 | M40: =M39+L40 -> 17.007457 | N40: =F40-M40 -> -7.677457 | R40: 90 | S40: 0.23327034 | T40: =S40*20 -> 4.6654069 | U40: =U39+T40 -> 16.31916 | V40: =M40-U40 -> 0.68829703 | Z40: 90 | AA40: 0.23214478 | AB40: =AA40*20 -> 4.6428957 | AC40: =AC39+AB40 -> 14.87285 | AD40: =U40-AC40 -> 1.44631 | AH40: 90 | AI40: 0.25285826 | AJ40: =AI40*20 -> 5.0571652 | AK40: =AK39+AJ40 -> 18.147794 | AL40: =AC40-AK40 -> -3.274944 | AP40: 90 | AQ40: 0.2559546 | AR40: =AQ40*20 -> 5.119092 | AS40: =AS39+AR40 -> 17.557575 | AT40: =AK40-AS40 -> 0.59021885 | AX40: 90 | AY40: 0.25065471 | AZ40: =AY40*20 -> 5.0130941 | BA40: =BA39+AZ40 -> 16.585225 | BB40: =AS40-BA40 -> 0.97235012 | BF40: 90 | BG40: 0 | BH40: =BG40*20 -> 0 | BI40: =BI39+BH40 -> 0 | BJ40: =BA40-BI40 -> 16.585225 | BN40: 90 | BO40: 0.24479863 | BP40: =BO40*20 -> 4.8959727 | BQ40: =BQ39+BP40 -> 14.903225 | BR40: =BA40-BQ40 -> 1.6820001 | BV40: 90 | BW40: 0 | BX40: =BW40*20 -> 0 | BY40: =BY39+BX40 -> 0 | BZ40: 0 | CD40: 90 | CE40: 0.24924602 | CF40: =CE40*20 -> 4.9849204 | CG40: =CG39+CF40 -> 17.749346 | CH40: =BQ40-CG40 -> -2.8461212 | CL40: 90 | CM40: 0 | CN40: =CM40*20 -> 0 | CO40: =CO39+CN40 -> 0 | CP40: 0 | CT40: 90 | CU40: 0 | CV40: =CU40*20 -> 0 | CW40: =CW39+CV40 -> 0 | CX40: =CO40-CW40 -> 0 | DB40: 90 | DC40: 0.25105986 | DD40: =DC40*20 -> 5.0211971 | DE40: =DE39+DD40 -> 15.313249 | DF40: =CG40-DE40 -> 2.4360971 | DJ40: 90 | DK40: 0 | DL40: =DK40*20 -> 0 | DM40: =DM39+DL40 -> 0 | DN40: 0 | DR40: 90 | DS40: 0.22791391 | DT40: =DS40*20 -> 4.5582782 | DU40: =DU39+DT40 -> 12.893683 | DV40: =DE40-DU40 -> 2.4195657 | DZ40: 90 | EA40: 0 | EB40: =EA40*20 -> 0 | EC40: =EC39+EB40 -> 0 | ED40: 0 | EH40: 90 | EI40: 0 | EJ40: =EI40*20 -> 0 | EK40: =EK39+EJ40 -> 0 | EL40: =EC491-EK40 -> 0 | EP40: 90 | EQ40: 0.23139131 | ER40: =EQ40*20 -> 4.6278262 | ES40: =ES39+ER40 -> 16.927133 | ET40: =DU40-ES40 -> -4.0334499 | EX40: 90 | EY40: 0 | EZ40: =EY40*20 -> 0 | FA40: =FA39+EZ40 -> 0 | FB40: 0 | FF40: 90 | FG40: 0 | FH40: =FG40*20 -> 0 | FI40: =FI39+FH40 -> 0 | FJ40: =FA40-FI40 -> 0 | FN40: 90 | FO40: 0 | FP40: =FO40*20 -> 0 | FQ40: =FQ39+FP40 -> 0 | FR40: =FA40-FQ40 -> 0 | FV40: 90 | FW40: 0.22210644 | FX40: =FW40*20 -> 4.4421289 | FY40: =FY39+FX40 -> 13.510443 | FZ40: =ES40-FY40 -> 3.4166905 | GD40: 90 | GE40: 0 | GF40: =GE40*20 -> 0 | GG40: =GG39+GF40 -> 0 | GH40: 0 | GL40: 90 | GM40: 0.18382796 | GN40: =GM40*20 -> 3.6765591 | GO40: =GO39+GN40 -> 10.861483 | GP40: =FY40-GO40 -> 2.6489601 | GT40: 90 | GU40: 0 | GV40: =GU40*20 -> 0 | GW40: =GW39+GV40 -> 0 | GX40: 0 | HB40: 90 | HC40: 0.18651406 | HD40: =HC40*20 -> 3.7302812 | HE40: =HE39+HD40 -> 16.696179 | HF40: =GO40-HE40 -> -5.8346969 | HJ40: 90 | HK40: 0 | HL40: =HK40*20 -> 0 | HM40: =HM39+HL40 -> 0 | HN40: 0 | HR40: 90 | HS40: 0.18465383 | HT40: =HS40*20 -> 3.6930765 | HU40: =HU39+HT40 -> 13.299942 | HV40: =HE40-HU40 -> 3.3962374 | HZ40: 90 | IA40: 0.16872793 | IB40: =IA40*20 -> 3.3745586 | IC40: =IC39+IB40 -> 11.035102 | ID40: =HU40-IC40 -> 2.2648404 | IH40: 90 | II40: 0 | IJ40: =II40*20 -> 0 | IK40: =IK39+IJ40 -> 0 | IL40: 0 | IP40: 90 | IQ40: 0.23377895 | IR40: =IQ40*20 -> 4.6755789 | IS40: =IS39+IR40 -> 17.834327 | IT40: =IC40-IS40 -> -6.7992251
C41: 110 | D41: 0.139 | E41: =D41*20 -> 2.78 | F41: =F40+E41 -> 12.11 | J41: 110 | K41: 0.22201345 | L41: =K41*20 -> 4.4402691 | M41: =M40+L41 -> 21.447726 | N41: =F41-M41 -> -9.337726 | R41: 110 | S41: 0.22189901 | T41: =S41*20 -> 4.4379802 | U41: =U40+T41 -> 20.75714 | V41: =M41-U41 -> 0.69058587 | Z41: 110 | AA41: 0.22465594 | AB41: =AA41*20 -> 4.4931187 | AC41: =AC40+AB41 -> 19.365969 | AD41: =U41-AC41 -> 1.3911715 | AH41: 110 | AI41: 0.24293355 | AJ41: =AI41*20 -> 4.8586711 | AK41: =AK40+AJ41 -> 23.006465 | AL41: =AC41-AK41 -> -3.6404963 | AP41: 110 | AQ41: 0.24095699 | AR41: =AQ41*20 -> 4.8191397 | AS41: =AS40+AR41 -> 22.376715 | AT41: =AK41-AS41 -> 0.62975019 | AX41: 110 | AY41: 0.24767962 | AZ41: =AY41*20 -> 4.9535923 | BA41: =BA40+AZ41 -> 21.538817 | BB41: =AS41-BA41 -> 0.83789751 | BF41: 110 | BG41: 0 | BH41: =BG41*20 -> 0 | BI41: =BI40+BH41 -> 0 | BJ41: =BA41-BI41 -> 21.538817 | BN41: 110 | BO41: 0.23494952 | BP41: =BO41*20 -> 4.6989903 | BQ41: =BQ40+BP41 -> 19.602215 | BR41: =BA41-BQ41 -> 1.9366021 | BV41: 110 | BW41: 0 | BX41: =BW41*20 -> 0 | BY41: =BY40+BX41 -> 0 | BZ41: 0 | CD41: 110 | CE41: 0.24624337 | CF41: =CE41*20 -> 4.9248674 | CG41: =CG40+CF41 -> 22.674213 | CH41: =BQ41-CG41 -> -3.0719982 | CL41: 110 | CM41: 0 | CN41: =CM41*20 -> 0 | CO41: =CO40+CN41 -> 0 | CP41: 0 | CT41: 110 | CU41: 0 | CV41: =CU41*20 -> 0 | CW41: =CW40+CV41 -> 0 | CX41: =CO41-CW41 -> 0 | DB41: 110 | DC41: 0.24083906 | DD41: =DC41*20 -> 4.8167811 | DE41: =DE40+DD41 -> 20.13003 | DF41: =CG41-DE41 -> 2.5441833 | DJ41: 110 | DK41: 0 | DL41: =DK41*20 -> 0 | DM41: =DM40+DL41 -> 0 | DN41: 0 | DR41: 110 | DS41: 0.22694858 | DT41: =DS41*20 -> 4.5389715 | DU41: =DU40+DT41 -> 17.432655 | DV41: =DE41-DU41 -> 2.6973753 | DZ41: 110 | EA41: 0 | EB41: =EA41*20 -> 0 | EC41: =EC40+EB41 -> 0 | ED41: 0 | EH41: 110 | EI41: 0 | EJ41: =EI41*20 -> 0 | EK41: =EK40+EJ41 -> 0 | EL41: =EC492-EK41 -> 0 | EP41: 110 | EQ41: 0.23341765 | ER41: =EQ41*20 -> 4.6683531 | ES41: =ES40+ER41 -> 21.595486 | ET41: =DU41-ES41 -> -4.1628315 | EX41: 110 | EY41: 0 | EZ41: =EY41*20 -> 0 | FA41: =FA40+EZ41 -> 0 | FB41: 0 | FF41: 110 | FG41: 0 | FH41: =FG41*20 -> 0 | FI41: =FI40+FH41 -> 0 | FJ41: =FA41-FI41 -> 0 | FN41: 110 | FO41: 0 | FP41: =FO41*20 -> 0 | FQ41: =FQ40+FP41 -> 0 | FR41: =FA41-FQ41 -> 0 | FV41: 110 | FW41: 0.22721004 | FX41: =FW41*20 -> 4.5442009 | FY41: =FY40+FX41 -> 18.054644 | FZ41: =ES41-FY41 -> 3.5408427 | GD41: 110 | GE41: 0 | GF41: =GE41*20 -> 0 | GG41: =GG40+GF41 -> 0 | GH41: 0 | GL41: 110 | GM41: 0.2166476 | GN41: =GM41*20 -> 4.332952 | GO41: =GO40+GN41 -> 15.194435 | GP41: =FY41-GO41 -> 2.860209 | GT41: 110 | GU41: 0 | GV41: =GU41*20 -> 0 | GW41: =GW40+GV41 -> 0 | GX41: 0 | HB41: 110 | HC41: 0.21657296 | HD41: =HC41*20 -> 4.3314592 | HE41: =HE40+HD41 -> 21.027639 | HF41: =GO41-HE41 -> -5.8332041 | HJ41: 110 | HK41: 0 | HL41: =HK41*20 -> 0 | HM41: =HM40+HL41 -> 0 | HN41: 0 | HR41: 110 | HS41: 0.20895504 | HT41: =HS41*20 -> 4.1791008 | HU41: =HU40+HT41 -> 17.479043 | HV41: =HE41-HU41 -> 3.5485957 | HZ41: 110 | IA41: 0.18370737 | IB41: =IA41*20 -> 3.6741473 | IC41: =IC40+IB41 -> 14.709249 | ID41: =HU41-IC41 -> 2.7697939 | IH41: 110 | II41: 0 | IJ41: =II41*20 -> 0 | IK41: =IK40+IJ41 -> 0 | IL41: 0 | IP41: 110 | IQ41: 0.18496553 | IR41: =IQ41*20 -> 3.6993106 | IS41: =IS40+IR41 -> 21.533637 | IT41: =IC41-IS41 -> -6.8243883
C42: 130 | D42: 0.144 | E42: =D42*20 -> 2.88 | F42: =F41+E42 -> 14.99 | J42: 130 | K42: 0.21647563 | L42: =K42*20 -> 4.3295125 | M42: =M41+L42 -> 25.777239 | N42: =F42-M42 -> -10.787239 | R42: 130 | S42: 0.21559753 | T42: =S42*20 -> 4.3119506 | U42: =U41+T42 -> 25.069091 | V42: =M42-U42 -> 0.70814781 | Z42: 130 | AA42: 0.21997541 | AB42: =AA42*20 -> 4.3995081 | AC42: =AC41+AB42 -> 23.765477 | AD42: =U42-AC42 -> 1.303614 | AH42: 130 | AI42: 0.23896367 | AJ42: =AI42*20 -> 4.7792734 | AK42: =AK41+AJ42 -> 27.785738 | AL42: =AC42-AK42 -> -4.0202616 | AP42: 130 | AQ42: 0.2389573 | AR42: =AQ42*20 -> 4.7791461 | AS42: =AS41+AR42 -> 27.155861 | AT42: =AK42-AS42 -> 0.62987752 | AX42: 130 | AY42: 0.23379586 | AZ42: =AY42*20 -> 4.6759173 | BA42: =BA41+AZ42 -> 26.214735 | BB42: =AS42-BA42 -> 0.9411263 | BF42: 130 | BG42: 0 | BH42: =BG42*20 -> 0 | BI42: =BI41+BH42 -> 0 | BJ42: =BA42-BI42 -> 26.214735 | BN42: 130 | BO42: 0.23199478 | BP42: =BO42*20 -> 4.6398956 | BQ42: =BQ41+BP42 -> 24.242111 | BR42: =BA42-BQ42 -> 1.9726237 | BV42: 130 | BW42: 0 | BX42: =BW42*20 -> 0 | BY42: =BY41+BX42 -> 0 | BZ42: 0 | CD42: 130 | CE42: 0.23723542 | CF42: =CE42*20 -> 4.7447084 | CG42: =CG41+CF42 -> 27.418922 | CH42: =BQ42-CG42 -> -3.176811 | CL42: 130 | CM42: 0 | CN42: =CM42*20 -> 0 | CO42: =CO41+CN42 -> 0 | CP42: 0 | CT42: 130 | CU42: 0 | CV42: =CU42*20 -> 0 | CW42: =CW41+CV42 -> 0 | CX42: =CO42-CW42 -> 0 | DB42: 130 | DC42: 0.2336845 | DD42: =DC42*20 -> 4.6736899 | DE42: =DE41+DD42 -> 24.80372 | DF42: =CG42-DE42 -> 2.6152018 | DJ42: 130 | DK42: 0 | DL42: =DK42*20 -> 0 | DM42: =DM41+DL42 -> 0 | DN42: 0 | DR42: 130 | DS42: 0.22308724 | DT42: =DS42*20 -> 4.4617447 | DU42: =DU41+DT42 -> 21.8944 | DV42: =DE42-DU42 -> 2.9093205 | DZ42: 130 | EA42: 0 | EB42: =EA42*20 -> 0 | EC42: =EC41+EB42 -> 0 | ED42: 0 | EH42: 130 | EI42: 0 | EJ42: =EI42*20 -> 0 | EK42: =EK41+EJ42 -> 0 | EL42: =EC493-EK42 -> 0 | EP42: 130 | EQ42: 0.23037814 | ER42: =EQ42*20 -> 4.6075627 | ES42: =ES41+ER42 -> 26.203049 | ET42: =DU42-ES42 -> -4.3086495 | EX42: 130 | EY42: 0 | EZ42: =EY42*20 -> 0 | FA42: =FA41+EZ42 -> 0 | FB42: 0 | FF42: 130 | FG42: 0 | FH42: =FG42*20 -> 0 | FI42: =FI41+FH42 -> 0 | FJ42: =FA42-FI42 -> 0 | FN42: 130 | FO42: 0 | FP42: =FO42*20 -> 0 | FQ42: =FQ41+FP42 -> 0 | FR42: =FA42-FQ42 -> 0 | FV42: 130 | FW42: 0.23231364 | FX42: =FW42*20 -> 4.6462729 | FY42: =FY41+FX42 -> 22.700916 | FZ42: =ES42-FY42 -> 3.5021326 | GD42: 130 | GE42: 0 | GF42: =GE42*20 -> 0 | GG42: =GG41+GF42 -> 0 | GH42: 0 | GL42: 130 | GM42: 0.22062574 | GN42: =GM42*20 -> 4.4125148 | GO42: =GO41+GN42 -> 19.606949 | GP42: =FY42-GO42 -> 3.0939671 | GT42: 130 | GU42: 0 | GV42: =GU42*20 -> 0 | GW42: =GW41+GV42 -> 0 | GX42: 0 | HB42: 130 | HC42: 0.23108415 | HD42: =HC42*20 -> 4.621683 | HE42: =HE41+HD42 -> 25.649322 | HF42: =GO42-HE42 -> -6.0423724 | HJ42: 130 | HK42: 0 | HL42: =HK42*20 -> 0 | HM42: =HM41+HL42 -> 0 | HN42: 0 | HR42: 130 | HS42: 0.22313075 | HT42: =HS42*20 -> 4.462615 | HU42: =HU41+HT42 -> 21.941658 | HV42: =HE42-HU42 -> 3.7076638 | HZ42: 130 | IA42: 0.2156635 | IB42: =IA42*20 -> 4.3132699 | IC42: =IC41+IB42 -> 19.022519 | ID42: =HU42-IC42 -> 2.9191389 | IH42: 130 | II42: 0 | IJ42: =II42*20 -> 0 | IK42: =IK41+IJ42 -> 0 | IL42: 0 | IP42: 130 | IQ42: 0.2244317 | IR42: =IQ42*20 -> 4.4886339 | IS42: =IS41+IR42 -> 26.022271 | IT42: =IC42-IS42 -> -6.9997523
C43: 150 | D43: 0.133 | E43: =D43*20 -> 2.66 | F43: =F42+E43 -> 17.65 | J43: 150 | K43: 0.20571084 | L43: =K43*20 -> 4.1142169 | M43: =M42+L43 -> 29.891455 | N43: =F43-M43 -> -12.241455 | R43: 150 | S43: 0.20164531 | T43: =S43*20 -> 4.0329061 | U43: =U42+T43 -> 29.101997 | V43: =M43-U43 -> 0.78945855 | Z43: 150 | AA43: 0.20031718 | AB43: =AA43*20 -> 4.0063437 | AC43: =AC42+AB43 -> 27.77182 | AD43: =U43-AC43 -> 1.3301765 | AH43: 150 | AI43: 0.22506908 | AJ43: =AI43*20 -> 4.5013816 | AK43: =AK42+AJ43 -> 32.28712 | AL43: =AC43-AK43 -> -4.5152996 | AP43: 150 | AQ43: 0.22495953 | AR43: =AQ43*20 -> 4.4991906 | AS43: =AS42+AR43 -> 31.655051 | AT43: =AK43-AS43 -> 0.63206855 | AX43: 150 | AY43: 0.2228872 | AZ43: =AY43*20 -> 4.457744 | BA43: =BA42+AZ43 -> 30.672479 | BB43: =AS43-BA43 -> 0.98257289 | BF43: 150 | BG43: 0 | BH43: =BG43*20 -> 0 | BI43: =BI42+BH43 -> 0 | BJ43: =BA43-BI43 -> 30.672479 | BN43: 150 | BO43: 0.2162362 | BP43: =BO43*20 -> 4.3247239 | BQ43: =BQ42+BP43 -> 28.566835 | BR43: =BA43-BQ43 -> 2.1056438 | BV43: 150 | BW43: 0 | BX43: =BW43*20 -> 0 | BY43: =BY42+BX43 -> 0 | BZ43: 0 | CD43: 150 | CE43: 0.22322305 | CF43: =CE43*20 -> 4.464461 | CG43: =CG42+CF43 -> 31.883383 | CH43: =BQ43-CG43 -> -3.316548 | CL43: 150 | CM43: 0 | CN43: =CM43*20 -> 0 | CO43: =CO42+CN43 -> 0 | CP43: 0 | CT43: 150 | CU43: 0 | CV43: =CU43*20 -> 0 | CW43: =CW42+CV43 -> 0 | CX43: =CO43-CW43 -> 0 | DB43: 150 | DC43: 0.22448578 | DD43: =DC43*20 -> 4.4897155 | DE43: =DE42+DD43 -> 29.293436 | DF43: =CG43-DE43 -> 2.5899472 | DJ43: 150 | DK43: 0 | DL43: =DK43*20 -> 0 | DM43: =DM42+DL43 -> 0 | DN43: 0 | DR43: 150 | DS43: 0.21439922 | DT43: =DS43*20 -> 4.2879845 | DU43: =DU42+DT43 -> 26.182384 | DV43: =DE43-DU43 -> 3.1110515 | DZ43: 150 | EA43: 0 | EB43: =EA43*20 -> 0 | EC43: =EC42+EB43 -> 0 | ED43: 0 | EH43: 150 | EI43: 0 | EJ43: =EI43*20 -> 0 | EK43: =EK42+EJ43 -> 0 | EL43: =EC494-EK43 -> 0 | EP43: 150 | EQ43: 0.22328593 | ER43: =EQ43*20 -> 4.4657186 | ES43: =ES42+ER43 -> 30.668768 | ET43: =DU43-ES43 -> -4.4863836 | EX43: 150 | EY43: 0 | EZ43: =EY43*20 -> 0 | FA43: =FA42+EZ43 -> 0 | FB43: 0 | FF43: 150 | FG43: 0 | FH43: =FG43*20 -> 0 | FI43: =FI42+FH43 -> 0 | FJ43: =FA43-FI43 -> 0 | FN43: 150 | FO43: 0 | FP43: =FO43*20 -> 0 | FQ43: =FQ42+FP43 -> 0 | FR43: =FA43-FQ43 -> 0 | FV43: 150 | FW43: 0.21700284 | FX43: =FW43*20 -> 4.3400569 | FY43: =FY42+FX43 -> 27.040973 | FZ43: =ES43-FY43 -> 3.6277943 | GD43: 150 | GE43: 0 | GF43: =GE43*20 -> 0 | GG43: =GG42+GF43 -> 0 | GH43: 0 | GL43: 150 | GM43: 0.21465853 | GN43: =GM43*20 -> 4.2931706 | GO43: =GO42+GN43 -> 23.90012 | GP43: =FY43-GO43 -> 3.1408534 | GT43: 150 | GU43: 0 | GV43: =GU43*20 -> 0 | GW43: =GW42+GV43 -> 0 | GX43: 0 | HB43: 150 | HC43: 0.22279204 | HD43: =HC43*20 -> 4.4558408 | HE43: =HE42+HD43 -> 30.105162 | HF43: =GO43-HE43 -> -6.2050426 | HJ43: 150 | HK43: 0 | HL43: =HK43*20 -> 0 | HM43: =HM42+HL43 -> 0 | HN43: 0 | HR43: 150 | HS43: 0.21908055 | HT43: =HS43*20 -> 4.3816109 | HU43: =HU42+HT43 -> 26.323269 | HV43: =HE43-HU43 -> 3.7818937 | HZ43: 150 | IA43: 0.21366624 | IB43: =IA43*20 -> 4.2733248 | IC43: =IC42+IB43 -> 23.295844 | ID43: =HU43-IC43 -> 3.0274251 | IH43: 150 | II43: 0 | IJ43: =II43*20 -> 0 | IK43: =IK42+IJ43 -> 0 | IL43: 0 | IP43: 150 | IQ43: 0.22547028 | IR43: =IQ43*20 -> 4.5094056 | IS43: =IS42+IR43 -> 30.531677 | IT43: =IC43-IS43 -> -7.2358331
C44: 170 | D44: 0.14 | E44: =D44*20 -> 2.8 | F44: =F43+E44 -> 20.45 | J44: 170 | K44: 0.19074384 | L44: =K44*20 -> 3.8148768 | M44: =M43+L44 -> 33.706332 | N44: =F44-M44 -> -13.256332 | R44: 170 | S44: 0.17802776 | T44: =S44*20 -> 3.5605552 | U44: =U43+T44 -> 32.662552 | V44: =M44-U44 -> 1.0437802 | Z44: 170 | AA44: 0.18159507 | AB44: =AA44*20 -> 3.6319013 | AC44: =AC43+AB44 -> 31.403722 | AD44: =U44-AC44 -> 1.2588304 | AH44: 170 | AI44: 0.21323473 | AJ44: =AI44*20 -> 4.2646946 | AK44: =AK43+AJ44 -> 36.551815 | AL44: =AC44-AK44 -> -5.1480928 | AP44: 170 | AQ44: 0.21096176 | AR44: =AQ44*20 -> 4.2192351 | AS44: =AS43+AR44 -> 35.874287 | AT44: =AK44-AS44 -> 0.67752799 | AX44: 170 | AY44: 0.20999515 | AZ44: =AY44*20 -> 4.1999029 | BA44: =BA43+AZ44 -> 34.872381 | BB44: =AS44-BA44 -> 1.0019051 | BF44: 170 | BG44: 0 | BH44: =BG44*20 -> 0 | BI44: =BI43+BH44 -> 0 | BJ44: =BA44-BI44 -> 34.872381 | BN44: 170 | BO44: 0.20934182 | BP44: =BO44*20 -> 4.1868363 | BQ44: =BQ43+BP44 -> 32.753671 | BR44: =BA44-BQ44 -> 2.1187104 | BV44: 170 | BW44: 0 | BX44: =BW44*20 -> 0 | BY44: =BY43+BX44 -> 0 | BZ44: 0 | CD44: 170 | CE44: 0.21321421 | CF44: =CE44*20 -> 4.2642843 | CG44: =CG43+CF44 -> 36.147667 | CH44: =BQ44-CG44 -> -3.3939959 | CL44: 170 | CM44: 0 | CN44: =CM44*20 -> 0 | CO44: =CO43+CN44 -> 0 | CP44: 0 | CT44: 170 | CU44: 0 | CV44: =CU44*20 -> 0 | CW44: =CW43+CV44 -> 0 | CX44: =CO44-CW44 -> 0 | DB44: 170 | DC44: 0.20915458 | DD44: =DC44*20 -> 4.1830915 | DE44: =DE43+DD44 -> 33.476527 | DF44: =CG44-DE44 -> 2.6711399 | DJ44: 170 | DK44: 0 | DL44: =DK44*20 -> 0 | DM44: =DM43+DL44 -> 0 | DN44: 0 | DR44: 170 | DS44: 0.20088454 | DT44: =DS44*20 -> 4.0176907 | DU44: =DU43+DT44 -> 30.200075 | DV44: =DE44-DU44 -> 3.2764523 | DZ44: 170 | EA44: 0 | EB44: =EA44*20 -> 0 | EC44: =EC43+EB44 -> 0 | ED44: 0 | EH44: 170 | EI44: 0 | EJ44: =EI44*20 -> 0 | EK44: =EK43+EJ44 -> 0 | EL44: =EC495-EK44 -> 0 | EP44: 170 | EQ44: 0.20606199 | ER44: =EQ44*20 -> 4.1212398 | ES44: =ES43+ER44 -> 34.790007 | ET44: =DU44-ES44 -> -4.5899327 | EX44: 170 | EY44: 0 | EZ44: =EY44*20 -> 0 | FA44: =FA43+EZ44 -> 0 | FB44: 0 | FF44: 170 | FG44: 0 | FH44: =FG44*20 -> 0 | FI44: =FI43+FH44 -> 0 | FJ44: =FA44-FI44 -> 0 | FN44: 170 | FO44: 0 | FP44: =FO44*20 -> 0 | FQ44: =FQ43+FP44 -> 0 | FR44: =FA44-FQ44 -> 0 | FV44: 170 | FW44: 0.20679564 | FX44: =FW44*20 -> 4.1359129 | FY44: =FY43+FX44 -> 31.176886 | FZ44: =ES44-FY44 -> 3.6131212 | GD44: 170 | GE44: 0 | GF44: =GE44*20 -> 0 | GG44: =GG43+GF44 -> 0 | GH44: 0 | GL44: 170 | GM44: 0.20172958 | GN44: =GM44*20 -> 4.0345916 | GO44: =GO43+GN44 -> 27.934712 | GP44: =FY44-GO44 -> 3.2421746 | GT44: 170 | GU44: 0 | GV44: =GU44*20 -> 0 | GW44: =GW43+GV44 -> 0 | GX44: 0 | HB44: 170 | HC44: 0.20724434 | HD44: =HC44*20 -> 4.1448867 | HE44: =HE43+HD44 -> 34.250049 | HF44: =GO44-HE44 -> -6.3153377 | HJ44: 170 | HK44: 0 | HL44: =HK44*20 -> 0 | HM44: =HM43+HL44 -> 0 | HN44: 0 | HR44: 170 | HS44: 0.20895504 | HT44: =HS44*20 -> 4.1791008 | HU44: =HU43+HT44 -> 30.50237 | HV44: =HE44-HU44 -> 3.7476796 | HZ44: 170 | IA44: 0.20567721 | IB44: =IA44*20 -> 4.1135441 | IC44: =IC43+IB44 -> 27.409388 | ID44: =HU44-IC44 -> 3.0929818 | IH44: 170 | II44: 0 | IJ44: =II44*20 -> 0 | IK44: =IK43+IJ44 -> 0 | IL44: 0 | IP44: 170 | IQ44: 0.21612303 | IR44: =IQ44*20 -> 4.3224606 | IS44: =IS43+IR44 -> 34.854137 | IT44: =IC44-IS44 -> -7.4447496
C45: 190 | D45: 0.118 | E45: =D45*20 -> 2.36 | F45: =F44+E45 -> 22.81 | J45: 190 | K45: 0.1110425 | L45: =K45*20 -> 2.22085 | M45: =M44+L45 -> 35.927182 | N45: =F45-M45 -> -13.117182 | R45: 190 | S45: 0.10770034 | T45: =S45*20 -> 2.1540069 | U45: =U44+T45 -> 34.816559 | V45: =M45-U45 -> 1.1106233 | Z45: 190 | AA45: 0.11419544 | AB45: =AA45*20 -> 2.2839089 | AC45: =AC44+AB45 -> 33.687631 | AD45: =U45-AC45 -> 1.1289284 | AH45: 190 | AI45: 0.12780696 | AJ45: =AI45*20 -> 2.5561393 | AK45: =AK44+AJ45 -> 39.107954 | AL45: =AC45-AK45 -> -5.4203233 | AP45: 190 | AQ45: 0.15797019 | AR45: =AQ45*20 -> 3.1594037 | AS45: =AS44+AR45 -> 39.03369 | AT45: =AK45-AS45 -> 0.074263544 | AX45: 190 | AY45: 0.16239371 | AZ45: =AY45*20 -> 3.2478742 | BA45: =BA44+AZ45 -> 38.120256 | BB45: =AS45-BA45 -> 0.91343469 | BF45: 190 | BG45: 0 | BH45: =BG45*20 -> 0 | BI45: =BI44+BH45 -> 0 | BJ45: =BA45-BI45 -> 38.120256 | BN45: 190 | BO45: 0.16308115 | BP45: =BO45*20 -> 3.2616229 | BQ45: =BQ44+BP45 -> 36.015294 | BR45: =BA45-BQ45 -> 2.1049617 | BV45: 190 | BW45: 0 | BX45: =BW45*20 -> 0 | BY45: =BY44+BX45 -> 0 | BZ45: 0 | CD45: 190 | CE45: 0.16117092 | CF45: =CE45*20 -> 3.2234184 | CG45: =CG44+CF45 -> 39.371085 | CH45: =BQ45-CG45 -> -3.3557914 | CL45: 190 | CM45: 0 | CN45: =CM45*20 -> 0 | CO45: =CO44+CN45 -> 0 | CP45: 0 | CT45: 190 | CU45: 0 | CV45: =CU45*20 -> 0 | CW45: =CW44+CV45 -> 0 | CX45: =CO45-CW45 -> 0 | DB45: 190 | DC45: 0.15907266 | DD45: =DC45*20 -> 3.1814531 | DE45: =DE44+DD45 -> 36.65798 | DF45: =CG45-DE45 -> 2.7131052 | DJ45: 190 | DK45: 0 | DL45: =DK45*20 -> 0 | DM45: =DM44+DL45 -> 0 | DN45: 0 | DR45: 190 | DS45: 0.15947913 | DT45: =DS45*20 -> 3.1895827 | DU45: =DU44+DT45 -> 33.389657 | DV45: =DE45-DU45 -> 3.2683228 | DZ45: 190 | EA45: 0 | EB45: =EA45*20 -> 0 | EC45: =EC44+EB45 -> 0 | ED45: 0 | EH45: 190 | EI45: 0 | EJ45: =EI45*20 -> 0 | EK45: =EK44+EJ45 -> 0 | EL45: =EC496-EK45 -> 0 | EP45: 190 | EQ45: 0.16350874 | ER45: =EQ45*20 -> 3.2701748 | ES45: =ES44+ER45 -> 38.060182 | ET45: =DU45-ES45 -> -4.6705248 | EX45: 190 | EY45: 0 | EZ45: =EY45*20 -> 0 | FA45: =FA44+EZ45 -> 0 | FB45: 0 | FF45: 190 | FG45: 0 | FH45: =FG45*20 -> 0 | FI45: =FI44+FH45 -> 0 | FJ45: =FA45-FI45 -> 0 | FN45: 190 | FO45: 0 | FP45: =FO45*20 -> 0 | FQ45: =FQ44+FP45 -> 0 | FR45: =FA45-FQ45 -> 0 | FV45: 190 | FW45: 0.15984252 | FX45: =FW45*20 -> 3.1968505 | FY45: =FY44+FX45 -> 34.373737 | FZ45: =ES45-FY45 -> 3.6864455 | GD45: 190 | GE45: 0 | GF45: =GE45*20 -> 0 | GG45: =GG44+GF45 -> 0 | GH45: 0 | GL45: 190 | GM45: 0.15299738 | GN45: =GM45*20 -> 3.0599476 | GO45: =GO44+GN45 -> 30.994659 | GP45: =FY45-GO45 -> 3.3790775 | GT45: 190 | GU45: 0 | GV45: =GU45*20 -> 0 | GW45: =GW44+GV45 -> 0 | GX45: 0 | HB45: 190 | HC45: 0.16163773 | HD45: =HC45*20 -> 3.2327547 | HE45: =HE44+HD45 -> 37.482804 | HF45: =GO45-HE45 -> -6.4881447 | HJ45: 190 | HK45: 0 | HL45: =HK45*20 -> 0 | HM45: =HM44+HL45 -> 0 | HN45: 0 | HR45: 190 | HS45: 0.15731496 | HT45: =HS45*20 -> 3.1462992 | HU45: =HU44+HT45 -> 33.648669 | HV45: =HE45-HU45 -> 3.8341351 | HZ45: 190 | IA45: 0.16373479 | IB45: =IA45*20 -> 3.2746957 | IC45: =IC44+IB45 -> 30.684084 | ID45: =HU45-IC45 -> 2.9645853 | IH45: 190 | II45: 0 | IJ45: =II45*20 -> 0 | IK45: =IK44+IJ45 -> 0 | IL45: 0 | IP45: 190 | IQ45: 0.16730961 | IR45: =IQ45*20 -> 3.3461923 | IS45: =IS44+IR45 -> 38.20033 | IT45: =IC45-IS45 -> -7.5162461
C46: 210 | D46: 0.134 | E46: =D46*20 -> 2.68 | F46: =F45+E46 -> 25.49 | J46: 210 | K46: 0.12833258 | L46: =K46*20 -> 2.5666517 | M46: =M45+L46 -> 38.493834 | N46: =F46-M46 -> -13.003834 | R46: 210 | S46: 0.12512863 | T46: =S46*20 -> 2.5025726 | U46: =U45+T46 -> 37.319132 | V46: =M46-U46 -> 1.1747023 | Z46: 210 | AA46: 0.12649261 | AB46: =AA46*20 -> 2.5298522 | AC46: =AC45+AB46 -> 36.217483 | AD46: =U46-AC46 -> 1.1016488 | AH46: 210 | AI46: 0.13174673 | AJ46: =AI46*20 -> 2.6349346 | AK46: =AK45+AJ46 -> 41.742888 | AL46: =AC46-AK46 -> -5.5254057 | AP46: 210 | AQ46: 0.14297257 | AR46: =AQ46*20 -> 2.8594515 | AS46: =AS45+AR46 -> 41.893142 | AT46: =AK46-AS46 -> -0.15025332 | AX46: 210 | AY46: 0.16239371 | AZ46: =AY46*20 -> 3.2478742 | BA46: =BA45+AZ46 -> 41.36813 | BB46: =AS46-BA46 -> 0.52501197 | BF46: 210 | BG46: 0 | BH46: =BG46*20 -> 0 | BI46: =BI45+BH46 -> 0 | BJ46: =BA46-BI46 -> 41.36813 | BN46: 210 | BO46: 0.16502079 | BP46: =BO46*20 -> 3.3004159 | BQ46: =BQ45+BP46 -> 39.31571 | BR46: =BA46-BQ46 -> 2.05242 | BV46: 210 | BW46: 0 | BX46: =BW46*20 -> 0 | BY46: =BY45+BX46 -> 0 | BZ46: 0 | CD46: 210 | CE46: 0.16717357 | CF46: =CE46*20 -> 3.3434714 | CG46: =CG45+CF46 -> 42.714557 | CH46: =BQ46-CG46 -> -3.3988469 | CL46: 210 | CM46: 0 | CN46: =CM46*20 -> 0 | CO46: =CO45+CN46 -> 0 | CP46: 0 | CT46: 210 | CU46: 0 | CV46: =CU46*20 -> 0 | CW46: =CW45+CV46 -> 0 | CX46: =CO46-CW46 -> 0 | DB46: 210 | DC46: 0.16929346 | DD46: =DC46*20 -> 3.3858691 | DE46: =DE45+DD46 -> 40.043849 | DF46: =CG46-DE46 -> 2.6707075 | DJ46: 210 | DK46: 0 | DL46: =DK46*20 -> 0 | DM46: =DM45+DL46 -> 0 | DN46: 0 | DR46: 210 | DS46: 0.16623648 | DT46: =DS46*20 -> 3.3247296 | DU46: =DU45+DT46 -> 36.714387 | DV46: =DE46-DU46 -> 3.3294623 | DZ46: 210 | EA46: 0 | EB46: =EA46*20 -> 0 | EC46: =EC45+EB46 -> 0 | ED46: 0 | EH46: 210 | EI46: 0 | EJ46: =EI46*20 -> 0 | EK46: =EK45+EJ46 -> 0 | EL46: =EC497-EK46 -> 0 | EP46: 210 | EQ46: 0.1685746 | ER46: =EQ46*20 -> 3.371492 | ES46: =ES45+ER46 -> 41.431674 | ET46: =DU46-ES46 -> -4.7172873 | EX46: 210 | EY46: 0 | EZ46: =EY46*20 -> 0 | FA46: =FA45+EZ46 -> 0 | FB46: 0 | FF46: 210 | FG46: 0 | FH46: =FG46*20 -> 0 | FI46: =FI45+FH46 -> 0 | FJ46: =FA46-FI46 -> 0 | FN46: 210 | FO46: 0 | FP46: =FO46*20 -> 0 | FQ46: =FQ45+FP46 -> 0 | FR46: =FA46-FQ46 -> 0 | FV46: 210 | FW46: 0.169029 | FX46: =FW46*20 -> 3.3805801 | FY46: =FY45+FX46 -> 37.754317 | FZ46: =ES46-FY46 -> 3.6773575 | GD46: 210 | GE46: 0 | GF46: =GE46*20 -> 0 | GG46: =GG45+GF46 -> 0 | GH46: 0 | GL46: 210 | GM46: 0.16592633 | GN46: =GM46*20 -> 3.3185267 | GO46: =GO45+GN46 -> 34.313186 | GP46: =FY46-GO46 -> 3.4411309 | GT46: 210 | GU46: 0 | GV46: =GU46*20 -> 0 | GW46: =GW45+GV46 -> 0 | GX46: 0 | HB46: 210 | HC46: 0.16992984 | HD46: =HC46*20 -> 3.3985969 | HE46: =HE45+HD46 -> 40.881401 | HF46: =GO46-HE46 -> -6.5682149 | HJ46: 210 | HK46: 0 | HL46: =HK46*20 -> 0 | HM46: =HM45+HL46 -> 0 | HN46: 0 | HR46: 210 | HS46: 0.16744047 | HT46: =HS46*20 -> 3.3488093 | HU46: =HU45+HT46 -> 36.997478 | HV46: =HE46-HU46 -> 3.8839226 | HZ46: 210 | IA46: 0.16173753 | IB46: =IA46*20 -> 3.2347506 | IC46: =IC45+IB46 -> 33.918834 | ID46: =HU46-IC46 -> 3.078644 | IH46: 210 | II46: 0 | IJ46: =II46*20 -> 0 | IK46: =IK45+IJ46 -> 0 | IL46: 0 | IP46: 210 | IQ46: 0.16627103 | IR46: =IQ46*20 -> 3.3254206 | IS46: =IS45+IR46 -> 41.52575 | IT46: =IC46-IS46 -> -7.6069161
C47: 230 | D47: 0.166 | E47: =D47*20 -> 3.32 | F47: =F46+E47 -> 28.81 | J47: 230 | K47: 0.17401896 | L47: =K47*20 -> 3.4803792 | M47: =M46+L47 -> 41.974213 | N47: =F47-M47 -> -13.164213 | R47: 230 | S47: 0.17932175 | T47: =S47*20 -> 3.586435 | U47: =U46+T47 -> 40.905567 | V47: =M47-U47 -> 1.0686465 | Z47: 230 | AA47: 0.18065896 | AB47: =AA47*20 -> 3.6131792 | AC47: =AC46+AB47 -> 39.830662 | AD47: =U47-AC47 -> 1.0749046 | AH47: 230 | AI47: 0.18632508 | AJ47: =AI47*20 -> 3.7265016 | AK47: =AK46+AJ47 -> 45.46939 | AL47: =AC47-AK47 -> -5.6387281 | AP47: 230 | AQ47: 0.19396446 | AR47: =AQ47*20 -> 3.8792892 | AS47: =AS46+AR47 -> 45.772431 | AT47: =AK47-AS47 -> -0.3030409 | AX47: 230 | AY47: 0.1931363 | AZ47: =AY47*20 -> 3.8627261 | BA47: =BA46+AZ47 -> 45.230856 | BB47: =AS47-BA47 -> 0.54157513 | BF47: 230 | BG47: 0 | BH47: =BG47*20 -> 0 | BI47: =BI46+BH47 -> 0 | BJ47: =BA47-BI47 -> 45.230856 | BN47: 230 | BO47: 0.20146252 | BP47: =BO47*20 -> 4.0292505 | BQ47: =BQ46+BP47 -> 43.34496 | BR47: =BA47-BQ47 -> 1.8858956 | BV47: 230 | BW47: 0 | BX47: =BW47*20 -> 0 | BY47: =BY46+BX47 -> 0 | BZ47: 0 | CD47: 230 | CE47: 0.21321421 | CF47: =CE47*20 -> 4.2642843 | CG47: =CG46+CF47 -> 46.978841 | CH47: =BQ47-CG47 -> -3.6338807 | CL47: 230 | CM47: 0 | CN47: =CM47*20 -> 0 | CO47: =CO46+CN47 -> 0 | CP47: 0 | CT47: 230 | CU47: 0 | CV47: =CU47*20 -> 0 | CW47: =CW46+CV47 -> 0 | CX47: =CO47-CW47 -> 0 | DB47: 230 | DC47: 0.2183533 | DD47: =DC47*20 -> 4.3670659 | DE47: =DE46+DD47 -> 44.410915 | DF47: =CG47-DE47 -> 2.5679258 | DJ47: 230 | DK47: 0 | DL47: =DK47*20 -> 0 | DM47: =DM46+DL47 -> 0 | DN47: 0 | DR47: 230 | DS47: 0.21537884 | DT47: =DS47*20 -> 4.3075767 | DU47: =DU46+DT47 -> 41.021964 | DV47: =DE47-DU47 -> 3.3889515 | DZ47: 230 | EA47: 0 | EB47: =EA47*20 -> 0 | EC47: =EC46+EB47 -> 0 | ED47: 0 | EH47: 230 | EI47: 0 | EJ47: =EI47*20 -> 0 | EK47: =EK46+EJ47 -> 0 | EL47: =EC498-EK47 -> 0 | EP47: 230 | EQ47: 0.22024641 | ER47: =EQ47*20 -> 4.4049282 | ES47: =ES46+ER47 -> 45.836602 | ET47: =DU47-ES47 -> -4.8146387 | EX47: 230 | EY47: 0 | EZ47: =EY47*20 -> 0 | FA47: =FA46+EZ47 -> 0 | FB47: 0 | FF47: 230 | FG47: 0 | FH47: =FG47*20 -> 0 | FI47: =FI46+FH47 -> 0 | FJ47: =FA47-FI47 -> 0 | FN47: 230 | FO47: 0 | FP47: =FO47*20 -> 0 | FQ47: =FQ46+FP47 -> 0 | FR47: =FA47-FQ47 -> 0 | FV47: 230 | FW47: 0.22108572 | FX47: =FW47*20 -> 4.4217145 | FY47: =FY46+FX47 -> 42.176031 | FZ47: =ES47-FY47 -> 3.6605712 | GD47: 230 | GE47: 0 | GF47: =GE47*20 -> 0 | GG47: =GG46+GF47 -> 0 | GH47: 0 | GL47: 230 | GM47: 0.2196312 | GN47: =GM47*20 -> 4.3926241 | GO47: =GO46+GN47 -> 38.70581 | GP47: =FY47-GO47 -> 3.4702213 | GT47: 230 | GU47: 0 | GV47: =GU47*20 -> 0 | GW47: =GW46+GV47 -> 0 | GX47: 0 | HB47: 230 | HC47: 0.22486507 | HD47: =HC47*20 -> 4.4973014 | HE47: =HE46+HD47 -> 45.378702 | HF47: =GO47-HE47 -> -6.6728922 | HJ47: 230 | HK47: 0 | HL47: =HK47*20 -> 0 | HM47: =HM46+HL47 -> 0 | HN47: 0 | HR47: 230 | HS47: 0.22110565 | HT47: =HS47*20 -> 4.422113 | HU47: =HU46+HT47 -> 41.419591 | HV47: =HE47-HU47 -> 3.959111 | HZ47: 230 | IA47: 0.21663496 | IB47: =IA47*20 -> 4.3326992 | IC47: =IC46+IB47 -> 38.251533 | ID47: =HU47-IC47 -> 3.1680578 | IH47: 230 | II47: 0 | IJ47: =II47*20 -> 0 | IK47: =IK46+IJ47 -> 0 | IL47: 0 | IP47: 230 | IQ47: 0.22039311 | IR47: =IQ47*20 -> 4.4078622 | IS47: =IS46+IR47 -> 45.933613 | IT47: =IC47-IS47 -> -7.6820792
C48: 250 | D48: 0.163 | E48: =D48*20 -> 3.26 | F48: =F47+E48 -> 32.07 | J48: 250 | K48: 0.18309599 | L48: =K48*20 -> 3.6619198 | M48: =M47+L48 -> 45.636133 | N48: =F48-M48 -> -13.566133 | R48: 250 | S48: 0.1821122 | T48: =S48*20 -> 3.6422439 | U48: =U47+T48 -> 44.547811 | V48: =M48-U48 -> 1.0883224 | Z48: 250 | AA48: 0.1872117 | AB48: =AA48*20 -> 3.744234 | AC48: =AC47+AB48 -> 43.574896 | AD48: =U48-AC48 -> 0.97291451 | AH48: 250 | AI48: 0.19132508 | AJ48: =AI48*20 -> 3.8265016 | AK48: =AK47+AJ48 -> 49.295892 | AL48: =AC48-AK48 -> -5.7209957 | AP48: 250 | AQ48: 0.19796383 | AR48: =AQ48*20 -> 3.9592765 | AS48: =AS47+AR48 -> 49.731708 | AT48: =AK48-AS48 -> -0.43581575 | AX48: 250 | AY48: 0.1951197 | AZ48: =AY48*20 -> 3.9023939 | BA48: =BA47+AZ48 -> 49.13325 | BB48: =AS48-BA48 -> 0.59845769 | BF48: 250 | BG48: 0 | BH48: =BG48*20 -> 0 | BI48: =BI47+BH48 -> 0 | BJ48: =BA48-BI48 -> 49.13325 | BN48: 250 | BO48: 0.19850779 | BP48: =BO48*20 -> 3.9701558 | BQ48: =BQ47+BP48 -> 47.315116 | BR48: =BA48-BQ48 -> 1.8181337 | BV48: 250 | BW48: 0 | BX48: =BW48*20 -> 0 | BY48: =BY47+BX48 -> 0 | BZ48: 0 | CD48: 250 | CE48: 0.20921068 | CF48: =CE48*20 -> 4.1842136 | CG48: =CG47+CF48 -> 51.163055 | CH48: =BQ48-CG48 -> -3.8479385 | CL48: 250 | CM48: 0 | CN48: =CM48*20 -> 0 | CO48: =CO47+CN48 -> 0 | CP48: 0 | CT48: 250 | CU48: 0 | CV48: =CU48*20 -> 0 | CW48: =CW47+CV48 -> 0 | CX48: =CO48-CW48 -> 0 | DB48: 250 | DC48: 0.21017666 | DD48: =DC48*20 -> 4.2035331 | DE48: =DE47+DD48 -> 48.614448 | DF48: =CG48-DE48 -> 2.5486063 | DJ48: 250 | DK48: 0 | DL48: =DK48*20 -> 0 | DM48: =DM47+DL48 -> 0 | DN48: 0 | DR48: 250 | DS48: 0.20667654 | DT48: =DS48*20 -> 4.1335309 | DU48: =DU47+DT48 -> 45.155495 | DV48: =DE48-DU48 -> 3.4589538 | DZ48: 250 | EA48: 0 | EB48: =EA48*20 -> 0 | EC48: =EC47+EB48 -> 0 | ED48: 0 | EH48: 250 | EI48: 0 | EJ48: =EI48*20 -> 0 | EK48: =EK47+EJ48 -> 0 | EL48: =EC499-EK48 -> 0 | EP48: 250 | EQ48: 0.21619372 | ER48: =EQ48*20 -> 4.3238744 | ES48: =ES47+ER48 -> 50.160477 | ET48: =DU48-ES48 -> -5.0049822 | EX48: 250 | EY48: 0 | EZ48: =EY48*20 -> 0 | FA48: =FA47+EZ48 -> 0 | FB48: 0 | FF48: 250 | FG48: 0 | FH48: =FG48*20 -> 0 | FI48: =FI47+FH48 -> 0 | FJ48: =FA48-FI48 -> 0 | FN48: 250 | FO48: 0 | FP48: =FO48*20 -> 0 | FQ48: =FQ47+FP48 -> 0 | FR48: =FA48-FQ48 -> 0 | FV48: 250 | FW48: 0.21802356 | FX48: =FW48*20 -> 4.3604713 | FY48: =FY47+FX48 -> 46.536502 | FZ48: =ES48-FY48 -> 3.6239743 | GD48: 250 | GE48: 0 | GF48: =GE48*20 -> 0 | GG48: =GG47+GF48 -> 0 | GH48: 0 | GL48: 250 | GM48: 0.20968586 | GN48: =GM48*20 -> 4.1937171 | GO48: =GO47+GN48 -> 42.899527 | GP48: =FY48-GO48 -> 3.6369754 | GT48: 250 | GU48: 0 | GV48: =GU48*20 -> 0 | GW48: =GW47+GV48 -> 0 | GX48: 0 | HB48: 250 | HC48: 0.22590158 | HD48: =HC48*20 -> 4.5180316 | HE48: =HE47+HD48 -> 49.896734 | HF48: =GO48-HE48 -> -6.9972067 | HJ48: 250 | HK48: 0 | HL48: =HK48*20 -> 0 | HM48: =HM47+HL48 -> 0 | HN48: 0 | HR48: 250 | HS48: 0.2200931 | HT48: =HS48*20 -> 4.4018619 | HU48: =HU47+HT48 -> 45.821453 | HV48: =HE48-HU48 -> 4.0752807 | HZ48: 250 | IA48: 0.21965801 | IB48: =IA48*20 -> 4.3931602 | IC48: =IC47+IB48 -> 42.644694 | ID48: =HU48-IC48 -> 3.1767595 | IH48: 250 | II48: 0 | IJ48: =II48*20 -> 0 | IK48: =IK47+IJ48 -> 0 | IL48: 0 | IP48: 250 | IQ48: 0.22454745 | IR48: =IQ48*20 -> 4.4909489 | IS48: =IS47+IR48 -> 50.424561 | IT48: =IC48-IS48 -> -7.7798679
C49: 270 | D49: 0.178 | E49: =D49*20 -> 3.56 | F49: =F48+E49 -> 35.63 | J49: 270 | K49: 0.18494193 | L49: =K49*20 -> 3.6988386 | M49: =M48+L49 -> 49.334972 | N49: =F49-M49 -> -13.704972 | R49: 270 | S49: 0.1783916 | T49: =S49*20 -> 3.5678321 | U49: =U48+T49 -> 48.115643 | V49: =M49-U49 -> 1.2193289 | Z49: 270 | AA49: 0.18346728 | AB49: =AA49*20 -> 3.6693456 | AC49: =AC48+AB49 -> 47.244242 | AD49: =U49-AC49 -> 0.87140103 | AH49: 270 | AI49: 0.19032508 | AJ49: =AI49*20 -> 3.8065016 | AK49: =AK48+AJ49 -> 53.102393 | AL49: =AC49-AK49 -> -5.8581518 | AP49: 270 | AQ49: 0.19296462 | AR49: =AQ49*20 -> 3.8592924 | AS49: =AS48+AR49 -> 53.591 | AT49: =AK49-AS49 -> -0.48860651 | AX49: 270 | AY49: 0.1951197 | AZ49: =AY49*20 -> 3.9023939 | BA49: =BA48+AZ49 -> 53.035644 | BB49: =AS49-BA49 -> 0.55535617 | BF49: 270 | BG49: 0 | BH49: =BG49*20 -> 0 | BI49: =BI48+BH49 -> 0 | BJ49: =BA49-BI49 -> 53.035644 | BN49: 270 | BO49: 0.19555305 | BP49: =BO49*20 -> 3.9110611 | BQ49: =BQ48+BP49 -> 51.226177 | BR49: =BA49-BQ49 -> 1.8094666 | BV49: 270 | BW49: 0 | BX49: =BW49*20 -> 0 | BY49: =BY48+BX49 -> 0 | BZ49: 0 | CD49: 270 | CE49: 0.19720008 | CF49: =CE49*20 -> 3.9440015 | CG49: =CG48+CF49 -> 55.107056 | CH49: =BQ49-CG49 -> -3.880879 | CL49: 270 | CM49: 0 | CN49: =CM49*20 -> 0 | CO49: =CO48+CN49 -> 0 | CP49: 0 | CT49: 270 | CU49: 0 | CV49: =CU49*20 -> 0 | CW49: =CW48+CV49 -> 0 | CX49: =CO49-CW49 -> 0 | DB49: 270 | DC49: 0.20097794 | DD49: =DC49*20 -> 4.0195587 | DE49: =DE48+DD49 -> 52.634007 | DF49: =CG49-DE49 -> 2.4730491 | DJ49: 270 | DK49: 0 | DL49: =DK49*20 -> 0 | DM49: =DM48+DL49 -> 0 | DN49: 0 | DR49: 270 | DS49: 0.1970232 | DT49: =DS49*20 -> 3.9404639 | DU49: =DU48+DT49 -> 49.095958 | DV49: =DE49-DU49 -> 3.5380486 | DZ49: 270 | EA49: 0 | EB49: =EA49*20 -> 0 | EC49: =EC48+EB49 -> 0 | ED49: 0 | EH49: 270 | EI49: 0 | EJ49: =EI49*20 -> 0 | EK49: =EK48+EJ49 -> 0 | EL49: =EC500-EK49 -> 0 | EP49: 270 | EQ49: 0.20808834 | ER49: =EQ49*20 -> 4.1617667 | ES49: =ES48+ER49 -> 54.322244 | ET49: =DU49-ES49 -> -5.2262851 | EX49: 270 | EY49: 0 | EZ49: =EY49*20 -> 0 | FA49: =FA48+EZ49 -> 0 | FB49: 0 | FF49: 270 | FG49: 0 | FH49: =FG49*20 -> 0 | FI49: =FI48+FH49 -> 0 | FJ49: =FA49-FI49 -> 0 | FN49: 270 | FO49: 0 | FP49: =FO49*20 -> 0 | FQ49: =FQ48+FP49 -> 0 | FR49: =FA49-FQ49 -> 0 | FV49: 270 | FW49: 0.20883708 | FX49: =FW49*20 -> 4.1767417 | FY49: =FY48+FX49 -> 50.713244 | FZ49: =ES49-FY49 -> 3.6089994 | GD49: 270 | GE49: 0 | GF49: =GE49*20 -> 0 | GG49: =GG48+GF49 -> 0 | GH49: 0 | GL49: 270 | GM49: 0.20670225 | GN49: =GM49*20 -> 4.1340451 | GO49: =GO48+GN49 -> 47.033572 | GP49: =FY49-GO49 -> 3.679672 | GT49: 270 | GU49: 0 | GV49: =GU49*20 -> 0 | GW49: =GW48+GV49 -> 0 | GX49: 0 | HB49: 270 | HC49: 0.21760947 | HD49: =HC49*20 -> 4.3521895 | HE49: =HE48+HD49 -> 54.248923 | HF49: =GO49-HE49 -> -7.2153511 | HJ49: 270 | HK49: 0 | HL49: =HK49*20 -> 0 | HM49: =HM48+HL49 -> 0 | HN49: 0 | HR49: 270 | HS49: 0.21401779 | HT49: =HS49*20 -> 4.2803559 | HU49: =HU48+HT49 -> 50.101809 | HV49: =HE49-HU49 -> 4.1471143 | HZ49: 270 | IA49: 0.21663496 | IB49: =IA49*20 -> 4.3326992 | IC49: =IC48+IB49 -> 46.977393 | ID49: =HU49-IC49 -> 3.1244162 | IH49: 270 | II49: 0 | IJ49: =II49*20 -> 0 | IK49: =IK48+IJ49 -> 0 | IL49: 0 | IP49: 270 | IQ49: 0.21923878 | IR49: =IQ49*20 -> 4.3847756 | IS49: =IS48+IR49 -> 54.809337 | IT49: =IC49-IS49 -> -7.8319443
C50: 290 | D50: 0.17 | E50: =D50*20 -> 3.4 | F50: =F49+E50 -> 39.03 | J50: 290 | K50: 0.17217302 | L50: =K50*20 -> 3.4434604 | M50: =M49+L50 -> 52.778432 | N50: =F50-M50 -> -13.748432 | R50: 290 | S50: 0.17467101 | T50: =S50*20 -> 3.4934202 | U50: =U49+T50 -> 51.609063 | V50: =M50-U50 -> 1.169369 | Z50: 290 | AA50: 0.17691454 | AB50: =AA50*20 -> 3.5382907 | AC50: =AC49+AB50 -> 50.782532 | AD50: =U50-AC50 -> 0.82653051 | AH50: 290 | AI50: 0.18137779 | AJ50: =AI50*20 -> 3.6275558 | AK50: =AK49+AJ50 -> 56.729949 | AL50: =AC50-AK50 -> -5.9474169 | AP50: 290 | AQ50: 0.19196478 | AR50: =AQ50*20 -> 3.8392956 | AS50: =AS49+AR50 -> 57.430296 | AT50: =AK50-AS50 -> -0.70034633 | AX50: 290 | AY50: 0.19115291 | AZ50: =AY50*20 -> 3.8230582 | BA50: =BA49+AZ50 -> 56.858702 | BB50: =AS50-BA50 -> 0.57159355 | BF50: 290 | BG50: 0 | BH50: =BG50*20 -> 0 | BI50: =BI49+BH50 -> 0 | BJ50: =BA50-BI50 -> 56.858702 | BN50: 290 | BO50: 0.19288849 | BP50: =BO50*20 -> 3.8577697 | BQ50: =BQ49+BP50 -> 55.083947 | BR50: =BA50-BQ50 -> 1.7747551 | BV50: 290 | BW50: 0 | BX50: =BW50*20 -> 0 | BY50: =BY49+BX50 -> 0 | BZ50: 0 | CD50: 290 | CE50: 0.19119478 | CF50: =CE50*20 -> 3.8238955 | CG50: =CG49+CF50 -> 58.930952 | CH50: =BQ50-CG50 -> -3.8470048 | CL50: 290 | CM50: 0 | CN50: =CM50*20 -> 0 | CO50: =CO49+CN50 -> 0 | CP50: 0 | CT50: 290 | CU50: 0 | CV50: =CU50*20 -> 0 | CW50: =CW49+CV50 -> 0 | CX50: =CO50-CW50 -> 0 | DB50: 290 | DC50: 0.19177922 | DD50: =DC50*20 -> 3.8355843 | DE50: =DE49+DD50 -> 56.469591 | DF50: =CG50-DE50 -> 2.4613603 | DJ50: 290 | DK50: 0 | DL50: =DK50*20 -> 0 | DM50: =DM49+DL50 -> 0 | DN50: 0 | DR50: 290 | DS50: 0.19300518 | DT50: =DS50*20 -> 3.8601036 | DU50: =DU49+DT50 -> 52.956062 | DV50: =DE50-DU50 -> 3.5135293 | DZ50: 290 | EA50: 0 | EB50: =EA50*20 -> 0 | EC50: =EC49+EB50 -> 0 | ED50: 0 | EH50: 290 | EI50: 0 | EJ50: =EI50*20 -> 0 | EK50: =EK49+EJ50 -> 0 | EL50: =EC501-EK50 -> 0 | EP50: 290 | EQ50: 0.20606199 | ER50: =EQ50*20 -> 4.1212398 | ES50: =ES49+ER50 -> 58.443483 | ET50: =DU50-ES50 -> -5.4874213 | EX50: 290 | EY50: 0 | EZ50: =EY50*20 -> 0 | FA50: =FA49+EZ50 -> 0 | FB50: 0 | FF50: 290 | FG50: 0 | FH50: =FG50*20 -> 0 | FI50: =FI49+FH50 -> 0 | FJ50: =FA50-FI50 -> 0 | FN50: 290 | FO50: 0 | FP50: =FO50*20 -> 0 | FQ50: =FQ49+FP50 -> 0 | FR50: =FA50-FQ50 -> 0 | FV50: 290 | FW50: 0.20679564 | FX50: =FW50*20 -> 4.1359129 | FY50: =FY49+FX50 -> 54.849157 | FZ50: =ES50-FY50 -> 3.5943263 | GD50: 290 | GE50: 0 | GF50: =GE50*20 -> 0 | GG50: =GG49+GF50 -> 0 | GH50: 0 | GL50: 290 | GM50: 0.20570772 | GN50: =GM50*20 -> 4.1141544 | GO50: =GO49+GN50 -> 51.147726 | GP50: =FY50-GO50 -> 3.7014305 | GT50: 290 | GU50: 0 | GV50: =GU50*20 -> 0 | GW50: =GW49+GV50 -> 0 | GX50: 0 | HB50: 290 | HC50: 0.21139039 | HD50: =HC50*20 -> 4.2278078 | HE50: =HE49+HD50 -> 58.476731 | HF50: =GO50-HE50 -> -7.3290045 | HJ50: 290 | HK50: 0 | HL50: =HK50*20 -> 0 | HM50: =HM49+HL50 -> 0 | HN50: 0 | HR50: 290 | HS50: 0.21098014 | HT50: =HS50*20 -> 4.2196028 | HU50: =HU49+HT50 -> 54.321412 | HV50: =HE50-HU50 -> 4.1553193 | HZ50: 290 | IA50: 0.21366761 | IB50: =IA50*20 -> 4.2733522 | IC50: =IC49+IB50 -> 51.250745 | ID50: =HU50-IC50 -> 3.0706668 | IH50: 290 | II50: 0 | IJ50: =II50*20 -> 0 | IK50: =IK49+IJ50 -> 0 | IL50: 0 | IP50: 290 | IQ50: 0.21508445 | IR50: =IQ50*20 -> 4.3016889 | IS50: =IS49+IR50 -> 59.111026 | IT50: =IC50-IS50 -> -7.860281
A52: 104 | B52: T10R1 | C52: 30 | D52: 0.092 | E52: =D52*30 -> 2.76 | F52: =E52 -> 2.76 | H52: 104 | I52: T10R1 | J52: 30 | K52: 0.192 | L52: =K52*30 -> 5.76 | M52: =L52 -> 5.76 | N52: =F52-M52 -> -3 | P52: 104 | Q52: T10R1 | R52: 30 | S52: 0.165 | T52: =S52*30 -> 4.95 | U52: =T52 -> 4.95 | V52: =M52-U52 -> 0.81 | X52: 104 | Y52: T10R1 | Z52: 30 | AA52: 0.131 | AB52: =AA52*30 -> 3.93 | AC52: =AB52 -> 3.93 | AD52: =U52-AC52 -> 1.02 | AF52: 104 | AG52: T10R1 | AH52: 30 | AI52: 0.171 | AJ52: =AI52*30 -> 5.13 | AK52: =AJ52 -> 5.13 | AL52: =AC52-AK52 -> -1.2 | AN52: 104 | AO52: T10R1 | AP52: 30 | AQ52: 0.167 | AR52: =AQ52*30 -> 5.01 | AS52: =AR52 -> 5.01 | AT52: =AK52-AS52 -> 0.12 | AV52: 104 | AW52: T10R1 | AX52: 30 | AY52: 0.159 | AZ52: =AY52*30 -> 4.77 | BA52: =AZ52 -> 4.77 | BB52: =AS52-BA52 -> 0.24 | BD52: 104 | BE52: T10R1 | BF52: 30 | BG52: 0 | BH52: =BG52*30 -> 0 | BI52: =BH52 -> 0 | BJ52: 0 | BL52: 104 | BM52: T10R1 | BN52: 30 | BO52: 0.133 | BP52: =BO52*30 -> 3.99 | BQ52: =BP52 -> 3.99 | BR52: =BA52-BQ52 -> 0.78 | BT52: 104 | BU52: T10R1 | BV52: 30 | BW52: 0 | BX52: =BW52*30 -> 0 | BY52: =BX52 -> 0 | BZ52: 0 | CB52: 104 | CC52: T10R1 | CD52: 30 | CE52: 0.181 | CF52: =CE52*30 -> 5.43 | CG52: =CF52 -> 5.43 | CH52: =BQ52-CG52 -> -1.44 | CJ52: 104 | CK52: T10R1 | CL52: 30 | CM52: 0 | CN52: =CM52*30 -> 0 | CO52: =CN52 -> 0 | CP52: 0 | CR52: 104 | CS52: T10R1 | CT52: 30 | CU52: 0 | CV52: =CU52*30 -> 0 | CW52: =CV52 -> 0 | CX52: =CO52-CW52 -> 0 | CZ52: 104 | DA52: T10R1 | DB52: 30 | DC52: 0.159 | DD52: =DC52*30 -> 4.77 | DE52: =DD52 -> 4.77 | DF52: =CG52-DE52 -> 0.66 | DH52: 104 | DI52: T10R1 | DJ52: 30 | DK52: 0 | DL52: =DK52*30 -> 0 | DM52: =DL52 -> 0 | DN52: =CO52-DM52 -> 0 | DP52: 104 | DQ52: T10R1 | DR52: 30 | DS52: 0 | DT52: =DS52*30 -> 0 | DU52: =DT52 -> 0 | DV52: =CW52-DU52 -> 0 | DX52: 104 | DY52: T10R1 | DZ52: 30 | EA52: 0.118 | EB52: =EA52*30 -> 3.54 | EC52: =EB52 -> 3.54 | ED52: =DE52-EC52 -> 1.23 | EF52: 104 | EG52: T10R1 | EH52: 30 | EI52: 0 | EJ52: =EI52*30 -> 0 | EK52: =EJ52 -> 0 | EL52: =EC503-EK52 -> 0 | EN52: 104 | EO52: T10R1 | EP52: 30 | EQ52: 0 | ER52: =EQ52*30 -> 0 | ES52: =ER52 -> 0 | ET52: =EK52-ES52 -> 0 | EV52: 104 | EW52: T10R1 | EX52: 30 | EY52: 0.159 | EZ52: =EY52*30 -> 4.77 | FA52: =EZ52 -> 4.77 | FB52: =EC52-FA52 -> -1.23 | FD52: 104 | FE52: T10R1 | FF52: 30 | FG52: 0 | FH52: =FG52*30 -> 0 | FI52: =FH52 -> 0 | FJ52: 0 | FL52: 104 | FM52: T10R1 | FN52: 30 | FO52: 0 | FP52: =FO52*30 -> 0 | FQ52: =FP52 -> 0 | FR52: 0 | FT52: 104 | FU52: T10R1 | FV52: 30 | FW52: 0.142 | FX52: =FW52*30 -> 4.26 | FY52: =FX52 -> 4.26 | FZ52: =FA52-FY52 -> 0.51 | GB52: 104 | GC52: T10R1 | GD52: 30 | GE52: 0 | GF52: =GE52*30 -> 0 | GG52: =GF52 -> 0 | GH52: 0 | GJ52: 104 | GK52: T10R1 | GL52: 30 | GM52: 0 | GN52: =GM52*30 -> 0 | GO52: =GN52 -> 0 | GP52: =GG52-GO52 -> 0 | GR52: 104 | GS52: T10R1 | GT52: 30 | GU52: 0.112 | GV52: =GU52*30 -> 3.36 | GW52: =GV52 -> 3.36 | GX52: =FY52-GW52 -> 0.9 | GZ52: 104 | HA52: T10R1 | HB52: 30 | HC52: 0 | HD52: =HC52*30 -> 0 | HE52: =HD52 -> 0 | HF52: 0 | HH52: 104 | HI52: T10R1 | HJ52: 30 | HK52: 0 | HL52: =HK52*30 -> 0 | HM52: =HL52 -> 0 | HN52: =HE52-HM52 -> 0 | HP52: 104 | HQ52: T10R1 | HR52: 30 | HS52: 0.173 | HT52: =HS52*30 -> 5.19 | HU52: =HT52 -> 5.19 | HV52: =GW52-HU52 -> -1.83 | HX52: 104 | HY52: T10R1 | HZ52: 30 | IA52: 0.143 | IB52: =IA52*30 -> 4.29 | IC52: =IB52 -> 4.29 | ID52: =HU52-IC52 -> 0.9 | IF52: 104 | IG52: T10R1 | IH52: 30 | II52: 0 | IJ52: =II52*30 -> 0 | IK52: =IJ52 -> 0 | IL52: 0 | IN52: 104 | IO52: T10R1 | IP52: 30 | IQ52: 0.185 | IR52: =IQ52*30 -> 5.55 | IS52: =IR52 -> 5.55 | IT52: =IC52-IS52 -> -1.26
C53: 50 | D53: 0.105 | E53: =D53*20 -> 2.1 | F53: =F52+E53 -> 4.86 | J53: 50 | K53: 0.19432432 | L53: =K53*20 -> 3.8864864 | M53: =M52+L53 -> 9.6464864 | N53: =F53-M53 -> -4.7864864 | R53: 50 | S53: 0.18769309 | T53: =S53*20 -> 3.7538617 | U53: =U52+T53 -> 8.7038617 | V53: =M53-U53 -> 0.94262475 | Z53: 50 | AA53: 0.18440338 | AB53: =AA53*20 -> 3.6880677 | AC53: =AC52+AB53 -> 7.6180677 | AD53: =U53-AC53 -> 1.085794 | AH53: 50 | AI53: 0.21018202 | AJ53: =AI53*20 -> 4.2036405 | AK53: =AK52+AJ53 -> 9.3336405 | AL53: =AC53-AK53 -> -1.7155728 | AP53: 50 | AQ53: 0.19696398 | AR53: =AQ53*20 -> 3.9392797 | AS53: =AS52+AR53 -> 8.9492797 | AT53: =AK53-AS53 -> 0.38436079 | AX53: 50 | AY53: 0.20007818 | AZ53: =AY53*20 -> 4.0015636 | BA53: =BA52+AZ53 -> 8.7715636 | BB53: =AS53-BA53 -> 0.17771609 | BF53: 50 | BG53: 0 | BH53: =BG53*20 -> 0 | BI53: =BI52+BH53 -> 0 | BJ53: 0 | BN53: 50 | BO53: 0.18570394 | BP53: =BO53*20 -> 3.7140787 | BQ53: =BQ52+BP53 -> 7.7040787 | BR53: =BA53-BQ53 -> 1.0674849 | BV53: 50 | BW53: 0 | BX53: =BW53*20 -> 0 | BY53: =BY52+BX53 -> 0 | BZ53: 0 | CD53: 50 | CE53: 0.20720891 | CF53: =CE53*20 -> 4.1441782 | CG53: =CG52+CF53 -> 9.5741782 | CH53: =BQ53-CG53 -> -1.8700995 | CL53: 50 | CM53: 0 | CN53: =CM53*20 -> 0 | CO53: =CO52+CN53 -> 0 | CP53: 0 | CT53: 50 | CU53: 0 | CV53: =CU53*20 -> 0 | CW53: =CW52+CV53 -> 0 | CX53: =CO53-CW53 -> 0 | DB53: 50 | DC53: 0.19075714 | DD53: =DC53*20 -> 3.8151427 | DE53: =DE52+DD53 -> 8.5851427 | DF53: =CG53-DE53 -> 0.98903551 | DJ53: 50 | DK53: 0 | DL53: =DK53*20 -> 0 | DM53: =DM52+DL53 -> 0 | DN53: =CO53-DM53 -> 0 | DR53: 50 | DS53: 0 | DT53: =DS53*20 -> 0 | DU53: =DU52+DT53 -> 0 | DV53: =CW53-DU53 -> 0 | DZ53: 50 | EA53: 0.15607975 | EB53: =EA53*20 -> 3.121595 | EC53: =EC52+EB53 -> 6.661595 | ED53: =DE53-EC53 -> 1.9235478 | EH53: 50 | EI53: 0 | EJ53: =EI53*20 -> 0 | EK53: =EK52+EJ53 -> 0 | EL53: =EC504-EK53 -> 0 | EP53: 50 | EQ53: 0 | ER53: =EQ53*20 -> 0 | ES53: =ES52+ER53 -> 0 | ET53: =EK53-ES53 -> 0 | EX53: 50 | EY53: 0.20147947 | EZ53: =EY53*20 -> 4.0295895 | FA53: =FA52+EZ53 -> 8.7995895 | FB53: =EC53-FA53 -> -2.1379945 | FF53: 50 | FG53: 0 | FH53: =FG53*20 -> 0 | FI53: =FI52+FH53 -> 0 | FJ53: 0 | FN53: 50 | FO53: 0 | FP53: =FO53*20 -> 0 | FQ53: =FQ52+FP53 -> 0 | FR53: 0 | FV53: 50 | FW53: 0.17719476 | FX53: =FW53*20 -> 3.5438953 | FY53: =FY52+FX53 -> 7.8038953 | FZ53: =FA53-FY53 -> 0.99569422 | GD53: 50 | GE53: 0 | GF53: =GE53*20 -> 0 | GG53: =GG52+GF53 -> 0 | GH53: 0 | GL53: 50 | GM53: 0 | GN53: =GM53*20 -> 0 | GO53: =GO52+GN53 -> 0 | GP53: =GG53-GO53 -> 0 | GT53: 50 | GU53: 0.1237356 | GV53: =GU53*20 -> 2.474712 | GW53: =GW52+GV53 -> 5.834712 | GX53: =FY53-GW53 -> 1.9691833 | HB53: 50 | HC53: 0 | HD53: =HC53*20 -> 0 | HE53: =HE52+HD53 -> 0 | HF53: 0 | HJ53: 50 | HK53: 0 | HL53: =HK53*20 -> 0 | HM53: =HM52+HL53 -> 0 | HN53: =HE53-HM53 -> 0 | HR53: 50 | HS53: 0.18971658 | HT53: =HS53*20 -> 3.7943316 | HU53: =HU52+HT53 -> 8.9843316 | HV53: =GW53-HU53 -> -3.1496196 | HZ53: 50 | IA53: 0.15798585 | IB53: =IA53*20 -> 3.159717 | IC53: =IC52+IB53 -> 7.449717 | ID53: =HU53-IC53 -> 1.5346146 | IH53: 50 | II53: 0 | IJ53: =II53*20 -> 0 | IK53: =IK52+IJ53 -> 0 | IL53: 0 | IP53: 50 | IQ53: 0.20989153 | IR53: =IQ53*20 -> 4.1978306 | IS53: =IS52+IR53 -> 9.7478306 | IT53: =IC53-IS53 -> -2.2981136
C54: 70 | D54: 0.115 | E54: =D54*20 -> 2.3 | F54: =F53+E54 -> 7.16 | J54: 70 | K54: 0.20263106 | L54: =K54*20 -> 4.0526212 | M54: =M53+L54 -> 13.699108 | N54: =F54-M54 -> -6.5391077 | R54: 70 | S54: 0.20164531 | T54: =S54*20 -> 4.0329061 | U54: =U53+T54 -> 12.736768 | V54: =M54-U54 -> 0.96233983 | Z54: 70 | AA54: 0.19750887 | AB54: =AA54*20 -> 3.9501773 | AC54: =AC53+AB54 -> 11.568245 | AD54: =U54-AC54 -> 1.1685229 | AH54: 70 | AI54: 0.21911426 | AJ54: =AI54*20 -> 4.3822852 | AK54: =AK53+AJ54 -> 13.715926 | AL54: =AC54-AK54 -> -2.1476807 | AP54: 70 | AQ54: 0.22795905 | AR54: =AQ54*20 -> 4.5591811 | AS54: =AS53+AR54 -> 13.508461 | AT54: =AK54-AS54 -> 0.20746489 | AX54: 70 | AY54: 0.21297024 | AZ54: =AY54*20 -> 4.2594047 | BA54: =BA53+AZ54 -> 13.030968 | BB54: =AS54-BA54 -> 0.47749245 | BF54: 70 | BG54: 0 | BH54: =BG54*20 -> 0 | BI54: =BI53+BH54 -> 0 | BJ54: 0 | BN54: 70 | BO54: 0.2083569 | BP54: =BO54*20 -> 4.1671381 | BQ54: =BQ53+BP54 -> 11.871217 | BR54: =BA54-BQ54 -> 1.1597515 | BV54: 70 | BW54: 0 | BX54: =BW54*20 -> 0 | BY54: =BY53+BX54 -> 0 | BZ54: 0 | CD54: 70 | CE54: 0.22122128 | CF54: =CE54*20 -> 4.4244256 | CG54: =CG53+CF54 -> 13.998604 | CH54: =BQ54-CG54 -> -2.127387 | CL54: 70 | CM54: 0 | CN54: =CM54*20 -> 0 | CO54: =CO53+CN54 -> 0 | CP54: 0 | CT54: 70 | CU54: 0 | CV54: =CU54*20 -> 0 | CW54: =CW53+CV54 -> 0 | CX54: =CO54-CW54 -> 0 | DB54: 70 | DC54: 0.21222082 | DD54: =DC54*20 -> 4.2444163 | DE54: =DE53+DD54 -> 12.829559 | DF54: =CG54-DE54 -> 1.1690448 | DJ54: 70 | DK54: 0 | DL54: =DK54*20 -> 0 | DM54: =DM53+DL54 -> 0 | DN54: =CO54-DM54 -> 0 | DR54: 70 | DS54: 0 | DT54: =DS54*20 -> 0 | DU54: =DU53+DT54 -> 0 | DV54: =CW54-DU54 -> 0 | DZ54: 70 | EA54: 0.18512771 | EB54: =EA54*20 -> 3.7025542 | EC54: =EC53+EB54 -> 10.364149 | ED54: =DE54-EC54 -> 2.4654099 | EH54: 70 | EI54: 0 | EJ54: =EI54*20 -> 0 | EK54: =EK53+EJ54 -> 0 | EL54: =EC505-EK54 -> 0 | EP54: 70 | EQ54: 0 | ER54: =EQ54*20 -> 0 | ES54: =ES53+ER54 -> 0 | ET54: =EK54-ES54 -> 0 | EX54: 70 | EY54: 0.21480662 | EZ54: =EY54*20 -> 4.2961324 | FA54: =FA53+EZ54 -> 13.095722 | FB54: =EC54-FA54 -> -2.7315728 | FF54: 70 | FG54: 0 | FH54: =FG54*20 -> 0 | FI54: =FI53+FH54 -> 0 | FJ54: 0 | FN54: 70 | FO54: 0 | FP54: =FO54*20 -> 0 | FQ54: =FQ53+FP54 -> 0 | FR54: 0 | FV54: 70 | FW54: 0.1996506 | FX54: =FW54*20 -> 3.9930121 | FY54: =FY53+FX54 -> 11.796907 | FZ54: =FA54-FY54 -> 1.2988146 | GD54: 70 | GE54: 0 | GF54: =GE54*20 -> 0 | GG54: =GG53+GF54 -> 0 | GH54: 0 | GL54: 70 | GM54: 0 | GN54: =GM54*20 -> 0 | GO54: =GO53+GN54 -> 0 | GP54: =GG54-GO54 -> 0 | GT54: 70 | GU54: 0.13443768 | GV54: =GU54*20 -> 2.6887535 | GW54: =GW53+GV54 -> 8.5234655 | GX54: =FY54-GW54 -> 3.2734418 | HB54: 70 | HC54: 0 | HD54: =HC54*20 -> 0 | HE54: =HE53+HD54 -> 0 | HF54: 0 | HJ54: 70 | HK54: 0 | HL54: =HK54*20 -> 0 | HM54: =HM53+HL54 -> 0 | HN54: =HE54-HM54 -> 0 | HR54: 70 | HS54: 0.20389229 | HT54: =HS54*20 -> 4.0778457 | HU54: =HU53+HT54 -> 13.062177 | HV54: =GW54-HU54 -> -4.5387118 | HZ54: 70 | IA54: 0.1768836 | IB54: =IA54*20 -> 3.537672 | IC54: =IC53+IB54 -> 10.987389 | ID54: =HU54-IC54 -> 2.0747883 | IH54: 70 | II54: 0 | IJ54: =II54*20 -> 0 | IK54: =IK53+IJ54 -> 0 | IL54: 0 | IP54: 70 | IQ54: 0.22962461 | IR54: =IQ54*20 -> 4.5924922 | IS54: =IS53+IR54 -> 14.340323 | IT54: =IC54-IS54 -> -3.3529338
C55: 90 | D55: 0.13 | E55: =D55*20 -> 2.6 | F55: =F54+E55 -> 9.76 | J55: 90 | K55: 0.21924454 | L55: =K55*20 -> 4.3848908 | M55: =M54+L55 -> 18.083998 | N55: =F55-M55 -> -8.3239985 | R55: 90 | S55: 0.21931812 | T55: =S55*20 -> 4.3863624 | U55: =U54+T55 -> 17.12313 | V55: =M55-U55 -> 0.96086818 | Z55: 90 | AA55: 0.21810319 | AB55: =AA55*20 -> 4.3620639 | AC55: =AC54+AB55 -> 15.930309 | AD55: =U55-AC55 -> 1.1928214 | AH55: 90 | AI55: 0.24216141 | AJ55: =AI55*20 -> 4.8432282 | AK55: =AK54+AJ55 -> 18.559154 | AL55: =AC55-AK55 -> -2.628845 | AP55: 90 | AQ55: 0.2559546 | AR55: =AQ55*20 -> 5.119092 | AS55: =AS54+AR55 -> 18.627553 | AT55: =AK55-AS55 -> -0.068398881 | AX55: 90 | AY55: 0.23379586 | AZ55: =AY55*20 -> 4.6759173 | BA55: =BA54+AZ55 -> 17.706886 | BB55: =AS55-BA55 -> 0.92066717 | BF55: 90 | BG55: 0 | BH55: =BG55*20 -> 0 | BI55: =BI54+BH55 -> 0 | BJ55: 0 | BN55: 90 | BO55: 0.22805514 | BP55: =BO55*20 -> 4.5611027 | BQ55: =BQ54+BP55 -> 16.43232 | BR55: =BA55-BQ55 -> 1.2745661 | BV55: 90 | BW55: 0 | BX55: =BW55*20 -> 0 | BY55: =BY54+BX55 -> 0 | BZ55: 0 | CD55: 90 | CE55: 0.24524249 | CF55: =CE55*20 -> 4.9048497 | CG55: =CG54+CF55 -> 18.903454 | CH55: =BQ55-CG55 -> -2.471134 | CL55: 90 | CM55: 0 | CN55: =CM55*20 -> 0 | CO55: =CO54+CN55 -> 0 | CP55: 0 | CT55: 90 | CU55: 0 | CV55: =CU55*20 -> 0 | CW55: =CW54+CV55 -> 0 | CX55: =CO55-CW55 -> 0 | DB55: 90 | DC55: 0.23572866 | DD55: =DC55*20 -> 4.7145731 | DE55: =DE54+DD55 -> 17.544132 | DF55: =CG55-DE55 -> 1.3593214 | DJ55: 90 | DK55: 0 | DL55: =DK55*20 -> 0 | DM55: =DM54+DL55 -> 0 | DN55: =CO55-DM55 -> 0 | DR55: 90 | DS55: 0 | DT55: =DS55*20 -> 0 | DU55: =DU54+DT55 -> 0 | DV55: =CW55-DU55 -> 0 | DZ55: 90 | EA55: 0.22018559 | EB55: =EA55*20 -> 4.4037119 | EC55: =EC54+EB55 -> 14.767861 | ED55: =DE55-EC55 -> 2.7762711 | EH55: 90 | EI55: 0 | EJ55: =EI55*20 -> 0 | EK55: =EK54+EJ55 -> 0 | EL55: =EC506-EK55 -> 0 | EP55: 90 | EQ55: 0 | ER55: =EQ55*20 -> 0 | ES55: =ES54+ER55 -> 0 | ET55: =EK55-ES55 -> 0 | EX55: 90 | EY55: 0.23530992 | EZ55: =EY55*20 -> 4.7061985 | FA55: =FA54+EZ55 -> 17.80192 | FB55: =EC55-FA55 -> -3.0340593 | FF55: 90 | FG55: 0 | FH55: =FG55*20 -> 0 | FI55: =FI54+FH55 -> 0 | FJ55: 0 | FN55: 90 | FO55: 0 | FP55: =FO55*20 -> 0 | FQ55: =FQ54+FP55 -> 0 | FR55: 0 | FV55: 90 | FW55: 0.22925148 | FX55: =FW55*20 -> 4.5850297 | FY55: =FY54+FX55 -> 16.381937 | FZ55: =FA55-FY55 -> 1.4199834 | GD55: 90 | GE55: 0 | GF55: =GE55*20 -> 0 | GG55: =GG54+GF55 -> 0 | GH55: 0 | GL55: 90 | GM55: 0 | GN55: =GM55*20 -> 0 | GO55: =GO54+GN55 -> 0 | GP55: =GG55-GO55 -> 0 | GT55: 90 | GU55: 0.19475846 | GV55: =GU55*20 -> 3.8951692 | GW55: =GW54+GV55 -> 12.418635 | GX55: =FY55-GW55 -> 3.9633024 | HB55: 90 | HC55: 0 | HD55: =HC55*20 -> 0 | HE55: =HE54+HD55 -> 0 | HF55: 0 | HJ55: 90 | HK55: 0 | HL55: =HK55*20 -> 0 | HM55: =HM54+HL55 -> 0 | HN55: =HE55-HM55 -> 0 | HR55: 90 | HS55: 0.22920605 | HT55: =HS55*20 -> 4.5841211 | HU55: =HU54+HT55 -> 17.646298 | HV55: =GW55-HU55 -> -5.2276637 | HZ55: 90 | IA55: 0.20970601 | IB55: =IA55*20 -> 4.1941202 | IC55: =IC54+IB55 -> 15.181509 | ID55: =HU55-IC55 -> 2.4647891 | IH55: 90 | II55: 0 | IJ55: =II55*20 -> 0 | IK55: =IK54+IJ55 -> 0 | IL55: 0 | IP55: 90 | IQ55: 0.24416478 | IR55: =IQ55*20 -> 4.8832956 | IS55: =IS54+IR55 -> 19.223618 | IT55: =IC55-IS55 -> -4.0421091
C56: 110 | D56: 0.151 | E56: =D56*20 -> 3.02 | F56: =F55+E56 -> 12.78 | J56: 110 | K56: 0.23401208 | L56: =K56*20 -> 4.6802415 | M56: =M55+L56 -> 22.76424 | N56: =F56-M56 -> -9.98424 | R56: 110 | S56: 0.23513064 | T56: =S56*20 -> 4.7026128 | U56: =U55+T56 -> 21.825743 | V56: =M56-U56 -> 0.93849689 | Z56: 110 | AA56: 0.23869752 | AB56: =AA56*20 -> 4.7739505 | AC56: =AC55+AB56 -> 20.704259 | AD56: =U56-AC56 -> 1.1214838 | AH56: 110 | AI56: 0.25682814 | AJ56: =AI56*20 -> 5.1365628 | AK56: =AK55+AJ56 -> 23.695717 | AL56: =AC56-AK56 -> -2.9914573 | AP56: 110 | AQ56: 0.24995555 | AR56: =AQ56*20 -> 4.9991111 | AS56: =AS55+AR56 -> 23.626664 | AT56: =AK56-AS56 -> 0.069052849 | AX56: 110 | AY56: 0.2506298 | AZ56: =AY56*20 -> 5.0125959 | BA56: =BA55+AZ56 -> 22.719482 | BB56: =AS56-BA56 -> 0.90718234 | BF56: 110 | BG56: 0 | BH56: =BG56*20 -> 0 | BI56: =BI55+BH56 -> 0 | BJ56: 0 | BN56: 110 | BO56: 0.24479863 | BP56: =BO56*20 -> 4.8959727 | BQ56: =BQ55+BP56 -> 21.328292 | BR56: =BA56-BQ56 -> 1.3911893 | BV56: 110 | BW56: 0 | BX56: =BW56*20 -> 0 | BY56: =BY55+BX56 -> 0 | BZ56: 0 | CD56: 110 | CE56: 0.26025574 | CF56: =CE56*20 -> 5.2051148 | CG56: =CG55+CF56 -> 24.108568 | CH56: =BQ56-CG56 -> -2.7802762 | CL56: 110 | CM56: 0 | CN56: =CM56*20 -> 0 | CO56: =CO55+CN56 -> 0 | CP56: 0 | CT56: 110 | CU56: 0 | CV56: =CU56*20 -> 0 | CW56: =CW55+CV56 -> 0 | CX56: =CO56-CW56 -> 0 | DB56: 110 | DC56: 0.25208194 | DD56: =DC56*20 -> 5.0416387 | DE56: =DE55+DD56 -> 22.585771 | DF56: =CG56-DE56 -> 1.5227975 | DJ56: 110 | DK56: 0 | DL56: =DK56*20 -> 0 | DM56: =DM55+DL56 -> 0 | DN56: =CO56-DM56 -> 0 | DR56: 110 | DS56: 0 | DT56: =DS56*20 -> 0 | DU56: =DU55+DT56 -> 0 | DV56: =CW56-DU56 -> 0 | DZ56: 110 | EA56: 0.24322363 | EB56: =EA56*20 -> 4.8644727 | EC56: =EC55+EB56 -> 19.632334 | ED56: =DE56-EC56 -> 2.9534372 | EH56: 110 | EI56: 0 | EJ56: =EI56*20 -> 0 | EK56: =EK55+EJ56 -> 0 | EL56: =EC507-EK56 -> 0 | EP56: 110 | EQ56: 0 | ER56: =EQ56*20 -> 0 | ES56: =ES55+ER56 -> 0 | ET56: =EK56-ES56 -> 0 | EX56: 110 | EY56: 0.25786356 | EZ56: =EY56*20 -> 5.1572711 | FA56: =FA55+EZ56 -> 22.959192 | FB56: =EC56-FA56 -> -3.3268578 | FF56: 110 | FG56: 0 | FH56: =FG56*20 -> 0 | FI56: =FI55+FH56 -> 0 | FJ56: 0 | FN56: 110 | FO56: 0 | FP56: =FO56*20 -> 0 | FQ56: =FQ55+FP56 -> 0 | FR56: 0 | FV56: 110 | FW56: 0.24864516 | FX56: =FW56*20 -> 4.9729033 | FY56: =FY55+FX56 -> 21.35484 | FZ56: =FA56-FY56 -> 1.6043512 | GD56: 110 | GE56: 0 | GF56: =GE56*20 -> 0 | GG56: =GG55+GF56 -> 0 | GH56: 0 | GL56: 110 | GM56: 0 | GN56: =GM56*20 -> 0 | GO56: =GO55+GN56 -> 0 | GP56: =GG56-GO56 -> 0 | GT56: 110 | GU56: 0.23464801 | GV56: =GU56*20 -> 4.6929602 | GW56: =GW55+GV56 -> 17.111595 | GX56: =FY56-GW56 -> 4.2432455 | HB56: 110 | HC56: 0 | HD56: =HC56*20 -> 0 | HE56: =HE55+HD56 -> 0 | HF56: 0 | HJ56: 110 | HK56: 0 | HL56: =HK56*20 -> 0 | HM56: =HM55+HL56 -> 0 | HN56: =HE56-HM56 -> 0 | HR56: 110 | HS56: 0.25857002 | HT56: =HS56*20 -> 5.1714004 | HU56: =HU55+HT56 -> 22.817699 | HV56: =GW56-HU56 -> -5.706104 | HZ56: 110 | IA56: 0.23954457 | IB56: =IA56*20 -> 4.7908913 | IC56: =IC55+IB56 -> 19.972401 | ID56: =HU56-IC56 -> 2.8452981 | IH56: 110 | II56: 0 | IJ56: =II56*20 -> 0 | IK56: =IK55+IJ56 -> 0 | IL56: 0 | IP56: 110 | IQ56: 0.26493645 | IR56: =IQ56*20 -> 5.2987289 | IS56: =IS55+IR56 -> 24.522347 | IT56: =IC56-IS56 -> -4.5499467
C57: 130 | D57: 0.152 | E57: =D57*20 -> 3.04 | F57: =F56+E57 -> 15.82 | J57: 130 | K57: 0.22755128 | L57: =K57*20 -> 4.5510256 | M57: =M56+L57 -> 27.315266 | N57: =F57-M57 -> -11.495266 | R57: 130 | S57: 0.2304799 | T57: =S57*20 -> 4.609598 | U57: =U56+T57 -> 26.435341 | V57: =M57-U57 -> 0.87992447 | Z57: 130 | AA57: 0.23588921 | AB57: =AA57*20 -> 4.7177841 | AC57: =AC56+AB57 -> 25.422043 | AD57: =U57-AC57 -> 1.0132976 | AH57: 130 | AI57: 0.2548432 | AJ57: =AI57*20 -> 5.096864 | AK57: =AK56+AJ57 -> 28.792581 | AL57: =AC57-AK57 -> -3.3705372 | AP57: 130 | AQ57: 0.24195683 | AR57: =AQ57*20 -> 4.8391365 | AS57: =AS56+AR57 -> 28.4658 | AT57: =AK57-AS57 -> 0.32678031 | AX57: 130 | AY57: 0.24660489 | AZ57: =AY57*20 -> 4.9320977 | BA57: =BA56+AZ57 -> 27.651579 | BB57: =AS57-BA57 -> 0.81422116 | BF57: 130 | BG57: 0 | BH57: =BG57*20 -> 0 | BI57: =BI56+BH57 -> 0 | BJ57: 0 | BN57: 130 | BO57: 0.24676846 | BP57: =BO57*20 -> 4.9353691 | BQ57: =BQ56+BP57 -> 26.263661 | BR57: =BA57-BQ57 -> 1.3879179 | BV57: 130 | BW57: 0 | BX57: =BW57*20 -> 0 | BY57: =BY56+BX57 -> 0 | BZ57: 0 | CD57: 130 | CE57: 0.25224867 | CF57: =CE57*20 -> 5.0449734 | CG57: =CG56+CF57 -> 29.153542 | CH57: =BQ57-CG57 -> -2.8898805 | CL57: 130 | CM57: 0 | CN57: =CM57*20 -> 0 | CO57: =CO56+CN57 -> 0 | CP57: 0 | CT57: 130 | CU57: 0 | CV57: =CU57*20 -> 0 | CW57: =CW56+CV57 -> 0 | CX57: =CO57-CW57 -> 0 | DB57: 130 | DC57: 0.2490157 | DD57: =DC57*20 -> 4.9803139 | DE57: =DE56+DD57 -> 27.566085 | DF57: =CG57-DE57 -> 1.587457 | DJ57: 130 | DK57: 0 | DL57: =DK57*20 -> 0 | DM57: =DM56+DL57 -> 0 | DN57: =CO57-DM57 -> 0 | DR57: 130 | DS57: 0 | DT57: =DS57*20 -> 0 | DU57: =DU56+DT57 -> 0 | DV57: =CW57-DU57 -> 0 | DZ57: 130 | EA57: 0.2482319 | EB57: =EA57*20 -> 4.964638 | EC57: =EC56+EB57 -> 24.596972 | ED57: =DE57-EC57 -> 2.9691131 | EH57: 130 | EI57: 0 | EJ57: =EI57*20 -> 0 | EK57: =EK56+EJ57 -> 0 | EL57: =EC508-EK57 -> 0 | EP57: 130 | EQ57: 0 | ER57: =EQ57*20 -> 0 | ES57: =ES56+ER57 -> 0 | ET57: =EK57-ES57 -> 0 | EX57: 130 | EY57: 0.25171257 | EZ57: =EY57*20 -> 5.0342513 | FA57: =FA56+EZ57 -> 27.993443 | FB57: =EC57-FA57 -> -3.3964711 | FF57: 130 | FG57: 0 | FH57: =FG57*20 -> 0 | FI57: =FI56+FH57 -> 0 | FJ57: 0 | FN57: 130 | FO57: 0 | FP57: =FO57*20 -> 0 | FQ57: =FQ56+FP57 -> 0 | FR57: 0 | FV57: 130 | FW57: 0.2506866 | FX57: =FW57*20 -> 5.0137321 | FY57: =FY56+FX57 -> 26.368572 | FZ57: =FA57-FY57 -> 1.6248704 | GD57: 130 | GE57: 0 | GF57: =GE57*20 -> 0 | GG57: =GG56+GF57 -> 0 | GH57: 0 | GL57: 130 | GM57: 0 | GN57: =GM57*20 -> 0 | GO57: =GO56+GN57 -> 0 | GP57: =GG57-GO57 -> 0 | GT57: 130 | GU57: 0.2404855 | GV57: =GU57*20 -> 4.8097101 | GW57: =GW56+GV57 -> 21.921305 | GX57: =FY57-GW57 -> 4.4472675 | HB57: 130 | HC57: 0 | HD57: =HC57*20 -> 0 | HE57: =HE56+HD57 -> 0 | HF57: 0 | HJ57: 130 | HK57: 0 | HL57: =HK57*20 -> 0 | HM57: =HM56+HL57 -> 0 | HN57: =HE57-HM57 -> 0 | HR57: 130 | HS57: 0.24945706 | HT57: =HS57*20 -> 4.9891413 | HU57: =HU56+HT57 -> 27.80684 | HV57: =GW57-HU57 -> -5.8855352 | HZ57: 130 | IA57: 0.2415338 | IB57: =IA57*20 -> 4.8306761 | IC57: =IC56+IB57 -> 24.803077 | ID57: =HU57-IC57 -> 3.0037634 | IH57: 130 | II57: 0 | IJ57: =II57*20 -> 0 | IK57: =IK56+IJ57 -> 0 | IL57: 0 | IP57: 130 | IQ57: 0.26701361 | IR57: =IQ57*20 -> 5.3402723 | IS57: =IS56+IR57 -> 29.86262 | IT57: =IC57-IS57 -> -5.0595429
C58: 150 | D58: 0.133 | E58: =D58*20 -> 2.66 | F58: =F57+E58 -> 18.48 | J58: 150 | K58: 0.21186077 | L58: =K58*20 -> 4.2372154 | M58: =M57+L58 -> 31.552481 | N58: =F58-M58 -> -13.072481 | R58: 150 | S58: 0.21466738 | T58: =S58*20 -> 4.2933476 | U58: =U57+T58 -> 30.728689 | V58: =M58-U58 -> 0.82379227 | Z58: 150 | AA58: 0.21623098 | AB58: =AA58*20 -> 4.3246197 | AC58: =AC57+AB58 -> 29.746663 | AD58: =U58-AC58 -> 0.9820256 | AH58: 150 | AI58: 0.24418658 | AJ58: =AI58*20 -> 4.8837316 | AK58: =AK57+AJ58 -> 33.676312 | AL58: =AC58-AK58 -> -3.9296491 | AP58: 150 | AQ58: 0.21996033 | AR58: =AQ58*20 -> 4.3992065 | AS58: =AS57+AR58 -> 32.865007 | AT58: =AK58-AS58 -> 0.81130536 | AX58: 150 | AY58: 0.22083738 | AZ58: =AY58*20 -> 4.4167476 | BA58: =BA57+AZ58 -> 32.068327 | BB58: =AS58-BA58 -> 0.79668005 | BF58: 150 | BG58: 0 | BH58: =BG58*20 -> 0 | BI58: =BI57+BH58 -> 0 | BJ58: 0 | BN58: 150 | BO58: 0.22214567 | BP58: =BO58*20 -> 4.4429133 | BQ58: =BQ57+BP58 -> 30.706575 | BR58: =BA58-BQ58 -> 1.3617522 | BV58: 150 | BW58: 0 | BX58: =BW58*20 -> 0 | BY58: =BY57+BX58 -> 0 | BZ58: 0 | CD58: 150 | CE58: 0.2262257 | CF58: =CE58*20 -> 4.524514 | CG58: =CG57+CF58 -> 33.678056 | CH58: =BQ58-CG58 -> -2.9714811 | CL58: 150 | CM58: 0 | CN58: =CM58*20 -> 0 | CO58: =CO57+CN58 -> 0 | CP58: 0 | CT58: 150 | CU58: 0 | CV58: =CU58*20 -> 0 | CW58: =CW57+CV58 -> 0 | CX58: =CO58-CW58 -> 0 | DB58: 150 | DC58: 0.22755202 | DD58: =DC58*20 -> 4.5510403 | DE58: =DE57+DD58 -> 32.117125 | DF58: =CG58-DE58 -> 1.5609306 | DJ58: 150 | DK58: 0 | DL58: =DK58*20 -> 0 | DM58: =DM57+DL58 -> 0 | DN58: =CO58-DM58 -> 0 | DR58: 150 | DS58: 0 | DT58: =DS58*20 -> 0 | DU58: =DU57+DT58 -> 0 | DV58: =CW58-DU58 -> 0 | DZ58: 150 | EA58: 0.21718063 | EB58: =EA58*20 -> 4.3436127 | EC58: =EC57+EB58 -> 28.940584 | ED58: =DE58-EC58 -> 3.1765407 | EH58: 150 | EI58: 0 | EJ58: =EI58*20 -> 0 | EK58: =EK57+EJ58 -> 0 | EL58: =EC509-EK58 -> 0 | EP58: 150 | EQ58: 0 | ER58: =EQ58*20 -> 0 | ES58: =ES57+ER58 -> 0 | ET58: =EK58-ES58 -> 0 | EX58: 150 | EY58: 0.22813377 | EZ58: =EY58*20 -> 4.5626754 | FA58: =FA57+EZ58 -> 32.556118 | FB58: =EC58-FA58 -> -3.6155338 | FF58: 150 | FG58: 0 | FH58: =FG58*20 -> 0 | FI58: =FI57+FH58 -> 0 | FJ58: 0 | FN58: 150 | FO58: 0 | FP58: =FO58*20 -> 0 | FQ58: =FQ57+FP58 -> 0 | FR58: 0 | FV58: 150 | FW58: 0.22618932 | FX58: =FW58*20 -> 4.5237865 | FY58: =FY57+FX58 -> 30.892359 | FZ58: =FA58-FY58 -> 1.6637593 | GD58: 150 | GE58: 0 | GF58: =GE58*20 -> 0 | GG58: =GG57+GF58 -> 0 | GH58: 0 | GL58: 150 | GM58: 0 | GN58: =GM58*20 -> 0 | GO58: =GO57+GN58 -> 0 | GP58: =GG58-GO58 -> 0 | GT58: 150 | GU58: 0.21421677 | GV58: =GU58*20 -> 4.2843355 | GW58: =GW57+GV58 -> 26.20564 | GX58: =FY58-GW58 -> 4.6867185 | HB58: 150 | HC58: 0 | HD58: =HC58*20 -> 0 | HE58: =HE57+HD58 -> 0 | HF58: 0 | HJ58: 150 | HK58: 0 | HL58: =HK58*20 -> 0 | HM58: =HM57+HL58 -> 0 | HN58: =HE58-HM58 -> 0 | HR58: 150 | HS58: 0.2241433 | HT58: =HS58*20 -> 4.482866 | HU58: =HU57+HT58 -> 32.289706 | HV58: =GW58-HU58 -> -6.0840657 | HZ58: 150 | IA58: 0.22661453 | IB58: =IA58*20 -> 4.5322905 | IC58: =IC57+IB58 -> 29.335367 | ID58: =HU58-IC58 -> 2.9543388 | IH58: 150 | II58: 0 | IJ58: =II58*20 -> 0 | IK58: =IK57+IJ58 -> 0 | IL58: 0 | IP58: 150 | IQ58: 0.23793328 | IR58: =IQ58*20 -> 4.7586656 | IS58: =IS57+IR58 -> 34.621285 | IT58: =IC58-IS58 -> -5.2859179
C59: 170 | D59: 0.115 | E59: =D59*20 -> 2.3 | F59: =F58+E59 -> 20.78 | J59: 170 | K59: 0.19524729 | L59: =K59*20 -> 3.9049459 | M59: =M58+L59 -> 35.457427 | N59: =F59-M59 -> -14.677427 | R59: 170 | S59: 0.19513427 | T59: =S59*20 -> 3.9026854 | U59: =U58+T59 -> 34.631374 | V59: =M59-U59 -> 0.82605274 | Z59: 170 | AA59: 0.19657276 | AB59: =AA59*20 -> 3.9314552 | AC59: =AC58+AB59 -> 33.678118 | AD59: =U59-AC59 -> 0.95325581 | AH59: 170 | AI59: 0.21613685 | AJ59: =AI59*20 -> 4.3227369 | AK59: =AK58+AJ59 -> 37.999049 | AL59: =AC59-AK59 -> -4.3209309 | AP59: 170 | AQ59: 0.20796223 | AR59: =AQ59*20 -> 4.1592447 | AS59: =AS58+AR59 -> 37.024252 | AT59: =AK59-AS59 -> 0.97479761 | AX59: 170 | AY59: 0.20400345 | AZ59: =AY59*20 -> 4.080069 | BA59: =BA58+AZ59 -> 36.148396 | BB59: =AS59-BA59 -> 0.87585576 | BF59: 170 | BG59: 0 | BH59: =BG59*20 -> 0 | BI59: =BI58+BH59 -> 0 | BJ59: 0 | BN59: 170 | BO59: 0.20638708 | BP59: =BO59*20 -> 4.1277416 | BQ59: =BQ58+BP59 -> 34.834316 | BR59: =BA59-BQ59 -> 1.3140796 | BV59: 170 | BW59: 0 | BX59: =BW59*20 -> 0 | BY59: =BY58+BX59 -> 0 | BZ59: 0 | CD59: 170 | CE59: 0.21121245 | CF59: =CE59*20 -> 4.2242489 | CG59: =CG58+CF59 -> 37.902305 | CH59: =BQ59-CG59 -> -3.0679884 | CL59: 170 | CM59: 0 | CN59: =CM59*20 -> 0 | CO59: =CO58+CN59 -> 0 | CP59: 0 | CT59: 170 | CU59: 0 | CV59: =CU59*20 -> 0 | CW59: =CW58+CV59 -> 0 | CX59: =CO59-CW59 -> 0 | DB59: 170 | DC59: 0.21017666 | DD59: =DC59*20 -> 4.2035331 | DE59: =DE58+DD59 -> 36.320658 | DF59: =CG59-DE59 -> 1.5816464 | DJ59: 170 | DK59: 0 | DL59: =DK59*20 -> 0 | DM59: =DM58+DL59 -> 0 | DN59: =CO59-DM59 -> 0 | DR59: 170 | DS59: 0 | DT59: =DS59*20 -> 0 | DU59: =DU58+DT59 -> 0 | DV59: =CW59-DU59 -> 0 | DZ59: 170 | EA59: 0.20215583 | EB59: =EA59*20 -> 4.0431165 | EC59: =EC58+EB59 -> 32.983701 | ED59: =DE59-EC59 -> 3.3369573 | EH59: 170 | EI59: 0 | EJ59: =EI59*20 -> 0 | EK59: =EK58+EJ59 -> 0 | EL59: =EC510-EK59 -> 0 | EP59: 170 | EQ59: 0 | ER59: =EQ59*20 -> 0 | ES59: =ES58+ER59 -> 0 | ET59: =EK59-ES59 -> 0 | EX59: 170 | EY59: 0.21173113 | EZ59: =EY59*20 -> 4.2346225 | FA59: =FA58+EZ59 -> 36.790741 | FB59: =EC59-FA59 -> -3.8070398 | FF59: 170 | FG59: 0 | FH59: =FG59*20 -> 0 | FI59: =FI58+FH59 -> 0 | FJ59: 0 | FN59: 170 | FO59: 0 | FP59: =FO59*20 -> 0 | FQ59: =FQ58+FP59 -> 0 | FR59: 0 | FV59: 170 | FW59: 0.21394068 | FX59: =FW59*20 -> 4.2788137 | FY59: =FY58+FX59 -> 35.171173 | FZ59: =FA59-FY59 -> 1.6195681 | GD59: 170 | GE59: 0 | GF59: =GE59*20 -> 0 | GG59: =GG58+GF59 -> 0 | GH59: 0 | GL59: 170 | GM59: 0 | GN59: =GM59*20 -> 0 | GO59: =GO58+GN59 -> 0 | GP59: =GG59-GO59 -> 0 | GT59: 170 | GU59: 0.19475846 | GV59: =GU59*20 -> 3.8951692 | GW59: =GW58+GV59 -> 30.10081 | GX59: =FY59-GW59 -> 5.070363 | HB59: 170 | HC59: 0 | HD59: =HC59*20 -> 0 | HE59: =HE58+HD59 -> 0 | HF59: 0 | HJ59: 170 | HK59: 0 | HL59: =HK59*20 -> 0 | HM59: =HM58+HL59 -> 0 | HN59: =HE59-HM59 -> 0 | HR59: 170 | HS59: 0.20895504 | HT59: =HS59*20 -> 4.1791008 | HU59: =HU58+HT59 -> 36.468807 | HV59: =GW59-HU59 -> -6.3679973 | HZ59: 170 | IA59: 0.2037383 | IB59: =IA59*20 -> 4.074766 | IC59: =IC58+IB59 -> 33.410133 | ID59: =HU59-IC59 -> 3.0586736 | IH59: 170 | II59: 0 | IJ59: =II59*20 -> 0 | IK59: =IK58+IJ59 -> 0 | IL59: 0 | IP59: 170 | IQ59: 0.22027736 | IR59: =IQ59*20 -> 4.4055472 | IS59: =IS58+IR59 -> 39.026832 | IT59: =IC59-IS59 -> -5.6166992
C60: 190 | D60: 0.106 | E60: =D60*20 -> 2.12 | F60: =F59+E60 -> 22.9 | J60: 190 | K60: 0.16571222 | L60: =K60*20 -> 3.3142444 | M60: =M59+L60 -> 38.771671 | N60: =F60-M60 -> -15.871671 | R60: 190 | S60: 0.15978864 | T60: =S60*20 -> 3.1957728 | U60: =U59+T60 -> 37.827147 | V60: =M60-U60 -> 0.94452434 | Z60: 190 | AA60: 0.16380905 | AB60: =AA60*20 -> 3.2761811 | AC60: =AC59+AB60 -> 36.954299 | AD60: =U60-AC60 -> 0.87284753 | AH60: 190 | AI60: 0.18140038 | AJ60: =AI60*20 -> 3.6280075 | AK60: =AK59+AJ60 -> 41.627057 | AL60: =AC60-AK60 -> -4.6727573 | AP60: 190 | AQ60: 0.1729678 | AR60: =AQ60*20 -> 3.459356 | AS60: =AS59+AR60 -> 40.483608 | AT60: =AK60-AS60 -> 1.1434491 | AX60: 190 | AY60: 0.18024425 | AZ60: =AY60*20 -> 3.604885 | BA60: =BA59+AZ60 -> 39.753281 | BB60: =AS60-BA60 -> 0.73032684 | BF60: 190 | BG60: 0 | BH60: =BG60*20 -> 0 | BI60: =BI59+BH60 -> 0 | BJ60: 0 | BN60: 190 | BO60: 0.17486991 | BP60: =BO60*20 -> 3.4973982 | BQ60: =BQ59+BP60 -> 38.331714 | BR60: =BA60-BQ60 -> 1.4215664 | BV60: 190 | BW60: 0 | BX60: =BW60*20 -> 0 | BY60: =BY59+BX60 -> 0 | BZ60: 0 | CD60: 190 | CE60: 0.17818329 | CF60: =CE60*20 -> 3.5636658 | CG60: =CG59+CF60 -> 41.46597 | CH60: =BQ60-CG60 -> -3.134256 | CL60: 190 | CM60: 0 | CN60: =CM60*20 -> 0 | CO60: =CO59+CN60 -> 0 | CP60: 0 | CT60: 190 | CU60: 0 | CV60: =CU60*20 -> 0 | CW60: =CW59+CV60 -> 0 | CX60: =CO60-CW60 -> 0 | DB60: 190 | DC60: 0.17440386 | DD60: =DC60*20 -> 3.4880771 | DE60: =DE59+DD60 -> 39.808735 | DF60: =CG60-DE60 -> 1.6572351 | DJ60: 190 | DK60: 0 | DL60: =DK60*20 -> 0 | DM60: =DM59+DL60 -> 0 | DN60: =CO60-DM60 -> 0 | DR60: 190 | DS60: 0 | DT60: =DS60*20 -> 0 | DU60: =DU59+DT60 -> 0 | DV60: =CW60-DU60 -> 0 | DZ60: 190 | EA60: 0.17210621 | EB60: =EA60*20 -> 3.4421242 | EC60: =EC59+EB60 -> 36.425825 | ED60: =DE60-EC60 -> 3.3829103 | EH60: 190 | EI60: 0 | EJ60: =EI60*20 -> 0 | EK60: =EK59+EJ60 -> 0 | EL60: =EC511-EK60 -> 0 | EP60: 190 | EQ60: 0 | ER60: =EQ60*20 -> 0 | ES60: =ES59+ER60 -> 0 | ET60: =EK60-ES60 -> 0 | EX60: 190 | EY60: 0.18097617 | EZ60: =EY60*20 -> 3.6195235 | FA60: =FA59+EZ60 -> 40.410264 | FB60: =EC60-FA60 -> -3.984439 | FF60: 190 | FG60: 0 | FH60: =FG60*20 -> 0 | FI60: =FI59+FH60 -> 0 | FJ60: 0 | FN60: 190 | FO60: 0 | FP60: =FO60*20 -> 0 | FQ60: =FQ59+FP60 -> 0 | FR60: 0 | FV60: 190 | FW60: 0.17515332 | FX60: =FW60*20 -> 3.5030665 | FY60: =FY59+FX60 -> 38.674239 | FZ60: =FA60-FY60 -> 1.7360251 | GD60: 190 | GE60: 0 | GF60: =GE60*20 -> 0 | GG60: =GG59+GF60 -> 0 | GH60: 0 | GL60: 190 | GM60: 0 | GN60: =GM60*20 -> 0 | GO60: =GO59+GN60 -> 0 | GP60: =GG60-GO60 -> 0 | GT60: 190 | GU60: 0.16557098 | GV60: =GU60*20 -> 3.3114196 | GW60: =GW59+GV60 -> 33.412229 | GX60: =FY60-GW60 -> 5.2620098 | HB60: 190 | HC60: 0 | HD60: =HC60*20 -> 0 | HE60: =HE59+HD60 -> 0 | HF60: 0 | HJ60: 190 | HK60: 0 | HL60: =HK60*20 -> 0 | HM60: =HM59+HL60 -> 0 | HN60: =HE60-HM60 -> 0 | HR60: 190 | HS60: 0.17452832 | HT60: =HS60*20 -> 3.4905664 | HU60: =HU59+HT60 -> 39.959373 | HV60: =GW60-HU60 -> -6.5471441 | HZ60: 190 | IA60: 0.17489437 | IB60: =IA60*20 -> 3.4978873 | IC60: =IC59+IB60 -> 36.908021 | ID60: =HU60-IC60 -> 3.0513527 | IH60: 190 | II60: 0 | IJ60: =II60*20 -> 0 | IK60: =IK59+IJ60 -> 0 | IL60: 0 | IP60: 190 | IQ60: 0.18288836 | IR60: =IQ60*20 -> 3.6577673 | IS60: =IS59+IR60 -> 42.6846 | IT60: =IC60-IS60 -> -5.7765791
C61: 210 | D61: 0.142 | E61: =D61*20 -> 2.84 | F61: =F60+E61 -> 25.74 | J61: 210 | K61: 0.18140273 | L61: =K61*20 -> 3.6280546 | M61: =M60+L61 -> 42.399726 | N61: =F61-M61 -> -16.659726 | R61: 210 | S61: 0.18118205 | T61: =S61*20 -> 3.623641 | U61: =U60+T61 -> 41.450788 | V61: =M61-U61 -> 0.94893794 | Z61: 210 | AA61: 0.1862756 | AB61: =AA61*20 -> 3.7255119 | AC61: =AC60+AB61 -> 40.679811 | AD61: =U61-AC61 -> 0.77097658 | AH61: 210 | AI61: 0.20621214 | AJ61: =AI61*20 -> 4.1242428 | AK61: =AK60+AJ61 -> 45.7513 | AL61: =AC61-AK61 -> -5.0714882 | AP61: 210 | AQ61: 0.22395969 | AR61: =AQ61*20 -> 4.4791938 | AS61: =AS60+AR61 -> 44.962801 | AT61: =AK61-AS61 -> 0.78849815 | AX61: 210 | AY61: 0.20404497 | AZ61: =AY61*20 -> 4.0808993 | BA61: =BA60+AZ61 -> 43.83418 | BB61: =AS61-BA61 -> 1.1286213 | BF61: 210 | BG61: 0 | BH61: =BG61*20 -> 0 | BI61: =BI60+BH61 -> 0 | BJ61: 0 | BN61: 210 | BO61: 0.1994927 | BP61: =BO61*20 -> 3.989854 | BQ61: =BQ60+BP61 -> 42.321568 | BR61: =BA61-BQ61 -> 1.5126117 | BV61: 210 | BW61: 0 | BX61: =BW61*20 -> 0 | BY61: =BY60+BX61 -> 0 | BZ61: 0 | CD61: 210 | CE61: 0.20420626 | CF61: =CE61*20 -> 4.0841252 | CG61: =CG60+CF61 -> 45.550096 | CH61: =BQ61-CG61 -> -3.2285273 | CL61: 210 | CM61: 0 | CN61: =CM61*20 -> 0 | CO61: =CO60+CN61 -> 0 | CP61: 0 | CT61: 210 | CU61: 0 | CV61: =CU61*20 -> 0 | CW61: =CW60+CV61 -> 0 | CX61: =CO61-CW61 -> 0 | DB61: 210 | DC61: 0.20200002 | DD61: =DC61*20 -> 4.0400003 | DE61: =DE60+DD61 -> 43.848736 | DF61: =CG61-DE61 -> 1.70136 | DJ61: 210 | DK61: 0 | DL61: =DK61*20 -> 0 | DM61: =DM60+DL61 -> 0 | DN61: =CO61-DM61 -> 0 | DR61: 210 | DS61: 0 | DT61: =DS61*20 -> 0 | DU61: =DU60+DT61 -> 0 | DV61: =CW61-DU61 -> 0 | DZ61: 210 | EA61: 0.19514425 | EB61: =EA61*20 -> 3.902885 | EC61: =EC60+EB61 -> 40.32871 | ED61: =DE61-EC61 -> 3.5200256 | EH61: 210 | EI61: 0 | EJ61: =EI61*20 -> 0 | EK61: =EK60+EJ61 -> 0 | EL61: =EC512-EK61 -> 0 | EP61: 210 | EQ61: 0 | ER61: =EQ61*20 -> 0 | ES61: =ES60+ER61 -> 0 | ET61: =EK61-ES61 -> 0 | EX61: 210 | EY61: 0.20352981 | EZ61: =EY61*20 -> 4.0705961 | FA61: =FA60+EZ61 -> 44.48086 | FB61: =EC61-FA61 -> -4.1521502 | FF61: 210 | FG61: 0 | FH61: =FG61*20 -> 0 | FI61: =FI60+FH61 -> 0 | FJ61: 0 | FN61: 210 | FO61: 0 | FP61: =FO61*20 -> 0 | FQ61: =FQ60+FP61 -> 0 | FR61: 0 | FV61: 210 | FW61: 0.20169204 | FX61: =FW61*20 -> 4.0338409 | FY61: =FY60+FX61 -> 42.70808 | FZ61: =FA61-FY61 -> 1.7727803 | GD61: 210 | GE61: 0 | GF61: =GE61*20 -> 0 | GG61: =GG60+GF61 -> 0 | GH61: 0 | GL61: 210 | GM61: 0 | GN61: =GM61*20 -> 0 | GO61: =GO60+GN61 -> 0 | GP61: =GG61-GO61 -> 0 | GT61: 210 | GU61: 0.18794805 | GV61: =GU61*20 -> 3.7589609 | GW61: =GW60+GV61 -> 37.17119 | GX61: =FY61-GW61 -> 5.5368898 | HB61: 210 | HC61: 0 | HD61: =HC61*20 -> 0 | HE61: =HE60+HD61 -> 0 | HF61: 0 | HJ61: 210 | HK61: 0 | HL61: =HK61*20 -> 0 | HM61: =HM60+HL61 -> 0 | HN61: =HE61-HM61 -> 0 | HR61: 210 | HS61: 0.19882953 | HT61: =HS61*20 -> 3.9765907 | HU61: =HU60+HT61 -> 43.935964 | HV61: =GW61-HU61 -> -6.7647738 | HZ61: 210 | IA61: 0.18881902 | IB61: =IA61*20 -> 3.7763805 | IC61: =IC60+IB61 -> 40.684401 | ID61: =HU61-IC61 -> 3.2515629 | IH61: 210 | II61: 0 | IJ61: =II61*20 -> 0 | IK61: =IK60+IJ61 -> 0 | IL61: 0 | IP61: 210 | IQ61: 0.20158286 | IR61: =IQ61*20 -> 4.0316573 | IS61: =IS60+IR61 -> 46.716257 | IT61: =IC61-IS61 -> -6.0318559
C62: 230 | D62: 0.196 | E62: =D62*20 -> 3.92 | F62: =F61+E62 -> 29.66 | J62: 230 | K62: 0.20909186 | L62: =K62*20 -> 4.1818372 | M62: =M61+L62 -> 46.581563 | N62: =F62-M62 -> -16.921563 | R62: 230 | S62: 0.21745783 | T62: =S62*20 -> 4.3491565 | U62: =U61+T62 -> 45.799944 | V62: =M62-U62 -> 0.7816186 | Z62: 230 | AA62: 0.22371983 | AB62: =AA62*20 -> 4.4743966 | AC62: =AC61+AB62 -> 45.154208 | AD62: =U62-AC62 -> 0.6457365 | AH62: 230 | AI62: 0.2329712 | AJ62: =AI62*20 -> 4.659424 | AK62: =AK61+AJ62 -> 50.410724 | AL62: =AC62-AK62 -> -5.2565156 | AP62: 230 | AQ62: 0.22795905 | AR62: =AQ62*20 -> 4.5591811 | AS62: =AS61+AR62 -> 49.521983 | AT62: =AK62-AS62 -> 0.88874107 | AX62: 230 | AY62: 0.24767962 | AZ62: =AY62*20 -> 4.9535923 | BA62: =BA61+AZ62 -> 48.787772 | BB62: =AS62-BA62 -> 0.73421005 | BF62: 230 | BG62: 0 | BH62: =BG62*20 -> 0 | BI62: =BI61+BH62 -> 0 | BJ62: 0 | BN62: 230 | BO62: 0.24085899 | BP62: =BO62*20 -> 4.8171797 | BQ62: =BQ61+BP62 -> 47.138748 | BR62: =BA62-BQ62 -> 1.6490243 | BV62: 230 | BW62: 0 | BX62: =BW62*20 -> 0 | BY62: =BY61+BX62 -> 0 | BZ62: 0 | CD62: 230 | CE62: 0.24123895 | CF62: =CE62*20 -> 4.824779 | CG62: =CG61+CF62 -> 50.374875 | CH62: =BQ62-CG62 -> -3.2361266 | CL62: 230 | CM62: 0 | CN62: =CM62*20 -> 0 | CO62: =CO61+CN62 -> 0 | CP62: 0 | CT62: 230 | CU62: 0 | CV62: =CU62*20 -> 0 | CW62: =CW61+CV62 -> 0 | CX62: =CO62-CW62 -> 0 | DB62: 230 | DC62: 0.23981698 | DD62: =DC62*20 -> 4.7963395 | DE62: =DE61+DD62 -> 48.645075 | DF62: =CG62-DE62 -> 1.7297995 | DJ62: 230 | DK62: 0 | DL62: =DK62*20 -> 0 | DM62: =DM61+DL62 -> 0 | DN62: =CO62-DM62 -> 0 | DR62: 230 | DS62: 0 | DT62: =DS62*20 -> 0 | DU62: =DU61+DT62 -> 0 | DV62: =CW62-DU62 -> 0 | DZ62: 230 | EA62: 0.23320709 | EB62: =EA62*20 -> 4.6641419 | EC62: =EC61+EB62 -> 44.992852 | ED62: =DE62-EC62 -> 3.6522232 | EH62: 230 | EI62: 0 | EJ62: =EI62*20 -> 0 | EK62: =EK61+EJ62 -> 0 | EL62: =EC513-EK62 -> 0 | EP62: 230 | EQ62: 0 | ER62: =EQ62*20 -> 0 | ES62: =ES61+ER62 -> 0 | ET62: =EK62-ES62 -> 0 | EX62: 230 | EY62: 0.24556157 | EZ62: =EY62*20 -> 4.9112315 | FA62: =FA61+EZ62 -> 49.392092 | FB62: =EC62-FA62 -> -4.3992398 | FF62: 230 | FG62: 0 | FH62: =FG62*20 -> 0 | FI62: =FI61+FH62 -> 0 | FJ62: 0 | FN62: 230 | FO62: 0 | FP62: =FO62*20 -> 0 | FQ62: =FQ61+FP62 -> 0 | FR62: 0 | FV62: 230 | FW62: 0.24456228 | FX62: =FW62*20 -> 4.8912457 | FY62: =FY61+FX62 -> 47.599326 | FZ62: =FA62-FY62 -> 1.7927661 | GD62: 230 | GE62: 0 | GF62: =GE62*20 -> 0 | GG62: =GG61+GF62 -> 0 | GH62: 0 | GL62: 230 | GM62: 0 | GN62: =GM62*20 -> 0 | GO62: =GO61+GN62 -> 0 | GP62: =GG62-GO62 -> 0 | GT62: 230 | GU62: 0.23562092 | GV62: =GU62*20 -> 4.7124185 | GW62: =GW61+GV62 -> 41.883609 | GX62: =FY62-GW62 -> 5.715717 | HB62: 230 | HC62: 0 | HD62: =HC62*20 -> 0 | HE62: =HE61+HD62 -> 0 | HF62: 0 | HJ62: 230 | HK62: 0 | HL62: =HK62*20 -> 0 | HM62: =HM61+HL62 -> 0 | HN62: =HE62-HM62 -> 0 | HR62: 230 | HS62: 0.24439431 | HT62: =HS62*20 -> 4.8878862 | HU62: =HU61+HT62 -> 48.82385 | HV62: =GW62-HU62 -> -6.9402416 | HZ62: 230 | IA62: 0.23954457 | IB62: =IA62*20 -> 4.7908913 | IC62: =IC61+IB62 -> 45.475292 | ID62: =HU62-IC62 -> 3.3485578 | IH62: 230 | II62: 0 | IJ62: =II62*20 -> 0 | IK62: =IK61+IJ62 -> 0 | IL62: 0 | IP62: 230 | IQ62: 0.25143486 | IR62: =IQ62*20 -> 5.0286973 | IS62: =IS61+IR62 -> 51.744954 | IT62: =IC62-IS62 -> -6.2696618
C63: 250 | D63: 0.194 | E63: =D63*20 -> 3.88 | F63: =F62+E63 -> 33.54 | J63: 250 | K63: 0.19247838 | L63: =K63*20 -> 3.8495676 | M63: =M62+L63 -> 50.431131 | N63: =F63-M63 -> -16.891131 | R63: 250 | S63: 0.20908649 | T63: =S63*20 -> 4.1817299 | U63: =U62+T63 -> 49.981674 | V63: =M63-U63 -> 0.44945636 | Z63: 250 | AA63: 0.21810319 | AB63: =AA63*20 -> 4.3620639 | AC63: =AC62+AB63 -> 49.516272 | AD63: =U63-AC63 -> 0.46540246 | AH63: 250 | AI63: 0.23300885 | AJ63: =AI63*20 -> 4.6601769 | AK63: =AK62+AJ63 -> 55.070901 | AL63: =AC63-AK63 -> -5.5546287 | AP63: 250 | AQ63: 0.2339581 | AR63: =AQ63*20 -> 4.679162 | AS63: =AS62+AR63 -> 54.201144 | AT63: =AK63-AS63 -> 0.86975602 | AX63: 250 | AY63: 0.23379586 | AZ63: =AY63*20 -> 4.6759173 | BA63: =BA62+AZ63 -> 53.46369 | BB63: =AS63-BA63 -> 0.73745475 | BF63: 250 | BG63: 0 | BH63: =BG63*20 -> 0 | BI63: =BI62+BH63 -> 0 | BJ63: 0 | BN63: 250 | BO63: 0.23002496 | BP63: =BO63*20 -> 4.6004992 | BQ63: =BQ62+BP63 -> 51.739247 | BR63: =BA63-BQ63 -> 1.7244424 | BV63: 250 | BW63: 0 | BX63: =BW63*20 -> 0 | BY63: =BY62+BX63 -> 0 | BZ63: 0 | CD63: 250 | CE63: 0.23623453 | CF63: =CE63*20 -> 4.7246907 | CG63: =CG62+CF63 -> 55.099565 | CH63: =BQ63-CG63 -> -3.3603181 | CL63: 250 | CM63: 0 | CN63: =CM63*20 -> 0 | CO63: =CO62+CN63 -> 0 | CP63: 0 | CT63: 250 | CU63: 0 | CV63: =CU63*20 -> 0 | CW63: =CW62+CV63 -> 0 | CX63: =CO63-CW63 -> 0 | DB63: 250 | DC63: 0.23777282 | DD63: =DC63*20 -> 4.7554563 | DE63: =DE62+DD63 -> 53.400532 | DF63: =CG63-DE63 -> 1.6990339 | DJ63: 250 | DK63: 0 | DL63: =DK63*20 -> 0 | DM63: =DM62+DL63 -> 0 | DN63: =CO63-DM63 -> 0 | DR63: 250 | DS63: 0 | DT63: =DS63*20 -> 0 | DU63: =DU62+DT63 -> 0 | DV63: =CW63-DU63 -> 0 | DZ63: 250 | EA63: 0.22819883 | EB63: =EA63*20 -> 4.5639765 | EC63: =EC62+EB63 -> 49.556828 | ED63: =DE63-EC63 -> 3.8437031 | EH63: 250 | EI63: 0 | EJ63: =EI63*20 -> 0 | EK63: =EK62+EJ63 -> 0 | EL63: =EC514-EK63 -> 0 | EP63: 250 | EQ63: 0 | ER63: =EQ63*20 -> 0 | ES63: =ES62+ER63 -> 0 | ET63: =EK63-ES63 -> 0 | EX63: 250 | EY63: 0.23633509 | EZ63: =EY63*20 -> 4.7267018 | FA63: =FA62+EZ63 -> 54.118794 | FB63: =EC63-FA63 -> -4.561965 | FF63: 250 | FG63: 0 | FH63: =FG63*20 -> 0 | FI63: =FI62+FH63 -> 0 | FJ63: 0 | FN63: 250 | FO63: 0 | FP63: =FO63*20 -> 0 | FQ63: =FQ62+FP63 -> 0 | FR63: 0 | FV63: 250 | FW63: 0.22925148 | FX63: =FW63*20 -> 4.5850297 | FY63: =FY62+FX63 -> 52.184355 | FZ63: =FA63-FY63 -> 1.9344382 | GD63: 250 | GE63: 0 | GF63: =GE63*20 -> 0 | GG63: =GG62+GF63 -> 0 | GH63: 0 | GL63: 250 | GM63: 0 | GN63: =GM63*20 -> 0 | GO63: =GO62+GN63 -> 0 | GP63: =GG63-GO63 -> 0 | GT63: 250 | GU63: 0.2278376 | GV63: =GU63*20 -> 4.5567519 | GW63: =GW62+GV63 -> 46.440361 | GX63: =FY63-GW63 -> 5.7439947 | HB63: 250 | HC63: 0 | HD63: =HC63*20 -> 0 | HE63: =HE62+HD63 -> 0 | HF63: 0 | HJ63: 250 | HK63: 0 | HL63: =HK63*20 -> 0 | HM63: =HM62+HL63 -> 0 | HN63: =HE63-HM63 -> 0 | HR63: 250 | HS63: 0.23528136 | HT63: =HS63*20 -> 4.7056271 | HU63: =HU62+HT63 -> 53.529477 | HV63: =GW63-HU63 -> -7.0891168 | HZ63: 250 | IA63: 0.23357686 | IB63: =IA63*20 -> 4.6715371 | IC63: =IC62+IB63 -> 50.146829 | ID63: =HU63-IC63 -> 3.3826479 | IH63: 250 | II63: 0 | IJ63: =II63*20 -> 0 | IK63: =IK62+IJ63 -> 0 | IL63: 0 | IP63: 250 | IQ63: 0.24624195 | IR63: =IQ63*20 -> 4.9248389 | IS63: =IS62+IR63 -> 56.669793 | IT63: =IC63-IS63 -> -6.5229636
