Workbook

Sheet Height
A1: CCID | B1: DOY168 | C1: DOY176 | D1: DOY189 | E1: DOY209 | F1: DOY217 | G1: DOY233 | H1: DOY259 | I1: DOY287
A2: p101-1 | B2: 35 | C2: 41 | D2: 70 | E2: 79 | F2: 96 | G2: 114 | H2: 141 | I2: 148
A3: p101-2 | B3: 35 | C3: 45 | D3: 65 | E3: 89 | F3: 104 | G3: 131 | H3: 141 | I3: 142
A4: p101-3 | B4: 30 | C4: 47 | D4: 69 | E4: 85 | F4: 86 | G4: 90 | H4: 126 | I4: 129
A5: p101-4 | B5: 26 | C5: 32 | D5: 60 | E5: 83 | F5: 92 | G5: 104 | H5: 85 | I5: 121
A6: p101-5 | B6: 26 | C6: 34 | D6: 58 | E6: 76 | F6: 87 | G6: 88 | H6: 117 | I6: 101
A7: p101-6 | B7: 32 | C7: 42 | D7: 71 | E7: 96 | F7: 76 | G7: 86 | H7: 114 | I7: 113
A8: p102-1 | B8: 34 | C8: 45 | D8: 74 | E8: 82 | F8: 90 | G8: 112 | H8: 127 | I8: 127
A9: p102-2 | B9: 32 | C9: 46 | D9: 75 | E9: 80 | F9: 87 | G9: 85 | H9: 108 | I9: 112
A10: p102-3 | B10: 31 | C10: 42 | D10: 69 | E10: 77 | F10: 80 | G10: 80 | H10: 81 | I10: 82
A11: p102-4 | B11: 33 | C11: 31 | E11: 86 | F11: 90 | G11: 97 | H11: 121 | I11: 103
A12: p102-5 | B12: 33 | C12: 44 | D12: 63 | E12: 75 | F12: 102 | G12: 100 | H12: 101 | I12: 104
A13: p102-6 | B13: 32 | C13: 44 | D13: 72 | E13: 86 | F13: 91 | G13: 91 | H13: 103 | I13: 102
A14: p103-1 | B14: 35 | C14: 45 | D14: 71 | E14: 84 | F14: 89 | G14: 116 | H14: 119 | I14: 124
A15: p103-2 | B15: 35 | C15: 40 | D15: 67 | E15: 91 | F15: 106 | G15: 121 | H15: 112 | I15: 121
A16: p103-3 | B16: 38 | C16: 42 | D16: 60 | E16: 84 | F16: 92 | G16: 94 | H16: 93 | I16: 111
A17: p103-4 | B17: 34 | C17: 39 | D17: 62 | E17: 83 | F17: 91 | G17: 100 | H17: 105 | I17: 113
A18: p103-5 | B18: 34 | C18: 38 | D18: 57 | E18: 73 | F18: 80 | G18: 92 | H18: 96 | I18: 92
A19: p103-6 | B19: 38 | C19: 41 | D19: 66 | E19: 77 | F19: 85 | G19: 88 | H19: 100 | I19: 94
A20: p104-1 | B20: 36 | C20: 45 | D20: 74 | E20: 93 | F20: 96 | G20: 98 | H20: 92 | I20: 94
A21: p104-2 | B21: 40 | C21: 50 | D21: 75 | E21: 89 | F21: 84 | G21: 89 | H21: 90 | I21: 96
A22: p104-3 | B22: 29 | C22: 51 | D22: 75 | E22: 87 | F22: 98 | G22: 97 | H22: 101 | I22: 98
A23: p104-4 | B23: 35 | C23: 46 | D23: 75 | E23: 88 | F23: 98 | G23: 98 | H23: 110 | I23: 102
... A93: p208-2 | B93: 36 | C93: 38 | D93: 70 | E93: 81 | F93: 86 | G93: 93 | H93: 115 | I93: 101
A94: p208-3 | C94: 38 | D94: 62 | E94: 81 | F94: 84 | G94: 89 | H94: 106 | I94: 97
A95: p208-4 | B95: 32 | C95: 42 | D95: 66 | E95: 76 | F95: 83 | G95: 81 | H95: 99 | I95: 101
A96: p208-5 | B96: 41 | C96: 49 | D96: 69 | E96: 84 | F96: 89 | G96: 92 | H96: 118 | I96: 126
A97: p208-6 | B97: 28 | C97: 39 | D97: 72 | E97: 76 | F97: 96 | G97: 79 | H97: 95 | I97: 93
A98: p301-1 | B98: 36 | C98: 46 | D98: 71 | E98: 89 | F98: 104 | G98: 82 | H98: 103 | I98: 89
A99: p301-2 | B99: 39 | C99: 53 | D99: 79 | E99: 87 | F99: 101 | G99: 93 | H99: 111 | I99: 105
A100: p301-3 | B100: 36 | C100: 46 | D100: 72 | E100: 90 | F100: 101 | G100: 95 | H100: 107 | I100: 98
A101: p301-4 | B101: 44 | C101: 50 | D101: 78 | E101: 95 | F101: 101 | G101: 87 | H101: 98 | I101: 97
A102: p301-5 | B102: 44 | C102: 38 | D102: 84 | E102: 89 | F102: 99 | G102: 94 | H102: 97 | I102: 94
A103: p301-6 | B103: 39 | C103: 52 | D103: 76 | E103: 85 | F103: 98 | G103: 98 | H103: 92 | I103: 98
A104: p302-1 | B104: 32 | C104: 54 | D104: 74 | E104: 83 | F104: 101 | G104: 93 | H104: 102 | I104: 97
A105: p302-2 | B105: 33 | C105: 45 | D105: 83 | E105: 96 | F105: 96 | G105: 112 | H105: 104 | I105: 113
A106: p302-3 | B106: 26 | C106: 44 | D106: 80 | E106: 89 | F106: 95 | G106: 90 | H106: 94 | I106: 96
... A193: p408-6 | B193: 33 | C193: 40 | D193: 68 | E193: 78 | F193: 86 | G193: 122 | H193: 121 | I193: 122
A194: p902-1 | B194: 38 | C194: 45 | D194: 66 | F194: 82 | G194: 90 | H194: 88 | I194: 84
A195: p902-2 | B195: 40 | C195: 48 | D195: 64 | F195: 84 | G195: 69 | H195: 73 | I195: 82
A196: p902-3 | B196: 26 | C196: 34 | D196: 56 | F196: 79 | G196: 67 | H196: 61 | I196: 72
A197: p902-4 | B197: 32 | C197: 42 | D197: 62 | F197: 101 | G197: 74 | H197: 75 | I197: 80
A198: p902-5 | B198: 32 | C198: 38 | D198: 60 | F198: 70 | G198: 73 | H198: 72 | I198: 73
A199: p902-6 | B199: 36 | C199: 43 | D199: 61 | F199: 76 | G199: 71 | H199: 78 | I199: 89
A200: p904-1 | B200: 38 | C200: 41 | D200: 49 | F200: 75 | G200: 60 | H200: 58 | I200: 64
A201: p904-2 | B201: 40 | C201: 52 | D201: 59 | F201: 73 | G201: 68 | H201: 70 | I201: 70
A202: p904-3 | B202: 33 | C202: 41 | D202: 55 | F202: 63 | G202: 64 | H202: 56 | I202: 66
A203: p904-4 | B203: 30 | C203: 41 | D203: 50 | F203: 71 | G203: 67 | H203: 64 | I203: 65
A204: p904-5 | B204: 33 | C204: 52 | D204: 58 | F204: 70 | G204: 72 | H204: 75 | I204: 76
A205: p904-6 | B205: 30 | C205: 37 | D205: 41 | F205: 58 | G205: 66 | H205: 58 | I205: 56
... A217: p908-6 | B217: 34 | C217: 42 | D217: 46 | F217: 75 | G217: 67 | H217: 71 | I217: 66

Sheet Width
A1: CCID | B1: DOY168 | C1: DOY176 | D1: DOY189 | E1: DOY209 | F1: DOY217 | G1: DOY233 | H1: DOY259 | I1: DOY287
A2: p101-1 | B2: 39 | C2: 54 | D2: 72 | E2: 85 | F2: 83 | G2: 114 | H2: 100 | I2: 91
A3: p101-2 | B3: 53 | C3: 63 | D3: 79 | E3: 94 | F3: 93 | G3: 131 | H3: 82 | I3: 98
A4: p101-3 | B4: 38 | C4: 50 | D4: 71 | E4: 94 | F4: 95 | G4: 90 | H4: 70 | I4: 98
A5: p101-4 | B5: 35 | C5: 55 | D5: 75 | E5: 98 | F5: 86 | G5: 104 | H5: 100 | I5: 97
A6: p101-5 | B6: 35 | C6: 49 | D6: 73 | E6: 89 | F6: 83 | G6: 88 | H6: 82 | I6: 93
A7: p101-6 | B7: 44 | C7: 59 | D7: 81 | E7: 82 | F7: 95 | G7: 86 | H7: 86 | I7: 73
A8: p102-1 | B8: 46 | C8: 62 | D8: 75 | E8: 94 | F8: 84 | G8: 79 | H8: 100 | I8: 86
A9: p102-2 | B9: 45 | C9: 57 | D9: 91 | E9: 93 | F9: 87 | G9: 97 | H9: 94 | I9: 88
A10: p102-3 | B10: 40 | C10: 55 | D10: 69 | E10: 64 | F10: 80 | G10: 87 | H10: 87 | I10: 81
A11: p102-4 | B11: 38 | C11: 46 | D11: 71 | E11: 79 | F11: 79 | G11: 89 | H11: 93 | I11: 80
A12: p102-5 | B12: 38 | C12: 51 | D12: 70 | E12: 80 | F12: 85 | G12: 92 | H12: 90 | I12: 79
A13: p102-6 | B13: 51 | C13: 68 | D13: 83 | E13: 99 | F13: 105 | G13: 93 | H13: 99 | I13: 91
... A193: p408-6 | B193: 47 | C193: 53 | D193: 73 | E193: 92 | F193: 96 | G193: 99 | H193: 92 | I193: 73
A194: p902-1 | B194: 44 | C194: 58 | D194: 69 | F194: 85 | G194: 84 | H194: 84 | I194: 66
A195: p902-2 | B195: 50 | C195: 62 | D195: 77 | F195: 68 | G195: 78 | H195: 82 | I195: 73
A196: p902-3 | B196: 48 | C196: 55 | D196: 67 | F196: 64 | G196: 73 | H196: 70 | I196: 63
A197: p902-4 | B197: 50 | C197: 65 | D197: 83 | F197: 67 | G197: 101 | H197: 100 | I197: 79
A198: p902-5 | B198: 41 | C198: 48 | D198: 66 | F198: 65 | G198: 76 | H198: 65 | I198: 55
A199: p902-6 | B199: 49 | C199: 60 | D199: 73 | F199: 67 | G199: 78 | H199: 100 | I199: 72
A200: p904-1 | B200: 57 | C200: 55 | D200: 63 | F200: 58 | G200: 70 | H200: 68 | I200: 63
A201: p904-2 | B201: 56 | C201: 62 | D201: 63 | F201: 56 | G201: 61 | H201: 64 | I201: 61
A202: p904-3 | B202: 44 | C202: 53 | D202: 56 | F202: 51 | G202: 57 | H202: 57 | I202: 53
A203: p904-4 | B203: 41 | C203: 53 | D203: 55 | F203: 66 | G203: 70 | H203: 74 | I203: 63
A204: p904-5 | B204: 44 | C204: 59 | D204: 61 | F204: 71 | G204: 73 | H204: 75 | I204: 68
A205: p904-6 | B205: 45 | C205: 53 | D205: 53 | F205: 51 | G205: 75 | H205: 70 | I205: 58
... A217: p908-6 | B217: 49 | C217: 60 | D217: 59 | F217: 71 | G217: 73 | H217: 43 | I217: 67

Sheet SPAD
A1: CCID | B1: DOY176 | C1: DOY190 | D1: DOY217 | E1: DOY233 | F1: DOY241 | G1: DOY259
A2: p101-3 | B2: 48.866667 | C2: 36.771 | D2: 44.716133 | E2: 48.696439 | F2: 45.204082 | G2: 47.72295
A3: p102-3 | B3: 45.083333 | C3: 37.7495 | D3: 39.361673 | E3: 41.304441 | F3: 42.137906 | G3: 39.769125
A4: p103-3 | B4: 47.683333 | C4: 38.934 | D4: 42.583826 | E4: 45.900748 | F4: 42.439737 | G4: 45.311145
A5: p104-3 | B5: 42.391667 | C5: 33.7325 | D5: 37.655827 | E5: 41.399211 | F5: 39.414991 | G5: 38.434935
A6: p105-3 | B6: 41.5375 | C6: 35.0715 | D6: 36.376443 | E6: 41.683518 | F6: 37.715959 | G6: 37.35732
A7: p106-3 | B7: 44.516667 | C7: 32.754 | D7: 36.423828 | E7: 45.237363 | F7: 43.964822 | G7: 42.848025
A8: p107-3 | B8: 44.8375 | C8: 35.9985 | D8: 34.860136 | E8: 40.87798 | F8: 38.928833 | G8: 38.537565
A9: p108-3 | B9: 45.791667 | C9: 33.166 | D9: 38.745673 | E9: 46.801055 | F9: 44.421594 | G9: 45.003255
A10: p201-3 | B10: 41.6375 | C10: 34.7625 | D10: 40.972749 | E10: 40.783211 | F10: 39.426471 | G10: 35.356035
A11: p202-3 | B11: 47.75 | C11: 38.522 | D11: 43.531518 | E11: 45.995517 | F11: 43.79342 | G11: 43.771695
A12: p203-3 | B12: 45.975 | C12: 33.3205 | D12: 42.062595 | E12: 46.516747 | F12: 43.322308 | G12: 45.208515
A13: p204-3 | B13: 41.583333 | C13: 36.7195 | D13: 40.87798 | E13: 43.531518 | F13: 40.639353 | G13: 43.053285
... A33: p408-3 | B33: 45.583333 | C33: 36.359 | D33: 40.119826 | E33: 42.751474 | F33: 42.529032 | G33: 39.728335
A34: p902-3 | D34: 46.516747 | E34: 50.850636 | F34: 50.79646 | G34: 52.165925
A35: p904-3 | B35: 47.041667 | C35: 53.972 | D35: 51.349977 | E35: 52.136973 | F35: 54.463583 | G35: 54.06754
A36: p906-3 | D36: 44.289671 | E36: 49.897793 | F36: 49.137931 | G36: 50.212915
A37: p908-3 | B37: 46.758333 | C37: 53.9205 | D37: 50.402285 | E37: 53.804447 | F37: 52.39645 | G37: 52.885455

Sheet ChlA
A1: CCID | B1: DOY176 | C1: DOY190 | D1: DOY217 | E1: DOY233 | F1: DOY241 | G1: DOY259
A2: p101-3 | B2: 46.335836 | C2: 33.809459 | D2: 51.795826 | E2: 60.703554 | F2: 42.906745 | G2: 55.238429
A3: p102-3 | B3: 44.578742 | C3: 36.374177 | D3: 47.567672 | E3: 53.999832 | F3: 47.362338 | G3: 45.181951
A4: p103-3 | B4: 46.408118 | C4: 37.41124 | D4: 48.148111 | E4: 56.136992 | F4: 49.704773 | G4: 52.610212
A5: p104-3 | B5: 44.397491 | C5: 30.710003 | D5: 41.889976 | E5: 50.361364 | F5: 44.395435 | G5: 38.753601
A6: p105-3 | B6: 42.328105 | C6: 33.130622 | D6: 38.906018 | E6: 49.477415 | F6: 37.371881 | G6: 35.857005
A7: p106-3 | B7: 42.363235 | C7: 28.498772 | D7: 35.645596 | E7: 54.327435 | F7: 47.663903 | G7: 49.329273
A8: p107-3 | B8: 44.827302 | C8: 34.431557 | D8: 34.274168 | E8: 52.13579 | F8: 41.163304 | G8: 39.735947
A9: p108-3 | B9: 48.210681 | C9: 30.369574 | D9: 39.454278 | E9: 60.675185 | F9: 49.396095 | G9: 53.843604
A10: p201-3 | B10: 44.065612 | C10: 31.342906 | D10: 54.076853 | E10: 48.473693 | F10: 37.343042 | G10: 35.167132
A11: p202-3 | B11: 49.996144 | C11: 36.136653 | D11: 50.46629 | E11: 53.495717 | F11: 44.489836 | G11: 51.507628
A12: p203-3 | B12: 45.720266 | C12: 29.094755 | D12: 48.628132 | E12: 56.066964 | F12: 47.311774 | G12: 52.664464
A13: p204-3 | B13: 49.265077 | C13: 33.015357 | D13: 47.750712 | E13: 50.291336 | F13: 41.617333 | G13: 50.3553
... A33: p408-3 | B33: 43.589635 | C33: 31.437028 | D33: 46.98226 | E33: 54.746675 | F33: 48.114182 | G33: 39.781649
A34: p902-3 | D34: 55.488778 | E34: 69.782426 | F34: 64.983229 | G34: 53.582683
A35: p904-3 | B35: 50.011455 | C35: 63.248221 | D35: 59.472183 | E35: 65.960918 | F35: 67.014009 | G35: 65.142955
A36: p906-3 | D36: 53.371204 | E36: 63.013647 | F36: 55.90833 | G36: 53.691652
A37: p908-3 | B37: 43.681735 | C37: 61.362339 | D37: 58.869671 | E37: 64.035631 | F37: 64.817312 | G37: 63.929381

Sheet Density
A1: CCID | B1: PLPD
A2: p101-1 | B2: 4.7982283
A3: p101-2 | B3: 5.4133858
A4: p101-3 | B4: 5.2903543
A5: p101-4 | B5: 4.9212598
A6: p101-5 | B6: 5.7824803
A7: p101-6 | B7: 4.9212598
A8: p102-1 | B8: 12.467192
A9: p102-2 | B9: 7.5459318
A10: p102-3 | B10: 6.0695538
A11: p102-4 | B11: 8.0380577
A12: p102-5 | B12: 9.8425197
A13: p102-6 | B13: 11.154856
... A217: p908-6 | B217: 12.467192

Sheet Develop
A1: CCID | B1: EDATE | C1: PLYRE | D1: PLDOE
A2: p101-1 | B2: 37736 | C2: 2003 | D2: 114.5
A3: p101-2 | B3: 37736 | C3: 2003 | D3: 114.53571
A4: p101-3 | B4: 37737 | C4: 2003 | D4: 116.43182
A5: p101-4 | B5: 37739 | C5: 2003 | D5: 117.75
A6: p101-5 | B6: 37739 | C6: 2003 | D6: 118.01562
A7: p101-6 | B7: 37736 | C7: 2003 | D7: 114.83333
A8: p102-1 | B8: 37736 | C8: 2003 | D8: 114.52778
A9: p102-2 | B9: 37738 | C9: 2003 | D9: 117
A10: p102-3 | B10: 37739 | C10: 2003 | D10: 118.08333
A11: p102-4 | B11: 37739 | C11: 2003 | D11: 118.23333
A12: p102-5 | B12: 37739 | C12: 2003 | D12: 118.13462
A13: p102-6 | B13: 37734 | C13: 2003 | D13: 113.25
... A17: p103-4 | B17: 37734 | C17: 2003 | D17: 113.1875
A18: p103-5
A19: p103-6
A20: p104-1 | B20: 37736 | C20: 2003 | D20: 115.27273
A21: p104-2 | B21: 37735 | C21: 2003 | D21: 114.125
A22: p104-3 | B22: 37736 | C22: 2003 | D22: 114.875
A23: p104-4 | B23: 37737 | C23: 2003 | D23: 116.3125
A24: p104-5 | B24: 37735 | C24: 2003 | D24: 114.45
A25: p104-6 | B25: 37735 | C25: 2003 | D25: 114.125
A26: p105-1 | B26: 37735 | C26: 2003 | D26: 113.75
A27: p105-2 | B27: 37736 | C27: 2003 | D27: 115
A28: p105-3 | B28: 37735 | C28: 2003 | D28: 114.10714
A29: p105-4 | B29: 37735 | C29: 2003 | D29: 114.27778
A30: p105-5 | B30: 37735 | C30: 2003 | D30: 113.59375
A31: p105-6 | B31: 37734 | C31: 2003 | D31: 112.8
... A37: p106-6 | B37: 37734 | C37: 2003 | D37: 113.4375
A38: p107-1
A39: p107-2 | B39: 37735 | C39: 2003 | D39: 113.54167
A40: p107-3 | B40: 37734 | C40: 2003 | D40: 112.5
A41: p107-4 | B41: 37734 | C41: 2003 | D41: 113.25
A42: p107-5 | B42: 37735 | C42: 2003 | D42: 113.58333
A43: p107-6 | B43: 37735 | C43: 2003 | D43: 114
A44: p108-1 | B44: 37733 | C44: 2003 | D44: 111.625
A45: p108-2 | B45: 37735 | C45: 2003 | D45: 114
A46: p108-3 | B46: 37736 | C46: 2003 | D46: 114.55
A47: p108-4 | B47: 37735 | C47: 2003 | D47: 114.34375
A48: p108-5 | B48: 37734 | C48: 2003 | D48: 112.75
A49: p108-6 | B49: 37734 | C49: 2003 | D49: 112.875
A50: p201-1 | B50: 37735 | C50: 2003 | D50: 114.10714
... A69: p204-2 | B69: 37733 | C69: 2003 | D69: 112.35714
A70: p204-3
A71: p204-4 | B71: 37733 | C71: 2003 | D71: 112.07143
A72: p204-5
A73: p204-6 | B73: 37734 | C73: 2003 | D73: 113.38889
A74: p205-1 | B74: 37735 | C74: 2003 | D74: 114.45
A75: p205-2 | B75: 37735 | C75: 2003 | D75: 113.65
A76: p205-3 | B76: 37735 | C76: 2003 | D76: 114.46875
A77: p205-4 | B77: 37736 | C77: 2003 | D77: 115.06818
A78: p205-5 | B78: 37735 | C78: 2003 | D78: 114.375
A79: p205-6 | B79: 37735 | C79: 2003 | D79: 114.3125
A80: p206-1 | B80: 37735 | C80: 2003 | D80: 113.96429
A81: p206-2 | B81: 37734 | C81: 2003 | D81: 112.625
A82: p206-3 | B82: 37733 | C82: 2003 | D82: 111.5
A83: p206-4 | B83: 37735 | C83: 2003 | D83: 113.60714
A84: p206-5 | B84: 37732 | C84: 2003 | D84: 111.16667
A85: p206-6 | B85: 37733 | C85: 2003 | D85: 111.66667
A86: p207-1
A87: p207-2 | B87: 37734 | C87: 2003 | D87: 113.08333
A88: p207-3 | B88: 37733 | C88: 2003 | D88: 112.16667
A89: p207-4 | B89: 37735 | C89: 2003 | D89: 113.91667
A90: p207-5 | B90: 37734 | C90: 2003 | D90: 112.5
A91: p207-6 | B91: 37735 | C91: 2003 | D91: 114.38636
A92: p208-1 | B92: 37733 | C92: 2003 | D92: 112
A93: p208-2 | B93: 37735 | C93: 2003 | D93: 113.825
A94: p208-3 | B94: 37736 | C94: 2003 | D94: 115.3
A95: p208-4 | B95: 37734 | C95: 2003 | D95: 113.25
A96: p208-5
A97: p208-6 | B97: 37735 | C97: 2003 | D97: 113.6875
A98: p301-1 | B98: 37738 | C98: 2003 | D98: 116.96154
A99: p301-2 | B99: 37737 | C99: 2003 | D99: 115.7
A100: p301-3 | B100: 37736 | C100: 2003 | D100: 114.83333
A101: p301-4 | B101: 37737 | C101: 2003 | D101: 116.3125
A102: p301-5 | B102: 37737 | C102: 2003 | D102: 115.97059
A103: p301-6 | B103: 37737 | C103: 2003 | D103: 115.92647
A104: p302-1 | B104: 37737 | C104: 2003 | D104: 116.07812
A105: p302-2 | B105: 37738 | C105: 2003 | D105: 116.5
A106: p302-3 | B106: 37738 | C106: 2003 | D106: 116.59375
A107: p302-4 | B107: 37738 | C107: 2003 | D107: 116.66071
A108: p302-5 | B108: 37737 | C108: 2003 | D108: 115.75
... A131: p306-4 | B131: 37736 | C131: 2003 | D131: 114.70833
A132: p306-5
A133: p306-6
A134: p307-1 | B134: 37733 | C134: 2003 | D134: 111.83333
A135: p307-2 | B135: 37733 | C135: 2003 | D135: 112
A136: p307-3 | B136: 37735 | C136: 2003 | D136: 113.5
A137: p307-4
A138: p307-5
A139: p307-6 | B139: 37734 | C139: 2003 | D139: 113.16667
A140: p308-1 | B140: 37733 | C140: 2003 | D140: 111.58333
A141: p308-2 | B141: 37733 | C141: 2003 | D141: 111.95833
A142: p308-3 | B142: 37734 | C142: 2003 | D142: 112.66667
A143: p308-4
A144: p308-5 | B144: 37733 | C144: 2003 | D144: 112.35
A145: p308-6 | B145: 37735 | C145: 2003 | D145: 113.96875
A146: p401-1 | B146: 37737 | C146: 2003 | D146: 115.70588
A147: p401-2 | B147: 37737 | C147: 2003 | D147: 116.4375
A148: p401-3 | B148: 37736 | C148: 2003 | D148: 115
...

Sheet PlotDevelop
A1: Plot | B1: EDATE | C1: PLYRE | D1: PLDOE
A2: p101 | B2: 37737 | C2: 2003 | D2: 116.01108
A3: p102 | B3: 37737 | C3: 2003 | D3: 116.53818
A4: p103 | B4: 37734 | C4: 2003 | D4: 113.00104
A5: p104 | B5: 37735 | C5: 2003 | D5: 114.86004
A6: p105 | B6: 37735 | C6: 2003 | D6: 113.92145
A7: p106 | B7: 37734 | C7: 2003 | D7: 113.49554
A8: p107 | B8: 37734 | C8: 2003 | D8: 113.375
A9: p108 | B9: 37734 | C9: 2003 | D9: 113.35729
A10: p201 | B10: 37735 | C10: 2003 | D10: 114.42024
A11: p202 | B11: 37736 | C11: 2003 | D11: 115.45627
A12: p203 | B12: 37734 | C12: 2003 | D12: 113.37029
A13: p204 | B13: 37733 | C13: 2003 | D13: 112.68874
... A37: p908 | B37: 37737 | C37: 2003 | D37: 115.93631

Sheet HgtDOY168
A1: FISE2003 Plant Cover and Heights
X2: Date: | Y2: 37789
B3: Comments: | J3: stacy measured,carrie wrote,suzette carried stick
X4: By: | Y4: sr,cob,sm
AT5: Legend
B6: Plot | C6: Acron | D6: Trt. | E6: Irrig. | F6: Pop. | G6: N | H6: Block | I6: Exotech Code | J6: Time | K6: Meas. | L6: Row 3 | N6: Row 4 | P6: Row 5 (Picture Row) | U6: Row 6 | W6: Row 7 | Y6: Row 8 | AA6: PictureRow Mean | AB6: Plot Mean | AC6: Plot SE | AT6: Irrigation
J7: Position ⇒ | L7: 25 cm | M7: 75 cm | N7: 25 cm | O7: 75 cm | P7: 0 cm | Q7: 25 cm | R7: 50 cm | S7: 75 cm | T7: 100 cm | U7: 25 cm | V7: 75 cm | W7: 25 cm | X7: 75 cm | Y7: 25 cm | Z7: 75 cm | AT7: Code | AU7: Schedule | AV7: notes
B8: Plot | C8: Acron | D8: Trt | E8: Irr | F8: Pop | G8: Nit | H8: Block | I8: ExotechCode | J8: Time | K8: Meas | L8: 3.25 | M8: 3.75 | N8: 4.25 | O8: 4.75 | P8: 5.00 | Q8: 5.25 | R8: 5.50 | S8: 5.75 | T8: 5.100 | U8: 6.25 | V8: 6.75 | W8: 7.25 | X8: 7.75 | Y8: 8.25 | Z8: 8.75 | AA8: PicRowMean | AB8: PlotMean | AC8: PlotSE
B9: 108 | C9: FTH | D9: 3 | E9: 1 | F9: 2 | G9: 2 | H9: 2 | I9: 122.2 | J9: 0.45138889 | K9: Cover | L9: 42 | N9: 46 | P9: 44 | Q9: 44 | R9: 41 | S9: 48 | T9: 47 | U9: 56 | W9: 56 | Y9: 39 | AA9: =AVERAGE(P9:U9) -> 46.666667 | AB9: =AVERAGE(AVERAGE(L9:M9),AVERAGE(N9:O9),AVERAGE(P9:U9),AVERAGE(U9:V9),AVERAGE(W9:X9),AVERAGE(Y9:Z9)) -> 47.611111 | AC9: =STDEV(AVERAGE(L9:M9),AVERAGE(N9:O9),AVERAGE(P9:U9),AVERAGE(U9:V9),AVERAGE(W9:X9),AVERAGE(Y9:Z9))/SQRT(6) -> 2.8860028 | AT9: 1 | AU9: FAO
B10: 108 | C10: FTH | D10: 3 | E10: 1 | F10: 2 | G10: 2 | H10: 2 | I10: 122.2 | K10: Height | L10: 41 | N10: 37 | P10: 32 | Q10: 32 | R10: 35 | S10: 39 | T10: 40 | U10: 36.5 | W10: 36.5 | Y10: 45 | AA10: =AVERAGE(P10:U10) -> 35.75 | AB10: =AVERAGE(AVERAGE(L10:M10),AVERAGE(N10:O10),AVERAGE(P10:U10),AVERAGE(U10:V10),AVERAGE(W10:X10),AVERAGE(Y10:Z10)) -> 38.625 | AC10: =STDEV(AVERAGE(L10:M10),AVERAGE(N10:O10),AVERAGE(P10:U10),AVERAGE(U10:V10),AVERAGE(W10:X10),AVERAGE(Y10:Z10))/SQRT(6) -> 1.4856957 | AT10: 2 | AU10: NDVI
B11: =B9-1 -> 107 | C11: NTL | D11: 10 | E11: 2 | F11: 2 | G11: 1 | H11: 2 | I11: 221.2 | K11: Cover | L11: 45 | N11: 50 | P11: 52 | Q11: 42 | R11: 45 | S11: 50 | T11: 59 | U11: 48 | W11: 48 | Y11: 49 | AA11: =AVERAGE(P11:U11) -> 49.333333 | AB11: =AVERAGE(AVERAGE(L11:M11),AVERAGE(N11:O11),AVERAGE(P11:U11),AVERAGE(U11:V11),AVERAGE(W11:X11),AVERAGE(Y11:Z11)) -> 48.222222 | AC11: =STDEV(AVERAGE(L11:M11),AVERAGE(N11:O11),AVERAGE(P11:U11),AVERAGE(U11:V11),AVERAGE(W11:X11),AVERAGE(Y11:Z11))/SQRT(6) -> 0.71836577 | AT11: 3 | AU11: None>1Jun | AV11: ad hoc
B12: =B10-1 -> 107 | C12: NTL | D12: 10 | E12: 2 | F12: 2 | G12: 1 | H12: 2 | I12: 221.2 | K12: Height | L12: 35 | N12: 47 | P12: 32 | Q12: 32 | R12: 29 | S12: 31 | T12: 32 | U12: 42 | W12: 42 | Y12: 34 | AA12: =AVERAGE(P12:U12) -> 33 | AB12: =AVERAGE(AVERAGE(L12:M12),AVERAGE(N12:O12),AVERAGE(P12:U12),AVERAGE(U12:V12),AVERAGE(W12:X12),AVERAGE(Y12:Z12)) -> 38.833333 | AC12: =STDEV(AVERAGE(L12:M12),AVERAGE(N12:O12),AVERAGE(P12:U12),AVERAGE(U12:V12),AVERAGE(W12:X12),AVERAGE(Y12:Z12))/SQRT(6) -> 2.300966 | AT12: 4 | AU12: None>15Jul | AV12: ad hoc
B13: =B11-1 -> 106 | C13: NTH | D13: 9 | E13: 2 | F13: 2 | G13: 2 | H13: 2 | I13: 222.2 | K13: Cover | L13: 50 | N13: 42 | P13: 59 | Q13: 44 | R13: 40 | S13: 52 | T13: 52 | U13: 45 | W13: 45 | Y13: 42 | AA13: =AVERAGE(P13:U13) -> 48.666667 | AB13: =AVERAGE(AVERAGE(L13:M13),AVERAGE(N13:O13),AVERAGE(P13:U13),AVERAGE(U13:V13),AVERAGE(W13:X13),AVERAGE(Y13:Z13)) -> 45.444444 | AC13: =STDEV(AVERAGE(L13:M13),AVERAGE(N13:O13),AVERAGE(P13:U13),AVERAGE(U13:V13),AVERAGE(W13:X13),AVERAGE(Y13:Z13))/SQRT(6) -> 1.3571939 | AT13: 8 | AU13: Dry Soil | AV13: never
B14: =B12-1 -> 106 | C14: NTH | D14: 9 | E14: 2 | F14: 2 | G14: 2 | H14: 2 | I14: 222.2 | K14: Height | L14: 37 | N14: 42 | P14: 38 | Q14: 33 | R14: 25 | S14: 37 | T14: 34 | U14: 40 | W14: 40 | Y14: 37.5 | AA14: =AVERAGE(P14:U14) -> 34.5 | AB14: =AVERAGE(AVERAGE(L14:M14),AVERAGE(N14:O14),AVERAGE(P14:U14),AVERAGE(U14:V14),AVERAGE(W14:X14),AVERAGE(Y14:Z14)) -> 38.5 | AC14: =STDEV(AVERAGE(L14:M14),AVERAGE(N14:O14),AVERAGE(P14:U14),AVERAGE(U14:V14),AVERAGE(W14:X14),AVERAGE(Y14:Z14))/SQRT(6) -> 1.0954451 | AT14: 9 | AU14: Wet Soil | AV14: often
B15: =B13-1 -> 105 | C15: NDL | D15: 12 | E15: 2 | F15: 3 | G15: 1 | H15: 2 | I15: 231.2 | K15: Cover | L15: 68 | N15: 67 | P15: 70 | Q15: 72 | R15: 73 | U15: 60 | W15: 60 | Y15: 68 | AA15: =AVERAGE(P15:U15) -> 68.75 | AB15: =AVERAGE(AVERAGE(L15:M15),AVERAGE(N15:O15),AVERAGE(P15:U15),AVERAGE(U15:V15),AVERAGE(W15:X15),AVERAGE(Y15:Z15)) -> 65.291667 | AC15: =STDEV(AVERAGE(L15:M15),AVERAGE(N15:O15),AVERAGE(P15:U15),AVERAGE(U15:V15),AVERAGE(W15:X15),AVERAGE(Y15:Z15))/SQRT(6) -> 1.6887084
B16: =B14-1 -> 105 | C16: NDL | D16: 12 | E16: 2 | F16: 3 | G16: 1 | H16: 2 | I16: 231.2 | K16: Height | L16: 34 | N16: 38 | P16: 38 | Q16: 33 | R16: 32 | U16: 35.5 | W16: 35.5 | Y16: 32 | AA16: =AVERAGE(P16:U16) -> 34.625 | AB16: =AVERAGE(AVERAGE(L16:M16),AVERAGE(N16:O16),AVERAGE(P16:U16),AVERAGE(U16:V16),AVERAGE(W16:X16),AVERAGE(Y16:Z16)) -> 34.9375 | AC16: =STDEV(AVERAGE(L16:M16),AVERAGE(N16:O16),AVERAGE(P16:U16),AVERAGE(U16:V16),AVERAGE(W16:X16),AVERAGE(Y16:Z16))/SQRT(6) -> 0.8086447 | AT16: Population
B17: =B15-1 -> 104 | C17: NTL | D17: 10 | E17: 2 | F17: 2 | G17: 1 | H17: 1 | I17: 221.1 | K17: Cover | L17: 45 | N17: 60 | P17: 56 | Q17: 45 | R17: 53 | S17: 60 | T17: 41 | U17: 49 | W17: 49 | Y17: 49 | AA17: =AVERAGE(P17:U17) -> 50.666667 | AB17: =AVERAGE(AVERAGE(L17:M17),AVERAGE(N17:O17),AVERAGE(P17:U17),AVERAGE(U17:V17),AVERAGE(W17:X17),AVERAGE(Y17:Z17)) -> 50.444444 | AC17: =STDEV(AVERAGE(L17:M17),AVERAGE(N17:O17),AVERAGE(P17:U17),AVERAGE(U17:V17),AVERAGE(W17:X17),AVERAGE(Y17:Z17))/SQRT(6) -> 2.0596056 | AT17: Code | AU17: no./meter | AV17: lines/bed
B18: =B16-1 -> 104 | C18: NTL | D18: 10 | E18: 2 | F18: 2 | G18: 1 | H18: 1 | I18: 221.1 | K18: Height | L18: 36 | N18: 40 | P18: 37.5 | Q18: 29 | R18: 30 | S18: 45 | T18: 37 | U18: 35 | W18: 35 | Y18: 38 | AA18: =AVERAGE(P18:U18) -> 35.583333 | AB18: =AVERAGE(AVERAGE(L18:M18),AVERAGE(N18:O18),AVERAGE(P18:U18),AVERAGE(U18:V18),AVERAGE(W18:X18),AVERAGE(Y18:Z18)) -> 36.597222 | AC18: =STDEV(AVERAGE(L18:M18),AVERAGE(N18:O18),AVERAGE(P18:U18),AVERAGE(U18:V18),AVERAGE(W18:X18),AVERAGE(Y18:Z18))/SQRT(6) -> 0.81718143 | AT18: 0 | AU18: 0 | AV18: na
B19: =B17-1 -> 103 | C19: FDH | D19: 5 | E19: 1 | F19: 3 | G19: 2 | H19: 1 | I19: 132.1 | K19: Cover | L19: 70 | N19: 71 | P19: 67 | Q19: 70 | R19: 61 | S19: 66 | T19: 65 | U19: 63 | W19: 63 | Y19: 60 | AA19: =AVERAGE(P19:U19) -> 65.333333 | AB19: =AVERAGE(AVERAGE(L19:M19),AVERAGE(N19:O19),AVERAGE(P19:U19),AVERAGE(U19:V19),AVERAGE(W19:X19),AVERAGE(Y19:Z19)) -> 65.388889 | AC19: =STDEV(AVERAGE(L19:M19),AVERAGE(N19:O19),AVERAGE(P19:U19),AVERAGE(U19:V19),AVERAGE(W19:X19),AVERAGE(Y19:Z19))/SQRT(6) -> 1.7626089 | AT19: 1 | AU19: 5 | AV19: Single
B20: =B18-1 -> 103 | C20: FDH | D20: 5 | E20: 1 | F20: 3 | G20: 2 | H20: 1 | I20: 132.1 | K20: Height | L20: 35 | N20: 35 | P20: 39 | Q20: 38 | R20: 37 | S20: 36 | T20: 42 | U20: 34 | W20: 34 | Y20: 38 | AA20: =AVERAGE(P20:U20) -> 37.666667 | AB20: =AVERAGE(AVERAGE(L20:M20),AVERAGE(N20:O20),AVERAGE(P20:U20),AVERAGE(U20:V20),AVERAGE(W20:X20),AVERAGE(Y20:Z20)) -> 35.611111 | AC20: =STDEV(AVERAGE(L20:M20),AVERAGE(N20:O20),AVERAGE(P20:U20),AVERAGE(U20:V20),AVERAGE(W20:X20),AVERAGE(Y20:Z20))/SQRT(6) -> 0.72733235 | AT20: 2 | AU20: 10 | AV20: Single
B21: =B19-1 -> 102 | C21: FTL | D21: 4 | E21: 1 | F21: 2 | G21: 1 | H21: 1 | I21: 121.1 | K21: Cover | L21: 46 | N21: 45 | P21: 37 | Q21: 40 | R21: 25 | S21: 0 | T21: 32 | U21: 38 | W21: 38 | Y21: 51 | AA21: =AVERAGE(P21:U21) -> 28.666667 | AB21: =AVERAGE(AVERAGE(L21:M21),AVERAGE(N21:O21),AVERAGE(P21:U21),AVERAGE(U21:V21),AVERAGE(W21:X21),AVERAGE(Y21:Z21)) -> 41.111111 | AC21: =STDEV(AVERAGE(L21:M21),AVERAGE(N21:O21),AVERAGE(P21:U21),AVERAGE(U21:V21),AVERAGE(W21:X21),AVERAGE(Y21:Z21))/SQRT(6) -> 3.2199226 | AT21: 3 | AU21: 20 | AV21: Double
B22: =B20-1 -> 102 | C22: FTL | D22: 4 | E22: 1 | F22: 2 | G22: 1 | H22: 1 | I22: 121.1 | K22: Height | L22: 34 | N22: 32 | P22: 31 | Q22: 31 | R22: 17 | S22: 0 | T22: 20 | U22: 33 | W22: 33 | Y22: 32 | AA22: =AVERAGE(P22:U22) -> 22 | AB22: =AVERAGE(AVERAGE(L22:M22),AVERAGE(N22:O22),AVERAGE(P22:U22),AVERAGE(U22:V22),AVERAGE(W22:X22),AVERAGE(Y22:Z22)) -> 31 | AC22: =STDEV(AVERAGE(L22:M22),AVERAGE(N22:O22),AVERAGE(P22:U22),AVERAGE(U22:V22),AVERAGE(W22:X22),AVERAGE(Y22:Z22))/SQRT(6) -> 1.8257419
B23: =B21-1 -> 101 | C23: FSH | D23: 1 | E23: 1 | F23: 1 | G23: 2 | H23: 1 | I23: 112.1 | K23: Cover | L23: 39 | N23: 53 | P23: 40 | Q23: 38 | R23: 41 | S23: 43 | T23: 52 | U23: 35 | W23: 35 | Y23: 44 | AA23: =AVERAGE(P23:U23) -> 41.5 | AB23: =AVERAGE(AVERAGE(L23:M23),AVERAGE(N23:O23),AVERAGE(P23:U23),AVERAGE(U23:V23),AVERAGE(W23:X23),AVERAGE(Y23:Z23)) -> 41.25 | AC23: =STDEV(AVERAGE(L23:M23),AVERAGE(N23:O23),AVERAGE(P23:U23),AVERAGE(U23:V23),AVERAGE(W23:X23),AVERAGE(Y23:Z23))/SQRT(6) -> 2.7620946 | AT23: Nitrogen
B24: =B22-1 -> 101 | C24: FSH | D24: 1 | E24: 1 | F24: 1 | G24: 2 | H24: 1 | I24: 112.1 | K24: Height | L24: 35 | N24: 35 | P24: 33 | Q24: 30 | R24: 34 | S24: 26 | T24: 33 | U24: 26 | W24: 26 | Y24: 32 | AA24: =AVERAGE(P24:U24) -> 30.333333 | AB24: =AVERAGE(AVERAGE(L24:M24),AVERAGE(N24:O24),AVERAGE(P24:U24),AVERAGE(U24:V24),AVERAGE(W24:X24),AVERAGE(Y24:Z24)) -> 30.722222 | AC24: =STDEV(AVERAGE(L24:M24),AVERAGE(N24:O24),AVERAGE(P24:U24),AVERAGE(U24:V24),AVERAGE(W24:X24),AVERAGE(Y24:Z24))/SQRT(6) -> 1.6631444 | AT24: Code | AU24: Descript | AV24: kg N/ha
B25: =B23+100 -> 201 | C25: NDL | D25: 12 | E25: 2 | F25: 3 | G25: 1 | H25: 1 | I25: 231.1 | J25: 0.46666667 | K25: Cover | L25: 69 | N25: 74 | O25: wet | P25: 71 | Q25: 70 | R25: 69 | U25: 65 | W25: 65 | Y25: 61 | AA25: =AVERAGE(P25:U25) -> 68.75 | AB25: =AVERAGE(AVERAGE(L25:M25),AVERAGE(N25:O25),AVERAGE(P25:U25),AVERAGE(U25:V25),AVERAGE(W25:X25),AVERAGE(Y25:Z25)) -> 67.125 | AC25: =STDEV(AVERAGE(L25:M25),AVERAGE(N25:O25),AVERAGE(P25:U25),AVERAGE(U25:V25),AVERAGE(W25:X25),AVERAGE(Y25:Z25))/SQRT(6) -> 1.8254566 | AT25: 1 | AU25: Low | AV25: 0
B26: =B24+100 -> 201 | C26: NDL | D26: 12 | E26: 2 | F26: 3 | G26: 1 | H26: 1 | I26: 231.1 | K26: Height | L26: 38 | N26: 38 | O26: 0.51527778 | P26: 31 | Q26: 38 | R26: 33 | U26: 42 | W26: 42 | Y26: 37 | AA26: =AVERAGE(P26:T26) -> 34 | AB26: =AVERAGE(AVERAGE(L26:M26),AVERAGE(N26:O26),AVERAGE(P26:T26),AVERAGE(U26:V26),AVERAGE(W26:X26),AVERAGE(Y26:Z26)) -> 35.376273 | AC26: =STDEV(AVERAGE(L26:M26),AVERAGE(N26:O26),AVERAGE(P26:T26),AVERAGE(U26:V26),AVERAGE(W26:X26),AVERAGE(Y26:Z26))/SQRT(6) -> 3.4591543 | AT26: 2 | AU26: High | AV26: 150
B27: =B25+1 -> 202 | C27: NTH | D27: 9 | E27: 2 | F27: 2 | G27: 2 | H27: 1 | I27: 222.1 | K27: Cover | L27: 44 | N27: 50 | P27: 47 | Q27: 51 | R27: 51 | S27: 45 | T27: 58 | U27: 53 | W27: 53 | Y27: 49 | AA27: =AVERAGE(P27:U27) -> 50.833333 | AB27: =AVERAGE(AVERAGE(L27:M27),AVERAGE(N27:O27),AVERAGE(P27:U27),AVERAGE(U27:V27),AVERAGE(W27:X27),AVERAGE(Y27:Z27)) -> 49.972222 | AC27: =STDEV(AVERAGE(L27:M27),AVERAGE(N27:O27),AVERAGE(P27:U27),AVERAGE(U27:V27),AVERAGE(W27:X27),AVERAGE(Y27:Z27))/SQRT(6) -> 1.362471
B28: =B26+1 -> 202 | C28: NTH | D28: 9 | E28: 2 | F28: 2 | G28: 2 | H28: 1 | I28: 222.1 | K28: Height | L28: 40 | N28: 35 | P28: 28 | Q28: 30 | R28: 27 | S28: 38 | T28: 33 | U28: 41 | W28: 41 | Y28: 41 | AA28: =AVERAGE(P28:U28) -> 32.833333 | AB28: =AVERAGE(AVERAGE(L28:M28),AVERAGE(N28:O28),AVERAGE(P28:U28),AVERAGE(U28:V28),AVERAGE(W28:X28),AVERAGE(Y28:Z28)) -> 38.472222 | AC28: =STDEV(AVERAGE(L28:M28),AVERAGE(N28:O28),AVERAGE(P28:U28),AVERAGE(U28:V28),AVERAGE(W28:X28),AVERAGE(Y28:Z28))/SQRT(6) -> 1.475991
B29: =B27+1 -> 203 | C29: FTH | D29: 3 | E29: 1 | F29: 2 | G29: 2 | H29: 1 | I29: 122.1 | K29: Cover | L29: 41 | N29: 59 | P29: 55 | Q29: 53 | R29: 53 | S29: 48 | T29: 43 | U29: 56 | W29: 56 | Y29: 50 | AA29: =AVERAGE(P29:U29) -> 51.333333 | AB29: =AVERAGE(AVERAGE(L29:M29),AVERAGE(N29:O29),AVERAGE(P29:U29),AVERAGE(U29:V29),AVERAGE(W29:X29),AVERAGE(Y29:Z29)) -> 52.222222 | AC29: =STDEV(AVERAGE(L29:M29),AVERAGE(N29:O29),AVERAGE(P29:U29),AVERAGE(U29:V29),AVERAGE(W29:X29),AVERAGE(Y29:Z29))/SQRT(6) -> 2.6213746
B30: =B28+1 -> 203 | C30: FTH | D30: 3 | E30: 1 | F30: 2 | G30: 2 | H30: 1 | I30: 122.1 | K30: Height | L30: 27.5 | N30: 35 | P30: 38 | Q30: 42 | R30: 40 | S30: 36 | T30: 37 | U30: 46 | W30: 46 | Y30: 32 | AA30: =AVERAGE(P30:U30) -> 39.833333 | AB30: =AVERAGE(AVERAGE(L30:M30),AVERAGE(N30:O30),AVERAGE(P30:U30),AVERAGE(U30:V30),AVERAGE(W30:X30),AVERAGE(Y30:Z30)) -> 37.722222 | AC30: =STDEV(AVERAGE(L30:M30),AVERAGE(N30:O30),AVERAGE(P30:U30),AVERAGE(U30:V30),AVERAGE(W30:X30),AVERAGE(Y30:Z30))/SQRT(6) -> 3.0884092
B31: =B29+1 -> 204 | C31: NDH | D31: 11 | E31: 2 | F31: 3 | G31: 2 | H31: 1 | I31: 232.1 | K31: Cover | L31: 72 | N31: 73 | O31: wet | P31: 78 | Q31: 71 | R31: 61 | U31: 46 | W31: 69 | Y31: 77 | AA31: =AVERAGE(P31:U31) -> 64 | AB31: =AVERAGE(AVERAGE(L31:M31),AVERAGE(N31:O31),AVERAGE(P31:U31),AVERAGE(U31:V31),AVERAGE(W31:X31),AVERAGE(Y31:Z31)) -> 66.833333 | AC31: =STDEV(AVERAGE(L31:M31),AVERAGE(N31:O31),AVERAGE(P31:U31),AVERAGE(U31:V31),AVERAGE(W31:X31),AVERAGE(Y31:Z31))/SQRT(6) -> 4.527079
B32: =B30+1 -> 204 | C32: NDH | D32: 11 | E32: 2 | F32: 3 | G32: 2 | H32: 1 | I32: 232.1 | K32: Height | L32: 41 | N32: 38 | P32: 30 | Q32: 34 | R32: 30 | U32: 69 | W32: 43 | Y32: 43 | AA32: =AVERAGE(P32:U32) -> 40.75 | AB32: =AVERAGE(AVERAGE(L32:M32),AVERAGE(N32:O32),AVERAGE(P32:U32),AVERAGE(U32:V32),AVERAGE(W32:X32),AVERAGE(Y32:Z32)) -> 45.791667 | AC32: =STDEV(AVERAGE(L32:M32),AVERAGE(N32:O32),AVERAGE(P32:U32),AVERAGE(U32:V32),AVERAGE(W32:X32),AVERAGE(Y32:Z32))/SQRT(6) -> 4.7021346
B33: =B31+1 -> 205 | C33: FSH | D33: 1 | E33: 1 | F33: 1 | G33: 2 | H33: 2 | I33: 112.2 | K33: Cover | L33: 38 | N33: 41 | P33: 35 | Q33: 51 | R33: 52 | S33: 36 | T33: 49 | U33: 38 | W33: 59 | Y33: 48 | AA33: =AVERAGE(P33:U33) -> 43.5 | AB33: =AVERAGE(AVERAGE(L33:M33),AVERAGE(N33:O33),AVERAGE(P33:U33),AVERAGE(U33:V33),AVERAGE(W33:X33),AVERAGE(Y33:Z33)) -> 44.583333 | AC33: =STDEV(AVERAGE(L33:M33),AVERAGE(N33:O33),AVERAGE(P33:U33),AVERAGE(U33:V33),AVERAGE(W33:X33),AVERAGE(Y33:Z33))/SQRT(6) -> 3.2670493
B34: =B32+1 -> 205 | C34: FSH | D34: 1 | E34: 1 | F34: 1 | G34: 2 | H34: 2 | I34: 112.2 | K34: Height | L34: 27 | N34: 38 | P34: 29 | Q34: 28 | R34: 32 | S34: 31 | T34: 36 | U34: 26 | W34: 43 | Y34: 33 | AA34: =AVERAGE(P34:U34) -> 30.333333 | AB34: =AVERAGE(AVERAGE(L34:M34),AVERAGE(N34:O34),AVERAGE(P34:U34),AVERAGE(U34:V34),AVERAGE(W34:X34),AVERAGE(Y34:Z34)) -> 32.888889 | AC34: =STDEV(AVERAGE(L34:M34),AVERAGE(N34:O34),AVERAGE(P34:U34),AVERAGE(U34:V34),AVERAGE(W34:X34),AVERAGE(Y34:Z34))/SQRT(6) -> 2.6897152
B35: =B33+1 -> 206 | C35: NSL | D35: 8 | E35: 2 | F35: 1 | G35: 1 | H35: 2 | I35: 211.2 | K35: Cover | L35: 33 | N35: 39 | O35: wet | P35: 35 | Q35: 44 | R35: 46 | U35: 48 | W35: 42 | Y35: 41 | AA35: =AVERAGE(P35:U35) -> 43.25 | AB35: =AVERAGE(AVERAGE(L35:M35),AVERAGE(N35:O35),AVERAGE(P35:U35),AVERAGE(U35:V35),AVERAGE(W35:X35),AVERAGE(Y35:Z35)) -> 41.041667 | AC35: =STDEV(AVERAGE(L35:M35),AVERAGE(N35:O35),AVERAGE(P35:U35),AVERAGE(U35:V35),AVERAGE(W35:X35),AVERAGE(Y35:Z35))/SQRT(6) -> 2.0252743
B36: =B34+1 -> 206 | C36: NSL | D36: 8 | E36: 2 | F36: 1 | G36: 1 | H36: 2 | I36: 211.2 | K36: Height | L36: 28 | N36: 32 | P36: 25 | Q36: 32 | R36: 41 | U36: 34 | W36: 36 | Y36: 30 | AA36: =AVERAGE(P36:U36) -> 33 | AB36: =AVERAGE(AVERAGE(L36:M36),AVERAGE(N36:O36),AVERAGE(P36:U36),AVERAGE(U36:V36),AVERAGE(W36:X36),AVERAGE(Y36:Z36)) -> 32.166667 | AC36: =STDEV(AVERAGE(L36:M36),AVERAGE(N36:O36),AVERAGE(P36:U36),AVERAGE(U36:V36),AVERAGE(W36:X36),AVERAGE(Y36:Z36))/SQRT(6) -> 1.1666667
B37: =B35+1 -> 207 | C37: FTL | D37: 4 | E37: 1 | F37: 2 | G37: 1 | H37: 2 | I37: 121.2 | K37: Cover | L37: 54 | N37: 55 | P37: 60 | Q37: 49 | R37: 53 | S37: 50 | T37: 53 | U37: 62 | W37: 53 | Y37: 58 | AA37: =AVERAGE(P37:U37) -> 54.5 | AB37: =AVERAGE(AVERAGE(L37:M37),AVERAGE(N37:O37),AVERAGE(P37:U37),AVERAGE(U37:V37),AVERAGE(W37:X37),AVERAGE(Y37:Z37)) -> 56.083333 | AC37: =STDEV(AVERAGE(L37:M37),AVERAGE(N37:O37),AVERAGE(P37:U37),AVERAGE(U37:V37),AVERAGE(W37:X37),AVERAGE(Y37:Z37))/SQRT(6) -> 1.3687991
B38: =B36+1 -> 207 | C38: FTL | D38: 4 | E38: 1 | F38: 2 | G38: 1 | H38: 2 | I38: 121.2 | K38: Height | L38: 38 | N38: 43 | P38: 36 | Q38: 33 | R38: 38 | S38: 39 | T38: 38 | U38: 46 | W38: 42 | Y38: 41 | AA38: =AVERAGE(P38:U38) -> 38.333333 | AB38: =AVERAGE(AVERAGE(L38:M38),AVERAGE(N38:O38),AVERAGE(P38:U38),AVERAGE(U38:V38),AVERAGE(W38:X38),AVERAGE(Y38:Z38)) -> 41.388889 | AC38: =STDEV(AVERAGE(L38:M38),AVERAGE(N38:O38),AVERAGE(P38:U38),AVERAGE(U38:V38),AVERAGE(W38:X38),AVERAGE(Y38:Z38))/SQRT(6) -> 1.2275138
B39: =B37+1 -> 208 | C39: FSL | D39: 2 | E39: 1 | F39: 1 | G39: 1 | H39: 2 | I39: 111.2 | K39: Cover | L39: 41 | N39: 47 | P39: 37 | Q39: 0 | R39: 36 | S39: 22 | T39: 19 | U39: 44 | W39: 40 | Y39: 39 | AA39: =AVERAGE(P39:U39) -> 26.333333 | AB39: =AVERAGE(AVERAGE(L39:M39),AVERAGE(N39:O39),AVERAGE(P39:U39),AVERAGE(U39:V39),AVERAGE(W39:X39),AVERAGE(Y39:Z39)) -> 39.555556 | AC39: =STDEV(AVERAGE(L39:M39),AVERAGE(N39:O39),AVERAGE(P39:U39),AVERAGE(U39:V39),AVERAGE(W39:X39),AVERAGE(Y39:Z39))/SQRT(6) -> 2.9016811
B40: =B38+1 -> 208 | C40: FSL | D40: 2 | E40: 1 | F40: 1 | G40: 1 | H40: 2 | I40: 111.2 | K40: Height | L40: 29 | N40: 36 | P40: 29 | Q40: 0 | R40: 26 | S40: 18 | T40: 13 | U40: 32 | W40: 41 | Y40: 28 | AA40: =AVERAGE(P40:U40) -> 19.666667 | AB40: =AVERAGE(AVERAGE(L40:M40),AVERAGE(N40:O40),AVERAGE(P40:U40),AVERAGE(U40:V40),AVERAGE(W40:X40),AVERAGE(Y40:Z40)) -> 30.944444 | AC40: =STDEV(AVERAGE(L40:M40),AVERAGE(N40:O40),AVERAGE(P40:U40),AVERAGE(U40:V40),AVERAGE(W40:X40),AVERAGE(Y40:Z40))/SQRT(6) -> 2.9856653
B41: =B39+700 -> 908 | C41: Early | D41: 21 | E41: 3 | F41: 2 | G41: 2 | H41: 2 | I41: 322.2 | J41: 0.48611111 | K41: Cover | L41: 36 | N41: 34 | P41: 43 | Q41: 39 | R41: 35 | S41: 46 | T41: 45 | U41: 45 | W41: 38 | Y41: 49 | AA41: =AVERAGE(P41:U41) -> 42.166667 | AB41: =AVERAGE(AVERAGE(L41:M41),AVERAGE(N41:O41),AVERAGE(P41:U41),AVERAGE(U41:V41),AVERAGE(W41:X41),AVERAGE(Y41:Z41)) -> 40.694444 | AC41: =STDEV(AVERAGE(L41:M41),AVERAGE(N41:O41),AVERAGE(P41:U41),AVERAGE(U41:V41),AVERAGE(W41:X41),AVERAGE(Y41:Z41))/SQRT(6) -> 2.3366709
B42: =B40+700 -> 908 | C42: Early | D42: 21 | E42: 3 | F42: 2 | G42: 2 | H42: 2 | I42: 322.2 | K42: Height | L42: 27.5 | N42: 24 | P42: 33 | Q42: 32.5 | R42: 33.5 | S42: 38.5 | T42: 36 | U42: 35 | W42: 31 | Y42: 34 | AA42: =AVERAGE(P42:U42) -> 34.75 | AB42: =AVERAGE(AVERAGE(L42:M42),AVERAGE(N42:O42),AVERAGE(P42:U42),AVERAGE(U42:V42),AVERAGE(W42:X42),AVERAGE(Y42:Z42)) -> 31.041667 | AC42: =STDEV(AVERAGE(L42:M42),AVERAGE(N42:O42),AVERAGE(P42:U42),AVERAGE(U42:V42),AVERAGE(W42:X42),AVERAGE(Y42:Z42))/SQRT(6) -> 1.8284974
B43: 906 | C43: Late | D43: 22 | E43: 4 | F43: 2 | G43: 2 | H43: 2 | I43: 422.2 | K43: Cover | L43: 44 | N43: 44 | P43: 47 | Q43: 47 | R43: 42 | S43: 50 | T43: 45 | U43: 49 | W43: 44 | Y43: 44 | AA43: =AVERAGE(P43:U43) -> 46.666667 | AB43: =AVERAGE(AVERAGE(L43:M43),AVERAGE(N43:O43),AVERAGE(P43:U43),AVERAGE(U43:V43),AVERAGE(W43:X43),AVERAGE(Y43:Z43)) -> 45.277778 | AC43: =STDEV(AVERAGE(L43:M43),AVERAGE(N43:O43),AVERAGE(P43:U43),AVERAGE(U43:V43),AVERAGE(W43:X43),AVERAGE(Y43:Z43))/SQRT(6) -> 0.86245415
B44: 906 | C44: Late | D44: 22 | E44: 4 | F44: 2 | G44: 2 | H44: 2 | I44: 422.2 | K44: Height | L44: 33 | N44: 37 | P44: 34 | Q44: 22 | R44: 30 | S44: 33 | T44: 38 | U44: 38 | W44: 37 | Y44: 33 | AA44: =AVERAGE(P44:U44) -> 32.5 | AB44: =AVERAGE(AVERAGE(L44:M44),AVERAGE(N44:O44),AVERAGE(P44:U44),AVERAGE(U44:V44),AVERAGE(W44:X44),AVERAGE(Y44:Z44)) -> 35.083333 | AC44: =STDEV(AVERAGE(L44:M44),AVERAGE(N44:O44),AVERAGE(P44:U44),AVERAGE(U44:V44),AVERAGE(W44:X44),AVERAGE(Y44:Z44))/SQRT(6) -> 1.0199401
B45: 904 | C45: Early | D45: 21 | E45: 3 | F45: 2 | G45: 2 | H45: 1 | I45: 322.1 | K45: Cover | L45: 57 | N45: 56 | P45: 39 | Q45: 44 | R45: 51 | S45: 43 | T45: 43 | U45: 41 | W45: 44 | Y45: 45 | AA45: =AVERAGE(P45:U45) -> 43.5 | AB45: =AVERAGE(AVERAGE(L45:M45),AVERAGE(N45:O45),AVERAGE(P45:U45),AVERAGE(U45:V45),AVERAGE(W45:X45),AVERAGE(Y45:Z45)) -> 47.75 | AC45: =STDEV(AVERAGE(L45:M45),AVERAGE(N45:O45),AVERAGE(P45:U45),AVERAGE(U45:V45),AVERAGE(W45:X45),AVERAGE(Y45:Z45))/SQRT(6) -> 2.8217902
B46: 904 | C46: Early | D46: 21 | E46: 3 | F46: 2 | G46: 2 | H46: 1 | I46: 322.1 | K46: Height | L46: 38 | N46: 40 | P46: 33 | Q46: 33 | R46: 37 | S46: 29 | T46: 25 | U46: 30 | W46: 33 | Y46: 30 | AA46: =AVERAGE(P46:U46) -> 31.166667 | AB46: =AVERAGE(AVERAGE(L46:M46),AVERAGE(N46:O46),AVERAGE(P46:U46),AVERAGE(U46:V46),AVERAGE(W46:X46),AVERAGE(Y46:Z46)) -> 33.694444 | AC46: =STDEV(AVERAGE(L46:M46),AVERAGE(N46:O46),AVERAGE(P46:U46),AVERAGE(U46:V46),AVERAGE(W46:X46),AVERAGE(Y46:Z46))/SQRT(6) -> 1.7556347
B47: 902 | C47: Late | D47: 22 | E47: 4 | F47: 2 | G47: 2 | H47: 1 | I47: 422.1 | K47: Cover | L47: 44 | N47: 50 | P47: 53 | Q47: 48 | R47: 51 | S47: 46 | T47: 50 | U47: 50 | W47: 41 | Y47: 49 | AA47: =AVERAGE(P47:U47) -> 49.666667 | AB47: =AVERAGE(AVERAGE(L47:M47),AVERAGE(N47:O47),AVERAGE(P47:U47),AVERAGE(U47:V47),AVERAGE(W47:X47),AVERAGE(Y47:Z47)) -> 47.277778 | AC47: =STDEV(AVERAGE(L47:M47),AVERAGE(N47:O47),AVERAGE(P47:U47),AVERAGE(U47:V47),AVERAGE(W47:X47),AVERAGE(Y47:Z47))/SQRT(6) -> 1.5668243
B48: 902 | C48: Late | D48: 22 | E48: 4 | F48: 2 | G48: 2 | H48: 1 | I48: 422.1 | K48: Height | L48: 38 | N48: 40 | P48: 38 | Q48: 26 | R48: 33 | S48: 32 | T48: 32 | U48: 32 | W48: 32 | Y48: 36 | AA48: =AVERAGE(P48:U48) -> 32.166667 | AB48: =AVERAGE(AVERAGE(L48:M48),AVERAGE(N48:O48),AVERAGE(P48:U48),AVERAGE(U48:V48),AVERAGE(W48:X48),AVERAGE(Y48:Z48)) -> 35.027778 | AC48: =STDEV(AVERAGE(L48:M48),AVERAGE(N48:O48),AVERAGE(P48:U48),AVERAGE(U48:V48),AVERAGE(W48:X48),AVERAGE(Y48:Z48))/SQRT(6) -> 1.4262205
B49: =B47-601 -> 301 | C49: NTL | D49: 10 | E49: 2 | F49: 2 | G49: 1 | H49: 3 | I49: 221.3 | J49: 0.49166667 | K49: Cover | L49: 43 | N49: 46 | P49: 55 | Q49: 60 | R49: 57 | S49: 21 | T49: 43 | U49: 56 | W49: 54 | Y49: 57 | AA49: =AVERAGE(P49:U49) -> 48.666667 | AB49: =AVERAGE(AVERAGE(L49:M49),AVERAGE(N49:O49),AVERAGE(P49:U49),AVERAGE(U49:V49),AVERAGE(W49:X49),AVERAGE(Y49:Z49)) -> 50.777778 | AC49: =STDEV(AVERAGE(L49:M49),AVERAGE(N49:O49),AVERAGE(P49:U49),AVERAGE(U49:V49),AVERAGE(W49:X49),AVERAGE(Y49:Z49))/SQRT(6) -> 2.3391462 | AT49: 2 | AU49: High | AV49: 150
B50: =B48-601 -> 301 | C50: NTL | D50: 10 | E50: 2 | F50: 2 | G50: 1 | H50: 3 | I50: 221.3 | K50: Height | L50: 36 | N50: 39 | P50: 45 | Q50: 36 | R50: 43 | S50: 16 | T50: 33 | U50: 44 | W50: 44 | Y50: 39 | AA50: =AVERAGE(P50:U50) -> 36.166667 | AB50: =AVERAGE(AVERAGE(L50:M50),AVERAGE(N50:O50),AVERAGE(P50:U50),AVERAGE(U50:V50),AVERAGE(W50:X50),AVERAGE(Y50:Z50)) -> 39.694444 | AC50: =STDEV(AVERAGE(L50:M50),AVERAGE(N50:O50),AVERAGE(P50:U50),AVERAGE(U50:V50),AVERAGE(W50:X50),AVERAGE(Y50:Z50))/SQRT(6) -> 1.4621247
B51: =B49+1 -> 302 | C51: FTL | D51: 4 | E51: 1 | F51: 2 | G51: 1 | H51: 3 | I51: 121.3 | K51: Cover | L51: 42 | N51: 53 | P51: 61 | Q51: 35 | R51: 54 | S51: 59 | T51: 49 | U51: 54 | W51: 48 | Y51: 41 | AA51: =AVERAGE(P51:U51) -> 52 | AB51: =AVERAGE(AVERAGE(L51:M51),AVERAGE(N51:O51),AVERAGE(P51:U51),AVERAGE(U51:V51),AVERAGE(W51:X51),AVERAGE(Y51:Z51)) -> 48.333333 | AC51: =STDEV(AVERAGE(L51:M51),AVERAGE(N51:O51),AVERAGE(P51:U51),AVERAGE(U51:V51),AVERAGE(W51:X51),AVERAGE(Y51:Z51))/SQRT(6) -> 2.3190036
B52: =B50+1 -> 302 | C52: FTL | D52: 4 | E52: 1 | F52: 2 | G52: 1 | H52: 3 | I52: 121.3 | K52: Height | L52: 32 | N52: 33 | P52: 37 | Q52: 26 | R52: 43 | S52: 35 | T52: 33 | U52: 40 | W52: 36 | Y52: 37 | AA52: =AVERAGE(P52:U52) -> 35.666667 | AB52: =AVERAGE(AVERAGE(L52:M52),AVERAGE(N52:O52),AVERAGE(P52:U52),AVERAGE(U52:V52),AVERAGE(W52:X52),AVERAGE(Y52:Z52)) -> 35.611111 | AC52: =STDEV(AVERAGE(L52:M52),AVERAGE(N52:O52),AVERAGE(P52:U52),AVERAGE(U52:V52),AVERAGE(W52:X52),AVERAGE(Y52:Z52))/SQRT(6) -> 1.1719457
B53: =B51+1 -> 303 | C53: NSL | D53: 8 | E53: 2 | F53: 1 | G53: 1 | H53: 3 | I53: 211.3 | K53: Cover | L53: 51 | N53: 42 | O53: wet | P53: 54 | Q53: 37 | R53: 35 | U53: 51 | W53: 42 | Y53: 39 | AA53: =AVERAGE(P53:U53) -> 44.25 | AB53: =AVERAGE(AVERAGE(L53:M53),AVERAGE(N53:O53),AVERAGE(P53:U53),AVERAGE(U53:V53),AVERAGE(W53:X53),AVERAGE(Y53:Z53)) -> 44.875 | AC53: =STDEV(AVERAGE(L53:M53),AVERAGE(N53:O53),AVERAGE(P53:U53),AVERAGE(U53:V53),AVERAGE(W53:X53),AVERAGE(Y53:Z53))/SQRT(6) -> 2.0531987
B54: =B52+1 -> 303 | C54: NSL | D54: 8 | E54: 2 | F54: 1 | G54: 1 | H54: 3 | I54: 211.3 | K54: Height | L54: 34 | N54: 32 | P54: 33 | Q54: 33 | R54: 28 | U54: 36 | W54: 37 | Y54: 35 | AA54: =AVERAGE(P54:U54) -> 32.5 | AB54: =AVERAGE(AVERAGE(L54:M54),AVERAGE(N54:O54),AVERAGE(P54:U54),AVERAGE(U54:V54),AVERAGE(W54:X54),AVERAGE(Y54:Z54)) -> 34.416667 | AC54: =STDEV(AVERAGE(L54:M54),AVERAGE(N54:O54),AVERAGE(P54:U54),AVERAGE(U54:V54),AVERAGE(W54:X54),AVERAGE(Y54:Z54))/SQRT(6) -> 0.80017359
B55: =B53+1 -> 304 | C55: FSL | D55: 2 | E55: 1 | F55: 1 | G55: 1 | H55: 3 | I55: 111.3 | K55: Cover | L55: 50 | N55: 50 | P55: 42 | Q55: 38 | R55: 55 | S55: 51 | T55: 44 | U55: 51 | W55: 46 | Y55: 26 | AA55: =AVERAGE(P55:U55) -> 46.833333 | AB55: =AVERAGE(AVERAGE(L55:M55),AVERAGE(N55:O55),AVERAGE(P55:U55),AVERAGE(U55:V55),AVERAGE(W55:X55),AVERAGE(Y55:Z55)) -> 44.972222 | AC55: =STDEV(AVERAGE(L55:M55),AVERAGE(N55:O55),AVERAGE(P55:U55),AVERAGE(U55:V55),AVERAGE(W55:X55),AVERAGE(Y55:Z55))/SQRT(6) -> 3.8788163
B56: =B54+1 -> 304 | C56: FSL | D56: 2 | E56: 1 | F56: 1 | G56: 1 | H56: 3 | I56: 111.3 | K56: Height | L56: 29 | N56: 38 | P56: 35 | Q56: 31 | R56: 33 | S56: 43 | T56: 39 | U56: 36 | W56: 37 | Y56: 20 | AA56: =AVERAGE(P56:U56) -> 36.166667 | AB56: =AVERAGE(AVERAGE(L56:M56),AVERAGE(N56:O56),AVERAGE(P56:U56),AVERAGE(U56:V56),AVERAGE(W56:X56),AVERAGE(Y56:Z56)) -> 32.694444 | AC56: =STDEV(AVERAGE(L56:M56),AVERAGE(N56:O56),AVERAGE(P56:U56),AVERAGE(U56:V56),AVERAGE(W56:X56),AVERAGE(Y56:Z56))/SQRT(6) -> 2.8546313
B57: =B55+1 -> 305 | C57: NDH | D57: 11 | E57: 2 | F57: 3 | G57: 2 | H57: 4 | I57: 232.4 | K57: Cover | L57: 69 | N57: 64 | O57: wet | P57: 61 | Q57: 60 | R57: 59 | U57: 73 | W57: 79 | Y57: 69 | AA57: =AVERAGE(P57:U57) -> 63.25 | AB57: =AVERAGE(AVERAGE(L57:M57),AVERAGE(N57:O57),AVERAGE(P57:U57),AVERAGE(U57:V57),AVERAGE(W57:X57),AVERAGE(Y57:Z57)) -> 69.541667 | AC57: =STDEV(AVERAGE(L57:M57),AVERAGE(N57:O57),AVERAGE(P57:U57),AVERAGE(U57:V57),AVERAGE(W57:X57),AVERAGE(Y57:Z57))/SQRT(6) -> 2.3965398
B58: =B56+1 -> 305 | C58: NDH | D58: 11 | E58: 2 | F58: 3 | G58: 2 | H58: 4 | I58: 232.4 | K58: Height | L58: 37 | N58: 40 | P58: 39 | Q58: 29 | R58: 19 | U58: 38 | W58: 40 | Y58: 36 | AA58: =AVERAGE(P58:U58) -> 31.25 | AB58: =AVERAGE(AVERAGE(L58:M58),AVERAGE(N58:O58),AVERAGE(P58:U58),AVERAGE(U58:V58),AVERAGE(W58:X58),AVERAGE(Y58:Z58)) -> 37.041667 | AC58: =STDEV(AVERAGE(L58:M58),AVERAGE(N58:O58),AVERAGE(P58:U58),AVERAGE(U58:V58),AVERAGE(W58:X58),AVERAGE(Y58:Z58))/SQRT(6) -> 1.3298131
B59: =B57+1 -> 306 | C59: FTL | D59: 4 | E59: 1 | F59: 2 | G59: 1 | H59: 4 | I59: 121.4 | K59: Cover | L59: 50 | N59: 47 | P59: 53 | Q59: 55 | R59: 57 | S59: 53 | T59: 52 | U59: 50 | W59: 59 | Y59: 47 | AA59: =AVERAGE(P59:U59) -> 53.333333 | AB59: =AVERAGE(AVERAGE(L59:M59),AVERAGE(N59:O59),AVERAGE(P59:U59),AVERAGE(U59:V59),AVERAGE(W59:X59),AVERAGE(Y59:Z59)) -> 51.055556 | AC59: =STDEV(AVERAGE(L59:M59),AVERAGE(N59:O59),AVERAGE(P59:U59),AVERAGE(U59:V59),AVERAGE(W59:X59),AVERAGE(Y59:Z59))/SQRT(6) -> 1.8567528
B60: =B58+1 -> 306 | C60: FTL | D60: 4 | E60: 1 | F60: 2 | G60: 1 | H60: 4 | I60: 121.4 | K60: Height | L60: 38 | N60: 36 | P60: 38 | Q60: 33 | R60: 40 | S60: 37 | T60: 31 | U60: 39 | W60: 44 | Y60: 38 | AA60: =AVERAGE(P60:U60) -> 36.333333 | AB60: =AVERAGE(AVERAGE(L60:M60),AVERAGE(N60:O60),AVERAGE(P60:U60),AVERAGE(U60:V60),AVERAGE(W60:X60),AVERAGE(Y60:Z60)) -> 38.555556 | AC60: =STDEV(AVERAGE(L60:M60),AVERAGE(N60:O60),AVERAGE(P60:U60),AVERAGE(U60:V60),AVERAGE(W60:X60),AVERAGE(Y60:Z60))/SQRT(6) -> 1.1821721
B61: =B59+1 -> 307 | C61: NTH | D61: 9 | E61: 2 | F61: 2 | G61: 2 | H61: 4 | I61: 222.4 | K61: Cover | L61: 49 | N61: 51 | P61: 47 | Q61: 44 | R61: 55 | S61: 43 | T61: 57 | U61: 61 | W61: 52 | Y61: 43 | AA61: =AVERAGE(P61:U61) -> 51.166667 | AB61: =AVERAGE(AVERAGE(L61:M61),AVERAGE(N61:O61),AVERAGE(P61:U61),AVERAGE(U61:V61),AVERAGE(W61:X61),AVERAGE(Y61:Z61)) -> 51.194444 | AC61: =STDEV(AVERAGE(L61:M61),AVERAGE(N61:O61),AVERAGE(P61:U61),AVERAGE(U61:V61),AVERAGE(W61:X61),AVERAGE(Y61:Z61))/SQRT(6) -> 2.3720661
B62: =B60+1 -> 307 | C62: NTH | D62: 9 | E62: 2 | F62: 2 | G62: 2 | H62: 4 | I62: 222.4 | K62: Height | L62: 38 | N62: 37 | P62: 36 | Q62: 32 | R62: 42 | S62: 33 | T62: 36 | U62: 43 | W62: 39 | Y62: 36 | AA62: =AVERAGE(P62:U62) -> 37 | AB62: =AVERAGE(AVERAGE(L62:M62),AVERAGE(N62:O62),AVERAGE(P62:U62),AVERAGE(U62:V62),AVERAGE(W62:X62),AVERAGE(Y62:Z62)) -> 38.333333 | AC62: =STDEV(AVERAGE(L62:M62),AVERAGE(N62:O62),AVERAGE(P62:U62),AVERAGE(U62:V62),AVERAGE(W62:X62),AVERAGE(Y62:Z62))/SQRT(6) -> 1.0219806
B63: =B61+1 -> 308 | C63: FDH | D63: 5 | E63: 1 | F63: 3 | G63: 2 | H63: 4 | I63: 132.4 | K63: Cover | L63: 67 | N63: 68 | P63: 62 | Q63: 63 | R63: 61 | S63: 58 | T63: 64 | U63: 58 | W63: 65 | Y63: 68 | AA63: =AVERAGE(P63:U63) -> 61 | AB63: =AVERAGE(AVERAGE(L63:M63),AVERAGE(N63:O63),AVERAGE(P63:U63),AVERAGE(U63:V63),AVERAGE(W63:X63),AVERAGE(Y63:Z63)) -> 64.5 | AC63: =STDEV(AVERAGE(L63:M63),AVERAGE(N63:O63),AVERAGE(P63:U63),AVERAGE(U63:V63),AVERAGE(W63:X63),AVERAGE(Y63:Z63))/SQRT(6) -> 1.6881943
B64: =B62+1 -> 308 | C64: FDH | D64: 5 | E64: 1 | F64: 3 | G64: 2 | H64: 4 | I64: 132.4 | K64: Height | L64: 33 | N64: 36 | P64: 33 | Q64: 25 | R64: 30 | S64: 30 | T64: 27 | U64: 33 | W64: 43 | Y64: 42 | AA64: =AVERAGE(P64:U64) -> 29.666667 | AB64: =AVERAGE(AVERAGE(L64:M64),AVERAGE(N64:O64),AVERAGE(P64:U64),AVERAGE(U64:V64),AVERAGE(W64:X64),AVERAGE(Y64:Z64)) -> 36.111111 | AC64: =STDEV(AVERAGE(L64:M64),AVERAGE(N64:O64),AVERAGE(P64:U64),AVERAGE(U64:V64),AVERAGE(W64:X64),AVERAGE(Y64:Z64))/SQRT(6) -> 2.1835524
B65: =B63+100 -> 408 | C65: NTL | D65: 10 | E65: 2 | F65: 2 | G65: 1 | H65: 4 | I65: 221.4 | J65: 0.50486111 | K65: Cover | L65: 52 | N65: 52 | P65: 47 | Q65: 55 | R65: 58 | S65: 52 | T65: 44 | U65: 49 | W65: 46 | Y65: 47 | AA65: =AVERAGE(P65:U65) -> 50.833333 | AB65: =AVERAGE(AVERAGE(L65:M65),AVERAGE(N65:O65),AVERAGE(P65:U65),AVERAGE(U65:V65),AVERAGE(W65:X65),AVERAGE(Y65:Z65)) -> 49.472222 | AC65: =STDEV(AVERAGE(L65:M65),AVERAGE(N65:O65),AVERAGE(P65:U65),AVERAGE(U65:V65),AVERAGE(W65:X65),AVERAGE(Y65:Z65))/SQRT(6) -> 1.0491766 | AT65: 2 | AU65: High | AV65: 150
B66: =B64+100 -> 408 | C66: NTL | D66: 10 | E66: 2 | F66: 2 | G66: 1 | H66: 4 | I66: 221.4 | K66: Height | L66: 36 | N66: 30 | P66: 30 | Q66: 34 | R66: 37 | S66: 38 | T66: 39 | U66: 36 | W66: 40 | Y66: 33 | AA66: =AVERAGE(P66:U66) -> 35.666667 | AB66: =AVERAGE(AVERAGE(L66:M66),AVERAGE(N66:O66),AVERAGE(P66:U66),AVERAGE(U66:V66),AVERAGE(W66:X66),AVERAGE(Y66:Z66)) -> 35.111111 | AC66: =STDEV(AVERAGE(L66:M66),AVERAGE(N66:O66),AVERAGE(P66:U66),AVERAGE(U66:V66),AVERAGE(W66:X66),AVERAGE(Y66:Z66))/SQRT(6) -> 1.3707707
B67: =B65-1 -> 407 | C67: NSH | D67: 7 | E67: 2 | F67: 1 | G67: 2 | H67: 4 | I67: 212.4 | K67: Cover | L67: 28 | N67: 41 | O67: wet | P67: 41 | Q67: 34 | R67: 29 | U67: 55 | W67: 42 | Y67: 47 | AA67: =AVERAGE(P67:U67) -> 39.75 | AB67: =AVERAGE(AVERAGE(L67:M67),AVERAGE(N67:O67),AVERAGE(P67:U67),AVERAGE(U67:V67),AVERAGE(W67:X67),AVERAGE(Y67:Z67)) -> 42.125 | AC67: =STDEV(AVERAGE(L67:M67),AVERAGE(N67:O67),AVERAGE(P67:U67),AVERAGE(U67:V67),AVERAGE(W67:X67),AVERAGE(Y67:Z67))/SQRT(6) -> 3.6330371
B68: =B66-1 -> 407 | C68: NSH | D68: 7 | E68: 2 | F68: 1 | G68: 2 | H68: 4 | I68: 212.4 | K68: Height | L68: 25 | N68: 31 | P68: 32 | Q68: 30 | R68: 19 | U68: 30 | W68: 23 | Y68: 32 | AA68: =AVERAGE(P68:U68) -> 27.75 | AB68: =AVERAGE(AVERAGE(L68:M68),AVERAGE(N68:O68),AVERAGE(P68:U68),AVERAGE(U68:V68),AVERAGE(W68:X68),AVERAGE(Y68:Z68)) -> 28.125 | AC68: =STDEV(AVERAGE(L68:M68),AVERAGE(N68:O68),AVERAGE(P68:U68),AVERAGE(U68:V68),AVERAGE(W68:X68),AVERAGE(Y68:Z68))/SQRT(6) -> 1.4487782
B69: =B67-1 -> 406 | C69: FTH | D69: 3 | E69: 1 | F69: 2 | G69: 2 | H69: 4 | I69: 122.4 | K69: Cover | L69: 43 | N69: 66 | P69: 56 | Q69: 56 | R69: 57 | S69: 47 | T69: 47 | U69: 55 | W69: 57 | Y69: 63 | AA69: =AVERAGE(P69:U69) -> 53 | AB69: =AVERAGE(AVERAGE(L69:M69),AVERAGE(N69:O69),AVERAGE(P69:U69),AVERAGE(U69:V69),AVERAGE(W69:X69),AVERAGE(Y69:Z69)) -> 56.166667 | AC69: =STDEV(AVERAGE(L69:M69),AVERAGE(N69:O69),AVERAGE(P69:U69),AVERAGE(U69:V69),AVERAGE(W69:X69),AVERAGE(Y69:Z69))/SQRT(6) -> 3.3107569
B70: =B68-1 -> 406 | C70: FTH | D70: 3 | E70: 1 | F70: 2 | G70: 2 | H70: 4 | I70: 122.4 | K70: Height | L70: 27 | N70: 38 | P70: 37 | Q70: 41 | R70: 36 | S70: 32 | T70: 27 | U70: 33 | W70: 33 | Y70: 38 | AA70: =AVERAGE(P70:U70) -> 34.333333 | AB70: =AVERAGE(AVERAGE(L70:M70),AVERAGE(N70:O70),AVERAGE(P70:U70),AVERAGE(U70:V70),AVERAGE(W70:X70),AVERAGE(Y70:Z70)) -> 33.888889 | AC70: =STDEV(AVERAGE(L70:M70),AVERAGE(N70:O70),AVERAGE(P70:U70),AVERAGE(U70:V70),AVERAGE(W70:X70),AVERAGE(Y70:Z70))/SQRT(6) -> 1.6637011
B71: =B69-1 -> 405 | C71: FDL | D71: 6 | E71: 1 | F71: 3 | G71: 1 | H71: 4 | I71: 131.4 | K71: Cover | L71: 72 | N71: 73 | P71: 69 | Q71: 68 | R71: 73 | S71: 67 | T71: 68 | U71: 70 | W71: 64 | Y71: 67 | AA71: =AVERAGE(P71:U71) -> 69.166667 | AB71: =AVERAGE(AVERAGE(L71:M71),AVERAGE(N71:O71),AVERAGE(P71:U71),AVERAGE(U71:V71),AVERAGE(W71:X71),AVERAGE(Y71:Z71)) -> 69.194444 | AC71: =STDEV(AVERAGE(L71:M71),AVERAGE(N71:O71),AVERAGE(P71:U71),AVERAGE(U71:V71),AVERAGE(W71:X71),AVERAGE(Y71:Z71))/SQRT(6) -> 1.3515537
B72: =B70-1 -> 405 | C72: FDL | D72: 6 | E72: 1 | F72: 3 | G72: 1 | H72: 4 | I72: 131.4 | K72: Height | L72: 35 | N72: 37 | P72: 31 | Q72: 30 | R72: 33 | S72: 32 | T72: 33 | U72: 38 | W72: 30 | Y72: 32 | AA72: =AVERAGE(P72:U72) -> 32.833333 | AB72: =AVERAGE(AVERAGE(L72:M72),AVERAGE(N72:O72),AVERAGE(P72:U72),AVERAGE(U72:V72),AVERAGE(W72:X72),AVERAGE(Y72:Z72)) -> 34.138889 | AC72: =STDEV(AVERAGE(L72:M72),AVERAGE(N72:O72),AVERAGE(P72:U72),AVERAGE(U72:V72),AVERAGE(W72:X72),AVERAGE(Y72:Z72))/SQRT(6) -> 1.2549286
B73: =B71-1 -> 404 | C73: FTH | D73: 3 | E73: 1 | F73: 2 | G73: 2 | H73: 3 | I73: 122.3 | K73: Cover | L73: 51 | N73: 59 | P73: 54 | Q73: 52 | R73: 37 | S73: 45 | T73: 46 | U73: 56 | W73: 53 | Y73: 35 | AA73: =AVERAGE(P73:U73) -> 48.333333 | AB73: =AVERAGE(AVERAGE(L73:M73),AVERAGE(N73:O73),AVERAGE(P73:U73),AVERAGE(U73:V73),AVERAGE(W73:X73),AVERAGE(Y73:Z73)) -> 50.388889 | AC73: =STDEV(AVERAGE(L73:M73),AVERAGE(N73:O73),AVERAGE(P73:U73),AVERAGE(U73:V73),AVERAGE(W73:X73),AVERAGE(Y73:Z73))/SQRT(6) -> 3.4344838
B74: =B72-1 -> 404 | C74: FTH | D74: 3 | E74: 1 | F74: 2 | G74: 2 | H74: 3 | I74: 122.3 | K74: Height | L74: 40 | N74: 36 | P74: 35 | Q74: 31 | R74: 26 | S74: 39 | T74: 35 | U74: 42 | W74: 38 | Y74: 27 | AA74: =AVERAGE(P74:U74) -> 34.666667 | AB74: =AVERAGE(AVERAGE(L74:M74),AVERAGE(N74:O74),AVERAGE(P74:U74),AVERAGE(U74:V74),AVERAGE(W74:X74),AVERAGE(Y74:Z74)) -> 36.277778 | AC74: =STDEV(AVERAGE(L74:M74),AVERAGE(N74:O74),AVERAGE(P74:U74),AVERAGE(U74:V74),AVERAGE(W74:X74),AVERAGE(Y74:Z74))/SQRT(6) -> 2.1472061
B75: =B73-1 -> 403 | C75: FDL | D75: 6 | E75: 1 | F75: 3 | G75: 1 | H75: 3 | I75: 131.3 | K75: Cover | L75: 68 | N75: 76 | P75: 72 | Q75: 58 | R75: 59 | S75: 65 | T75: 53 | U75: 56 | W75: 61 | Y75: 70 | AA75: =AVERAGE(P75:U75) -> 60.5 | AB75: =AVERAGE(AVERAGE(L75:M75),AVERAGE(N75:O75),AVERAGE(P75:U75),AVERAGE(U75:V75),AVERAGE(W75:X75),AVERAGE(Y75:Z75)) -> 65.25 | AC75: =STDEV(AVERAGE(L75:M75),AVERAGE(N75:O75),AVERAGE(P75:U75),AVERAGE(U75:V75),AVERAGE(W75:X75),AVERAGE(Y75:Z75))/SQRT(6) -> 3.0103986
B76: =B74-1 -> 403 | C76: FDL | D76: 6 | E76: 1 | F76: 3 | G76: 1 | H76: 3 | I76: 131.3 | K76: Height | L76: 31 | N76: 33 | P76: 30 | Q76: 28 | R76: 24 | S76: 28 | T76: 20 | U76: 27 | W76: 28 | Y76: 30 | AA76: =AVERAGE(P76:U76) -> 26.166667 | AB76: =AVERAGE(AVERAGE(L76:M76),AVERAGE(N76:O76),AVERAGE(P76:U76),AVERAGE(U76:V76),AVERAGE(W76:X76),AVERAGE(Y76:Z76)) -> 29.194444 | AC76: =STDEV(AVERAGE(L76:M76),AVERAGE(N76:O76),AVERAGE(P76:U76),AVERAGE(U76:V76),AVERAGE(W76:X76),AVERAGE(Y76:Z76))/SQRT(6) -> 1.0614601
B77: =B75-1 -> 402 | C77: NTH | D77: 9 | E77: 2 | F77: 2 | G77: 2 | H77: 3 | I77: 222.3 | K77: Cover | L77: 50 | N77: 54 | P77: 47 | Q77: 42 | R77: 51 | S77: 42 | T77: 50 | U77: 55 | W77: 60 | Y77: 54 | AA77: =AVERAGE(P77:U77) -> 47.833333 | AB77: =AVERAGE(AVERAGE(L77:M77),AVERAGE(N77:O77),AVERAGE(P77:U77),AVERAGE(U77:V77),AVERAGE(W77:X77),AVERAGE(Y77:Z77)) -> 53.472222 | AC77: =STDEV(AVERAGE(L77:M77),AVERAGE(N77:O77),AVERAGE(P77:U77),AVERAGE(U77:V77),AVERAGE(W77:X77),AVERAGE(Y77:Z77))/SQRT(6) -> 1.7258474
B78: =B76-1 -> 402 | C78: NTH | D78: 9 | E78: 2 | F78: 2 | G78: 2 | H78: 3 | I78: 222.3 | K78: Height | L78: 30 | N78: 33 | P78: 26 | Q78: 29 | R78: 38 | S78: 32 | T78: 35 | U78: 33 | W78: 29 | Y78: 26 | AA78: =AVERAGE(P78:U78) -> 32.166667 | AB78: =AVERAGE(AVERAGE(L78:M78),AVERAGE(N78:O78),AVERAGE(P78:U78),AVERAGE(U78:V78),AVERAGE(W78:X78),AVERAGE(Y78:Z78)) -> 30.527778 | AC78: =STDEV(AVERAGE(L78:M78),AVERAGE(N78:O78),AVERAGE(P78:U78),AVERAGE(U78:V78),AVERAGE(W78:X78),AVERAGE(Y78:Z78))/SQRT(6) -> 1.1258056
B79: =B77-1 -> 401 | C79: NSH | D79: 7 | E79: 2 | F79: 1 | G79: 2 | H79: 3 | I79: 212.3 | K79: Cover | L79: 39 | N79: 33 | O79: wet | P79: 0 | Q79: 40 | R79: 52 | U79: 36 | W79: 48 | Y79: 38 | AA79: =AVERAGE(P79:U79) -> 32 | AB79: =AVERAGE(AVERAGE(L79:M79),AVERAGE(N79:O79),AVERAGE(P79:U79),AVERAGE(U79:V79),AVERAGE(W79:X79),AVERAGE(Y79:Z79)) -> 37.666667 | AC79: =STDEV(AVERAGE(L79:M79),AVERAGE(N79:O79),AVERAGE(P79:U79),AVERAGE(U79:V79),AVERAGE(W79:X79),AVERAGE(Y79:Z79))/SQRT(6) -> 2.3475756
B80: =B78-1 -> 401 | C80: NSH | D80: 7 | E80: 2 | F80: 1 | G80: 2 | H80: 3 | I80: 212.3 | J80: 0.52083333 | K80: Height | L80: 28 | N80: 29 | P80: 0 | Q80: 23 | R80: 30 | U80: 33 | W80: 33 | Y80: 27 | AA80: =AVERAGE(P80:U80) -> 21.5 | AB80: =AVERAGE(AVERAGE(L80:M80),AVERAGE(N80:O80),AVERAGE(P80:U80),AVERAGE(U80:V80),AVERAGE(W80:X80),AVERAGE(Y80:Z80)) -> 28.583333 | AC80: =STDEV(AVERAGE(L80:M80),AVERAGE(N80:O80),AVERAGE(P80:U80),AVERAGE(U80:V80),AVERAGE(W80:X80),AVERAGE(Y80:Z80))/SQRT(6) -> 1.7531717

Sheet HgtDOY176
A1: FISE2003 Plant Cover and Heights
X2: Date: | Y2: 37797
B3: Comments: | J3: all NDVI plots were full of water .only one position in row 5 was collected because of the instability of the boards in the water.
J4: plots that have 3 measurements for row 5 did not have standing water in them, but they were too damp to walk in -50 cm was all I could reach from the board walk. | X4: By: | Y4: 176
AT5: Legend
B6: Plot | C6: Acron | D6: Trt. | E6: Irrig. | F6: Pop. | G6: N | H6: Block | I6: Exotech Code | J6: Time | K6: Meas. | L6: Row 3 | N6: Row 4 | P6: Row 5 (Picture Row) | U6: Row 6 | W6: Row 7 | Y6: Row 8 | AA6: PictureRow Mean | AB6: Plot Mean | AC6: Plot SE | AT6: Irrigation
J7: Position ⇒ | L7: 25 cm | M7: 75 cm | N7: 25 cm | O7: 75 cm | P7: 0 cm | Q7: 25 cm | R7: 50 cm | S7: 75 cm | T7: 100 cm | U7: 25 cm | V7: 75 cm | W7: 25 cm | X7: 75 cm | Y7: 25 cm | Z7: 75 cm | AT7: Code | AU7: Schedule | AV7: notes
B8: Plot | C8: Acron | D8: Trt | E8: Irr | F8: Pop | G8: Nit | H8: Block | I8: ExotechCode | J8: Time | K8: Meas | L8: 3.25 | M8: 3.75 | N8: 4.25 | O8: 4.75 | P8: 5.00 | Q8: 5.25 | R8: 5.50 | S8: 5.75 | T8: 5.100 | U8: 6.25 | V8: 6.75 | W8: 7.25 | X8: 7.75 | Y8: 8.25 | Z8: 8.75 | AA8: PicRowMean | AB8: PlotMean | AC8: PlotSE
B9: 108 | C9: FTH | D9: 3 | E9: 1 | F9: 2 | G9: 2 | H9: 2 | I9: 122.2 | K9: Cover | L9: 56 | N9: 58 | P9: 56 | Q9: 53 | R9: 53 | U9: 62 | W9: 63 | Y9: 56 | AA9: =AVERAGE(P9:U9) -> 56 | AB9: =AVERAGE(AVERAGE(L9:M9),AVERAGE(N9:O9),AVERAGE(P9:U9),AVERAGE(U9:V9),AVERAGE(W9:X9),AVERAGE(Y9:Z9)) -> 58.5 | AC9: =STDEV(AVERAGE(L9:M9),AVERAGE(N9:O9),AVERAGE(P9:U9),AVERAGE(U9:V9),AVERAGE(W9:X9),AVERAGE(Y9:Z9))/SQRT(6) -> 1.3102163 | AT9: 1 | AU9: FAO
B10: 108 | C10: FTH | D10: 3 | E10: 1 | F10: 2 | G10: 2 | H10: 2 | I10: 122.2 | K10: Height | L10: 52 | N10: 49 | P10: 42 | Q10: 45 | R10: 43 | U10: 50 | W10: 46 | Y10: 50 | AA10: =AVERAGE(P10:U10) -> 45 | AB10: =AVERAGE(AVERAGE(L10:M10),AVERAGE(N10:O10),AVERAGE(P10:U10),AVERAGE(U10:V10),AVERAGE(W10:X10),AVERAGE(Y10:Z10)) -> 48.666667 | AC10: =STDEV(AVERAGE(L10:M10),AVERAGE(N10:O10),AVERAGE(P10:U10),AVERAGE(U10:V10),AVERAGE(W10:X10),AVERAGE(Y10:Z10))/SQRT(6) -> 1.0852547 | AT10: 2 | AU10: NDVI
B11: =B9-1 -> 107 | C11: NTL | D11: 10 | E11: 2 | F11: 2 | G11: 1 | H11: 2 | I11: 221.2 | K11: Cover | L11: 58 | N11: 62 | Q11: 61 | U11: 61 | W11: 57 | Y11: 55 | AA11: =AVERAGE(P11:T11) -> 61 | AB11: =AVERAGE(AVERAGE(L11:M11),AVERAGE(N11:O11),AVERAGE(P11:T11),AVERAGE(U11:V11),AVERAGE(W11:X11),AVERAGE(Y11:Z11)) -> 59 | AC11: =STDEV(AVERAGE(L11:M11),AVERAGE(N11:O11),AVERAGE(P11:T11),AVERAGE(U11:V11),AVERAGE(W11:X11),AVERAGE(Y11:Z11))/SQRT(6) -> 1.1254629 | AT11: 3 | AU11: None>1Jun | AV11: ad hoc
B12: =B10-1 -> 107 | C12: NTL | D12: 10 | E12: 2 | F12: 2 | G12: 1 | H12: 2 | I12: 221.2 | K12: Height | L12: 48 | N12: 57 | Q12: 45 | U12: 52 | W12: 55 | Y12: 43 | AA12: =AVERAGE(P12:T12) -> 45 | AB12: =AVERAGE(AVERAGE(L12:M12),AVERAGE(N12:O12),AVERAGE(P12:T12),AVERAGE(U12:V12),AVERAGE(W12:X12),AVERAGE(Y12:Z12)) -> 50 | AC12: =STDEV(AVERAGE(L12:M12),AVERAGE(N12:O12),AVERAGE(P12:T12),AVERAGE(U12:V12),AVERAGE(W12:X12),AVERAGE(Y12:Z12))/SQRT(6) -> 2.2803509 | AT12: 4 | AU12: None>15Jul | AV12: ad hoc
B13: =B11-1 -> 106 | C13: NTH | D13: 9 | E13: 2 | F13: 2 | G13: 2 | H13: 2 | I13: 222.2 | K13: Cover | L13: 65 | N13: 51 | Q13: 58 | U13: 62 | W13: 63 | Y13: 66 | AA13: =AVERAGE(P13:T13) -> 58 | AB13: =AVERAGE(AVERAGE(L13:M13),AVERAGE(N13:O13),AVERAGE(P13:T13),AVERAGE(U13:V13),AVERAGE(W13:X13),AVERAGE(Y13:Z13)) -> 60.833333 | AC13: =STDEV(AVERAGE(L13:M13),AVERAGE(N13:O13),AVERAGE(P13:T13),AVERAGE(U13:V13),AVERAGE(W13:X13),AVERAGE(Y13:Z13))/SQRT(6) -> 2.2718079 | AT13: 8 | AU13: Dry Soil | AV13: never
B14: =B12-1 -> 106 | C14: NTH | D14: 9 | E14: 2 | F14: 2 | G14: 2 | H14: 2 | I14: 222.2 | K14: Height | L14: 46 | N14: 45 | Q14: 50 | U14: 43 | W14: 50 | Y14: 45 | AA14: =AVERAGE(P14:T14) -> 50 | AB14: =AVERAGE(AVERAGE(L14:M14),AVERAGE(N14:O14),AVERAGE(P14:T14),AVERAGE(U14:V14),AVERAGE(W14:X14),AVERAGE(Y14:Z14)) -> 46.5 | AC14: =STDEV(AVERAGE(L14:M14),AVERAGE(N14:O14),AVERAGE(P14:T14),AVERAGE(U14:V14),AVERAGE(W14:X14),AVERAGE(Y14:Z14))/SQRT(6) -> 1.1761519 | AT14: 9 | AU14: Wet Soil | AV14: often
B15: =B13-1 -> 105 | C15: NDL | D15: 12 | E15: 2 | F15: 3 | G15: 1 | H15: 2 | I15: 231.2 | K15: Cover | L15: 77 | N15: 61 | Q15: 72 | U15: 82 | W15: 78 | Y15: 72 | AA15: =AVERAGE(P15:T15) -> 72 | AB15: =AVERAGE(AVERAGE(L15:M15),AVERAGE(N15:O15),AVERAGE(P15:T15),AVERAGE(U15:V15),AVERAGE(W15:X15),AVERAGE(Y15:Z15)) -> 73.666667 | AC15: =STDEV(AVERAGE(L15:M15),AVERAGE(N15:O15),AVERAGE(P15:T15),AVERAGE(U15:V15),AVERAGE(W15:X15),AVERAGE(Y15:Z15))/SQRT(6) -> 2.9739611
B16: =B14-1 -> 105 | C16: NDL | D16: 12 | E16: 2 | F16: 3 | G16: 1 | H16: 2 | I16: 231.2 | K16: Height | L16: 50 | N16: 48 | Q16: 43 | U16: 45 | W16: 46 | Y16: 45 | AA16: =AVERAGE(P16:T16) -> 43 | AB16: =AVERAGE(AVERAGE(L16:M16),AVERAGE(N16:O16),AVERAGE(P16:T16),AVERAGE(U16:V16),AVERAGE(W16:X16),AVERAGE(Y16:Z16)) -> 46.166667 | AC16: =STDEV(AVERAGE(L16:M16),AVERAGE(N16:O16),AVERAGE(P16:T16),AVERAGE(U16:V16),AVERAGE(W16:X16),AVERAGE(Y16:Z16))/SQRT(6) -> 1.0137938 | AT16: Population
B17: =B15-1 -> 104 | C17: NTL | D17: 10 | E17: 2 | F17: 2 | G17: 1 | H17: 1 | I17: 221.1 | K17: Cover | L17: 53 | N17: 65 | Q17: 68 | U17: 50 | W17: 62 | Y17: 59 | AA17: =AVERAGE(P17:T17) -> 68 | AB17: =AVERAGE(AVERAGE(L17:M17),AVERAGE(N17:O17),AVERAGE(P17:T17),AVERAGE(U17:V17),AVERAGE(W17:X17),AVERAGE(Y17:Z17)) -> 59.5 | AC17: =STDEV(AVERAGE(L17:M17),AVERAGE(N17:O17),AVERAGE(P17:T17),AVERAGE(U17:V17),AVERAGE(W17:X17),AVERAGE(Y17:Z17))/SQRT(6) -> 2.8372522 | AT17: Code | AU17: no./meter | AV17: lines/bed
B18: =B16-1 -> 104 | C18: NTL | D18: 10 | E18: 2 | F18: 2 | G18: 1 | H18: 1 | I18: 221.1 | K18: Height | L18: 45 | N18: 50 | Q18: 51 | U18: 46 | W18: 45 | Y18: 46 | AA18: =AVERAGE(P18:T18) -> 51 | AB18: =AVERAGE(AVERAGE(L18:M18),AVERAGE(N18:O18),AVERAGE(P18:T18),AVERAGE(U18:V18),AVERAGE(W18:X18),AVERAGE(Y18:Z18)) -> 47.166667 | AC18: =STDEV(AVERAGE(L18:M18),AVERAGE(N18:O18),AVERAGE(P18:T18),AVERAGE(U18:V18),AVERAGE(W18:X18),AVERAGE(Y18:Z18))/SQRT(6) -> 1.0775487 | AT18: 0 | AU18: 0 | AV18: na
B19: =B17-1 -> 103 | C19: FDH | D19: 5 | E19: 1 | F19: 3 | G19: 2 | H19: 1 | I19: 132.1 | K19: Cover | L19: 76 | N19: 72 | P19: 73 | Q19: 71 | R19: 67 | U19: 73 | W19: 72 | Y19: 67 | AA19: =AVERAGE(P19:U19) -> 71 | AB19: =AVERAGE(AVERAGE(L19:M19),AVERAGE(N19:O19),AVERAGE(P19:U19),AVERAGE(U19:V19),AVERAGE(W19:X19),AVERAGE(Y19:Z19)) -> 71.833333 | AC19: =STDEV(AVERAGE(L19:M19),AVERAGE(N19:O19),AVERAGE(P19:U19),AVERAGE(U19:V19),AVERAGE(W19:X19),AVERAGE(Y19:Z19))/SQRT(6) -> 1.1948966 | AT19: 1 | AU19: 5 | AV19: Single
B20: =B18-1 -> 103 | C20: FDH | D20: 5 | E20: 1 | F20: 3 | G20: 2 | H20: 1 | I20: 132.1 | K20: Height | L20: 45 | N20: 40 | P20: 40 | Q20: 42 | R20: 49 | U20: 39 | W20: 38 | Y20: 41 | AA20: =AVERAGE(P20:U20) -> 42.5 | AB20: =AVERAGE(AVERAGE(L20:M20),AVERAGE(N20:O20),AVERAGE(P20:U20),AVERAGE(U20:V20),AVERAGE(W20:X20),AVERAGE(Y20:Z20)) -> 40.916667 | AC20: =STDEV(AVERAGE(L20:M20),AVERAGE(N20:O20),AVERAGE(P20:U20),AVERAGE(U20:V20),AVERAGE(W20:X20),AVERAGE(Y20:Z20))/SQRT(6) -> 1.0361521 | AT20: 2 | AU20: 10 | AV20: Single
B21: =B19-1 -> 102 | C21: FTL | D21: 4 | E21: 1 | F21: 2 | G21: 1 | H21: 1 | I21: 121.1 | K21: Cover | L21: 62 | N21: 57 | P21: 38 | Q21: 55 | R21: 33 | U21: 46 | W21: 51 | Y21: 68 | AA21: =AVERAGE(P21:U21) -> 43 | AB21: =AVERAGE(AVERAGE(L21:M21),AVERAGE(N21:O21),AVERAGE(P21:U21),AVERAGE(U21:V21),AVERAGE(W21:X21),AVERAGE(Y21:Z21)) -> 54.5 | AC21: =STDEV(AVERAGE(L21:M21),AVERAGE(N21:O21),AVERAGE(P21:U21),AVERAGE(U21:V21),AVERAGE(W21:X21),AVERAGE(Y21:Z21))/SQRT(6) -> 3.9221593 | AT21: 3 | AU21: 20 | AV21: Double
B22: =B20-1 -> 102 | C22: FTL | D22: 4 | E22: 1 | F22: 2 | G22: 1 | H22: 1 | I22: 121.1 | K22: Height | L22: 45 | N22: 46 | P22: 27 | Q22: 42 | R22: 25 | U22: 31 | W22: 44 | Y22: 44 | AA22: =AVERAGE(P22:U22) -> 31.25 | AB22: =AVERAGE(AVERAGE(L22:M22),AVERAGE(N22:O22),AVERAGE(P22:U22),AVERAGE(U22:V22),AVERAGE(W22:X22),AVERAGE(Y22:Z22)) -> 40.208333 | AC22: =STDEV(AVERAGE(L22:M22),AVERAGE(N22:O22),AVERAGE(P22:U22),AVERAGE(U22:V22),AVERAGE(W22:X22),AVERAGE(Y22:Z22))/SQRT(6) -> 2.8884949
B23: =B21-1 -> 101 | C23: FSH | D23: 1 | E23: 1 | F23: 1 | G23: 2 | H23: 1 | I23: 112.1 | K23: Cover | L23: 54 | N23: 63 | P23: 57 | Q23: 50 | R23: 48 | U23: 55 | W23: 49 | Y23: 59 | AA23: =AVERAGE(P23:U23) -> 52.5 | AB23: =AVERAGE(AVERAGE(L23:M23),AVERAGE(N23:O23),AVERAGE(P23:U23),AVERAGE(U23:V23),AVERAGE(W23:X23),AVERAGE(Y23:Z23)) -> 55.416667 | AC23: =STDEV(AVERAGE(L23:M23),AVERAGE(N23:O23),AVERAGE(P23:U23),AVERAGE(U23:V23),AVERAGE(W23:X23),AVERAGE(Y23:Z23))/SQRT(6) -> 2.0183189 | AT23: Nitrogen
B24: =B22-1 -> 101 | C24: FSH | D24: 1 | E24: 1 | F24: 1 | G24: 2 | H24: 1 | I24: 112.1 | K24: Height | L24: 41 | N24: 45 | P24: 45 | Q24: 47 | R24: 39 | U24: 32 | W24: 34 | Y24: 42 | AA24: =AVERAGE(P24:U24) -> 40.75 | AB24: =AVERAGE(AVERAGE(L24:M24),AVERAGE(N24:O24),AVERAGE(P24:U24),AVERAGE(U24:V24),AVERAGE(W24:X24),AVERAGE(Y24:Z24)) -> 39.125 | AC24: =STDEV(AVERAGE(L24:M24),AVERAGE(N24:O24),AVERAGE(P24:U24),AVERAGE(U24:V24),AVERAGE(W24:X24),AVERAGE(Y24:Z24))/SQRT(6) -> 2.049136 | AT24: Code | AU24: Descript | AV24: kg N/ha
B25: =B23+100 -> 201 | C25: NDL | D25: 12 | E25: 2 | F25: 3 | G25: 1 | H25: 1 | I25: 231.1 | K25: Cover | L25: 50 | N25: 57 | Q25: 77 | U25: 79 | W25: 75 | Y25: 83 | AA25: =AVERAGE(P25:T25) -> 77 | AB25: =AVERAGE(AVERAGE(L25:M25),AVERAGE(N25:O25),AVERAGE(P25:T25),AVERAGE(U25:V25),AVERAGE(W25:X25),AVERAGE(Y25:Z25)) -> 70.166667 | AC25: =STDEV(AVERAGE(L25:M25),AVERAGE(N25:O25),AVERAGE(P25:T25),AVERAGE(U25:V25),AVERAGE(W25:X25),AVERAGE(Y25:Z25))/SQRT(6) -> 5.4553745 | AT25: 1 | AU25: Low | AV25: 0
B26: =B24+100 -> 201 | C26: NDL | D26: 12 | E26: 2 | F26: 3 | G26: 1 | H26: 1 | I26: 231.1 | K26: Height | L26: 75 | N26: 82 | Q26: 52 | U26: 52 | W26: 55 | Y26: 62 | AA26: =AVERAGE(P26:T26) -> 52 | AB26: =AVERAGE(AVERAGE(L26:M26),AVERAGE(N26:O26),AVERAGE(P26:T26),AVERAGE(U26:V26),AVERAGE(W26:X26),AVERAGE(Y26:Z26)) -> 63 | AC26: =STDEV(AVERAGE(L26:M26),AVERAGE(N26:O26),AVERAGE(P26:T26),AVERAGE(U26:V26),AVERAGE(W26:X26),AVERAGE(Y26:Z26))/SQRT(6) -> 5.2025635 | AT26: 2 | AU26: High | AV26: 150
B27: =B25+1 -> 202 | C27: NTH | D27: 9 | E27: 2 | F27: 2 | G27: 2 | H27: 1 | I27: 222.1 | K27: Cover | L27: 58 | N27: 59 | Q27: 54 | U27: 49 | W27: 56 | Y27: 59 | AA27: =AVERAGE(P27:T27) -> 54 | AB27: =AVERAGE(AVERAGE(L27:M27),AVERAGE(N27:O27),AVERAGE(P27:T27),AVERAGE(U27:V27),AVERAGE(W27:X27),AVERAGE(Y27:Z27)) -> 55.833333 | AC27: =STDEV(AVERAGE(L27:M27),AVERAGE(N27:O27),AVERAGE(P27:T27),AVERAGE(U27:V27),AVERAGE(W27:X27),AVERAGE(Y27:Z27))/SQRT(6) -> 1.579381
B28: =B26+1 -> 202 | C28: NTH | D28: 9 | E28: 2 | F28: 2 | G28: 2 | H28: 1 | I28: 222.1 | K28: Height | L28: 49 | N28: 42 | Q28: 39 | U28: 42 | W28: 54 | Y28: 48 | AA28: =AVERAGE(P28:T28) -> 39 | AB28: =AVERAGE(AVERAGE(L28:M28),AVERAGE(N28:O28),AVERAGE(P28:T28),AVERAGE(U28:V28),AVERAGE(W28:X28),AVERAGE(Y28:Z28)) -> 45.666667 | AC28: =STDEV(AVERAGE(L28:M28),AVERAGE(N28:O28),AVERAGE(P28:T28),AVERAGE(U28:V28),AVERAGE(W28:X28),AVERAGE(Y28:Z28))/SQRT(6) -> 2.2900752
B29: =B27+1 -> 203 | C29: FTH | D29: 3 | E29: 1 | F29: 2 | G29: 2 | H29: 1 | I29: 122.1 | K29: Cover | L29: 46 | N29: 66 | P29: 66 | Q29: 60 | R29: 55 | U29: 52 | W29: 67 | Y29: 61 | AA29: =AVERAGE(P29:U29) -> 58.25 | AB29: =AVERAGE(AVERAGE(L29:M29),AVERAGE(N29:O29),AVERAGE(P29:U29),AVERAGE(U29:V29),AVERAGE(W29:X29),AVERAGE(Y29:Z29)) -> 58.375 | AC29: =STDEV(AVERAGE(L29:M29),AVERAGE(N29:O29),AVERAGE(P29:U29),AVERAGE(U29:V29),AVERAGE(W29:X29),AVERAGE(Y29:Z29))/SQRT(6) -> 3.3327604
B30: =B28+1 -> 203 | C30: FTH | D30: 3 | E30: 1 | F30: 2 | G30: 2 | H30: 1 | I30: 122.1 | K30: Height | L30: 39 | N30: 55 | P30: 49 | Q30: 57 | R30: 51 | U30: 52 | W30: 53 | Y30: 41 | AA30: =AVERAGE(P30:U30) -> 52.25 | AB30: =AVERAGE(AVERAGE(L30:M30),AVERAGE(N30:O30),AVERAGE(P30:U30),AVERAGE(U30:V30),AVERAGE(W30:X30),AVERAGE(Y30:Z30)) -> 48.708333 | AC30: =STDEV(AVERAGE(L30:M30),AVERAGE(N30:O30),AVERAGE(P30:U30),AVERAGE(U30:V30),AVERAGE(W30:X30),AVERAGE(Y30:Z30))/SQRT(6) -> 2.7991194
B31: =B29+1 -> 204 | C31: NDH | D31: 11 | E31: 2 | F31: 3 | G31: 2 | H31: 1 | I31: 232.1 | K31: Cover | L31: 79 | N31: 76 | Q31: 82 | U31: 73 | W31: 78 | Y31: 82 | AA31: =AVERAGE(P31:T31) -> 82 | AB31: =AVERAGE(AVERAGE(L31:M31),AVERAGE(N31:O31),AVERAGE(P31:T31),AVERAGE(U31:V31),AVERAGE(W31:X31),AVERAGE(Y31:Z31)) -> 78.333333 | AC31: =STDEV(AVERAGE(L31:M31),AVERAGE(N31:O31),AVERAGE(P31:T31),AVERAGE(U31:V31),AVERAGE(W31:X31),AVERAGE(Y31:Z31))/SQRT(6) -> 1.4298407
B32: =B30+1 -> 204 | C32: NDH | D32: 11 | E32: 2 | F32: 3 | G32: 2 | H32: 1 | I32: 232.1 | K32: Height | L32: 48 | N32: 49 | Q32: 51 | U32: 61 | W32: 56 | Y32: 55 | AA32: =AVERAGE(P32:T32) -> 51 | AB32: =AVERAGE(AVERAGE(L32:M32),AVERAGE(N32:O32),AVERAGE(P32:T32),AVERAGE(U32:V32),AVERAGE(W32:X32),AVERAGE(Y32:Z32)) -> 53.333333 | AC32: =STDEV(AVERAGE(L32:M32),AVERAGE(N32:O32),AVERAGE(P32:T32),AVERAGE(U32:V32),AVERAGE(W32:X32),AVERAGE(Y32:Z32))/SQRT(6) -> 2.0110804
B33: =B31+1 -> 205 | C33: FSH | D33: 1 | E33: 1 | F33: 1 | G33: 2 | H33: 2 | I33: 112.2 | K33: Cover | L33: 58 | N33: 51 | P33: 59 | Q33: 62 | R33: 62 | U33: 53 | W33: 60 | Y33: 57 | AA33: =AVERAGE(P33:U33) -> 59 | AB33: =AVERAGE(AVERAGE(L33:M33),AVERAGE(N33:O33),AVERAGE(P33:U33),AVERAGE(U33:V33),AVERAGE(W33:X33),AVERAGE(Y33:Z33)) -> 56.333333 | AC33: =STDEV(AVERAGE(L33:M33),AVERAGE(N33:O33),AVERAGE(P33:U33),AVERAGE(U33:V33),AVERAGE(W33:X33),AVERAGE(Y33:Z33))/SQRT(6) -> 1.4529663
B34: =B32+1 -> 205 | C34: FSH | D34: 1 | E34: 1 | F34: 1 | G34: 2 | H34: 2 | I34: 112.2 | K34: Height | L34: 42 | N34: 44 | P34: 38 | Q34: 42 | R34: 45 | U34: 36 | W34: 55 | Y34: 49 | AA34: =AVERAGE(P34:U34) -> 40.25 | AB34: =AVERAGE(AVERAGE(L34:M34),AVERAGE(N34:O34),AVERAGE(P34:U34),AVERAGE(U34:V34),AVERAGE(W34:X34),AVERAGE(Y34:Z34)) -> 44.375 | AC34: =STDEV(AVERAGE(L34:M34),AVERAGE(N34:O34),AVERAGE(P34:U34),AVERAGE(U34:V34),AVERAGE(W34:X34),AVERAGE(Y34:Z34))/SQRT(6) -> 2.7520825
B35: =B33+1 -> 206 | C35: NSL | D35: 8 | E35: 2 | F35: 1 | G35: 1 | H35: 2 | I35: 211.2 | K35: Cover | L35: 55 | N35: 53 | P35: 51 | Q35: 59 | R35: 52 | S35: 57 | T35: 61 | U35: 59 | W35: 55 | Y35: 60 | AA35: =AVERAGE(P35:U35) -> 56.5 | AB35: =AVERAGE(AVERAGE(L35:M35),AVERAGE(N35:O35),AVERAGE(P35:U35),AVERAGE(U35:V35),AVERAGE(W35:X35),AVERAGE(Y35:Z35)) -> 56.416667 | AC35: =STDEV(AVERAGE(L35:M35),AVERAGE(N35:O35),AVERAGE(P35:U35),AVERAGE(U35:V35),AVERAGE(W35:X35),AVERAGE(Y35:Z35))/SQRT(6) -> 1.0833333
B36: =B34+1 -> 206 | C36: NSL | D36: 8 | E36: 2 | F36: 1 | G36: 1 | H36: 2 | I36: 211.2 | K36: Height | L36: 44 | N36: 46 | P36: 34 | Q36: 51 | R36: 53 | S36: 43 | T36: 40 | U36: 48 | W36: 46 | Y36: 46 | AA36: =AVERAGE(P36:U36) -> 44.833333 | AB36: =AVERAGE(AVERAGE(L36:M36),AVERAGE(N36:O36),AVERAGE(P36:U36),AVERAGE(U36:V36),AVERAGE(W36:X36),AVERAGE(Y36:Z36)) -> 45.805556 | AC36: =STDEV(AVERAGE(L36:M36),AVERAGE(N36:O36),AVERAGE(P36:U36),AVERAGE(U36:V36),AVERAGE(W36:X36),AVERAGE(Y36:Z36))/SQRT(6) -> 0.55179281
B37: =B35+1 -> 207 | C37: FTL | D37: 4 | E37: 1 | F37: 2 | G37: 1 | H37: 2 | I37: 121.2 | K37: Cover | L37: 63 | N37: 66 | P37: 65 | Q37: 57 | R37: 62 | U37: 73 | W37: 67 | Y37: 66 | AA37: =AVERAGE(P37:U37) -> 64.25 | AB37: =AVERAGE(AVERAGE(L37:M37),AVERAGE(N37:O37),AVERAGE(P37:U37),AVERAGE(U37:V37),AVERAGE(W37:X37),AVERAGE(Y37:Z37)) -> 66.541667 | AC37: =STDEV(AVERAGE(L37:M37),AVERAGE(N37:O37),AVERAGE(P37:U37),AVERAGE(U37:V37),AVERAGE(W37:X37),AVERAGE(Y37:Z37))/SQRT(6) -> 1.4177692
B38: =B36+1 -> 207 | C38: FTL | D38: 4 | E38: 1 | F38: 2 | G38: 1 | H38: 2 | I38: 121.2 | K38: Height | L38: 49 | N38: 57 | P38: 48 | Q38: 50 | R38: 51 | U38: 60 | W38: 46 | Y38: 50 | AA38: =AVERAGE(P38:U38) -> 52.25 | AB38: =AVERAGE(AVERAGE(L38:M38),AVERAGE(N38:O38),AVERAGE(P38:U38),AVERAGE(U38:V38),AVERAGE(W38:X38),AVERAGE(Y38:Z38)) -> 52.375 | AC38: =STDEV(AVERAGE(L38:M38),AVERAGE(N38:O38),AVERAGE(P38:U38),AVERAGE(U38:V38),AVERAGE(W38:X38),AVERAGE(Y38:Z38))/SQRT(6) -> 2.1386814
B39: =B37+1 -> 208 | C39: FSL | D39: 2 | E39: 1 | F39: 1 | G39: 1 | H39: 2 | I39: 111.2 | K39: Cover | L39: 55 | N39: 59 | P39: 46 | Q39: 49 | R39: 55 | U39: 53 | W39: 49 | Y39: 48 | AA39: =AVERAGE(P39:U39) -> 50.75 | AB39: =AVERAGE(AVERAGE(L39:M39),AVERAGE(N39:O39),AVERAGE(P39:U39),AVERAGE(U39:V39),AVERAGE(W39:X39),AVERAGE(Y39:Z39)) -> 52.458333 | AC39: =STDEV(AVERAGE(L39:M39),AVERAGE(N39:O39),AVERAGE(P39:U39),AVERAGE(U39:V39),AVERAGE(W39:X39),AVERAGE(Y39:Z39))/SQRT(6) -> 1.6763262
B40: =B38+1 -> 208 | C40: FSL | D40: 2 | E40: 1 | F40: 1 | G40: 1 | H40: 2 | I40: 111.2 | K40: Height | L40: 46 | N40: 38 | P40: 38 | Q40: 38 | R40: 41 | U40: 42 | W40: 49 | Y40: 39 | AA40: =AVERAGE(P40:U40) -> 39.75 | AB40: =AVERAGE(AVERAGE(L40:M40),AVERAGE(N40:O40),AVERAGE(P40:U40),AVERAGE(U40:V40),AVERAGE(W40:X40),AVERAGE(Y40:Z40)) -> 42.291667 | AC40: =STDEV(AVERAGE(L40:M40),AVERAGE(N40:O40),AVERAGE(P40:U40),AVERAGE(U40:V40),AVERAGE(W40:X40),AVERAGE(Y40:Z40))/SQRT(6) -> 1.775313
B41: =B39+700 -> 908 | C41: Early | D41: 21 | E41: 3 | F41: 2 | G41: 2 | H41: 2 | I41: 322.2 | K41: Cover | L41: 62 | N41: 58 | P41: 58 | Q41: 52 | R41: 58 | S41: 55 | T41: 51 | U41: 55 | W41: 47 | Y41: 60 | AA41: =AVERAGE(P41:U41) -> 54.833333 | AB41: =AVERAGE(AVERAGE(L41:M41),AVERAGE(N41:O41),AVERAGE(P41:U41),AVERAGE(U41:V41),AVERAGE(W41:X41),AVERAGE(Y41:Z41)) -> 56.138889 | AC41: =STDEV(AVERAGE(L41:M41),AVERAGE(N41:O41),AVERAGE(P41:U41),AVERAGE(U41:V41),AVERAGE(W41:X41),AVERAGE(Y41:Z41))/SQRT(6) -> 2.1544169
B42: =B40+700 -> 908 | C42: Early | D42: 21 | E42: 3 | F42: 2 | G42: 2 | H42: 2 | I42: 322.2 | K42: Height | L42: 43 | N42: 44 | P42: 45 | Q42: 43 | R42: 43 | S42: 53 | T42: 40 | U42: 46 | W42: 36 | Y42: 42 | AA42: =AVERAGE(P42:U42) -> 45 | AB42: =AVERAGE(AVERAGE(L42:M42),AVERAGE(N42:O42),AVERAGE(P42:U42),AVERAGE(U42:V42),AVERAGE(W42:X42),AVERAGE(Y42:Z42)) -> 42.666667 | AC42: =STDEV(AVERAGE(L42:M42),AVERAGE(N42:O42),AVERAGE(P42:U42),AVERAGE(U42:V42),AVERAGE(W42:X42),AVERAGE(Y42:Z42))/SQRT(6) -> 1.4529663
B43: 906 | C43: Late | D43: 22 | E43: 4 | F43: 2 | G43: 2 | H43: 2 | I43: 422.2 | K43: Cover | L43: 57 | N43: 58 | P43: 60 | Q43: 55 | R43: 52 | U43: 56 | W43: 50 | Y43: 62 | AA43: =AVERAGE(P43:U43) -> 55.75 | AB43: =AVERAGE(AVERAGE(L43:M43),AVERAGE(N43:O43),AVERAGE(P43:U43),AVERAGE(U43:V43),AVERAGE(W43:X43),AVERAGE(Y43:Z43)) -> 56.458333 | AC43: =STDEV(AVERAGE(L43:M43),AVERAGE(N43:O43),AVERAGE(P43:U43),AVERAGE(U43:V43),AVERAGE(W43:X43),AVERAGE(Y43:Z43))/SQRT(6) -> 1.589571
B44: 906 | C44: Late | D44: 22 | E44: 4 | F44: 2 | G44: 2 | H44: 2 | I44: 422.2 | K44: Height | L44: 46 | N44: 45 | P44: 41 | Q44: 45 | R44: 47 | U44: 47 | W44: 32 | Y44: 45 | AA44: =AVERAGE(P44:U44) -> 45 | AB44: =AVERAGE(AVERAGE(L44:M44),AVERAGE(N44:O44),AVERAGE(P44:U44),AVERAGE(U44:V44),AVERAGE(W44:X44),AVERAGE(Y44:Z44)) -> 43.333333 | AC44: =STDEV(AVERAGE(L44:M44),AVERAGE(N44:O44),AVERAGE(P44:U44),AVERAGE(U44:V44),AVERAGE(W44:X44),AVERAGE(Y44:Z44))/SQRT(6) -> 2.2900752
B45: 904 | C45: Early | D45: 21 | E45: 3 | F45: 2 | G45: 2 | H45: 1 | I45: 322.1 | K45: Cover | L45: 55 | N45: 62 | P45: 49 | Q45: 53 | R45: 54 | S45: 58 | T45: 52 | U45: 53 | W45: 59 | Y45: 53 | AA45: =AVERAGE(P45:U45) -> 53.166667 | AB45: =AVERAGE(AVERAGE(L45:M45),AVERAGE(N45:O45),AVERAGE(P45:U45),AVERAGE(U45:V45),AVERAGE(W45:X45),AVERAGE(Y45:Z45)) -> 55.861111 | AC45: =STDEV(AVERAGE(L45:M45),AVERAGE(N45:O45),AVERAGE(P45:U45),AVERAGE(U45:V45),AVERAGE(W45:X45),AVERAGE(Y45:Z45))/SQRT(6) -> 1.5482467
B46: 904 | C46: Early | D46: 21 | E46: 3 | F46: 2 | G46: 2 | H46: 1 | I46: 322.1 | K46: Height | L46: 41 | N46: 52 | P46: 42 | Q46: 41 | R46: 47 | S46: 41 | T46: 34 | U46: 41 | W46: 52 | Y46: 37 | AA46: =AVERAGE(P46:U46) -> 41 | AB46: =AVERAGE(AVERAGE(L46:M46),AVERAGE(N46:O46),AVERAGE(P46:U46),AVERAGE(U46:V46),AVERAGE(W46:X46),AVERAGE(Y46:Z46)) -> 44 | AC46: =STDEV(AVERAGE(L46:M46),AVERAGE(N46:O46),AVERAGE(P46:U46),AVERAGE(U46:V46),AVERAGE(W46:X46),AVERAGE(Y46:Z46))/SQRT(6) -> 2.607681
B47: 902 | C47: Late | D47: 22 | E47: 4 | F47: 2 | G47: 2 | H47: 1 | I47: 422.1 | K47: Cover | L47: 58 | N47: 62 | P47: 59 | Q47: 55 | R47: 49 | U47: 65 | W47: 48 | Y47: 60 | AA47: =AVERAGE(P47:U47) -> 57 | AB47: =AVERAGE(AVERAGE(L47:M47),AVERAGE(N47:O47),AVERAGE(P47:U47),AVERAGE(U47:V47),AVERAGE(W47:X47),AVERAGE(Y47:Z47)) -> 58.333333 | AC47: =STDEV(AVERAGE(L47:M47),AVERAGE(N47:O47),AVERAGE(P47:U47),AVERAGE(U47:V47),AVERAGE(W47:X47),AVERAGE(Y47:Z47))/SQRT(6) -> 2.375804
B48: 902 | C48: Late | D48: 22 | E48: 4 | F48: 2 | G48: 2 | H48: 1 | I48: 422.1 | K48: Height | L48: 45 | N48: 48 | P48: 48 | Q48: 34 | R48: 39 | U48: 42 | W48: 38 | Y48: 43 | AA48: =AVERAGE(P48:U48) -> 40.75 | AB48: =AVERAGE(AVERAGE(L48:M48),AVERAGE(N48:O48),AVERAGE(P48:U48),AVERAGE(U48:V48),AVERAGE(W48:X48),AVERAGE(Y48:Z48)) -> 42.791667 | AC48: =STDEV(AVERAGE(L48:M48),AVERAGE(N48:O48),AVERAGE(P48:U48),AVERAGE(U48:V48),AVERAGE(W48:X48),AVERAGE(Y48:Z48))/SQRT(6) -> 1.4118792
B49: =B47-601 -> 301 | C49: NTL | D49: 10 | E49: 2 | F49: 2 | G49: 1 | H49: 3 | I49: 221.3 | K49: Cover | L49: 52 | N49: 59 | P49: 68 | Q49: 72 | R49: 67 | S49: 49 | T49: 50 | U49: 61 | W49: 59 | Y49: 62 | AA49: =AVERAGE(P49:U49) -> 61.166667 | AB49: =AVERAGE(AVERAGE(L49:M49),AVERAGE(N49:O49),AVERAGE(P49:U49),AVERAGE(U49:V49),AVERAGE(W49:X49),AVERAGE(Y49:Z49)) -> 59.027778 | AC49: =STDEV(AVERAGE(L49:M49),AVERAGE(N49:O49),AVERAGE(P49:U49),AVERAGE(U49:V49),AVERAGE(W49:X49),AVERAGE(Y49:Z49))/SQRT(6) -> 1.4909708 | AT49: 2 | AU49: High | AV49: 150
B50: =B48-601 -> 301 | C50: NTL | D50: 10 | E50: 2 | F50: 2 | G50: 1 | H50: 3 | I50: 221.3 | K50: Height | L50: 46 | N50: 53 | P50: 54 | Q50: 46 | R50: 52 | S50: 53 | T50: 42 | U50: 50 | W50: 38 | Y50: 52 | AA50: =AVERAGE(P50:U50) -> 49.5 | AB50: =AVERAGE(AVERAGE(L50:M50),AVERAGE(N50:O50),AVERAGE(P50:U50),AVERAGE(U50:V50),AVERAGE(W50:X50),AVERAGE(Y50:Z50)) -> 48.083333 | AC50: =STDEV(AVERAGE(L50:M50),AVERAGE(N50:O50),AVERAGE(P50:U50),AVERAGE(U50:V50),AVERAGE(W50:X50),AVERAGE(Y50:Z50))/SQRT(6) -> 2.2450563
B51: =B49+1 -> 302 | C51: FTL | D51: 4 | E51: 1 | F51: 2 | G51: 1 | H51: 3 | I51: 121.3 | K51: Cover | L51: 68 | N51: 47 | P51: 65 | Q51: 55 | R51: 56 | U51: 58 | W51: 59 | Y51: 50 | AA51: =AVERAGE(P51:U51) -> 58.5 | AB51: =AVERAGE(AVERAGE(L51:M51),AVERAGE(N51:O51),AVERAGE(P51:U51),AVERAGE(U51:V51),AVERAGE(W51:X51),AVERAGE(Y51:Z51)) -> 56.75 | AC51: =STDEV(AVERAGE(L51:M51),AVERAGE(N51:O51),AVERAGE(P51:U51),AVERAGE(U51:V51),AVERAGE(W51:X51),AVERAGE(Y51:Z51))/SQRT(6) -> 3.0379544
B52: =B50+1 -> 302 | C52: FTL | D52: 4 | E52: 1 | F52: 2 | G52: 1 | H52: 3 | I52: 121.3 | K52: Height | L52: 54 | N52: 45 | P52: 47 | Q52: 44 | R52: 58 | U52: 51 | W52: 46 | Y52: 43 | AA52: =AVERAGE(P52:U52) -> 50 | AB52: =AVERAGE(AVERAGE(L52:M52),AVERAGE(N52:O52),AVERAGE(P52:U52),AVERAGE(U52:V52),AVERAGE(W52:X52),AVERAGE(Y52:Z52)) -> 48.166667 | AC52: =STDEV(AVERAGE(L52:M52),AVERAGE(N52:O52),AVERAGE(P52:U52),AVERAGE(U52:V52),AVERAGE(W52:X52),AVERAGE(Y52:Z52))/SQRT(6) -> 1.7013067
B53: =B51+1 -> 303 | C53: NSL | D53: 8 | E53: 2 | F53: 1 | G53: 1 | H53: 3 | I53: 211.3 | K53: Cover | L53: 56 | N53: 57 | P53: 65 | Q53: 50 | R53: 53 | S53: 54 | T53: 63 | U53: 66 | W53: 75 | Y53: 53 | AA53: =AVERAGE(P53:U53) -> 58.5 | AB53: =AVERAGE(AVERAGE(L53:M53),AVERAGE(N53:O53),AVERAGE(P53:U53),AVERAGE(U53:V53),AVERAGE(W53:X53),AVERAGE(Y53:Z53)) -> 60.916667 | AC53: =STDEV(AVERAGE(L53:M53),AVERAGE(N53:O53),AVERAGE(P53:U53),AVERAGE(U53:V53),AVERAGE(W53:X53),AVERAGE(Y53:Z53))/SQRT(6) -> 3.3277036
B54: =B52+1 -> 303 | C54: NSL | D54: 8 | E54: 2 | F54: 1 | G54: 1 | H54: 3 | I54: 211.3 | K54: Height | L54: 44 | N54: 48 | P54: 44 | Q54: 45 | R54: 46 | S54: 46 | T54: 51 | U54: 53 | W54: 56 | Y54: 49 | AA54: =AVERAGE(P54:U54) -> 47.5 | AB54: =AVERAGE(AVERAGE(L54:M54),AVERAGE(N54:O54),AVERAGE(P54:U54),AVERAGE(U54:V54),AVERAGE(W54:X54),AVERAGE(Y54:Z54)) -> 49.583333 | AC54: =STDEV(AVERAGE(L54:M54),AVERAGE(N54:O54),AVERAGE(P54:U54),AVERAGE(U54:V54),AVERAGE(W54:X54),AVERAGE(Y54:Z54))/SQRT(6) -> 1.7436392
B55: =B53+1 -> 304 | C55: FSL | D55: 2 | E55: 1 | F55: 1 | G55: 1 | H55: 3 | I55: 111.3 | K55: Cover | L55: 51 | N55: 53 | P55: 59 | Q55: 52 | R55: 56 | U55: 60 | W55: 52 | Y55: 43 | AA55: =AVERAGE(P55:U55) -> 56.75 | AB55: =AVERAGE(AVERAGE(L55:M55),AVERAGE(N55:O55),AVERAGE(P55:U55),AVERAGE(U55:V55),AVERAGE(W55:X55),AVERAGE(Y55:Z55)) -> 52.625 | AC55: =STDEV(AVERAGE(L55:M55),AVERAGE(N55:O55),AVERAGE(P55:U55),AVERAGE(U55:V55),AVERAGE(W55:X55),AVERAGE(Y55:Z55))/SQRT(6) -> 2.3609232
B56: =B54+1 -> 304 | C56: FSL | D56: 2 | E56: 1 | F56: 1 | G56: 1 | H56: 3 | I56: 111.3 | K56: Height | L56: 45 | N56: 48 | P56: 45 | Q56: 40 | R56: 43 | U56: 51 | W56: 50 | Y56: 30 | AA56: =AVERAGE(P56:U56) -> 44.75 | AB56: =AVERAGE(AVERAGE(L56:M56),AVERAGE(N56:O56),AVERAGE(P56:U56),AVERAGE(U56:V56),AVERAGE(W56:X56),AVERAGE(Y56:Z56)) -> 44.791667 | AC56: =STDEV(AVERAGE(L56:M56),AVERAGE(N56:O56),AVERAGE(P56:U56),AVERAGE(U56:V56),AVERAGE(W56:X56),AVERAGE(Y56:Z56))/SQRT(6) -> 3.1347625
B57: =B55+1 -> 305 | C57: NDH | D57: 11 | E57: 2 | F57: 3 | G57: 2 | H57: 4 | I57: 232.4 | K57: Cover | L57: 77 | N57: 75 | Q57: 72 | U57: 76 | W57: 77 | Y57: 83 | AA57: =AVERAGE(P57:T57) -> 72 | AB57: =AVERAGE(AVERAGE(L57:M57),AVERAGE(N57:O57),AVERAGE(P57:T57),AVERAGE(U57:V57),AVERAGE(W57:X57),AVERAGE(Y57:Z57)) -> 76.666667 | AC57: =STDEV(AVERAGE(L57:M57),AVERAGE(N57:O57),AVERAGE(P57:T57),AVERAGE(U57:V57),AVERAGE(W57:X57),AVERAGE(Y57:Z57))/SQRT(6) -> 1.4757296
B58: =B56+1 -> 305 | C58: NDH | D58: 11 | E58: 2 | F58: 3 | G58: 2 | H58: 4 | I58: 232.4 | K58: Height | L58: 53 | N58: 52 | Q58: 53 | U58: 53 | W58: 50 | Y58: 48 | AA58: =AVERAGE(P58:T58) -> 53 | AB58: =AVERAGE(AVERAGE(L58:M58),AVERAGE(N58:O58),AVERAGE(P58:T58),AVERAGE(U58:V58),AVERAGE(W58:X58),AVERAGE(Y58:Z58)) -> 51.5 | AC58: =STDEV(AVERAGE(L58:M58),AVERAGE(N58:O58),AVERAGE(P58:T58),AVERAGE(U58:V58),AVERAGE(W58:X58),AVERAGE(Y58:Z58))/SQRT(6) -> 0.84656167
B59: =B57+1 -> 306 | C59: FTL | D59: 4 | E59: 1 | F59: 2 | G59: 1 | H59: 4 | I59: 121.4 | K59: Cover | L59: 57 | N59: 60 | P59: 57 | Q59: 70 | R59: 67 | U59: 64 | W59: 60 | Y59: 59 | AA59: =AVERAGE(P59:U59) -> 64.5 | AB59: =AVERAGE(AVERAGE(L59:M59),AVERAGE(N59:O59),AVERAGE(P59:U59),AVERAGE(U59:V59),AVERAGE(W59:X59),AVERAGE(Y59:Z59)) -> 60.75 | AC59: =STDEV(AVERAGE(L59:M59),AVERAGE(N59:O59),AVERAGE(P59:U59),AVERAGE(U59:V59),AVERAGE(W59:X59),AVERAGE(Y59:Z59))/SQRT(6) -> 1.1954776
B60: =B58+1 -> 306 | C60: FTL | D60: 4 | E60: 1 | F60: 2 | G60: 1 | H60: 4 | I60: 121.4 | K60: Height | L60: 51 | N60: 45 | P60: 43 | Q60: 40 | R60: 39 | U60: 50 | W60: 52 | Y60: 45 | AA60: =AVERAGE(P60:U60) -> 43 | AB60: =AVERAGE(AVERAGE(L60:M60),AVERAGE(N60:O60),AVERAGE(P60:U60),AVERAGE(U60:V60),AVERAGE(W60:X60),AVERAGE(Y60:Z60)) -> 47.666667 | AC60: =STDEV(AVERAGE(L60:M60),AVERAGE(N60:O60),AVERAGE(P60:U60),AVERAGE(U60:V60),AVERAGE(W60:X60),AVERAGE(Y60:Z60))/SQRT(6) -> 1.5420045
B61: =B59+1 -> 307 | C61: NTH | D61: 9 | E61: 2 | F61: 2 | G61: 2 | H61: 4 | I61: 222.4 | K61: Cover | L61: 64 | N61: 52 | Q61: 58 | U61: 62 | W61: 58 | Y61: 60 | AA61: =AVERAGE(P61:T61) -> 58 | AB61: =AVERAGE(AVERAGE(L61:M61),AVERAGE(N61:O61),AVERAGE(P61:T61),AVERAGE(U61:V61),AVERAGE(W61:X61),AVERAGE(Y61:Z61)) -> 59 | AC61: =STDEV(AVERAGE(L61:M61),AVERAGE(N61:O61),AVERAGE(P61:T61),AVERAGE(U61:V61),AVERAGE(W61:X61),AVERAGE(Y61:Z61))/SQRT(6) -> 1.6931233
B62: =B60+1 -> 307 | C62: NTH | D62: 9 | E62: 2 | F62: 2 | G62: 2 | H62: 4 | I62: 222.4 | K62: Height | L62: 46 | N62: 41 | Q62: 46 | U62: 48 | W62: 45 | Y62: 48 | AA62: =AVERAGE(P62:T62) -> 46 | AB62: =AVERAGE(AVERAGE(L62:M62),AVERAGE(N62:O62),AVERAGE(P62:T62),AVERAGE(U62:V62),AVERAGE(W62:X62),AVERAGE(Y62:Z62)) -> 45.666667 | AC62: =STDEV(AVERAGE(L62:M62),AVERAGE(N62:O62),AVERAGE(P62:T62),AVERAGE(U62:V62),AVERAGE(W62:X62),AVERAGE(Y62:Z62))/SQRT(6) -> 1.0540926
B63: =B61+1 -> 308 | C63: FDH | D63: 5 | E63: 1 | F63: 3 | G63: 2 | H63: 4 | I63: 132.4 | K63: Cover | L63: 71 | N63: 65 | P63: 61 | Q63: 66 | R63: 54 | U63: 64 | W63: 63 | Y63: 70 | AA63: =AVERAGE(P63:U63) -> 61.25 | AB63: =AVERAGE(AVERAGE(L63:M63),AVERAGE(N63:O63),AVERAGE(P63:U63),AVERAGE(U63:V63),AVERAGE(W63:X63),AVERAGE(Y63:Z63)) -> 65.708333 | AC63: =STDEV(AVERAGE(L63:M63),AVERAGE(N63:O63),AVERAGE(P63:U63),AVERAGE(U63:V63),AVERAGE(W63:X63),AVERAGE(Y63:Z63))/SQRT(6) -> 1.6026237
B64: =B62+1 -> 308 | C64: FDH | D64: 5 | E64: 1 | F64: 3 | G64: 2 | H64: 4 | I64: 132.4 | K64: Height | L64: 35 | N64: 42 | P64: 30 | Q64: 32 | R64: 33 | U64: 36 | W64: 52 | Y64: 51 | AA64: =AVERAGE(P64:U64) -> 32.75 | AB64: =AVERAGE(AVERAGE(L64:M64),AVERAGE(N64:O64),AVERAGE(P64:U64),AVERAGE(U64:V64),AVERAGE(W64:X64),AVERAGE(Y64:Z64)) -> 41.458333 | AC64: =STDEV(AVERAGE(L64:M64),AVERAGE(N64:O64),AVERAGE(P64:U64),AVERAGE(U64:V64),AVERAGE(W64:X64),AVERAGE(Y64:Z64))/SQRT(6) -> 3.4146844
B65: =B63+100 -> 408 | C65: NTL | D65: 10 | E65: 2 | F65: 2 | G65: 1 | H65: 4 | I65: 221.4 | K65: Cover | L65: 55 | N65: 60 | P65: 56 | Q65: 67 | R65: 62 | S65: 53 | T65: 49 | U65: 56 | W65: 59 | Y65: 53 | AA65: =AVERAGE(P65:U65) -> 57.166667 | AB65: =AVERAGE(AVERAGE(L65:M65),AVERAGE(N65:O65),AVERAGE(P65:U65),AVERAGE(U65:V65),AVERAGE(W65:X65),AVERAGE(Y65:Z65)) -> 56.694444 | AC65: =STDEV(AVERAGE(L65:M65),AVERAGE(N65:O65),AVERAGE(P65:U65),AVERAGE(U65:V65),AVERAGE(W65:X65),AVERAGE(Y65:Z65))/SQRT(6) -> 1.0562132 | AT65: 2 | AU65: High | AV65: 150
B66: =B64+100 -> 408 | C66: NTL | D66: 10 | E66: 2 | F66: 2 | G66: 1 | H66: 4 | I66: 221.4 | K66: Height | L66: 45 | N66: 51 | P66: 42 | Q66: 46 | R66: 49 | S66: 52 | T66: 50 | U66: 48 | W66: 61 | Y66: 40 | AA66: =AVERAGE(P66:U66) -> 47.833333 | AB66: =AVERAGE(AVERAGE(L66:M66),AVERAGE(N66:O66),AVERAGE(P66:U66),AVERAGE(U66:V66),AVERAGE(W66:X66),AVERAGE(Y66:Z66)) -> 48.805556 | AC66: =STDEV(AVERAGE(L66:M66),AVERAGE(N66:O66),AVERAGE(P66:U66),AVERAGE(U66:V66),AVERAGE(W66:X66),AVERAGE(Y66:Z66))/SQRT(6) -> 2.8701583
B67: =B65-1 -> 407 | C67: NSH | D67: 7 | E67: 2 | F67: 1 | G67: 2 | H67: 4 | I67: 212.4 | K67: Cover | L67: 49 | N67: 59 | P67: 50 | Q67: 57 | R67: 36 | S67: 57 | T67: 45 | U67: 54 | W67: 48 | Y67: 58 | AA67: =AVERAGE(P67:U67) -> 49.833333 | AB67: =AVERAGE(AVERAGE(L67:M67),AVERAGE(N67:O67),AVERAGE(P67:U67),AVERAGE(U67:V67),AVERAGE(W67:X67),AVERAGE(Y67:Z67)) -> 52.972222 | AC67: =STDEV(AVERAGE(L67:M67),AVERAGE(N67:O67),AVERAGE(P67:U67),AVERAGE(U67:V67),AVERAGE(W67:X67),AVERAGE(Y67:Z67))/SQRT(6) -> 1.940989
B68: =B66-1 -> 407 | C68: NSH | D68: 7 | E68: 2 | F68: 1 | G68: 2 | H68: 4 | I68: 212.4 | K68: Height | L68: 44 | N68: 47 | P68: 34 | Q68: 43 | R68: 28 | S68: 33 | T68: 38 | U68: 43 | W68: 38 | Y68: 46 | AA68: =AVERAGE(P68:U68) -> 36.5 | AB68: =AVERAGE(AVERAGE(L68:M68),AVERAGE(N68:O68),AVERAGE(P68:U68),AVERAGE(U68:V68),AVERAGE(W68:X68),AVERAGE(Y68:Z68)) -> 42.416667 | AC68: =STDEV(AVERAGE(L68:M68),AVERAGE(N68:O68),AVERAGE(P68:U68),AVERAGE(U68:V68),AVERAGE(W68:X68),AVERAGE(Y68:Z68))/SQRT(6) -> 1.7436392
B69: =B67-1 -> 406 | C69: FTH | D69: 3 | E69: 1 | F69: 2 | G69: 2 | H69: 4 | I69: 122.4 | K69: Cover | L69: 54 | N69: 68 | P69: 62 | Q69: 78 | R69: 60 | U69: 55 | W69: 65 | Y69: 52 | AA69: =AVERAGE(P69:U69) -> 63.75 | AB69: =AVERAGE(AVERAGE(L69:M69),AVERAGE(N69:O69),AVERAGE(P69:U69),AVERAGE(U69:V69),AVERAGE(W69:X69),AVERAGE(Y69:Z69)) -> 59.625 | AC69: =STDEV(AVERAGE(L69:M69),AVERAGE(N69:O69),AVERAGE(P69:U69),AVERAGE(U69:V69),AVERAGE(W69:X69),AVERAGE(Y69:Z69))/SQRT(6) -> 2.7520825
B70: =B68-1 -> 406 | C70: FTH | D70: 3 | E70: 1 | F70: 2 | G70: 2 | H70: 4 | I70: 122.4 | K70: Height | L70: 46 | N70: 57 | P70: 47 | Q70: 62 | R70: 45 | U70: 39 | W70: 44 | Y70: 47 | AA70: =AVERAGE(P70:U70) -> 48.25 | AB70: =AVERAGE(AVERAGE(L70:M70),AVERAGE(N70:O70),AVERAGE(P70:U70),AVERAGE(U70:V70),AVERAGE(W70:X70),AVERAGE(Y70:Z70)) -> 46.875 | AC70: =STDEV(AVERAGE(L70:M70),AVERAGE(N70:O70),AVERAGE(P70:U70),AVERAGE(U70:V70),AVERAGE(W70:X70),AVERAGE(Y70:Z70))/SQRT(6) -> 2.418462
B71: =B69-1 -> 405 | C71: FDL | D71: 6 | E71: 1 | F71: 3 | G71: 1 | H71: 4 | I71: 131.4 | K71: Cover | L71: 74 | N71: 77 | P71: 73 | Q71: 69 | R71: 74 | U71: 72 | W71: 72 | Y71: 76 | AA71: =AVERAGE(P71:U71) -> 72 | AB71: =AVERAGE(AVERAGE(L71:M71),AVERAGE(N71:O71),AVERAGE(P71:U71),AVERAGE(U71:V71),AVERAGE(W71:X71),AVERAGE(Y71:Z71)) -> 73.833333 | AC71: =STDEV(AVERAGE(L71:M71),AVERAGE(N71:O71),AVERAGE(P71:U71),AVERAGE(U71:V71),AVERAGE(W71:X71),AVERAGE(Y71:Z71))/SQRT(6) -> 0.90982294
B72: =B70-1 -> 405 | C72: FDL | D72: 6 | E72: 1 | F72: 3 | G72: 1 | H72: 4 | I72: 131.4 | K72: Height | L72: 42 | N72: 44 | P72: 38 | Q72: 42 | R72: 39 | U72: 43 | W72: 33 | Y72: 38 | AA72: =AVERAGE(P72:U72) -> 40.5 | AB72: =AVERAGE(AVERAGE(L72:M72),AVERAGE(N72:O72),AVERAGE(P72:U72),AVERAGE(U72:V72),AVERAGE(W72:X72),AVERAGE(Y72:Z72)) -> 40.083333 | AC72: =STDEV(AVERAGE(L72:M72),AVERAGE(N72:O72),AVERAGE(P72:U72),AVERAGE(U72:V72),AVERAGE(W72:X72),AVERAGE(Y72:Z72))/SQRT(6) -> 1.6553784
B73: =B71-1 -> 404 | C73: FTH | D73: 3 | E73: 1 | F73: 2 | G73: 2 | H73: 3 | I73: 122.3 | K73: Cover | L73: 55 | N73: 59 | P73: 60 | Q73: 51 | R73: 43 | U73: 65 | W73: 55 | Y73: 51 | AA73: =AVERAGE(P73:U73) -> 54.75 | AB73: =AVERAGE(AVERAGE(L73:M73),AVERAGE(N73:O73),AVERAGE(P73:U73),AVERAGE(U73:V73),AVERAGE(W73:X73),AVERAGE(Y73:Z73)) -> 56.625 | AC73: =STDEV(AVERAGE(L73:M73),AVERAGE(N73:O73),AVERAGE(P73:U73),AVERAGE(U73:V73),AVERAGE(W73:X73),AVERAGE(Y73:Z73))/SQRT(6) -> 1.9682374
B74: =B72-1 -> 404 | C74: FTH | D74: 3 | E74: 1 | F74: 2 | G74: 2 | H74: 3 | I74: 122.3 | K74: Height | L74: 45 | N74: 44 | P74: 42 | Q74: 39 | R74: 38 | U74: 52 | W74: 48 | Y74: 40 | AA74: =AVERAGE(P74:U74) -> 42.75 | AB74: =AVERAGE(AVERAGE(L74:M74),AVERAGE(N74:O74),AVERAGE(P74:U74),AVERAGE(U74:V74),AVERAGE(W74:X74),AVERAGE(Y74:Z74)) -> 45.291667 | AC74: =STDEV(AVERAGE(L74:M74),AVERAGE(N74:O74),AVERAGE(P74:U74),AVERAGE(U74:V74),AVERAGE(W74:X74),AVERAGE(Y74:Z74))/SQRT(6) -> 1.7180617
B75: =B73-1 -> 403 | C75: FDL | D75: 6 | E75: 1 | F75: 3 | G75: 1 | H75: 3 | I75: 131.3 | K75: Cover | L75: 72 | N75: 75 | P75: 74 | Q75: 60 | R75: 66 | U75: 62 | W75: 64 | Y75: 71 | AA75: =AVERAGE(P75:U75) -> 65.5 | AB75: =AVERAGE(AVERAGE(L75:M75),AVERAGE(N75:O75),AVERAGE(P75:U75),AVERAGE(U75:V75),AVERAGE(W75:X75),AVERAGE(Y75:Z75)) -> 68.25 | AC75: =STDEV(AVERAGE(L75:M75),AVERAGE(N75:O75),AVERAGE(P75:U75),AVERAGE(U75:V75),AVERAGE(W75:X75),AVERAGE(Y75:Z75))/SQRT(6) -> 2.0966243
B76: =B74-1 -> 403 | C76: FDL | D76: 6 | E76: 1 | F76: 3 | G76: 1 | H76: 3 | I76: 131.3 | K76: Height | L76: 40 | N76: 46 | P76: 37 | Q76: 39 | R76: 33 | U76: 38 | W76: 39 | Y76: 36 | AA76: =AVERAGE(P76:U76) -> 36.75 | AB76: =AVERAGE(AVERAGE(L76:M76),AVERAGE(N76:O76),AVERAGE(P76:U76),AVERAGE(U76:V76),AVERAGE(W76:X76),AVERAGE(Y76:Z76)) -> 39.291667 | AC76: =STDEV(AVERAGE(L76:M76),AVERAGE(N76:O76),AVERAGE(P76:U76),AVERAGE(U76:V76),AVERAGE(W76:X76),AVERAGE(Y76:Z76))/SQRT(6) -> 1.4668797
B77: =B75-1 -> 402 | C77: NTH | D77: 9 | E77: 2 | F77: 2 | G77: 2 | H77: 3 | I77: 222.3 | K77: Cover | L77: 55 | N77: 57 | P77: 53 | Q77: 57 | R77: 58 | S77: 53 | T77: 57 | U77: 61 | W77: 58 | Y77: 52 | AA77: =AVERAGE(P77:U77) -> 56.5 | AB77: =AVERAGE(AVERAGE(L77:M77),AVERAGE(N77:O77),AVERAGE(P77:U77),AVERAGE(U77:V77),AVERAGE(W77:X77),AVERAGE(Y77:Z77)) -> 56.583333 | AC77: =STDEV(AVERAGE(L77:M77),AVERAGE(N77:O77),AVERAGE(P77:U77),AVERAGE(U77:V77),AVERAGE(W77:X77),AVERAGE(Y77:Z77))/SQRT(6) -> 1.2275767
B78: =B76-1 -> 402 | C78: NTH | D78: 9 | E78: 2 | F78: 2 | G78: 2 | H78: 3 | I78: 222.3 | K78: Height | L78: 48 | N78: 44 | P78: 34 | Q78: 42 | R78: 50 | S78: 45 | T78: 46 | U78: 42 | W78: 40 | Y78: 36 | AA78: =AVERAGE(P78:U78) -> 43.166667 | AB78: =AVERAGE(AVERAGE(L78:M78),AVERAGE(N78:O78),AVERAGE(P78:U78),AVERAGE(U78:V78),AVERAGE(W78:X78),AVERAGE(Y78:Z78)) -> 42.194444 | AC78: =STDEV(AVERAGE(L78:M78),AVERAGE(N78:O78),AVERAGE(P78:U78),AVERAGE(U78:V78),AVERAGE(W78:X78),AVERAGE(Y78:Z78))/SQRT(6) -> 1.6445289
B79: =B77-1 -> 401 | C79: NSH | D79: 7 | E79: 2 | F79: 1 | G79: 2 | H79: 3 | I79: 212.3 | K79: Cover | L79: 43 | N79: 40 | P79: 0 | Q79: 52 | R79: 47 | S79: 47 | T79: 49 | U79: 41 | W79: 51 | Y79: 49 | AA79: =AVERAGE(P79:U79) -> 39.333333 | AB79: =AVERAGE(AVERAGE(L79:M79),AVERAGE(N79:O79),AVERAGE(P79:U79),AVERAGE(U79:V79),AVERAGE(W79:X79),AVERAGE(Y79:Z79)) -> 43.888889 | AC79: =STDEV(AVERAGE(L79:M79),AVERAGE(N79:O79),AVERAGE(P79:U79),AVERAGE(U79:V79),AVERAGE(W79:X79),AVERAGE(Y79:Z79))/SQRT(6) -> 2.0141475
B80: =B78-1 -> 401 | C80: NSH | D80: 7 | E80: 2 | F80: 1 | G80: 2 | H80: 3 | I80: 212.3 | K80: Height | L80: 37 | N80: 38 | P80: 0 | Q80: 34 | R80: 40 | S80: 40 | T80: 44 | U80: 27 | W80: 48 | Y80: 43 | AA80: =AVERAGE(P80:U80) -> 30.833333 | AB80: =AVERAGE(AVERAGE(L80:M80),AVERAGE(N80:O80),AVERAGE(P80:U80),AVERAGE(U80:V80),AVERAGE(W80:X80),AVERAGE(Y80:Z80)) -> 37.305556 | AC80: =STDEV(AVERAGE(L80:M80),AVERAGE(N80:O80),AVERAGE(P80:U80),AVERAGE(U80:V80),AVERAGE(W80:X80),AVERAGE(Y80:Z80))/SQRT(6) -> 3.1382989

Sheet HgtDOY189
A1: FISE2003 Plant Cover and Heights
X2: Date: | Y2: 37810 | AA2: DOY 189
B3: Comments: | J3: Extremely hot and stifeling
J4: some muddy plots | X4: By: | Y4: SR , COB
AT5: Legend
B6: Plot | C6: Acron | D6: Trt. | E6: Irrig. | F6: Pop. | G6: N | H6: Block | I6: Exotech Code | J6: Time | K6: Meas. | L6: Row 3 | N6: Row 4 | P6: Row 5 (Picture Row) | U6: Row 6 | W6: Row 7 | Y6: Row 8 | AA6: PictureRow Mean | AB6: Plot Mean | AC6: Plot SE | AT6: Irrigation
J7: Position ⇒ | L7: 25 cm | M7: 75 cm | N7: 25 cm | O7: 75 cm | P7: 0 cm | Q7: 25 cm | R7: 50 cm | S7: 75 cm | T7: 100 cm | U7: 25 cm | V7: 75 cm | W7: 25 cm | X7: 75 cm | Y7: 25 cm | Z7: 75 cm | AT7: Code | AU7: Schedule | AV7: notes
B8: Plot | C8: Acron | D8: Trt | E8: Irr | F8: Pop | G8: Nit | H8: Block | I8: ExotechCode | J8: Time | K8: Meas | L8: 3.25 | M8: 3.75 | N8: 4.25 | O8: 4.75 | P8: 5.00 | Q8: 5.25 | R8: 5.50 | S8: 5.75 | T8: 5.100 | U8: 6.25 | V8: 6.75 | W8: 7.25 | X8: 7.75 | Y8: 8.25 | Z8: 8.75 | AA8: PicRowMean | AB8: PlotMean | AC8: PlotSE
B9: 108 | C9: FTH | D9: 3 | E9: 1 | F9: 2 | G9: 2 | H9: 2 | I9: 122.2 | J9: 0.44791667 | K9: Cover | L9: 85 | N9: 87 | P9: 79 | Q9: 77 | R9: 83 | S9: 74 | T9: 73 | U9: 86 | W9: 91 | Y9: 90 | AA9: =AVERAGE(P9:U9) -> 78.666667 | AB9: =AVERAGE(AVERAGE(L9:M9),AVERAGE(N9:O9),AVERAGE(P9:U9),AVERAGE(U9:V9),AVERAGE(W9:X9),AVERAGE(Y9:Z9)) -> 86.277778 | AC9: =STDEV(AVERAGE(L9:M9),AVERAGE(N9:O9),AVERAGE(P9:U9),AVERAGE(U9:V9),AVERAGE(W9:X9),AVERAGE(Y9:Z9))/SQRT(6) -> 1.7917851 | AT9: 1 | AU9: FAO
B10: 108 | C10: FTH | D10: 3 | E10: 1 | F10: 2 | G10: 2 | H10: 2 | I10: 122.2 | K10: Height | L10: 86 | N10: 75 | P10: 66 | Q10: 68 | R10: 81 | S10: 81 | T10: 70 | U10: 81 | W10: 76 | Y10: 85.5 | AA10: =AVERAGE(P10:U10) -> 74.5 | AB10: =AVERAGE(AVERAGE(L10:M10),AVERAGE(N10:O10),AVERAGE(P10:U10),AVERAGE(U10:V10),AVERAGE(W10:X10),AVERAGE(Y10:Z10)) -> 79.666667 | AC10: =STDEV(AVERAGE(L10:M10),AVERAGE(N10:O10),AVERAGE(P10:U10),AVERAGE(U10:V10),AVERAGE(W10:X10),AVERAGE(Y10:Z10))/SQRT(6) -> 2.1434655 | AT10: 2 | AU10: NDVI
B11: =B9-1 -> 107 | C11: NTL | D11: 10 | E11: 2 | F11: 2 | G11: 1 | H11: 2 | I11: 221.2 | K11: Cover | L11: 78 | N11: 84 | P11: 82 | Q11: 73 | R11: 76 | S11: 81 | T11: 83 | U11: 81 | W11: 86 | Y11: 80 | AA11: =AVERAGE(P11:U11) -> 79.333333 | AB11: =AVERAGE(AVERAGE(L11:M11),AVERAGE(N11:O11),AVERAGE(P11:U11),AVERAGE(U11:V11),AVERAGE(W11:X11),AVERAGE(Y11:Z11)) -> 81.388889 | AC11: =STDEV(AVERAGE(L11:M11),AVERAGE(N11:O11),AVERAGE(P11:U11),AVERAGE(U11:V11),AVERAGE(W11:X11),AVERAGE(Y11:Z11))/SQRT(6) -> 1.2365324 | AT11: 3 | AU11: None>1Jun | AV11: ad hoc
B12: =B10-1 -> 107 | C12: NTL | D12: 10 | E12: 2 | F12: 2 | G12: 1 | H12: 2 | I12: 221.2 | K12: Height | L12: 76 | N12: 92 | P12: 72 | Q12: 74 | R12: 77 | S12: 75 | T12: 82 | U12: 80 | W12: 82 | Y12: 78 | AA12: =AVERAGE(P12:U12) -> 76.666667 | AB12: =AVERAGE(AVERAGE(L12:M12),AVERAGE(N12:O12),AVERAGE(P12:U12),AVERAGE(U12:V12),AVERAGE(W12:X12),AVERAGE(Y12:Z12)) -> 80.777778 | AC12: =STDEV(AVERAGE(L12:M12),AVERAGE(N12:O12),AVERAGE(P12:U12),AVERAGE(U12:V12),AVERAGE(W12:X12),AVERAGE(Y12:Z12))/SQRT(6) -> 2.4185497 | AT12: 4 | AU12: None>15Jul | AV12: ad hoc
B13: =B11-1 -> 106 | C13: NTH | D13: 9 | E13: 2 | F13: 2 | G13: 2 | H13: 2 | I13: 222.2 | K13: Cover | L13: 85 | N13: 72 | P13: 85 | Q13: 88 | R13: 81 | S13: 89 | T13: 87 | U13: 81 | W13: 93 | Y13: 90 | AA13: =AVERAGE(P13:U13) -> 85.166667 | AB13: =AVERAGE(AVERAGE(L13:M13),AVERAGE(N13:O13),AVERAGE(P13:U13),AVERAGE(U13:V13),AVERAGE(W13:X13),AVERAGE(Y13:Z13)) -> 84.361111 | AC13: =STDEV(AVERAGE(L13:M13),AVERAGE(N13:O13),AVERAGE(P13:U13),AVERAGE(U13:V13),AVERAGE(W13:X13),AVERAGE(Y13:Z13))/SQRT(6) -> 3.0087578 | AT13: 8 | AU13: Dry Soil | AV13: never
B14: =B12-1 -> 106 | C14: NTH | D14: 9 | E14: 2 | F14: 2 | G14: 2 | H14: 2 | I14: 222.2 | K14: Height | L14: 83 | N14: 81 | P14: 81 | Q14: 79 | R14: 73 | S14: 80 | T14: 78 | U14: 77 | W14: 89 | Y14: 79 | AA14: =AVERAGE(P14:U14) -> 78 | AB14: =AVERAGE(AVERAGE(L14:M14),AVERAGE(N14:O14),AVERAGE(P14:U14),AVERAGE(U14:V14),AVERAGE(W14:X14),AVERAGE(Y14:Z14)) -> 81.166667 | AC14: =STDEV(AVERAGE(L14:M14),AVERAGE(N14:O14),AVERAGE(P14:U14),AVERAGE(U14:V14),AVERAGE(W14:X14),AVERAGE(Y14:Z14))/SQRT(6) -> 1.7966017 | AT14: 9 | AU14: Wet Soil | AV14: often
B15: =B13-1 -> 105 | C15: NDL | D15: 12 | E15: 2 | F15: 3 | G15: 1 | H15: 2 | I15: 231.2 | K15: Cover | L15: 97 | N15: 85 | P15: 94 | Q15: 92 | R15: 88 | S15: 85 | T15: 92 | U15: 86 | W15: 93 | Y15: 83 | AA15: =AVERAGE(P15:U15) -> 89.5 | AB15: =AVERAGE(AVERAGE(L15:M15),AVERAGE(N15:O15),AVERAGE(P15:U15),AVERAGE(U15:V15),AVERAGE(W15:X15),AVERAGE(Y15:Z15)) -> 88.916667 | AC15: =STDEV(AVERAGE(L15:M15),AVERAGE(N15:O15),AVERAGE(P15:U15),AVERAGE(U15:V15),AVERAGE(W15:X15),AVERAGE(Y15:Z15))/SQRT(6) -> 2.1695494
B16: =B14-1 -> 105 | C16: NDL | D16: 12 | E16: 2 | F16: 3 | G16: 1 | H16: 2 | I16: 231.2 | K16: Height | L16: 73 | N16: 77 | P16: 72 | Q16: 69 | R16: 68 | S16: 65 | T16: 67 | U16: 72 | W16: 67 | Y16: 69 | AA16: =AVERAGE(P16:U16) -> 68.833333 | AB16: =AVERAGE(AVERAGE(L16:M16),AVERAGE(N16:O16),AVERAGE(P16:U16),AVERAGE(U16:V16),AVERAGE(W16:X16),AVERAGE(Y16:Z16)) -> 71.138889 | AC16: =STDEV(AVERAGE(L16:M16),AVERAGE(N16:O16),AVERAGE(P16:U16),AVERAGE(U16:V16),AVERAGE(W16:X16),AVERAGE(Y16:Z16))/SQRT(6) -> 1.4784982 | AT16: Population
B17: =B15-1 -> 104 | C17: NTL | D17: 10 | E17: 2 | F17: 2 | G17: 1 | H17: 1 | I17: 221.1 | K17: Cover | L17: 81 | N17: 92 | P17: 88 | Q17: 82 | R17: 82 | S17: 83 | T17: 80 | U17: 79 | W17: 81 | Y17: 86 | AA17: =AVERAGE(P17:U17) -> 82.333333 | AB17: =AVERAGE(AVERAGE(L17:M17),AVERAGE(N17:O17),AVERAGE(P17:U17),AVERAGE(U17:V17),AVERAGE(W17:X17),AVERAGE(Y17:Z17)) -> 83.555556 | AC17: =STDEV(AVERAGE(L17:M17),AVERAGE(N17:O17),AVERAGE(P17:U17),AVERAGE(U17:V17),AVERAGE(W17:X17),AVERAGE(Y17:Z17))/SQRT(6) -> 1.9372884 | AT17: Code | AU17: no./meter | AV17: lines/bed
B18: =B16-1 -> 104 | C18: NTL | D18: 10 | E18: 2 | F18: 2 | G18: 1 | H18: 1 | I18: 221.1 | K18: Height | L18: 74 | N18: 75 | P18: 79 | Q18: 75 | R18: 91 | S18: 73 | T18: 74 | U18: 75 | W18: 83 | Y18: 80 | AA18: =AVERAGE(P18:U18) -> 77.833333 | AB18: =AVERAGE(AVERAGE(L18:M18),AVERAGE(N18:O18),AVERAGE(P18:U18),AVERAGE(U18:V18),AVERAGE(W18:X18),AVERAGE(Y18:Z18)) -> 77.472222 | AC18: =STDEV(AVERAGE(L18:M18),AVERAGE(N18:O18),AVERAGE(P18:U18),AVERAGE(U18:V18),AVERAGE(W18:X18),AVERAGE(Y18:Z18))/SQRT(6) -> 1.4301105 | AT18: 0 | AU18: 0 | AV18: na
B19: =B17-1 -> 103 | C19: FDH | D19: 5 | E19: 1 | F19: 3 | G19: 2 | H19: 1 | I19: 132.1 | K19: Cover | L19: 83 | N19: 89 | P19: 93 | Q19: 85 | R19: 84 | S19: 85 | T19: 86 | U19: 87 | W19: 82 | Y19: 90 | AA19: =AVERAGE(P19:U19) -> 86.666667 | AB19: =AVERAGE(AVERAGE(L19:M19),AVERAGE(N19:O19),AVERAGE(P19:U19),AVERAGE(U19:V19),AVERAGE(W19:X19),AVERAGE(Y19:Z19)) -> 86.277778 | AC19: =STDEV(AVERAGE(L19:M19),AVERAGE(N19:O19),AVERAGE(P19:U19),AVERAGE(U19:V19),AVERAGE(W19:X19),AVERAGE(Y19:Z19))/SQRT(6) -> 1.3036037 | AT19: 1 | AU19: 5 | AV19: Single
B20: =B18-1 -> 103 | C20: FDH | D20: 5 | E20: 1 | F20: 3 | G20: 2 | H20: 1 | I20: 132.1 | K20: Height | L20: 71 | N20: 67 | P20: 58 | Q20: 60 | R20: 59 | S20: 63 | T20: 66 | U20: 62 | W20: 57 | Y20: 66 | AA20: =AVERAGE(P20:U20) -> 61.333333 | AB20: =AVERAGE(AVERAGE(L20:M20),AVERAGE(N20:O20),AVERAGE(P20:U20),AVERAGE(U20:V20),AVERAGE(W20:X20),AVERAGE(Y20:Z20)) -> 64.055556 | AC20: =STDEV(AVERAGE(L20:M20),AVERAGE(N20:O20),AVERAGE(P20:U20),AVERAGE(U20:V20),AVERAGE(W20:X20),AVERAGE(Y20:Z20))/SQRT(6) -> 2.0173629 | AT20: 2 | AU20: 10 | AV20: Single
B21: =B19-1 -> 102 | C21: FTL | D21: 4 | E21: 1 | F21: 2 | G21: 1 | H21: 1 | I21: 121.1 | K21: Cover | L21: 75 | N21: 91 | P21: 58 | Q21: 69 | R21: 52 | S21: 71 | T21: 65 | U21: 71 | W21: 70 | Y21: 83 | AA21: =AVERAGE(P21:U21) -> 64.333333 | AB21: =AVERAGE(AVERAGE(L21:M21),AVERAGE(N21:O21),AVERAGE(P21:U21),AVERAGE(U21:V21),AVERAGE(W21:X21),AVERAGE(Y21:Z21)) -> 75.722222 | AC21: =STDEV(AVERAGE(L21:M21),AVERAGE(N21:O21),AVERAGE(P21:U21),AVERAGE(U21:V21),AVERAGE(W21:X21),AVERAGE(Y21:Z21))/SQRT(6) -> 3.9650479 | AT21: 3 | AU21: 20 | AV21: Double
B22: =B20-1 -> 102 | C22: FTL | D22: 4 | E22: 1 | F22: 2 | G22: 1 | H22: 1 | I22: 121.1 | K22: Height | L22: 74 | N22: 75 | P22: 66 | Q22: 69 | R22: 49 | S22: 55 | T22: 58 | U22: 6 | W22: 63 | Y22: 72 | AA22: =AVERAGE(P22:U22) -> 50.5 | AB22: =AVERAGE(AVERAGE(L22:M22),AVERAGE(N22:O22),AVERAGE(P22:U22),AVERAGE(U22:V22),AVERAGE(W22:X22),AVERAGE(Y22:Z22)) -> 56.75 | AC22: =STDEV(AVERAGE(L22:M22),AVERAGE(N22:O22),AVERAGE(P22:U22),AVERAGE(U22:V22),AVERAGE(W22:X22),AVERAGE(Y22:Z22))/SQRT(6) -> 10.827242
B23: =B21-1 -> 101 | C23: FSH | D23: 1 | E23: 1 | F23: 1 | G23: 2 | H23: 1 | I23: 112.1 | K23: Cover | L23: 72 | N23: 79 | P23: 62 | Q23: 71 | R23: 77 | S23: 75 | T23: 78 | U23: 75 | W23: 73 | Y23: 81 | AA23: =AVERAGE(P23:U23) -> 73 | AB23: =AVERAGE(AVERAGE(L23:M23),AVERAGE(N23:O23),AVERAGE(P23:U23),AVERAGE(U23:V23),AVERAGE(W23:X23),AVERAGE(Y23:Z23)) -> 75.5 | AC23: =STDEV(AVERAGE(L23:M23),AVERAGE(N23:O23),AVERAGE(P23:U23),AVERAGE(U23:V23),AVERAGE(W23:X23),AVERAGE(Y23:Z23))/SQRT(6) -> 1.5 | AT23: Nitrogen
B24: =B22-1 -> 101 | C24: FSH | D24: 1 | E24: 1 | F24: 1 | G24: 2 | H24: 1 | I24: 112.1 | K24: Height | L24: 70 | N24: 65 | P24: 75 | Q24: 69 | R24: 63 | S24: 61 | T24: 71 | U24: 60 | W24: 58 | Y24: 71 | AA24: =AVERAGE(P24:U24) -> 66.5 | AB24: =AVERAGE(AVERAGE(L24:M24),AVERAGE(N24:O24),AVERAGE(P24:U24),AVERAGE(U24:V24),AVERAGE(W24:X24),AVERAGE(Y24:Z24)) -> 65.083333 | AC24: =STDEV(AVERAGE(L24:M24),AVERAGE(N24:O24),AVERAGE(P24:U24),AVERAGE(U24:V24),AVERAGE(W24:X24),AVERAGE(Y24:Z24))/SQRT(6) -> 2.1386003 | AT24: Code | AU24: Descript | AV24: kg N/ha
B25: =B23+100 -> 201 | C25: NDL | D25: 12 | E25: 2 | F25: 3 | G25: 1 | H25: 1 | I25: 231.1 | K25: Cover | L25: 86 | N25: 86 | P25: 95 | Q25: 85 | R25: 91 | S25: 90 | T25: 96 | U25: 89 | W25: 85 | Y25: 98 | AA25: =AVERAGE(P25:U25) -> 91 | AB25: =AVERAGE(AVERAGE(L25:M25),AVERAGE(N25:O25),AVERAGE(P25:U25),AVERAGE(U25:V25),AVERAGE(W25:X25),AVERAGE(Y25:Z25)) -> 89.166667 | AC25: =STDEV(AVERAGE(L25:M25),AVERAGE(N25:O25),AVERAGE(P25:U25),AVERAGE(U25:V25),AVERAGE(W25:X25),AVERAGE(Y25:Z25))/SQRT(6) -> 1.990254 | AT25: 1 | AU25: Low | AV25: 0
B26: =B24+100 -> 201 | C26: NDL | D26: 12 | E26: 2 | F26: 3 | G26: 1 | H26: 1 | I26: 231.1 | K26: Height | L26: 72 | N26: 72 | P26: 68 | Q26: 67 | R26: 69 | S26: 78 | T26: 75 | U26: 75 | W26: 73 | Y26: 89 | AA26: =AVERAGE(P26:U26) -> 72 | AB26: =AVERAGE(AVERAGE(L26:M26),AVERAGE(N26:O26),AVERAGE(P26:U26),AVERAGE(U26:V26),AVERAGE(W26:X26),AVERAGE(Y26:Z26)) -> 75.5 | AC26: =STDEV(AVERAGE(L26:M26),AVERAGE(N26:O26),AVERAGE(P26:U26),AVERAGE(U26:V26),AVERAGE(W26:X26),AVERAGE(Y26:Z26))/SQRT(6) -> 2.741654 | AT26: 2 | AU26: High | AV26: 150
B27: =B25+1 -> 202 | C27: NTH | D27: 9 | E27: 2 | F27: 2 | G27: 2 | H27: 1 | I27: 222.1 | K27: Cover | L27: 81 | N27: 69 | P27: 79 | Q27: 75 | R27: 78 | S27: 73 | T27: 80 | U27: 69 | W27: 77 | Y27: 69 | AA27: =AVERAGE(P27:U27) -> 75.666667 | AB27: =AVERAGE(AVERAGE(L27:M27),AVERAGE(N27:O27),AVERAGE(P27:U27),AVERAGE(U27:V27),AVERAGE(W27:X27),AVERAGE(Y27:Z27)) -> 73.444444 | AC27: =STDEV(AVERAGE(L27:M27),AVERAGE(N27:O27),AVERAGE(P27:U27),AVERAGE(U27:V27),AVERAGE(W27:X27),AVERAGE(Y27:Z27))/SQRT(6) -> 2.1128648
B28: =B26+1 -> 202 | C28: NTH | D28: 9 | E28: 2 | F28: 2 | G28: 2 | H28: 1 | I28: 222.1 | K28: Height | L28: 76 | N28: 77 | P28: 63 | Q28: 60 | R28: 61 | S28: 73 | T28: 72 | U28: 64 | W28: 83 | Y28: 76 | AA28: =AVERAGE(P28:U28) -> 65.5 | AB28: =AVERAGE(AVERAGE(L28:M28),AVERAGE(N28:O28),AVERAGE(P28:U28),AVERAGE(U28:V28),AVERAGE(W28:X28),AVERAGE(Y28:Z28)) -> 73.583333 | AC28: =STDEV(AVERAGE(L28:M28),AVERAGE(N28:O28),AVERAGE(P28:U28),AVERAGE(U28:V28),AVERAGE(W28:X28),AVERAGE(Y28:Z28))/SQRT(6) -> 2.9955986
B29: =B27+1 -> 203 | C29: FTH | D29: 3 | E29: 1 | F29: 2 | G29: 2 | H29: 1 | I29: 122.1 | K29: Cover | L29: 76 | N29: 82 | P29: 88 | Q29: 79 | R29: 79 | S29: 78 | T29: 83 | U29: 65 | W29: 84 | Y29: 74 | AA29: =AVERAGE(P29:U29) -> 78.666667 | AB29: =AVERAGE(AVERAGE(L29:M29),AVERAGE(N29:O29),AVERAGE(P29:U29),AVERAGE(U29:V29),AVERAGE(W29:X29),AVERAGE(Y29:Z29)) -> 76.611111 | AC29: =STDEV(AVERAGE(L29:M29),AVERAGE(N29:O29),AVERAGE(P29:U29),AVERAGE(U29:V29),AVERAGE(W29:X29),AVERAGE(Y29:Z29))/SQRT(6) -> 2.7680942
B30: =B28+1 -> 203 | C30: FTH | D30: 3 | E30: 1 | F30: 2 | G30: 2 | H30: 1 | I30: 122.1 | K30: Height | L30: 67 | N30: 82 | P30: 74 | Q30: 86 | R30: 80 | S30: 76 | T30: 74 | U30: 83 | W30: 78 | Y30: 75 | AA30: =AVERAGE(P30:U30) -> 78.833333 | AB30: =AVERAGE(AVERAGE(L30:M30),AVERAGE(N30:O30),AVERAGE(P30:U30),AVERAGE(U30:V30),AVERAGE(W30:X30),AVERAGE(Y30:Z30)) -> 77.305556 | AC30: =STDEV(AVERAGE(L30:M30),AVERAGE(N30:O30),AVERAGE(P30:U30),AVERAGE(U30:V30),AVERAGE(W30:X30),AVERAGE(Y30:Z30))/SQRT(6) -> 2.3720661
B31: =B29+1 -> 204 | C31: NDH | D31: 11 | E31: 2 | F31: 3 | G31: 2 | H31: 1 | I31: 232.1 | K31: Cover | L31: 92 | N31: 91 | P31: 95 | Q31: 89 | R31: 90 | S31: 88 | T31: 95 | U31: 96 | W31: 97 | Y31: 103 | AA31: =AVERAGE(P31:U31) -> 92.166667 | AB31: =AVERAGE(AVERAGE(L31:M31),AVERAGE(N31:O31),AVERAGE(P31:U31),AVERAGE(U31:V31),AVERAGE(W31:X31),AVERAGE(Y31:Z31)) -> 95.194444 | AC31: =STDEV(AVERAGE(L31:M31),AVERAGE(N31:O31),AVERAGE(P31:U31),AVERAGE(U31:V31),AVERAGE(W31:X31),AVERAGE(Y31:Z31))/SQRT(6) -> 1.8421086
B32: =B30+1 -> 204 | C32: NDH | D32: 11 | E32: 2 | F32: 3 | G32: 2 | H32: 1 | I32: 232.1 | K32: Height | L32: 81 | N32: 78 | P32: 73 | Q32: 76 | R32: 73 | S32: 74 | T32: 78 | U32: 90 | W32: 85 | Y32: 91 | AA32: =AVERAGE(P32:U32) -> 77.333333 | AB32: =AVERAGE(AVERAGE(L32:M32),AVERAGE(N32:O32),AVERAGE(P32:U32),AVERAGE(U32:V32),AVERAGE(W32:X32),AVERAGE(Y32:Z32)) -> 83.722222 | AC32: =STDEV(AVERAGE(L32:M32),AVERAGE(N32:O32),AVERAGE(P32:U32),AVERAGE(U32:V32),AVERAGE(W32:X32),AVERAGE(Y32:Z32))/SQRT(6) -> 2.4151017
B33: =B31+1 -> 205 | C33: FSH | D33: 1 | E33: 1 | F33: 1 | G33: 2 | H33: 2 | I33: 112.2 | K33: Cover | L33: 80 | N33: 81 | P33: 88 | Q33: 80 | R33: 88 | S33: 82 | T33: 93 | U33: 78 | W33: 87 | Y33: 90 | AA33: =AVERAGE(P33:U33) -> 84.833333 | AB33: =AVERAGE(AVERAGE(L33:M33),AVERAGE(N33:O33),AVERAGE(P33:U33),AVERAGE(U33:V33),AVERAGE(W33:X33),AVERAGE(Y33:Z33)) -> 83.472222 | AC33: =STDEV(AVERAGE(L33:M33),AVERAGE(N33:O33),AVERAGE(P33:U33),AVERAGE(U33:V33),AVERAGE(W33:X33),AVERAGE(Y33:Z33))/SQRT(6) -> 1.8710349
B34: =B32+1 -> 205 | C34: FSH | D34: 1 | E34: 1 | F34: 1 | G34: 2 | H34: 2 | I34: 112.2 | K34: Height | L34: 72 | N34: 73 | P34: 72 | Q34: 76 | R34: 79 | S34: 80 | T34: 81 | U34: 66 | W34: 79 | Y34: 89 | AA34: =AVERAGE(P34:U34) -> 75.666667 | AB34: =AVERAGE(AVERAGE(L34:M34),AVERAGE(N34:O34),AVERAGE(P34:U34),AVERAGE(U34:V34),AVERAGE(W34:X34),AVERAGE(Y34:Z34)) -> 75.777778 | AC34: =STDEV(AVERAGE(L34:M34),AVERAGE(N34:O34),AVERAGE(P34:U34),AVERAGE(U34:V34),AVERAGE(W34:X34),AVERAGE(Y34:Z34))/SQRT(6) -> 3.1770784
B35: =B33+1 -> 206 | C35: NSL | D35: 8 | E35: 2 | F35: 1 | G35: 1 | H35: 2 | I35: 211.2 | K35: Cover | L35: 70 | N35: 65 | P35: 68 | Q35: 70 | R35: 67 | S35: 71 | T35: 72 | U35: 70 | W35: 70 | Y35: 63 | AA35: =AVERAGE(P35:U35) -> 69.666667 | AB35: =AVERAGE(AVERAGE(L35:M35),AVERAGE(N35:O35),AVERAGE(P35:U35),AVERAGE(U35:V35),AVERAGE(W35:X35),AVERAGE(Y35:Z35)) -> 67.944444 | AC35: =STDEV(AVERAGE(L35:M35),AVERAGE(N35:O35),AVERAGE(P35:U35),AVERAGE(U35:V35),AVERAGE(W35:X35),AVERAGE(Y35:Z35))/SQRT(6) -> 1.2748759
B36: =B34+1 -> 206 | C36: NSL | D36: 8 | E36: 2 | F36: 1 | G36: 1 | H36: 2 | I36: 211.2 | K36: Height | L36: 73 | N36: 66 | P36: 68 | Q36: 60 | R36: 72 | S36: 62 | T36: 60 | U36: 66 | W36: 63 | Y36: 58 | AA36: =AVERAGE(P36:U36) -> 64.666667 | AB36: =AVERAGE(AVERAGE(L36:M36),AVERAGE(N36:O36),AVERAGE(P36:U36),AVERAGE(U36:V36),AVERAGE(W36:X36),AVERAGE(Y36:Z36)) -> 65.111111 | AC36: =STDEV(AVERAGE(L36:M36),AVERAGE(N36:O36),AVERAGE(P36:U36),AVERAGE(U36:V36),AVERAGE(W36:X36),AVERAGE(Y36:Z36))/SQRT(6) -> 1.9919591
B37: =B35+1 -> 207 | C37: FTL | D37: 4 | E37: 1 | F37: 2 | G37: 1 | H37: 2 | I37: 121.2 | K37: Cover | L37: 83 | N37: 83 | P37: 79 | Q37: 70 | R37: 79 | S37: 78 | T37: 77 | U37: 87 | W37: 85 | Y37: 90 | AA37: =AVERAGE(P37:U37) -> 78.333333 | AB37: =AVERAGE(AVERAGE(L37:M37),AVERAGE(N37:O37),AVERAGE(P37:U37),AVERAGE(U37:V37),AVERAGE(W37:X37),AVERAGE(Y37:Z37)) -> 84.388889 | AC37: =STDEV(AVERAGE(L37:M37),AVERAGE(N37:O37),AVERAGE(P37:U37),AVERAGE(U37:V37),AVERAGE(W37:X37),AVERAGE(Y37:Z37))/SQRT(6) -> 1.6248457
B38: =B36+1 -> 207 | C38: FTL | D38: 4 | E38: 1 | F38: 2 | G38: 1 | H38: 2 | I38: 121.2 | K38: Height | L38: 80 | N38: 85 | P38: 71 | Q38: 75 | R38: 76 | S38: 76 | T38: 75 | U38: 85 | W38: 83 | Y38: 82 | AA38: =AVERAGE(P38:U38) -> 76.333333 | AB38: =AVERAGE(AVERAGE(L38:M38),AVERAGE(N38:O38),AVERAGE(P38:U38),AVERAGE(U38:V38),AVERAGE(W38:X38),AVERAGE(Y38:Z38)) -> 81.888889 | AC38: =STDEV(AVERAGE(L38:M38),AVERAGE(N38:O38),AVERAGE(P38:U38),AVERAGE(U38:V38),AVERAGE(W38:X38),AVERAGE(Y38:Z38))/SQRT(6) -> 1.3544622
... B40: =B38+1 -> 208 | C40: FSL | D40: 2 | E40: 1 | F40: 1 | G40: 1 | H40: 2 | I40: 111.2 | K40: Height | L40: 73 | N40: 70 | P40: 63 | Q40: 62 | R40: 66 | S40: 55 | T40: 72 | U40: 66 | W40: 69 | Y40: 72 | AA40: =AVERAGE(P40:U40) -> 64 | AB40: =AVERAGE(AVERAGE(L40:M40),AVERAGE(N40:O40),AVERAGE(P40:U40),AVERAGE(U40:V40),AVERAGE(W40:X40),AVERAGE(Y40:Z40)) -> 69 | AC40: =STDEV(AVERAGE(L40:M40),AVERAGE(N40:O40),AVERAGE(P40:U40),AVERAGE(U40:V40),AVERAGE(W40:X40),AVERAGE(Y40:Z40))/SQRT(6) -> 1.4142136
B41: =B39+700 -> 908 | C41: Early | D41: 21 | E41: 3 | F41: 2 | G41: 2 | H41: 2 | I41: 322.2 | K41: Cover | L41: 68 | N41: 65 | P41: 70 | Q41: 60 | R41: 65 | S41: 53 | T41: 47 | U41: 59 | W41: 45 | Y41: 59 | AA41: =AVERAGE(P41:U41) -> 59 | AB41: =AVERAGE(AVERAGE(L41:M41),AVERAGE(N41:O41),AVERAGE(P41:U41),AVERAGE(U41:V41),AVERAGE(W41:X41),AVERAGE(Y41:Z41)) -> 59.166667 | AC41: =STDEV(AVERAGE(L41:M41),AVERAGE(N41:O41),AVERAGE(P41:U41),AVERAGE(U41:V41),AVERAGE(W41:X41),AVERAGE(Y41:Z41))/SQRT(6) -> 3.229207
B42: =B40+700 -> 908 | C42: Early | D42: 21 | E42: 3 | F42: 2 | G42: 2 | H42: 2 | I42: 322.2 | K42: Height | L42: 50 | N42: 53 | P42: 57 | Q42: 48 | R42: 47 | S42: 50 | T42: 46 | U42: 49 | W42: 38 | Y42: 46 | AA42: =AVERAGE(P42:U42) -> 49.5 | AB42: =AVERAGE(AVERAGE(L42:M42),AVERAGE(N42:O42),AVERAGE(P42:U42),AVERAGE(U42:V42),AVERAGE(W42:X42),AVERAGE(Y42:Z42)) -> 47.583333 | AC42: =STDEV(AVERAGE(L42:M42),AVERAGE(N42:O42),AVERAGE(P42:U42),AVERAGE(U42:V42),AVERAGE(W42:X42),AVERAGE(Y42:Z42))/SQRT(6) -> 2.1229565
B43: 906 | C43: Late | D43: 22 | E43: 4 | F43: 2 | G43: 2 | H43: 2 | I43: 422.2 | K43: Cover | L43: 71 | N43: 80 | P43: 71 | Q43: 74 | R43: 74 | S43: 83 | T43: 73 | U43: 85 | W43: 67 | Y43: 79 | AA43: =AVERAGE(P43:U43) -> 76.666667 | AB43: =AVERAGE(AVERAGE(L43:M43),AVERAGE(N43:O43),AVERAGE(P43:U43),AVERAGE(U43:V43),AVERAGE(W43:X43),AVERAGE(Y43:Z43)) -> 76.444444 | AC43: =STDEV(AVERAGE(L43:M43),AVERAGE(N43:O43),AVERAGE(P43:U43),AVERAGE(U43:V43),AVERAGE(W43:X43),AVERAGE(Y43:Z43))/SQRT(6) -> 2.653672
B44: 906 | C44: Late | D44: 22 | E44: 4 | F44: 2 | G44: 2 | H44: 2 | I44: 422.2 | K44: Height | L44: 70 | N44: 69 | P44: 63 | Q44: 68 | R44: 64 | S44: 69 | T44: 65 | U44: 73 | W44: 59 | Y44: 68 | AA44: =AVERAGE(P44:U44) -> 67 | AB44: =AVERAGE(AVERAGE(L44:M44),AVERAGE(N44:O44),AVERAGE(P44:U44),AVERAGE(U44:V44),AVERAGE(W44:X44),AVERAGE(Y44:Z44)) -> 67.666667 | AC44: =STDEV(AVERAGE(L44:M44),AVERAGE(N44:O44),AVERAGE(P44:U44),AVERAGE(U44:V44),AVERAGE(W44:X44),AVERAGE(Y44:Z44))/SQRT(6) -> 1.9264244
B45: 904 | C45: Early | D45: 21 | E45: 3 | F45: 2 | G45: 2 | H45: 1 | I45: 322.1 | K45: Cover | L45: 63 | N45: 63 | P45: 58 | Q45: 56 | R45: 58 | S45: 55 | T45: 58 | U45: 55 | W45: 61 | Y45: 53 | AA45: =AVERAGE(P45:U45) -> 56.666667 | AB45: =AVERAGE(AVERAGE(L45:M45),AVERAGE(N45:O45),AVERAGE(P45:U45),AVERAGE(U45:V45),AVERAGE(W45:X45),AVERAGE(Y45:Z45)) -> 58.611111 | AC45: =STDEV(AVERAGE(L45:M45),AVERAGE(N45:O45),AVERAGE(P45:U45),AVERAGE(U45:V45),AVERAGE(W45:X45),AVERAGE(Y45:Z45))/SQRT(6) -> 1.7562938
B46: 904 | C46: Early | D46: 21 | E46: 3 | F46: 2 | G46: 2 | H46: 1 | I46: 322.1 | K46: Height | L46: 49 | N46: 59 | P46: 53 | Q46: 55 | R46: 50 | S46: 47 | T46: 40 | U46: 50 | W46: 58 | Y46: 41 | AA46: =AVERAGE(P46:U46) -> 49.166667 | AB46: =AVERAGE(AVERAGE(L46:M46),AVERAGE(N46:O46),AVERAGE(P46:U46),AVERAGE(U46:V46),AVERAGE(W46:X46),AVERAGE(Y46:Z46)) -> 51.027778 | AC46: =STDEV(AVERAGE(L46:M46),AVERAGE(N46:O46),AVERAGE(P46:U46),AVERAGE(U46:V46),AVERAGE(W46:X46),AVERAGE(Y46:Z46))/SQRT(6) -> 2.7163485
B47: 902 | C47: Late | D47: 22 | E47: 4 | F47: 2 | G47: 2 | H47: 1 | I47: 422.1 | K47: Cover | L47: 69 | N47: 77 | P47: 75 | Q47: 67 | R47: 71 | S47: 71 | T47: 70 | U47: 83 | W47: 66 | Y47: 73 | AA47: =AVERAGE(P47:U47) -> 72.833333 | AB47: =AVERAGE(AVERAGE(L47:M47),AVERAGE(N47:O47),AVERAGE(P47:U47),AVERAGE(U47:V47),AVERAGE(W47:X47),AVERAGE(Y47:Z47)) -> 73.472222 | AC47: =STDEV(AVERAGE(L47:M47),AVERAGE(N47:O47),AVERAGE(P47:U47),AVERAGE(U47:V47),AVERAGE(W47:X47),AVERAGE(Y47:Z47))/SQRT(6) -> 2.4473783
B48: 902 | C48: Late | D48: 22 | E48: 4 | F48: 2 | G48: 2 | H48: 1 | I48: 422.1 | K48: Height | L48: 66 | N48: 64 | P48: 67 | Q48: 56 | R48: 60 | S48: 57 | T48: 58 | U48: 62 | W48: 60 | Y48: 61 | AA48: =AVERAGE(P48:U48) -> 60 | AB48: =AVERAGE(AVERAGE(L48:M48),AVERAGE(N48:O48),AVERAGE(P48:U48),AVERAGE(U48:V48),AVERAGE(W48:X48),AVERAGE(Y48:Z48)) -> 62.166667 | AC48: =STDEV(AVERAGE(L48:M48),AVERAGE(N48:O48),AVERAGE(P48:U48),AVERAGE(U48:V48),AVERAGE(W48:X48),AVERAGE(Y48:Z48))/SQRT(6) -> 0.98036274
B49: =B47-601 -> 301 | C49: NTL | D49: 10 | E49: 2 | F49: 2 | G49: 1 | H49: 3 | I49: 221.3 | K49: Cover | L49: 77 | N49: 82 | P49: 96 | Q49: 90 | R49: 88 | S49: 73 | T49: 74 | U49: 79 | W49: 84 | Y49: 82 | AA49: =AVERAGE(P49:U49) -> 83.333333 | AB49: =AVERAGE(AVERAGE(L49:M49),AVERAGE(N49:O49),AVERAGE(P49:U49),AVERAGE(U49:V49),AVERAGE(W49:X49),AVERAGE(Y49:Z49)) -> 81.222222 | AC49: =STDEV(AVERAGE(L49:M49),AVERAGE(N49:O49),AVERAGE(P49:U49),AVERAGE(U49:V49),AVERAGE(W49:X49),AVERAGE(Y49:Z49))/SQRT(6) -> 1.0976968 | AT49: 2 | AU49: High | AV49: 150
B50: =B48-601 -> 301 | C50: NTL | D50: 10 | E50: 2 | F50: 2 | G50: 1 | H50: 3 | I50: 221.3 | K50: Height | L50: 71 | N50: 79 | P50: 77 | Q50: 72 | R50: 78 | S50: 80 | T50: 70 | U50: 78 | W50: 84 | Y50: 76 | AA50: =AVERAGE(P50:U50) -> 75.833333 | AB50: =AVERAGE(AVERAGE(L50:M50),AVERAGE(N50:O50),AVERAGE(P50:U50),AVERAGE(U50:V50),AVERAGE(W50:X50),AVERAGE(Y50:Z50)) -> 77.305556 | AC50: =STDEV(AVERAGE(L50:M50),AVERAGE(N50:O50),AVERAGE(P50:U50),AVERAGE(U50:V50),AVERAGE(W50:X50),AVERAGE(Y50:Z50))/SQRT(6) -> 1.7492944
B51: =B49+1 -> 302 | C51: FTL | D51: 4 | E51: 1 | F51: 2 | G51: 1 | H51: 3 | I51: 121.3 | K51: Cover | L51: 82 | N51: 71 | P51: 89 | Q51: 80 | R51: 81 | S51: 83 | T51: 80 | U51: 74 | W51: 77 | Y51: 72 | AA51: =AVERAGE(P51:U51) -> 81.166667 | AB51: =AVERAGE(AVERAGE(L51:M51),AVERAGE(N51:O51),AVERAGE(P51:U51),AVERAGE(U51:V51),AVERAGE(W51:X51),AVERAGE(Y51:Z51)) -> 76.194444 | AC51: =STDEV(AVERAGE(L51:M51),AVERAGE(N51:O51),AVERAGE(P51:U51),AVERAGE(U51:V51),AVERAGE(W51:X51),AVERAGE(Y51:Z51))/SQRT(6) -> 1.9014695
B52: =B50+1 -> 302 | C52: FTL | D52: 4 | E52: 1 | F52: 2 | G52: 1 | H52: 3 | I52: 121.3 | K52: Height | L52: 74 | N52: 83 | P52: 76 | Q52: 80 | R52: 83 | S52: 74 | T52: 73 | U52: 77 | W52: 77 | Y52: 74 | AA52: =AVERAGE(P52:U52) -> 77.166667 | AB52: =AVERAGE(AVERAGE(L52:M52),AVERAGE(N52:O52),AVERAGE(P52:U52),AVERAGE(U52:V52),AVERAGE(W52:X52),AVERAGE(Y52:Z52)) -> 77.027778 | AC52: =STDEV(AVERAGE(L52:M52),AVERAGE(N52:O52),AVERAGE(P52:U52),AVERAGE(U52:V52),AVERAGE(W52:X52),AVERAGE(Y52:Z52))/SQRT(6) -> 1.3419283
B53: =B51+1 -> 303 | C53: NSL | D53: 8 | E53: 2 | F53: 1 | G53: 1 | H53: 3 | I53: 211.3 | K53: Cover | L53: 80 | N53: 73 | P53: 75 | Q53: 66 | R53: 71 | S53: 72 | T53: 77 | U53: 83 | W53: 93 | Y53: 72 | AA53: =AVERAGE(P53:U53) -> 74 | AB53: =AVERAGE(AVERAGE(L53:M53),AVERAGE(N53:O53),AVERAGE(P53:U53),AVERAGE(U53:V53),AVERAGE(W53:X53),AVERAGE(Y53:Z53)) -> 79.166667 | AC53: =STDEV(AVERAGE(L53:M53),AVERAGE(N53:O53),AVERAGE(P53:U53),AVERAGE(U53:V53),AVERAGE(W53:X53),AVERAGE(Y53:Z53))/SQRT(6) -> 3.2804133
B54: =B52+1 -> 303 | C54: NSL | D54: 8 | E54: 2 | F54: 1 | G54: 1 | H54: 3 | I54: 211.3 | K54: Height | L54: 71 | N54: 78 | P54: 68 | Q54: 69 | R54: 68 | S54: 66 | T54: 68 | U54: 28 | W54: 88 | Y54: 70 | AA54: =AVERAGE(P54:U54) -> 61.166667 | AB54: =AVERAGE(AVERAGE(L54:M54),AVERAGE(N54:O54),AVERAGE(P54:U54),AVERAGE(U54:V54),AVERAGE(W54:X54),AVERAGE(Y54:Z54)) -> 66.027778 | AC54: =STDEV(AVERAGE(L54:M54),AVERAGE(N54:O54),AVERAGE(P54:U54),AVERAGE(U54:V54),AVERAGE(W54:X54),AVERAGE(Y54:Z54))/SQRT(6) -> 8.4387133
B55: =B53+1 -> 304 | C55: FSL | D55: 2 | E55: 1 | F55: 1 | G55: 1 | H55: 3 | I55: 111.3 | K55: Cover | L55: 77 | N55: 81 | P55: 93 | Q55: 82 | R55: 89 | S55: 87 | T55: 76 | U55: 89 | W55: 81 | Y55: 72 | AA55: =AVERAGE(P55:U55) -> 86 | AB55: =AVERAGE(AVERAGE(L55:M55),AVERAGE(N55:O55),AVERAGE(P55:U55),AVERAGE(U55:V55),AVERAGE(W55:X55),AVERAGE(Y55:Z55)) -> 81 | AC55: =STDEV(AVERAGE(L55:M55),AVERAGE(N55:O55),AVERAGE(P55:U55),AVERAGE(U55:V55),AVERAGE(W55:X55),AVERAGE(Y55:Z55))/SQRT(6) -> 2.4899799
B56: =B54+1 -> 304 | C56: FSL | D56: 2 | E56: 1 | F56: 1 | G56: 1 | H56: 3 | I56: 111.3 | K56: Height | L56: 76 | N56: 72 | P56: 74 | Q56: 66 | R56: 68 | S56: 83 | T56: 74 | U56: 80 | W56: 73 | Y56: 59 | AA56: =AVERAGE(P56:U56) -> 74.166667 | AB56: =AVERAGE(AVERAGE(L56:M56),AVERAGE(N56:O56),AVERAGE(P56:U56),AVERAGE(U56:V56),AVERAGE(W56:X56),AVERAGE(Y56:Z56)) -> 72.361111 | AC56: =STDEV(AVERAGE(L56:M56),AVERAGE(N56:O56),AVERAGE(P56:U56),AVERAGE(U56:V56),AVERAGE(W56:X56),AVERAGE(Y56:Z56))/SQRT(6) -> 2.9092498
B57: =B55+1 -> 305 | C57: NDH | D57: 11 | E57: 2 | F57: 3 | G57: 2 | H57: 4 | I57: 232.4 | K57: Cover | L57: 99 | N57: 98 | P57: 95 | Q57: 87 | R57: 91 | S57: 89 | T57: 89 | U57: 94 | W57: 100 | Y57: 94 | AA57: =AVERAGE(P57:U57) -> 90.833333 | AB57: =AVERAGE(AVERAGE(L57:M57),AVERAGE(N57:O57),AVERAGE(P57:U57),AVERAGE(U57:V57),AVERAGE(W57:X57),AVERAGE(Y57:Z57)) -> 95.972222 | AC57: =STDEV(AVERAGE(L57:M57),AVERAGE(N57:O57),AVERAGE(P57:U57),AVERAGE(U57:V57),AVERAGE(W57:X57),AVERAGE(Y57:Z57))/SQRT(6) -> 1.4570497
B58: =B56+1 -> 305 | C58: NDH | D58: 11 | E58: 2 | F58: 3 | G58: 2 | H58: 4 | I58: 232.4 | K58: Height | L58: 82 | N58: 81 | P58: 80 | Q58: 74 | R58: 72 | S58: 79 | T58: 78 | U58: 81 | W58: 76 | Y58: 88 | AA58: =AVERAGE(P58:U58) -> 77.333333 | AB58: =AVERAGE(AVERAGE(L58:M58),AVERAGE(N58:O58),AVERAGE(P58:U58),AVERAGE(U58:V58),AVERAGE(W58:X58),AVERAGE(Y58:Z58)) -> 80.888889 | AC58: =STDEV(AVERAGE(L58:M58),AVERAGE(N58:O58),AVERAGE(P58:U58),AVERAGE(U58:V58),AVERAGE(W58:X58),AVERAGE(Y58:Z58))/SQRT(6) -> 1.7162981
B59: =B57+1 -> 306 | C59: FTL | D59: 4 | E59: 1 | F59: 2 | G59: 1 | H59: 4 | I59: 121.4 | K59: Cover | L59: 81 | N59: 76 | P59: 80 | Q59: 79 | R59: 83 | S59: 69 | T59: 78 | U59: 81 | W59: 72 | Y59: 84 | AA59: =AVERAGE(P59:U59) -> 78.333333 | AB59: =AVERAGE(AVERAGE(L59:M59),AVERAGE(N59:O59),AVERAGE(P59:U59),AVERAGE(U59:V59),AVERAGE(W59:X59),AVERAGE(Y59:Z59)) -> 78.722222 | AC59: =STDEV(AVERAGE(L59:M59),AVERAGE(N59:O59),AVERAGE(P59:U59),AVERAGE(U59:V59),AVERAGE(W59:X59),AVERAGE(Y59:Z59))/SQRT(6) -> 1.7414695
B60: =B58+1 -> 306 | C60: FTL | D60: 4 | E60: 1 | F60: 2 | G60: 1 | H60: 4 | I60: 121.4 | K60: Height | L60: 75 | N60: 74 | P60: 71 | Q60: 66 | R60: 68 | S60: 71 | T60: 69 | U60: 72 | W60: 79 | Y60: 75 | AA60: =AVERAGE(P60:U60) -> 69.5 | AB60: =AVERAGE(AVERAGE(L60:M60),AVERAGE(N60:O60),AVERAGE(P60:U60),AVERAGE(U60:V60),AVERAGE(W60:X60),AVERAGE(Y60:Z60)) -> 74.083333 | AC60: =STDEV(AVERAGE(L60:M60),AVERAGE(N60:O60),AVERAGE(P60:U60),AVERAGE(U60:V60),AVERAGE(W60:X60),AVERAGE(Y60:Z60))/SQRT(6) -> 1.3065008
B61: =B59+1 -> 307 | C61: NTH | D61: 9 | E61: 2 | F61: 2 | G61: 2 | H61: 4 | I61: 222.4 | K61: Cover | L61: 85 | N61: 75 | P61: 80 | Q61: 75 | R61: 77 | S61: 83 | T61: 67 | U61: 90 | W61: 85 | Y61: 85 | AA61: =AVERAGE(P61:U61) -> 78.666667 | AB61: =AVERAGE(AVERAGE(L61:M61),AVERAGE(N61:O61),AVERAGE(P61:U61),AVERAGE(U61:V61),AVERAGE(W61:X61),AVERAGE(Y61:Z61)) -> 83.111111 | AC61: =STDEV(AVERAGE(L61:M61),AVERAGE(N61:O61),AVERAGE(P61:U61),AVERAGE(U61:V61),AVERAGE(W61:X61),AVERAGE(Y61:Z61))/SQRT(6) -> 2.1886351
B62: =B60+1 -> 307 | C62: NTH | D62: 9 | E62: 2 | F62: 2 | G62: 2 | H62: 4 | I62: 222.4 | K62: Height | L62: 76 | N62: 72 | P62: 71 | Q62: 78 | R62: 83 | S62: 75 | T62: 81 | U62: 83 | W62: 84 | Y62: 87 | AA62: =AVERAGE(P62:U62) -> 78.5 | AB62: =AVERAGE(AVERAGE(L62:M62),AVERAGE(N62:O62),AVERAGE(P62:U62),AVERAGE(U62:V62),AVERAGE(W62:X62),AVERAGE(Y62:Z62)) -> 80.083333 | AC62: =STDEV(AVERAGE(L62:M62),AVERAGE(N62:O62),AVERAGE(P62:U62),AVERAGE(U62:V62),AVERAGE(W62:X62),AVERAGE(Y62:Z62))/SQRT(6) -> 2.281873
... B64: =B62+1 -> 308 | C64: FDH | D64: 5 | E64: 1 | F64: 3 | G64: 2 | H64: 4 | I64: 132.4 | K64: Height | L64: 62 | N64: 61 | P64: 63 | Q64: 48 | R64: 57 | S64: 51 | T64: 48 | U64: 58 | W64: 70 | Y64: 69 | AA64: =AVERAGE(P64:U64) -> 54.166667 | AB64: =AVERAGE(AVERAGE(L64:M64),AVERAGE(N64:O64),AVERAGE(P64:U64),AVERAGE(U64:V64),AVERAGE(W64:X64),AVERAGE(Y64:Z64)) -> 62.361111 | AC64: =STDEV(AVERAGE(L64:M64),AVERAGE(N64:O64),AVERAGE(P64:U64),AVERAGE(U64:V64),AVERAGE(W64:X64),AVERAGE(Y64:Z64))/SQRT(6) -> 2.5204411
B65: =B63+100 -> 408 | C65: NTL | D65: 10 | E65: 2 | F65: 2 | G65: 1 | H65: 4 | I65: 221.4 | J65: 0.52083333 | K65: Cover | L65: 76 | N65: 73 | P65: 76 | Q65: 72 | R65: 77 | S65: 62 | T65: 60 | U65: 80 | W65: 77 | Y65: 73 | AA65: =AVERAGE(P65:U65) -> 71.166667 | AB65: =AVERAGE(AVERAGE(L65:M65),AVERAGE(N65:O65),AVERAGE(P65:U65),AVERAGE(U65:V65),AVERAGE(W65:X65),AVERAGE(Y65:Z65)) -> 75.027778 | AC65: =STDEV(AVERAGE(L65:M65),AVERAGE(N65:O65),AVERAGE(P65:U65),AVERAGE(U65:V65),AVERAGE(W65:X65),AVERAGE(Y65:Z65))/SQRT(6) -> 1.3252649 | AT65: 2 | AU65: High | AV65: 150
B66: =B64+100 -> 408 | C66: NTL | D66: 10 | E66: 2 | F66: 2 | G66: 1 | H66: 4 | I66: 221.4 | K66: Height | L66: 82 | N66: 77 | P66: 68 | Q66: 69 | R66: 76 | S66: 68 | T66: 58 | U66: 73 | W66: 71 | Y66: 68 | AA66: =AVERAGE(P66:U66) -> 68.666667 | AB66: =AVERAGE(AVERAGE(L66:M66),AVERAGE(N66:O66),AVERAGE(P66:U66),AVERAGE(U66:V66),AVERAGE(W66:X66),AVERAGE(Y66:Z66)) -> 73.277778 | AC66: =STDEV(AVERAGE(L66:M66),AVERAGE(N66:O66),AVERAGE(P66:U66),AVERAGE(U66:V66),AVERAGE(W66:X66),AVERAGE(Y66:Z66))/SQRT(6) -> 2.1932838
B67: =B65-1 -> 407 | C67: NSH | D67: 7 | E67: 2 | F67: 1 | G67: 2 | H67: 4 | I67: 212.4 | K67: Cover | L67: 57 | N67: 70 | P67: 61 | Q67: 73 | R67: 60 | S67: 69 | T67: 69 | U67: 72 | W67: 69 | Y67: 73 | AA67: =AVERAGE(P67:U67) -> 67.333333 | AB67: =AVERAGE(AVERAGE(L67:M67),AVERAGE(N67:O67),AVERAGE(P67:U67),AVERAGE(U67:V67),AVERAGE(W67:X67),AVERAGE(Y67:Z67)) -> 68.055556 | AC67: =STDEV(AVERAGE(L67:M67),AVERAGE(N67:O67),AVERAGE(P67:U67),AVERAGE(U67:V67),AVERAGE(W67:X67),AVERAGE(Y67:Z67))/SQRT(6) -> 2.3623853
B68: =B66-1 -> 407 | C68: NSH | D68: 7 | E68: 2 | F68: 1 | G68: 2 | H68: 4 | I68: 212.4 | K68: Height | L68: 54 | N68: 63 | P68: 60 | Q68: 55 | R68: 48 | S68: 56 | T68: 61 | U68: 63 | W68: 57 | Y68: 68 | AA68: =AVERAGE(P68:U68) -> 57.166667 | AB68: =AVERAGE(AVERAGE(L68:M68),AVERAGE(N68:O68),AVERAGE(P68:U68),AVERAGE(U68:V68),AVERAGE(W68:X68),AVERAGE(Y68:Z68)) -> 60.361111 | AC68: =STDEV(AVERAGE(L68:M68),AVERAGE(N68:O68),AVERAGE(P68:U68),AVERAGE(U68:V68),AVERAGE(W68:X68),AVERAGE(Y68:Z68))/SQRT(6) -> 2.1153831
B69: =B67-1 -> 406 | C69: FTH | D69: 3 | E69: 1 | F69: 2 | G69: 2 | H69: 4 | I69: 122.4 | K69: Cover | L69: 79 | N69: 86 | P69: 87 | Q69: 89 | R69: 81 | S69: 81 | T69: 76 | U69: 89 | W69: 81 | Y69: 77 | AA69: =AVERAGE(P69:U69) -> 83.833333 | AB69: =AVERAGE(AVERAGE(L69:M69),AVERAGE(N69:O69),AVERAGE(P69:U69),AVERAGE(U69:V69),AVERAGE(W69:X69),AVERAGE(Y69:Z69)) -> 82.638889 | AC69: =STDEV(AVERAGE(L69:M69),AVERAGE(N69:O69),AVERAGE(P69:U69),AVERAGE(U69:V69),AVERAGE(W69:X69),AVERAGE(Y69:Z69))/SQRT(6) -> 1.8340487
B70: =B68-1 -> 406 | C70: FTH | D70: 3 | E70: 1 | F70: 2 | G70: 2 | H70: 4 | I70: 122.4 | K70: Height | L70: 77 | N70: 87 | P70: 81 | Q70: 82 | R70: 72 | S70: 69 | T70: 66 | U70: 81 | W70: 78 | Y70: 78 | AA70: =AVERAGE(P70:U70) -> 75.166667 | AB70: =AVERAGE(AVERAGE(L70:M70),AVERAGE(N70:O70),AVERAGE(P70:U70),AVERAGE(U70:V70),AVERAGE(W70:X70),AVERAGE(Y70:Z70)) -> 79.361111 | AC70: =STDEV(AVERAGE(L70:M70),AVERAGE(N70:O70),AVERAGE(P70:U70),AVERAGE(U70:V70),AVERAGE(W70:X70),AVERAGE(Y70:Z70))/SQRT(6) -> 1.7118415
B71: =B69-1 -> 405 | C71: FDL | D71: 6 | E71: 1 | F71: 3 | G71: 1 | H71: 4 | I71: 131.4 | K71: Cover | L71: 78 | N71: 87 | P71: 87 | Q71: 82 | R71: 93 | S71: 87 | T71: 82 | U71: 87 | W71: 82 | Y71: 82 | AA71: =AVERAGE(P71:U71) -> 86.333333 | AB71: =AVERAGE(AVERAGE(L71:M71),AVERAGE(N71:O71),AVERAGE(P71:U71),AVERAGE(U71:V71),AVERAGE(W71:X71),AVERAGE(Y71:Z71)) -> 83.722222 | AC71: =STDEV(AVERAGE(L71:M71),AVERAGE(N71:O71),AVERAGE(P71:U71),AVERAGE(U71:V71),AVERAGE(W71:X71),AVERAGE(Y71:Z71))/SQRT(6) -> 1.4942276
B72: =B70-1 -> 405 | C72: FDL | D72: 6 | E72: 1 | F72: 3 | G72: 1 | H72: 4 | I72: 131.4 | K72: Height | L72: 64 | N72: 69 | P72: 62 | Q72: 59 | R72: 59 | S72: 62 | T72: 59 | U72: 70 | W72: 69 | Y72: 64 | AA72: =AVERAGE(P72:U72) -> 61.833333 | AB72: =AVERAGE(AVERAGE(L72:M72),AVERAGE(N72:O72),AVERAGE(P72:U72),AVERAGE(U72:V72),AVERAGE(W72:X72),AVERAGE(Y72:Z72)) -> 66.305556 | AC72: =STDEV(AVERAGE(L72:M72),AVERAGE(N72:O72),AVERAGE(P72:U72),AVERAGE(U72:V72),AVERAGE(W72:X72),AVERAGE(Y72:Z72))/SQRT(6) -> 1.400011
B73: =B71-1 -> 404 | C73: FTH | D73: 3 | E73: 1 | F73: 2 | G73: 2 | H73: 3 | I73: 122.3 | K73: Cover | L73: 89 | N73: 80 | P73: 76 | Q73: 71 | R73: 72 | S73: 78 | T73: 72 | U73: 87 | W73: 78 | Y73: 80 | AA73: =AVERAGE(P73:U73) -> 76 | AB73: =AVERAGE(AVERAGE(L73:M73),AVERAGE(N73:O73),AVERAGE(P73:U73),AVERAGE(U73:V73),AVERAGE(W73:X73),AVERAGE(Y73:Z73)) -> 81.666667 | AC73: =STDEV(AVERAGE(L73:M73),AVERAGE(N73:O73),AVERAGE(P73:U73),AVERAGE(U73:V73),AVERAGE(W73:X73),AVERAGE(Y73:Z73))/SQRT(6) -> 2.1081851
B74: =B72-1 -> 404 | C74: FTH | D74: 3 | E74: 1 | F74: 2 | G74: 2 | H74: 3 | I74: 122.3 | K74: Height | L74: 78 | N74: 72 | P74: 72 | Q74: 75 | R74: 84 | S74: 76 | T74: 74 | U74: 82 | W74: 75 | Y74: 71 | AA74: =AVERAGE(P74:U74) -> 77.166667 | AB74: =AVERAGE(AVERAGE(L74:M74),AVERAGE(N74:O74),AVERAGE(P74:U74),AVERAGE(U74:V74),AVERAGE(W74:X74),AVERAGE(Y74:Z74)) -> 75.861111 | AC74: =STDEV(AVERAGE(L74:M74),AVERAGE(N74:O74),AVERAGE(P74:U74),AVERAGE(U74:V74),AVERAGE(W74:X74),AVERAGE(Y74:Z74))/SQRT(6) -> 1.6657868
B75: =B73-1 -> 403 | C75: FDL | D75: 6 | E75: 1 | F75: 3 | G75: 1 | H75: 3 | I75: 131.3 | K75: Cover | L75: 88 | N75: 85 | P75: 90 | Q75: 80 | R75: 94 | S75: 81 | T75: 84 | U75: 81 | W75: 73 | Y75: 86 | AA75: =AVERAGE(P75:U75) -> 85 | AB75: =AVERAGE(AVERAGE(L75:M75),AVERAGE(N75:O75),AVERAGE(P75:U75),AVERAGE(U75:V75),AVERAGE(W75:X75),AVERAGE(Y75:Z75)) -> 83 | AC75: =STDEV(AVERAGE(L75:M75),AVERAGE(N75:O75),AVERAGE(P75:U75),AVERAGE(U75:V75),AVERAGE(W75:X75),AVERAGE(Y75:Z75))/SQRT(6) -> 2.2060523
B76: =B74-1 -> 403 | C76: FDL | D76: 6 | E76: 1 | F76: 3 | G76: 1 | H76: 3 | I76: 131.3 | K76: Height | L76: 75 | N76: 73 | P76: 63 | Q76: 61 | R76: 63 | S76: 70 | T76: 74 | U76: 60 | W76: 65 | Y76: 74 | AA76: =AVERAGE(P76:U76) -> 65.166667 | AB76: =AVERAGE(AVERAGE(L76:M76),AVERAGE(N76:O76),AVERAGE(P76:U76),AVERAGE(U76:V76),AVERAGE(W76:X76),AVERAGE(Y76:Z76)) -> 68.694444 | AC76: =STDEV(AVERAGE(L76:M76),AVERAGE(N76:O76),AVERAGE(P76:U76),AVERAGE(U76:V76),AVERAGE(W76:X76),AVERAGE(Y76:Z76))/SQRT(6) -> 2.5042248
B77: =B75-1 -> 402 | C77: NTH | D77: 9 | E77: 2 | F77: 2 | G77: 2 | H77: 3 | I77: 222.3 | K77: Cover | L77: 74 | N77: 72 | P77: 76 | Q77: 80 | R77: 75 | S77: wet | U77: 82 | W77: 74 | Y77: 70 | AA77: =AVERAGE(P77:U77) -> 78.25 | AB77: =AVERAGE(AVERAGE(L77:M77),AVERAGE(N77:O77),AVERAGE(P77:U77),AVERAGE(U77:V77),AVERAGE(W77:X77),AVERAGE(Y77:Z77)) -> 75.041667 | AC77: =STDEV(AVERAGE(L77:M77),AVERAGE(N77:O77),AVERAGE(P77:U77),AVERAGE(U77:V77),AVERAGE(W77:X77),AVERAGE(Y77:Z77))/SQRT(6) -> 1.7846763
B78: =B76-1 -> 402 | C78: NTH | D78: 9 | E78: 2 | F78: 2 | G78: 2 | H78: 3 | I78: 222.3 | K78: Height | L78: 68 | N78: 71 | P78: 61 | Q78: 71 | R78: 76 | U78: 68 | W78: 61 | Y78: 65 | AA78: =AVERAGE(P78:U78) -> 69 | AB78: =AVERAGE(AVERAGE(L78:M78),AVERAGE(N78:O78),AVERAGE(P78:U78),AVERAGE(U78:V78),AVERAGE(W78:X78),AVERAGE(Y78:Z78)) -> 67 | AC78: =STDEV(AVERAGE(L78:M78),AVERAGE(N78:O78),AVERAGE(P78:U78),AVERAGE(U78:V78),AVERAGE(W78:X78),AVERAGE(Y78:Z78))/SQRT(6) -> 1.4375906
B79: =B77-1 -> 401 | C79: NSH | D79: 7 | E79: 2 | F79: 1 | G79: 2 | H79: 3 | I79: 212.3 | K79: Cover | L79: 59 | N79: 59 | P79: 60 | Q79: 61 | R79: 63 | S79: 61 | T79: 68 | U79: 61 | W79: 73 | Y79: 58 | AA79: =AVERAGE(P79:U79) -> 62.333333 | AB79: =AVERAGE(AVERAGE(L79:M79),AVERAGE(N79:O79),AVERAGE(P79:U79),AVERAGE(U79:V79),AVERAGE(W79:X79),AVERAGE(Y79:Z79)) -> 62.055556 | AC79: =STDEV(AVERAGE(L79:M79),AVERAGE(N79:O79),AVERAGE(P79:U79),AVERAGE(U79:V79),AVERAGE(W79:X79),AVERAGE(Y79:Z79))/SQRT(6) -> 2.2810275
B80: =B78-1 -> 401 | C80: NSH | D80: 7 | E80: 2 | F80: 1 | G80: 2 | H80: 3 | I80: 212.3 | K80: Height | L80: 54 | N80: 53 | P80: 49 | Q80: 55 | R80: 54 | S80: 60 | T80: 51 | U80: 57 | W80: 68 | Y80: 59 | AA80: =AVERAGE(P80:U80) -> 54.333333 | AB80: =AVERAGE(AVERAGE(L80:M80),AVERAGE(N80:O80),AVERAGE(P80:U80),AVERAGE(U80:V80),AVERAGE(W80:X80),AVERAGE(Y80:Z80)) -> 57.555556 | AC80: =STDEV(AVERAGE(L80:M80),AVERAGE(N80:O80),AVERAGE(P80:U80),AVERAGE(U80:V80),AVERAGE(W80:X80),AVERAGE(Y80:Z80))/SQRT(6) -> 2.2749305

Sheet HgtDOY209
A1: FISE2003 Plant Cover and Heights
X2: Date: | Y2: 37830
B3: Comments: | J3: Cloudy. Moderate haze. Lots of plots irrigated Friday and Saturday.
J4: NOTE: Did not measure 900's. Before start, as we were discussing what was to be done, Ryan asked me if 900's were to be measured also, I | X4: By: | Y4: Suzette & Ryan (recording)
J5: looked through data sheets, did not see 900's and told him no. OOPS, I see them now! | AT5: Legend
B6: Plot | C6: Acron | D6: Trt. | E6: Irrig. | F6: Pop. | G6: N | H6: Block | I6: Exotech Code | J6: Time | K6: Meas. | L6: Row 3 | N6: Row 4 | P6: Row 5 (Picture Row) | U6: Row 6 | W6: Row 7 | Y6: Row 8 | AA6: PictureRow Mean | AB6: Plot Mean | AC6: Plot SE | AT6: Irrigation
J7: Position ⇒ | L7: 25 cm | M7: 75 cm | N7: 25 cm | O7: 75 cm | P7: 0 cm | Q7: 25 cm | R7: 50 cm | S7: 75 cm | T7: 100 cm | U7: 25 cm | V7: 75 cm | W7: 25 cm | X7: 75 cm | Y7: 25 cm | Z7: 75 cm | AT7: Code | AU7: Schedule | AV7: notes
B8: Plot | C8: Acron | D8: Trt | E8: Irr | F8: Pop | G8: Nit | H8: Block | I8: ExotechCode | J8: Time | K8: Meas | L8: 3.25 | M8: 3.75 | N8: 4.25 | O8: 4.75 | P8: 5.00 | Q8: 5.25 | R8: 5.50 | S8: 5.75 | T8: 5.100 | U8: 6.25 | V8: 6.75 | W8: 7.25 | X8: 7.75 | Y8: 8.25 | Z8: 8.75 | AA8: PicRowMean | AB8: PlotMean | AC8: PlotSE
B9: 108 | C9: FTH | D9: 3 | E9: 1 | F9: 2 | G9: 2 | H9: 2 | I9: 122.2 | J9: 0.46041667 | K9: Cover | L9: 92 | N9: 102 | P9: 86 | Q9: 79 | R9: 100 | U9: 98 | W9: 82 | Y9: 87 | AA9: =AVERAGE(P9:U9) -> 90.75 | AB9: =AVERAGE(AVERAGE(L9:M9),AVERAGE(N9:O9),AVERAGE(P9:U9),AVERAGE(U9:V9),AVERAGE(W9:X9),AVERAGE(Y9:Z9)) -> 91.958333 | AC9: =STDEV(AVERAGE(L9:M9),AVERAGE(N9:O9),AVERAGE(P9:U9),AVERAGE(U9:V9),AVERAGE(W9:X9),AVERAGE(Y9:Z9))/SQRT(6) -> 2.9583333 | AT9: 1 | AU9: FAO
B10: 108 | C10: FTH | D10: 3 | E10: 1 | F10: 2 | G10: 2 | H10: 2 | I10: 122.2 | K10: Height | L10: 91 | N10: 86 | P10: 78 | Q10: 81 | R10: 102 | U10: 94 | W10: 101 | Y10: 84 | AA10: =AVERAGE(P10:U10) -> 88.75 | AB10: =AVERAGE(AVERAGE(L10:M10),AVERAGE(N10:O10),AVERAGE(P10:U10),AVERAGE(U10:V10),AVERAGE(W10:X10),AVERAGE(Y10:Z10)) -> 90.791667 | AC10: =STDEV(AVERAGE(L10:M10),AVERAGE(N10:O10),AVERAGE(P10:U10),AVERAGE(U10:V10),AVERAGE(W10:X10),AVERAGE(Y10:Z10))/SQRT(6) -> 2.5020131 | AT10: 2 | AU10: NDVI
B11: =B9-1 -> 107 | C11: NTL | D11: 10 | E11: 2 | F11: 2 | G11: 1 | H11: 2 | I11: 221.2 | K11: Cover | L11: 70 | N11: 110 | P11: 79 | Q11: 83 | R11: 92 | U11: 101 | W11: 88 | Y11: 89 | AA11: =AVERAGE(P11:U11) -> 88.75 | AB11: =AVERAGE(AVERAGE(L11:M11),AVERAGE(N11:O11),AVERAGE(P11:U11),AVERAGE(U11:V11),AVERAGE(W11:X11),AVERAGE(Y11:Z11)) -> 91.125 | AC11: =STDEV(AVERAGE(L11:M11),AVERAGE(N11:O11),AVERAGE(P11:U11),AVERAGE(U11:V11),AVERAGE(W11:X11),AVERAGE(Y11:Z11))/SQRT(6) -> 5.5376552 | AT11: 3 | AU11: None>1Jun | AV11: ad hoc
B12: =B10-1 -> 107 | C12: NTL | D12: 10 | E12: 2 | F12: 2 | G12: 1 | H12: 2 | I12: 221.2 | K12: Height | L12: 90 | N12: 103 | P12: 90 | Q12: 84 | R12: 91 | U12: 88 | W12: 94 | Y12: 93 | AA12: =AVERAGE(P12:U12) -> 88.25 | AB12: =AVERAGE(AVERAGE(L12:M12),AVERAGE(N12:O12),AVERAGE(P12:U12),AVERAGE(U12:V12),AVERAGE(W12:X12),AVERAGE(Y12:Z12)) -> 92.708333 | AC12: =STDEV(AVERAGE(L12:M12),AVERAGE(N12:O12),AVERAGE(P12:U12),AVERAGE(U12:V12),AVERAGE(W12:X12),AVERAGE(Y12:Z12))/SQRT(6) -> 2.2880274 | AT12: 4 | AU12: None>15Jul | AV12: ad hoc
B13: =B11-1 -> 106 | C13: NTH | D13: 9 | E13: 2 | F13: 2 | G13: 2 | H13: 2 | I13: 222.2 | K13: Cover | L13: 87 | N13: 86 | P13: 108 | Q13: 106 | R13: 109 | U13: 88 | W13: 100 | Y13: 84 | AA13: =AVERAGE(P13:U13) -> 102.75 | AB13: =AVERAGE(AVERAGE(L13:M13),AVERAGE(N13:O13),AVERAGE(P13:U13),AVERAGE(U13:V13),AVERAGE(W13:X13),AVERAGE(Y13:Z13)) -> 91.291667 | AC13: =STDEV(AVERAGE(L13:M13),AVERAGE(N13:O13),AVERAGE(P13:U13),AVERAGE(U13:V13),AVERAGE(W13:X13),AVERAGE(Y13:Z13))/SQRT(6) -> 3.2534704 | AT13: 8 | AU13: Dry Soil | AV13: never
B14: =B12-1 -> 106 | C14: NTH | D14: 9 | E14: 2 | F14: 2 | G14: 2 | H14: 2 | I14: 222.2 | K14: Height | L14: 102 | N14: 99 | P14: 99 | Q14: 101 | R14: 102 | U14: 105 | W14: 95 | Y14: 94 | AA14: =AVERAGE(P14:U14) -> 101.75 | AB14: =AVERAGE(AVERAGE(L14:M14),AVERAGE(N14:O14),AVERAGE(P14:U14),AVERAGE(U14:V14),AVERAGE(W14:X14),AVERAGE(Y14:Z14)) -> 99.458333 | AC14: =STDEV(AVERAGE(L14:M14),AVERAGE(N14:O14),AVERAGE(P14:U14),AVERAGE(U14:V14),AVERAGE(W14:X14),AVERAGE(Y14:Z14))/SQRT(6) -> 1.7540627 | AT14: 9 | AU14: Wet Soil | AV14: often
B15: =B13-1 -> 105 | C15: NDL | D15: 12 | E15: 2 | F15: 3 | G15: 1 | H15: 2 | I15: 231.2 | K15: Cover | L15: 99 | N15: 103 | P15: 98 | Q15: 107 | R15: 98 | U15: 102 | W15: 90 | Y15: 83 | AA15: =AVERAGE(P15:U15) -> 101.25 | AB15: =AVERAGE(AVERAGE(L15:M15),AVERAGE(N15:O15),AVERAGE(P15:U15),AVERAGE(U15:V15),AVERAGE(W15:X15),AVERAGE(Y15:Z15)) -> 96.375 | AC15: =STDEV(AVERAGE(L15:M15),AVERAGE(N15:O15),AVERAGE(P15:U15),AVERAGE(U15:V15),AVERAGE(W15:X15),AVERAGE(Y15:Z15))/SQRT(6) -> 3.2950405
B16: =B14-1 -> 105 | C16: NDL | D16: 12 | E16: 2 | F16: 3 | G16: 1 | H16: 2 | I16: 231.2 | K16: Height | L16: 98 | N16: 88 | P16: 86 | Q16: 84 | R16: 85 | U16: 89 | W16: 74 | Y16: 77 | AA16: =AVERAGE(P16:U16) -> 86 | AB16: =AVERAGE(AVERAGE(L16:M16),AVERAGE(N16:O16),AVERAGE(P16:U16),AVERAGE(U16:V16),AVERAGE(W16:X16),AVERAGE(Y16:Z16)) -> 85.333333 | AC16: =STDEV(AVERAGE(L16:M16),AVERAGE(N16:O16),AVERAGE(P16:U16),AVERAGE(U16:V16),AVERAGE(W16:X16),AVERAGE(Y16:Z16))/SQRT(6) -> 3.5559028 | AT16: Population
B17: =B15-1 -> 104 | C17: NTL | D17: 10 | E17: 2 | F17: 2 | G17: 1 | H17: 1 | I17: 221.1 | K17: Cover | L17: 88 | N17: 107 | P17: 95 | Q17: 91 | R17: 100 | U17: 89 | W17: 98 | Y17: 97 | AA17: =AVERAGE(P17:U17) -> 93.75 | AB17: =AVERAGE(AVERAGE(L17:M17),AVERAGE(N17:O17),AVERAGE(P17:U17),AVERAGE(U17:V17),AVERAGE(W17:X17),AVERAGE(Y17:Z17)) -> 95.458333 | AC17: =STDEV(AVERAGE(L17:M17),AVERAGE(N17:O17),AVERAGE(P17:U17),AVERAGE(U17:V17),AVERAGE(W17:X17),AVERAGE(Y17:Z17))/SQRT(6) -> 2.8419599 | AT17: Code | AU17: no./meter | AV17: lines/bed
B18: =B16-1 -> 104 | C18: NTL | D18: 10 | E18: 2 | F18: 2 | G18: 1 | H18: 1 | I18: 221.1 | K18: Height | L18: 93 | N18: 89 | P18: 92 | Q18: 87 | R18: 102 | U18: 88 | W18: 108 | Y18: 99 | AA18: =AVERAGE(P18:U18) -> 92.25 | AB18: =AVERAGE(AVERAGE(L18:M18),AVERAGE(N18:O18),AVERAGE(P18:U18),AVERAGE(U18:V18),AVERAGE(W18:X18),AVERAGE(Y18:Z18)) -> 94.875 | AC18: =STDEV(AVERAGE(L18:M18),AVERAGE(N18:O18),AVERAGE(P18:U18),AVERAGE(U18:V18),AVERAGE(W18:X18),AVERAGE(Y18:Z18))/SQRT(6) -> 3.0630527 | AT18: 0 | AU18: 0 | AV18: na
B19: =B17-1 -> 103 | C19: FDH | D19: 5 | E19: 1 | F19: 3 | G19: 2 | H19: 1 | I19: 132.1 | K19: Cover | L19: 104 | N19: 105 | P19: 103 | Q19: 87 | R19: 102 | U19: 98 | W19: 92 | Y19: 99 | AA19: =AVERAGE(P19:U19) -> 97.5 | AB19: =AVERAGE(AVERAGE(L19:M19),AVERAGE(N19:O19),AVERAGE(P19:U19),AVERAGE(U19:V19),AVERAGE(W19:X19),AVERAGE(Y19:Z19)) -> 99.25 | AC19: =STDEV(AVERAGE(L19:M19),AVERAGE(N19:O19),AVERAGE(P19:U19),AVERAGE(U19:V19),AVERAGE(W19:X19),AVERAGE(Y19:Z19))/SQRT(6) -> 1.9397165 | AT19: 1 | AU19: 5 | AV19: Single
B20: =B18-1 -> 103 | C20: FDH | D20: 5 | E20: 1 | F20: 3 | G20: 2 | H20: 1 | I20: 132.1 | K20: Height | L20: 84 | N20: 91 | P20: 81 | Q20: 84 | R20: 83 | U20: 83 | W20: 73 | Y20: 77 | AA20: =AVERAGE(P20:U20) -> 82.75 | AB20: =AVERAGE(AVERAGE(L20:M20),AVERAGE(N20:O20),AVERAGE(P20:U20),AVERAGE(U20:V20),AVERAGE(W20:X20),AVERAGE(Y20:Z20)) -> 81.791667 | AC20: =STDEV(AVERAGE(L20:M20),AVERAGE(N20:O20),AVERAGE(P20:U20),AVERAGE(U20:V20),AVERAGE(W20:X20),AVERAGE(Y20:Z20))/SQRT(6) -> 2.5318115 | AT20: 2 | AU20: 10 | AV20: Single
B21: =B19-1 -> 102 | C21: FTL | D21: 4 | E21: 1 | F21: 2 | G21: 1 | H21: 1 | I21: 121.1 | K21: Cover | L21: 94 | N21: 93 | P21: 62 | Q21: 64 | R21: 77 | U21: 79 | W21: 80 | Y21: 99 | AA21: =AVERAGE(P21:U21) -> 70.5 | AB21: =AVERAGE(AVERAGE(L21:M21),AVERAGE(N21:O21),AVERAGE(P21:U21),AVERAGE(U21:V21),AVERAGE(W21:X21),AVERAGE(Y21:Z21)) -> 85.916667 | AC21: =STDEV(AVERAGE(L21:M21),AVERAGE(N21:O21),AVERAGE(P21:U21),AVERAGE(U21:V21),AVERAGE(W21:X21),AVERAGE(Y21:Z21))/SQRT(6) -> 4.4989196 | AT21: 3 | AU21: 20 | AV21: Double
B22: =B20-1 -> 102 | C22: FTL | D22: 4 | E22: 1 | F22: 2 | G22: 1 | H22: 1 | I22: 121.1 | K22: Height | L22: 82 | N22: 80 | P22: 79 | Q22: 77 | R22: 80 | U22: 86 | W22: 75 | Y22: 86 | AA22: =AVERAGE(P22:U22) -> 80.5 | AB22: =AVERAGE(AVERAGE(L22:M22),AVERAGE(N22:O22),AVERAGE(P22:U22),AVERAGE(U22:V22),AVERAGE(W22:X22),AVERAGE(Y22:Z22)) -> 81.583333 | AC22: =STDEV(AVERAGE(L22:M22),AVERAGE(N22:O22),AVERAGE(P22:U22),AVERAGE(U22:V22),AVERAGE(W22:X22),AVERAGE(Y22:Z22))/SQRT(6) -> 1.6951729
B23: =B21-1 -> 101 | C23: FSH | D23: 1 | E23: 1 | F23: 1 | G23: 2 | H23: 1 | I23: 112.1 | K23: Cover | L23: 85 | N23: 94 | P23: 87 | Q23: 94 | R23: 103 | U23: 98 | W23: 89 | Y23: 82 | AA23: =AVERAGE(P23:U23) -> 95.5 | AB23: =AVERAGE(AVERAGE(L23:M23),AVERAGE(N23:O23),AVERAGE(P23:U23),AVERAGE(U23:V23),AVERAGE(W23:X23),AVERAGE(Y23:Z23)) -> 90.583333 | AC23: =STDEV(AVERAGE(L23:M23),AVERAGE(N23:O23),AVERAGE(P23:U23),AVERAGE(U23:V23),AVERAGE(W23:X23),AVERAGE(Y23:Z23))/SQRT(6) -> 2.5703977 | AT23: Nitrogen
B24: =B22-1 -> 101 | C24: FSH | D24: 1 | E24: 1 | F24: 1 | G24: 2 | H24: 1 | I24: 112.1 | K24: Height | L24: 79 | N24: 89 | P24: 94 | Q24: 85 | R24: 80 | U24: 83 | W24: 76 | Y24: 96 | AA24: =AVERAGE(P24:U24) -> 85.5 | AB24: =AVERAGE(AVERAGE(L24:M24),AVERAGE(N24:O24),AVERAGE(P24:U24),AVERAGE(U24:V24),AVERAGE(W24:X24),AVERAGE(Y24:Z24)) -> 84.75 | AC24: =STDEV(AVERAGE(L24:M24),AVERAGE(N24:O24),AVERAGE(P24:U24),AVERAGE(U24:V24),AVERAGE(W24:X24),AVERAGE(Y24:Z24))/SQRT(6) -> 2.9318652 | AT24: Code | AU24: Descript | AV24: kg N/ha
B25: =B23+100 -> 201 | C25: NDL | D25: 12 | E25: 2 | F25: 3 | G25: 1 | H25: 1 | I25: 231.1 | J25: 0.47569444 | K25: Cover | L25: 93 | N25: 107 | P25: 105 | Q25: 93 | R25: 110 | U25: 103 | W25: 104 | Y25: 102 | AA25: =AVERAGE(P25:U25) -> 102.75 | AB25: =AVERAGE(AVERAGE(L25:M25),AVERAGE(N25:O25),AVERAGE(P25:U25),AVERAGE(U25:V25),AVERAGE(W25:X25),AVERAGE(Y25:Z25)) -> 101.95833 | AC25: =STDEV(AVERAGE(L25:M25),AVERAGE(N25:O25),AVERAGE(P25:U25),AVERAGE(U25:V25),AVERAGE(W25:X25),AVERAGE(Y25:Z25))/SQRT(6) -> 1.928316 | AT25: 1 | AU25: Low | AV25: 0
B26: =B24+100 -> 201 | C26: NDL | D26: 12 | E26: 2 | F26: 3 | G26: 1 | H26: 1 | I26: 231.1 | K26: Height | L26: 91 | N26: 87 | P26: 78 | Q26: 74 | R26: 85 | U26: 86 | W26: 83 | Y26: 83 | AA26: =AVERAGE(P26:U26) -> 80.75 | AB26: =AVERAGE(AVERAGE(L26:M26),AVERAGE(N26:O26),AVERAGE(P26:U26),AVERAGE(U26:V26),AVERAGE(W26:X26),AVERAGE(Y26:Z26)) -> 85.125 | AC26: =STDEV(AVERAGE(L26:M26),AVERAGE(N26:O26),AVERAGE(P26:U26),AVERAGE(U26:V26),AVERAGE(W26:X26),AVERAGE(Y26:Z26))/SQRT(6) -> 1.4940856 | AT26: 2 | AU26: High | AV26: 150
B27: =B25+1 -> 202 | C27: NTH | D27: 9 | E27: 2 | F27: 2 | G27: 2 | H27: 1 | I27: 222.1 | K27: Cover | L27: 96 | N27: 89 | P27: 93 | Q27: 79 | R27: 99 | U27: 66 | W27: 87 | Y27: 102 | AA27: =AVERAGE(P27:U27) -> 84.25 | AB27: =AVERAGE(AVERAGE(L27:M27),AVERAGE(N27:O27),AVERAGE(P27:U27),AVERAGE(U27:V27),AVERAGE(W27:X27),AVERAGE(Y27:Z27)) -> 87.375 | AC27: =STDEV(AVERAGE(L27:M27),AVERAGE(N27:O27),AVERAGE(P27:U27),AVERAGE(U27:V27),AVERAGE(W27:X27),AVERAGE(Y27:Z27))/SQRT(6) -> 5.0256633
B28: =B26+1 -> 202 | C28: NTH | D28: 9 | E28: 2 | F28: 2 | G28: 2 | H28: 1 | I28: 222.1 | K28: Height | L28: 79 | N28: 94 | P28: 77 | Q28: 73 | R28: 75 | U28: 88 | W28: 90 | Y28: 91 | AA28: =AVERAGE(P28:U28) -> 78.25 | AB28: =AVERAGE(AVERAGE(L28:M28),AVERAGE(N28:O28),AVERAGE(P28:U28),AVERAGE(U28:V28),AVERAGE(W28:X28),AVERAGE(Y28:Z28)) -> 86.708333 | AC28: =STDEV(AVERAGE(L28:M28),AVERAGE(N28:O28),AVERAGE(P28:U28),AVERAGE(U28:V28),AVERAGE(W28:X28),AVERAGE(Y28:Z28))/SQRT(6) -> 2.6773873
B29: =B27+1 -> 203 | C29: FTH | D29: 3 | E29: 1 | F29: 2 | G29: 2 | H29: 1 | I29: 122.1 | K29: Cover | L29: 81 | N29: 97 | P29: 105 | Q29: 92 | R29: 96 | U29: 68 | W29: 110 | Y29: 99 | AA29: =AVERAGE(P29:U29) -> 90.25 | AB29: =AVERAGE(AVERAGE(L29:M29),AVERAGE(N29:O29),AVERAGE(P29:U29),AVERAGE(U29:V29),AVERAGE(W29:X29),AVERAGE(Y29:Z29)) -> 90.875 | AC29: =STDEV(AVERAGE(L29:M29),AVERAGE(N29:O29),AVERAGE(P29:U29),AVERAGE(U29:V29),AVERAGE(W29:X29),AVERAGE(Y29:Z29))/SQRT(6) -> 6.0290097
B30: =B28+1 -> 203 | C30: FTH | D30: 3 | E30: 1 | F30: 2 | G30: 2 | H30: 1 | I30: 122.1 | K30: Height | L30: 78 | N30: 97 | P30: 101 | Q30: 98 | R30: 91 | U30: 85 | W30: 90 | Y30: 98 | AA30: =AVERAGE(P30:U30) -> 93.75 | AB30: =AVERAGE(AVERAGE(L30:M30),AVERAGE(N30:O30),AVERAGE(P30:U30),AVERAGE(U30:V30),AVERAGE(W30:X30),AVERAGE(Y30:Z30)) -> 90.291667 | AC30: =STDEV(AVERAGE(L30:M30),AVERAGE(N30:O30),AVERAGE(P30:U30),AVERAGE(U30:V30),AVERAGE(W30:X30),AVERAGE(Y30:Z30))/SQRT(6) -> 3.1387475
B31: =B29+1 -> 204 | C31: NDH | D31: 11 | E31: 2 | F31: 3 | G31: 2 | H31: 1 | I31: 232.1 | K31: Cover | L31: 110 | N31: 122 | P31: 109 | Q31: 103 | R31: 99 | U31: 121 | W31: 106 | Y31: 109 | AA31: =AVERAGE(P31:U31) -> 108 | AB31: =AVERAGE(AVERAGE(L31:M31),AVERAGE(N31:O31),AVERAGE(P31:U31),AVERAGE(U31:V31),AVERAGE(W31:X31),AVERAGE(Y31:Z31)) -> 112.66667 | AC31: =STDEV(AVERAGE(L31:M31),AVERAGE(N31:O31),AVERAGE(P31:U31),AVERAGE(U31:V31),AVERAGE(W31:X31),AVERAGE(Y31:Z31))/SQRT(6) -> 2.8480012
B32: =B30+1 -> 204 | C32: NDH | D32: 11 | E32: 2 | F32: 3 | G32: 2 | H32: 1 | I32: 232.1 | K32: Height | L32: 103 | N32: 96 | P32: 99 | Q32: 96 | R32: 95 | U32: 112 | W32: 102 | Y32: 98 | AA32: =AVERAGE(P32:U32) -> 100.5 | AB32: =AVERAGE(AVERAGE(L32:M32),AVERAGE(N32:O32),AVERAGE(P32:U32),AVERAGE(U32:V32),AVERAGE(W32:X32),AVERAGE(Y32:Z32)) -> 101.91667 | AC32: =STDEV(AVERAGE(L32:M32),AVERAGE(N32:O32),AVERAGE(P32:U32),AVERAGE(U32:V32),AVERAGE(W32:X32),AVERAGE(Y32:Z32))/SQRT(6) -> 2.2745573
B33: =B31+1 -> 205 | C33: FSH | D33: 1 | E33: 1 | F33: 1 | G33: 2 | H33: 2 | I33: 112.2 | K33: Cover | L33: 94 | N33: 98 | P33: 105 | Q33: 115 | R33: 97 | U33: 93 | W33: 124 | Y33: 92 | AA33: =AVERAGE(P33:U33) -> 102.5 | AB33: =AVERAGE(AVERAGE(L33:M33),AVERAGE(N33:O33),AVERAGE(P33:U33),AVERAGE(U33:V33),AVERAGE(W33:X33),AVERAGE(Y33:Z33)) -> 100.58333 | AC33: =STDEV(AVERAGE(L33:M33),AVERAGE(N33:O33),AVERAGE(P33:U33),AVERAGE(U33:V33),AVERAGE(W33:X33),AVERAGE(Y33:Z33))/SQRT(6) -> 4.9437109
B34: =B32+1 -> 205 | C34: FSH | D34: 1 | E34: 1 | F34: 1 | G34: 2 | H34: 2 | I34: 112.2 | K34: Height | L34: 87 | N34: 101 | P34: 98 | Q34: 102 | R34: 97 | U34: 95 | W34: 105 | Y34: 93 | AA34: =AVERAGE(P34:U34) -> 98 | AB34: =AVERAGE(AVERAGE(L34:M34),AVERAGE(N34:O34),AVERAGE(P34:U34),AVERAGE(U34:V34),AVERAGE(W34:X34),AVERAGE(Y34:Z34)) -> 96.5 | AC34: =STDEV(AVERAGE(L34:M34),AVERAGE(N34:O34),AVERAGE(P34:U34),AVERAGE(U34:V34),AVERAGE(W34:X34),AVERAGE(Y34:Z34))/SQRT(6) -> 2.5787594
B35: =B33+1 -> 206 | C35: NSL | D35: 8 | E35: 2 | F35: 1 | G35: 1 | H35: 2 | I35: 211.2 | K35: Cover | L35: 85 | N35: 64 | P35: 78 | Q35: 94 | R35: 80 | U35: 88 | W35: 76 | Y35: 81 | AA35: =AVERAGE(P35:U35) -> 85 | AB35: =AVERAGE(AVERAGE(L35:M35),AVERAGE(N35:O35),AVERAGE(P35:U35),AVERAGE(U35:V35),AVERAGE(W35:X35),AVERAGE(Y35:Z35)) -> 79.833333 | AC35: =STDEV(AVERAGE(L35:M35),AVERAGE(N35:O35),AVERAGE(P35:U35),AVERAGE(U35:V35),AVERAGE(W35:X35),AVERAGE(Y35:Z35))/SQRT(6) -> 3.5908835
B36: =B34+1 -> 206 | C36: NSL | D36: 8 | E36: 2 | F36: 1 | G36: 1 | H36: 2 | I36: 211.2 | K36: Height | L36: 89 | N36: 71 | P36: 78 | Q36: 68 | R36: 81 | U36: 84 | W36: 74 | Y36: 83 | AA36: =AVERAGE(P36:U36) -> 77.75 | AB36: =AVERAGE(AVERAGE(L36:M36),AVERAGE(N36:O36),AVERAGE(P36:U36),AVERAGE(U36:V36),AVERAGE(W36:X36),AVERAGE(Y36:Z36)) -> 79.791667 | AC36: =STDEV(AVERAGE(L36:M36),AVERAGE(N36:O36),AVERAGE(P36:U36),AVERAGE(U36:V36),AVERAGE(W36:X36),AVERAGE(Y36:Z36))/SQRT(6) -> 2.755613
B37: =B35+1 -> 207 | C37: FTL | D37: 4 | E37: 1 | F37: 2 | G37: 1 | H37: 2 | I37: 121.2 | K37: Cover | L37: 104 | N37: 101 | P37: 84 | Q37: 90 | R37: 100 | U37: 104 | W37: 88 | Y37: 112 | AA37: =AVERAGE(P37:U37) -> 94.5 | AB37: =AVERAGE(AVERAGE(L37:M37),AVERAGE(N37:O37),AVERAGE(P37:U37),AVERAGE(U37:V37),AVERAGE(W37:X37),AVERAGE(Y37:Z37)) -> 100.58333 | AC37: =STDEV(AVERAGE(L37:M37),AVERAGE(N37:O37),AVERAGE(P37:U37),AVERAGE(U37:V37),AVERAGE(W37:X37),AVERAGE(Y37:Z37))/SQRT(6) -> 3.4117851
B38: =B36+1 -> 207 | C38: FTL | D38: 4 | E38: 1 | F38: 2 | G38: 1 | H38: 2 | I38: 121.2 | K38: Height | L38: 87 | N38: 90 | P38: 88 | Q38: 96 | R38: 96 | U38: 98 | W38: 93 | Y38: 84 | AA38: =AVERAGE(P38:U38) -> 94.5 | AB38: =AVERAGE(AVERAGE(L38:M38),AVERAGE(N38:O38),AVERAGE(P38:U38),AVERAGE(U38:V38),AVERAGE(W38:X38),AVERAGE(Y38:Z38)) -> 91.083333 | AC38: =STDEV(AVERAGE(L38:M38),AVERAGE(N38:O38),AVERAGE(P38:U38),AVERAGE(U38:V38),AVERAGE(W38:X38),AVERAGE(Y38:Z38))/SQRT(6) -> 2.091318
... B40: =B38+1 -> 208 | C40: FSL | D40: 2 | E40: 1 | F40: 1 | G40: 1 | H40: 2 | I40: 111.2 | K40: Height | L40: 83 | N40: 81 | P40: 77 | Q40: 81 | R40: 85 | U40: 76 | W40: 84 | Y40: 76 | AA40: =AVERAGE(P40:U40) -> 79.75 | AB40: =AVERAGE(AVERAGE(L40:M40),AVERAGE(N40:O40),AVERAGE(P40:U40),AVERAGE(U40:V40),AVERAGE(W40:X40),AVERAGE(Y40:Z40)) -> 79.958333 | AC40: =STDEV(AVERAGE(L40:M40),AVERAGE(N40:O40),AVERAGE(P40:U40),AVERAGE(U40:V40),AVERAGE(W40:X40),AVERAGE(Y40:Z40))/SQRT(6) -> 1.3910677
B41: =B39+700 -> 908 | C41: Early | D41: 21 | E41: 3 | F41: 2 | G41: 2 | H41: 2 | I41: 322.2 | K41: Cover | AA41: =AVERAGE(P41:T41) -> #DIV/0! | AB41: =AVERAGE(AVERAGE(L41:M41),AVERAGE(N41:O41),AVERAGE(P41:T41),AVERAGE(U41:V41),AVERAGE(W41:X41),AVERAGE(Y41:Z41)) -> #DIV/0! | AC41: =STDEV(AVERAGE(L41:M41),AVERAGE(N41:O41),AVERAGE(P41:T41),AVERAGE(U41:V41),AVERAGE(W41:X41),AVERAGE(Y41:Z41))/SQRT(6) -> #DIV/0!
B42: =B40+700 -> 908 | C42: Early | D42: 21 | E42: 3 | F42: 2 | G42: 2 | H42: 2 | I42: 322.2 | K42: Height | AA42: =AVERAGE(P42:T42) -> #DIV/0! | AB42: =AVERAGE(AVERAGE(L42:M42),AVERAGE(N42:O42),AVERAGE(P42:T42),AVERAGE(U42:V42),AVERAGE(W42:X42),AVERAGE(Y42:Z42)) -> #DIV/0! | AC42: =STDEV(AVERAGE(L42:M42),AVERAGE(N42:O42),AVERAGE(P42:T42),AVERAGE(U42:V42),AVERAGE(W42:X42),AVERAGE(Y42:Z42))/SQRT(6) -> #DIV/0!
B43: 906 | C43: Late | D43: 22 | E43: 4 | F43: 2 | G43: 2 | H43: 2 | I43: 422.2 | K43: Cover | AA43: =AVERAGE(P43:T43) -> #DIV/0! | AB43: =AVERAGE(AVERAGE(L43:M43),AVERAGE(N43:O43),AVERAGE(P43:T43),AVERAGE(U43:V43),AVERAGE(W43:X43),AVERAGE(Y43:Z43)) -> #DIV/0! | AC43: =STDEV(AVERAGE(L43:M43),AVERAGE(N43:O43),AVERAGE(P43:T43),AVERAGE(U43:V43),AVERAGE(W43:X43),AVERAGE(Y43:Z43))/SQRT(6) -> #DIV/0!
B44: 906 | C44: Late | D44: 22 | E44: 4 | F44: 2 | G44: 2 | H44: 2 | I44: 422.2 | K44: Height | AA44: =AVERAGE(P44:T44) -> #DIV/0! | AB44: =AVERAGE(AVERAGE(L44:M44),AVERAGE(N44:O44),AVERAGE(P44:T44),AVERAGE(U44:V44),AVERAGE(W44:X44),AVERAGE(Y44:Z44)) -> #DIV/0! | AC44: =STDEV(AVERAGE(L44:M44),AVERAGE(N44:O44),AVERAGE(P44:T44),AVERAGE(U44:V44),AVERAGE(W44:X44),AVERAGE(Y44:Z44))/SQRT(6) -> #DIV/0!
B45: 904 | C45: Early | D45: 21 | E45: 3 | F45: 2 | G45: 2 | H45: 1 | I45: 322.1 | K45: Cover | AA45: =AVERAGE(P45:T45) -> #DIV/0! | AB45: =AVERAGE(AVERAGE(L45:M45),AVERAGE(N45:O45),AVERAGE(P45:T45),AVERAGE(U45:V45),AVERAGE(W45:X45),AVERAGE(Y45:Z45)) -> #DIV/0! | AC45: =STDEV(AVERAGE(L45:M45),AVERAGE(N45:O45),AVERAGE(P45:T45),AVERAGE(U45:V45),AVERAGE(W45:X45),AVERAGE(Y45:Z45))/SQRT(6) -> #DIV/0!
B46: 904 | C46: Early | D46: 21 | E46: 3 | F46: 2 | G46: 2 | H46: 1 | I46: 322.1 | K46: Height | AA46: =AVERAGE(P46:T46) -> #DIV/0! | AB46: =AVERAGE(AVERAGE(L46:M46),AVERAGE(N46:O46),AVERAGE(P46:T46),AVERAGE(U46:V46),AVERAGE(W46:X46),AVERAGE(Y46:Z46)) -> #DIV/0! | AC46: =STDEV(AVERAGE(L46:M46),AVERAGE(N46:O46),AVERAGE(P46:T46),AVERAGE(U46:V46),AVERAGE(W46:X46),AVERAGE(Y46:Z46))/SQRT(6) -> #DIV/0!
B47: 902 | C47: Late | D47: 22 | E47: 4 | F47: 2 | G47: 2 | H47: 1 | I47: 422.1 | K47: Cover | AA47: =AVERAGE(P47:T47) -> #DIV/0! | AB47: =AVERAGE(AVERAGE(L47:M47),AVERAGE(N47:O47),AVERAGE(P47:T47),AVERAGE(U47:V47),AVERAGE(W47:X47),AVERAGE(Y47:Z47)) -> #DIV/0! | AC47: =STDEV(AVERAGE(L47:M47),AVERAGE(N47:O47),AVERAGE(P47:T47),AVERAGE(U47:V47),AVERAGE(W47:X47),AVERAGE(Y47:Z47))/SQRT(6) -> #DIV/0!
B48: 902 | C48: Late | D48: 22 | E48: 4 | F48: 2 | G48: 2 | H48: 1 | I48: 422.1 | K48: Height | AA48: =AVERAGE(P48:T48) -> #DIV/0! | AB48: =AVERAGE(AVERAGE(L48:M48),AVERAGE(N48:O48),AVERAGE(P48:T48),AVERAGE(U48:V48),AVERAGE(W48:X48),AVERAGE(Y48:Z48)) -> #DIV/0! | AC48: =STDEV(AVERAGE(L48:M48),AVERAGE(N48:O48),AVERAGE(P48:T48),AVERAGE(U48:V48),AVERAGE(W48:X48),AVERAGE(Y48:Z48))/SQRT(6) -> #DIV/0!
B49: =B47-601 -> 301 | C49: NTL | D49: 10 | E49: 2 | F49: 2 | G49: 1 | H49: 3 | I49: 221.3 | J49: 0.48888889 | K49: Cover | L49: 102 | N49: 101 | P49: 111 | Q49: 104 | R49: 102 | U49: 96 | W49: 109 | Y49: 97 | AA49: =AVERAGE(P49:U49) -> 103.25 | AB49: =AVERAGE(AVERAGE(L49:M49),AVERAGE(N49:O49),AVERAGE(P49:U49),AVERAGE(U49:V49),AVERAGE(W49:X49),AVERAGE(Y49:Z49)) -> 101.375 | AC49: =STDEV(AVERAGE(L49:M49),AVERAGE(N49:O49),AVERAGE(P49:U49),AVERAGE(U49:V49),AVERAGE(W49:X49),AVERAGE(Y49:Z49))/SQRT(6) -> 1.9167572 | AT49: 2 | AU49: High | AV49: 150
B50: =B48-601 -> 301 | C50: NTL | D50: 10 | E50: 2 | F50: 2 | G50: 1 | H50: 3 | I50: 221.3 | K50: Height | L50: 89 | N50: 87 | P50: 85 | Q50: 90 | R50: 92 | U50: 95 | W50: 89 | Y50: 85 | AA50: =AVERAGE(P50:U50) -> 90.5 | AB50: =AVERAGE(AVERAGE(L50:M50),AVERAGE(N50:O50),AVERAGE(P50:U50),AVERAGE(U50:V50),AVERAGE(W50:X50),AVERAGE(Y50:Z50)) -> 89.25 | AC50: =STDEV(AVERAGE(L50:M50),AVERAGE(N50:O50),AVERAGE(P50:U50),AVERAGE(U50:V50),AVERAGE(W50:X50),AVERAGE(Y50:Z50))/SQRT(6) -> 1.3889444
B51: =B49+1 -> 302 | C51: FTL | D51: 4 | E51: 1 | F51: 2 | G51: 1 | H51: 3 | I51: 121.3 | K51: Cover | L51: 84 | N51: 94 | P51: 105 | Q51: 93 | R51: 97 | U51: 76 | W51: 84 | Y51: 73 | AA51: =AVERAGE(P51:U51) -> 92.75 | AB51: =AVERAGE(AVERAGE(L51:M51),AVERAGE(N51:O51),AVERAGE(P51:U51),AVERAGE(U51:V51),AVERAGE(W51:X51),AVERAGE(Y51:Z51)) -> 83.958333 | AC51: =STDEV(AVERAGE(L51:M51),AVERAGE(N51:O51),AVERAGE(P51:U51),AVERAGE(U51:V51),AVERAGE(W51:X51),AVERAGE(Y51:Z51))/SQRT(6) -> 3.471561
B52: =B50+1 -> 302 | C52: FTL | D52: 4 | E52: 1 | F52: 2 | G52: 1 | H52: 3 | I52: 121.3 | K52: Height | L52: 83 | N52: 96 | P52: 87 | Q52: 89 | R52: 83 | U52: 78 | W52: 82 | Y52: 79 | AA52: =AVERAGE(P52:U52) -> 84.25 | AB52: =AVERAGE(AVERAGE(L52:M52),AVERAGE(N52:O52),AVERAGE(P52:U52),AVERAGE(U52:V52),AVERAGE(W52:X52),AVERAGE(Y52:Z52)) -> 83.708333 | AC52: =STDEV(AVERAGE(L52:M52),AVERAGE(N52:O52),AVERAGE(P52:U52),AVERAGE(U52:V52),AVERAGE(W52:X52),AVERAGE(Y52:Z52))/SQRT(6) -> 2.6429282
B53: =B51+1 -> 303 | C53: NSL | D53: 8 | E53: 2 | F53: 1 | G53: 1 | H53: 3 | I53: 211.3 | K53: Cover | L53: 95 | N53: 79 | P53: 95 | Q53: 75 | R53: 83 | U53: 78 | W53: 87 | Y53: 92 | AA53: =AVERAGE(P53:U53) -> 82.75 | AB53: =AVERAGE(AVERAGE(L53:M53),AVERAGE(N53:O53),AVERAGE(P53:U53),AVERAGE(U53:V53),AVERAGE(W53:X53),AVERAGE(Y53:Z53)) -> 85.625 | AC53: =STDEV(AVERAGE(L53:M53),AVERAGE(N53:O53),AVERAGE(P53:U53),AVERAGE(U53:V53),AVERAGE(W53:X53),AVERAGE(Y53:Z53))/SQRT(6) -> 2.8326592
B54: =B52+1 -> 303 | C54: NSL | D54: 8 | E54: 2 | F54: 1 | G54: 1 | H54: 3 | I54: 211.3 | K54: Height | L54: 89 | N54: 78 | P54: 78 | Q54: 76 | R54: 77 | U54: 85 | W54: 98 | Y54: 81 | AA54: =AVERAGE(P54:U54) -> 79 | AB54: =AVERAGE(AVERAGE(L54:M54),AVERAGE(N54:O54),AVERAGE(P54:U54),AVERAGE(U54:V54),AVERAGE(W54:X54),AVERAGE(Y54:Z54)) -> 85 | AC54: =STDEV(AVERAGE(L54:M54),AVERAGE(N54:O54),AVERAGE(P54:U54),AVERAGE(U54:V54),AVERAGE(W54:X54),AVERAGE(Y54:Z54))/SQRT(6) -> 3.0876096
B55: =B53+1 -> 304 | C55: FSL | D55: 2 | E55: 1 | F55: 1 | G55: 1 | H55: 3 | I55: 111.3 | K55: Cover | L55: 104 | N55: 82 | P55: 99 | Q55: 96 | R55: 96 | U55: 98 | W55: 82 | Y55: 84 | AA55: =AVERAGE(P55:U55) -> 97.25 | AB55: =AVERAGE(AVERAGE(L55:M55),AVERAGE(N55:O55),AVERAGE(P55:U55),AVERAGE(U55:V55),AVERAGE(W55:X55),AVERAGE(Y55:Z55)) -> 91.208333 | AC55: =STDEV(AVERAGE(L55:M55),AVERAGE(N55:O55),AVERAGE(P55:U55),AVERAGE(U55:V55),AVERAGE(W55:X55),AVERAGE(Y55:Z55))/SQRT(6) -> 3.9488483
B56: =B54+1 -> 304 | C56: FSL | D56: 2 | E56: 1 | F56: 1 | G56: 1 | H56: 3 | I56: 111.3 | K56: Height | L56: 86 | N56: 87 | P56: 83 | Q56: 81 | R56: 92 | U56: 92 | W56: 82 | Y56: 73 | AA56: =AVERAGE(P56:U56) -> 87 | AB56: =AVERAGE(AVERAGE(L56:M56),AVERAGE(N56:O56),AVERAGE(P56:U56),AVERAGE(U56:V56),AVERAGE(W56:X56),AVERAGE(Y56:Z56)) -> 84.5 | AC56: =STDEV(AVERAGE(L56:M56),AVERAGE(N56:O56),AVERAGE(P56:U56),AVERAGE(U56:V56),AVERAGE(W56:X56),AVERAGE(Y56:Z56))/SQRT(6) -> 2.6425997
B57: =B55+1 -> 305 | C57: NDH | D57: 11 | E57: 2 | F57: 3 | G57: 2 | H57: 4 | I57: 232.4 | K57: Cover | L57: 118 | N57: 114 | P57: 106 | Q57: 100 | R57: 97 | U57: 104 | W57: 99 | Y57: 106 | AA57: =AVERAGE(P57:U57) -> 101.75 | AB57: =AVERAGE(AVERAGE(L57:M57),AVERAGE(N57:O57),AVERAGE(P57:U57),AVERAGE(U57:V57),AVERAGE(W57:X57),AVERAGE(Y57:Z57)) -> 107.125 | AC57: =STDEV(AVERAGE(L57:M57),AVERAGE(N57:O57),AVERAGE(P57:U57),AVERAGE(U57:V57),AVERAGE(W57:X57),AVERAGE(Y57:Z57))/SQRT(6) -> 3.0081487
B58: =B56+1 -> 305 | C58: NDH | D58: 11 | E58: 2 | F58: 3 | G58: 2 | H58: 4 | I58: 232.4 | K58: Height | L58: 108 | N58: 96 | P58: 87 | Q58: 88 | R58: 91 | U58: 97 | W58: 80 | Y58: 92 | AA58: =AVERAGE(P58:U58) -> 90.75 | AB58: =AVERAGE(AVERAGE(L58:M58),AVERAGE(N58:O58),AVERAGE(P58:U58),AVERAGE(U58:V58),AVERAGE(W58:X58),AVERAGE(Y58:Z58)) -> 93.958333 | AC58: =STDEV(AVERAGE(L58:M58),AVERAGE(N58:O58),AVERAGE(P58:U58),AVERAGE(U58:V58),AVERAGE(W58:X58),AVERAGE(Y58:Z58))/SQRT(6) -> 3.7396617
B59: =B57+1 -> 306 | C59: FTL | D59: 4 | E59: 1 | F59: 2 | G59: 1 | H59: 4 | I59: 121.4 | K59: Cover | L59: 99 | N59: 84 | P59: 105 | Q59: 93 | R59: 96 | U59: 104 | W59: 76 | Y59: 96 | AA59: =AVERAGE(P59:U59) -> 99.5 | AB59: =AVERAGE(AVERAGE(L59:M59),AVERAGE(N59:O59),AVERAGE(P59:U59),AVERAGE(U59:V59),AVERAGE(W59:X59),AVERAGE(Y59:Z59)) -> 93.083333 | AC59: =STDEV(AVERAGE(L59:M59),AVERAGE(N59:O59),AVERAGE(P59:U59),AVERAGE(U59:V59),AVERAGE(W59:X59),AVERAGE(Y59:Z59))/SQRT(6) -> 4.3901721
B60: =B58+1 -> 306 | C60: FTL | D60: 4 | E60: 1 | F60: 2 | G60: 1 | H60: 4 | I60: 121.4 | K60: Height | L60: 88 | N60: 91 | P60: 77 | Q60: 94 | R60: 74 | U60: 84 | W60: 93 | Y60: 91 | AA60: =AVERAGE(P60:U60) -> 82.25 | AB60: =AVERAGE(AVERAGE(L60:M60),AVERAGE(N60:O60),AVERAGE(P60:U60),AVERAGE(U60:V60),AVERAGE(W60:X60),AVERAGE(Y60:Z60)) -> 88.208333 | AC60: =STDEV(AVERAGE(L60:M60),AVERAGE(N60:O60),AVERAGE(P60:U60),AVERAGE(U60:V60),AVERAGE(W60:X60),AVERAGE(Y60:Z60))/SQRT(6) -> 1.7493054
B61: =B59+1 -> 307 | C61: NTH | D61: 9 | E61: 2 | F61: 2 | G61: 2 | H61: 4 | I61: 222.4 | K61: Cover | L61: 98 | N61: 96 | P61: 98 | Q61: 97 | R61: 93 | U61: 101 | W61: 98 | Y61: 101 | AA61: =AVERAGE(P61:U61) -> 97.25 | AB61: =AVERAGE(AVERAGE(L61:M61),AVERAGE(N61:O61),AVERAGE(P61:U61),AVERAGE(U61:V61),AVERAGE(W61:X61),AVERAGE(Y61:Z61)) -> 98.541667 | AC61: =STDEV(AVERAGE(L61:M61),AVERAGE(N61:O61),AVERAGE(P61:U61),AVERAGE(U61:V61),AVERAGE(W61:X61),AVERAGE(Y61:Z61))/SQRT(6) -> 0.8327081
B62: =B60+1 -> 307 | C62: NTH | D62: 9 | E62: 2 | F62: 2 | G62: 2 | H62: 4 | I62: 222.4 | K62: Height | L62: 93 | N62: 92 | P62: 93 | Q62: 101 | R62: 97 | U62: 93 | W62: 94 | Y62: 96 | AA62: =AVERAGE(P62:U62) -> 96 | AB62: =AVERAGE(AVERAGE(L62:M62),AVERAGE(N62:O62),AVERAGE(P62:U62),AVERAGE(U62:V62),AVERAGE(W62:X62),AVERAGE(Y62:Z62)) -> 94 | AC62: =STDEV(AVERAGE(L62:M62),AVERAGE(N62:O62),AVERAGE(P62:U62),AVERAGE(U62:V62),AVERAGE(W62:X62),AVERAGE(Y62:Z62))/SQRT(6) -> 0.68313005
... B64: =B62+1 -> 308 | C64: FDH | D64: 5 | E64: 1 | F64: 3 | G64: 2 | H64: 4 | I64: 132.4 | K64: Height | L64: 74 | N64: 81 | P64: 75 | Q64: 68 | R64: 78 | U64: 76 | W64: 82 | Y64: 72 | AA64: =AVERAGE(P64:U64) -> 74.25 | AB64: =AVERAGE(AVERAGE(L64:M64),AVERAGE(N64:O64),AVERAGE(P64:U64),AVERAGE(U64:V64),AVERAGE(W64:X64),AVERAGE(Y64:Z64)) -> 76.541667 | AC64: =STDEV(AVERAGE(L64:M64),AVERAGE(N64:O64),AVERAGE(P64:U64),AVERAGE(U64:V64),AVERAGE(W64:X64),AVERAGE(Y64:Z64))/SQRT(6) -> 1.6563221
B65: =B63+100 -> 408 | C65: NTL | D65: 10 | E65: 2 | F65: 2 | G65: 1 | H65: 4 | I65: 221.4 | J65: 0.50138889 | K65: Cover | L65: 86 | N65: 87 | P65: 86 | Q65: 92 | R65: 97 | S65: 73 | T65: 67 | U65: 83 | W65: 100 | Y65: 92 | AA65: =AVERAGE(P65:U65) -> 83 | AB65: =AVERAGE(AVERAGE(L65:M65),AVERAGE(N65:O65),AVERAGE(P65:U65),AVERAGE(U65:V65),AVERAGE(W65:X65),AVERAGE(Y65:Z65)) -> 88.5 | AC65: =STDEV(AVERAGE(L65:M65),AVERAGE(N65:O65),AVERAGE(P65:U65),AVERAGE(U65:V65),AVERAGE(W65:X65),AVERAGE(Y65:Z65))/SQRT(6) -> 2.6677081 | AT65: 2 | AU65: High | AV65: 150
B66: =B64+100 -> 408 | C66: NTL | D66: 10 | E66: 2 | F66: 2 | G66: 1 | H66: 4 | I66: 221.4 | K66: Height | L66: 88 | N66: 83 | P66: 77 | Q66: 89 | R66: 89 | S66: 85 | T66: 90 | U66: 72 | W66: 79 | Y66: 78 | AA66: =AVERAGE(P66:U66) -> 83.666667 | AB66: =AVERAGE(AVERAGE(L66:M66),AVERAGE(N66:O66),AVERAGE(P66:U66),AVERAGE(U66:V66),AVERAGE(W66:X66),AVERAGE(Y66:Z66)) -> 80.611111 | AC66: =STDEV(AVERAGE(L66:M66),AVERAGE(N66:O66),AVERAGE(P66:U66),AVERAGE(U66:V66),AVERAGE(W66:X66),AVERAGE(Y66:Z66))/SQRT(6) -> 2.2598208
B67: =B65-1 -> 407 | C67: NSH | D67: 7 | E67: 2 | F67: 1 | G67: 2 | H67: 4 | I67: 212.4 | K67: Cover | L67: 78 | N67: 85 | P67: 78 | Q67: 81 | R67: 76 | U67: 93 | W67: 98 | Y67: 102 | AA67: =AVERAGE(P67:U67) -> 82 | AB67: =AVERAGE(AVERAGE(L67:M67),AVERAGE(N67:O67),AVERAGE(P67:U67),AVERAGE(U67:V67),AVERAGE(W67:X67),AVERAGE(Y67:Z67)) -> 89.666667 | AC67: =STDEV(AVERAGE(L67:M67),AVERAGE(N67:O67),AVERAGE(P67:U67),AVERAGE(U67:V67),AVERAGE(W67:X67),AVERAGE(Y67:Z67))/SQRT(6) -> 3.8701134
B68: =B66-1 -> 407 | C68: NSH | D68: 7 | E68: 2 | F68: 1 | G68: 2 | H68: 4 | I68: 212.4 | K68: Height | L68: 76 | N68: 80 | P68: 64 | Q68: 66 | R68: 70 | U68: 68 | W68: 74 | Y68: 86 | AA68: =AVERAGE(P68:U68) -> 67 | AB68: =AVERAGE(AVERAGE(L68:M68),AVERAGE(N68:O68),AVERAGE(P68:U68),AVERAGE(U68:V68),AVERAGE(W68:X68),AVERAGE(Y68:Z68)) -> 75.166667 | AC68: =STDEV(AVERAGE(L68:M68),AVERAGE(N68:O68),AVERAGE(P68:U68),AVERAGE(U68:V68),AVERAGE(W68:X68),AVERAGE(Y68:Z68))/SQRT(6) -> 2.9486343
B69: =B67-1 -> 406 | C69: FTH | D69: 3 | E69: 1 | F69: 2 | G69: 2 | H69: 4 | I69: 122.4 | K69: Cover | L69: 99 | N69: 105 | P69: 90 | Q69: 108 | R69: 98 | U69: 98 | W69: 113 | Y69: 107 | AA69: =AVERAGE(P69:U69) -> 98.5 | AB69: =AVERAGE(AVERAGE(L69:M69),AVERAGE(N69:O69),AVERAGE(P69:U69),AVERAGE(U69:V69),AVERAGE(W69:X69),AVERAGE(Y69:Z69)) -> 103.41667 | AC69: =STDEV(AVERAGE(L69:M69),AVERAGE(N69:O69),AVERAGE(P69:U69),AVERAGE(U69:V69),AVERAGE(W69:X69),AVERAGE(Y69:Z69))/SQRT(6) -> 2.4509069
B70: =B68-1 -> 406 | C70: FTH | D70: 3 | E70: 1 | F70: 2 | G70: 2 | H70: 4 | I70: 122.4 | K70: Height | L70: 91 | N70: 87 | P70: 93 | Q70: 105 | R70: 84 | U70: 78 | W70: 92 | Y70: 97 | AA70: =AVERAGE(P70:U70) -> 90 | AB70: =AVERAGE(AVERAGE(L70:M70),AVERAGE(N70:O70),AVERAGE(P70:U70),AVERAGE(U70:V70),AVERAGE(W70:X70),AVERAGE(Y70:Z70)) -> 89.166667 | AC70: =STDEV(AVERAGE(L70:M70),AVERAGE(N70:O70),AVERAGE(P70:U70),AVERAGE(U70:V70),AVERAGE(W70:X70),AVERAGE(Y70:Z70))/SQRT(6) -> 2.6002137
B71: =B69-1 -> 405 | C71: FDL | D71: 6 | E71: 1 | F71: 3 | G71: 1 | H71: 4 | I71: 131.4 | K71: Cover | L71: 113 | N71: 95 | P71: 112 | Q71: 96 | R71: 109 | U71: 98 | W71: 98 | Y71: 85 | AA71: =AVERAGE(P71:U71) -> 103.75 | AB71: =AVERAGE(AVERAGE(L71:M71),AVERAGE(N71:O71),AVERAGE(P71:U71),AVERAGE(U71:V71),AVERAGE(W71:X71),AVERAGE(Y71:Z71)) -> 98.791667 | AC71: =STDEV(AVERAGE(L71:M71),AVERAGE(N71:O71),AVERAGE(P71:U71),AVERAGE(U71:V71),AVERAGE(W71:X71),AVERAGE(Y71:Z71))/SQRT(6) -> 3.7960597
B72: =B70-1 -> 405 | C72: FDL | D72: 6 | E72: 1 | F72: 3 | G72: 1 | H72: 4 | I72: 131.4 | K72: Height | L72: 68 | N72: 74 | P72: 70 | Q72: 68 | R72: 71 | U72: 76 | W72: 81 | Y72: 69 | AA72: =AVERAGE(P72:U72) -> 71.25 | AB72: =AVERAGE(AVERAGE(L72:M72),AVERAGE(N72:O72),AVERAGE(P72:U72),AVERAGE(U72:V72),AVERAGE(W72:X72),AVERAGE(Y72:Z72)) -> 73.208333 | AC72: =STDEV(AVERAGE(L72:M72),AVERAGE(N72:O72),AVERAGE(P72:U72),AVERAGE(U72:V72),AVERAGE(W72:X72),AVERAGE(Y72:Z72))/SQRT(6) -> 1.9815994
B73: =B71-1 -> 404 | C73: FTH | D73: 3 | E73: 1 | F73: 2 | G73: 2 | H73: 3 | I73: 122.3 | K73: Cover | L73: 103 | N73: 98 | P73: 95 | Q73: 87 | R73: 96 | U73: 111 | W73: 102 | Y73: 98 | AA73: =AVERAGE(P73:U73) -> 97.25 | AB73: =AVERAGE(AVERAGE(L73:M73),AVERAGE(N73:O73),AVERAGE(P73:T73),AVERAGE(U73:V73),AVERAGE(W73:X73),AVERAGE(Y73:Z73)) -> 100.77778 | AC73: =STDEV(AVERAGE(L73:M73),AVERAGE(N73:O73),AVERAGE(P73:U73),AVERAGE(U73:V73),AVERAGE(W73:X73),AVERAGE(Y73:Z73))/SQRT(6) -> 2.1236924
B74: =B72-1 -> 404 | C74: FTH | D74: 3 | E74: 1 | F74: 2 | G74: 2 | H74: 3 | I74: 122.3 | K74: Height | L74: 79 | N74: 85 | P74: 79 | Q74: 84 | R74: 102 | U74: 92 | W74: 94 | Y74: 86 | AA74: =AVERAGE(P74:U74) -> 89.25 | AB74: =AVERAGE(AVERAGE(L74:M74),AVERAGE(N74:O74),AVERAGE(P74:U74),AVERAGE(U74:V74),AVERAGE(W74:X74),AVERAGE(Y74:Z74)) -> 87.541667 | AC74: =STDEV(AVERAGE(L74:M74),AVERAGE(N74:O74),AVERAGE(P74:U74),AVERAGE(U74:V74),AVERAGE(W74:X74),AVERAGE(Y74:Z74))/SQRT(6) -> 2.2083333
B75: =B73-1 -> 403 | C75: FDL | D75: 6 | E75: 1 | F75: 3 | G75: 1 | H75: 3 | I75: 131.3 | K75: Cover | L75: 104 | N75: 105 | P75: 108 | Q75: 98 | R75: 101 | U75: 98 | W75: 106 | Y75: 99 | AA75: =AVERAGE(P75:U75) -> 101.25 | AB75: =AVERAGE(AVERAGE(L75:M75),AVERAGE(N75:O75),AVERAGE(P75:U75),AVERAGE(U75:V75),AVERAGE(W75:X75),AVERAGE(Y75:Z75)) -> 102.20833 | AC75: =STDEV(AVERAGE(L75:M75),AVERAGE(N75:O75),AVERAGE(P75:U75),AVERAGE(U75:V75),AVERAGE(W75:X75),AVERAGE(Y75:Z75))/SQRT(6) -> 1.3453882
B76: =B74-1 -> 403 | C76: FDL | D76: 6 | E76: 1 | F76: 3 | G76: 1 | H76: 3 | I76: 131.3 | K76: Height | L76: 82 | N76: 83 | P76: 76 | Q76: 72 | R76: 70 | U76: 76 | W76: 89 | Y76: 74 | AA76: =AVERAGE(P76:U76) -> 73.5 | AB76: =AVERAGE(AVERAGE(L76:M76),AVERAGE(N76:O76),AVERAGE(P76:U76),AVERAGE(U76:V76),AVERAGE(W76:X76),AVERAGE(Y76:Z76)) -> 79.583333 | AC76: =STDEV(AVERAGE(L76:M76),AVERAGE(N76:O76),AVERAGE(P76:U76),AVERAGE(U76:V76),AVERAGE(W76:X76),AVERAGE(Y76:Z76))/SQRT(6) -> 2.4980548
B77: =B75-1 -> 402 | C77: NTH | D77: 9 | E77: 2 | F77: 2 | G77: 2 | H77: 3 | I77: 222.3 | K77: Cover | L77: 94 | N77: 78 | P77: 102 | Q77: 91 | R77: 72 | S77: 89 | T77: 77 | U77: 91 | W77: 77 | Y77: 92 | AA77: =AVERAGE(P77:U77) -> 87 | AB77: =AVERAGE(AVERAGE(L77:M77),AVERAGE(N77:O77),AVERAGE(P77:U77),AVERAGE(U77:V77),AVERAGE(W77:X77),AVERAGE(Y77:Z77)) -> 86.5 | AC77: =STDEV(AVERAGE(L77:M77),AVERAGE(N77:O77),AVERAGE(P77:U77),AVERAGE(U77:V77),AVERAGE(W77:X77),AVERAGE(Y77:Z77))/SQRT(6) -> 2.9972209
B78: =B76-1 -> 402 | C78: NTH | D78: 9 | E78: 2 | F78: 2 | G78: 2 | H78: 3 | I78: 222.3 | K78: Height | L78: 73 | N78: 75 | P78: 76 | Q78: 80 | R78: 86 | S78: 96 | T78: 84 | U78: 86 | W78: 78 | Y78: 83 | AA78: =AVERAGE(P78:U78) -> 84.666667 | AB78: =AVERAGE(AVERAGE(L78:M78),AVERAGE(N78:O78),AVERAGE(P78:U78),AVERAGE(U78:V78),AVERAGE(W78:X78),AVERAGE(Y78:Z78)) -> 79.944444 | AC78: =STDEV(AVERAGE(L78:M78),AVERAGE(N78:O78),AVERAGE(P78:U78),AVERAGE(U78:V78),AVERAGE(W78:X78),AVERAGE(Y78:Z78))/SQRT(6) -> 2.1966585
B79: =B77-1 -> 401 | C79: NSH | D79: 7 | E79: 2 | F79: 1 | G79: 2 | H79: 3 | I79: 212.3 | K79: Cover | L79: 60 | N79: 65 | P79: 77 | Q79: 62 | R79: 69 | S79: 62 | T79: 83 | U79: 64 | W79: 79 | Y79: 62 | AA79: =AVERAGE(P79:U79) -> 69.5 | AB79: =AVERAGE(AVERAGE(L79:M79),AVERAGE(N79:O79),AVERAGE(P79:U79),AVERAGE(U79:V79),AVERAGE(W79:X79),AVERAGE(Y79:Z79)) -> 66.583333 | AC79: =STDEV(AVERAGE(L79:M79),AVERAGE(N79:O79),AVERAGE(P79:U79),AVERAGE(U79:V79),AVERAGE(W79:X79),AVERAGE(Y79:Z79))/SQRT(6) -> 2.8059956
B80: =B78-1 -> 401 | C80: NSH | D80: 7 | E80: 2 | F80: 1 | G80: 2 | H80: 3 | I80: 212.3 | K80: Height | L80: 61 | N80: 66 | P80: 58 | Q80: 65 | R80: 60 | S80: 72 | T80: 64 | U80: 66 | W80: 71 | Y80: 74 | AA80: =AVERAGE(P80:U80) -> 64.166667 | AB80: =AVERAGE(AVERAGE(L80:M80),AVERAGE(N80:O80),AVERAGE(P80:U80),AVERAGE(U80:V80),AVERAGE(W80:X80),AVERAGE(Y80:Z80)) -> 67.027778 | AC80: =STDEV(AVERAGE(L80:M80),AVERAGE(N80:O80),AVERAGE(P80:U80),AVERAGE(U80:V80),AVERAGE(W80:X80),AVERAGE(Y80:Z80))/SQRT(6) -> 1.923739

Sheet HgtDOY217
A1: FISE2003 Plant Cover and Heights
X2: Date: | Y2: 37838
B3: Comments:
X4: By: | Y4: SR and COB
AT5: Legend
B6: Plot | C6: Acron | D6: Trt. | E6: Irrig. | F6: Pop. | G6: N | H6: Block | I6: Exotech Code | J6: Time | K6: Meas. | L6: Row 3 | N6: Row 4 | P6: Row 5 (Picture Row) | U6: Row 6 | W6: Row 7 | Y6: Row 8 | AA6: PictureRow Mean | AB6: Plot Mean | AC6: Plot SE | AT6: Irrigation
J7: Position ⇒ | L7: 25 cm | M7: 75 cm | N7: 25 cm | O7: 75 cm | P7: 0 cm | Q7: 25 cm | R7: 50 cm | S7: 75 cm | T7: 100 cm | U7: 25 cm | V7: 75 cm | W7: 25 cm | X7: 75 cm | Y7: 25 cm | Z7: 75 cm | AT7: Code | AU7: Schedule | AV7: notes
B8: Plot | C8: Acron | D8: Trt | E8: Irr | F8: Pop | G8: Nit | H8: Block | I8: ExotechCode | J8: Time | K8: Meas | L8: 3.25 | M8: 3.75 | N8: 4.25 | O8: 4.75 | P8: 5.00 | Q8: 5.25 | R8: 5.50 | S8: 5.75 | T8: 5.100 | U8: 6.25 | V8: 6.75 | W8: 7.25 | X8: 7.75 | Y8: 8.25 | Z8: 8.75 | AA8: PicRowMean | AB8: PlotMean | AC8: PlotSE
B9: 108 | C9: FTH | D9: 3 | E9: 1 | F9: 2 | G9: 2 | H9: 2 | I9: 122.2 | K9: Cover | L9: 97 | N9: 100 | P9: 87 | Q9: 91 | R9: 97 | S9: 93 | T9: 91 | U9: 94 | W9: 92 | Y9: 94 | AA9: =AVERAGE(P9:U9) -> 92.166667 | AB9: =AVERAGE(AVERAGE(L9:M9),AVERAGE(N9:O9),AVERAGE(P9:U9),AVERAGE(U9:V9),AVERAGE(W9:X9),AVERAGE(Y9:Z9)) -> 94.861111 | AC9: =STDEV(AVERAGE(L9:M9),AVERAGE(N9:O9),AVERAGE(P9:U9),AVERAGE(U9:V9),AVERAGE(W9:X9),AVERAGE(Y9:Z9))/SQRT(6) -> 1.2637515 | AT9: 1 | AU9: FAO
B10: 108 | C10: FTH | D10: 3 | E10: 1 | F10: 2 | G10: 2 | H10: 2 | I10: 122.2 | K10: Height | L10: 103 | N10: 94 | P10: 89 | Q10: 82 | R10: 102 | S10: 90 | T10: 87 | U10: 97.5 | W10: 103 | Y10: 99.6 | AA10: =AVERAGE(P10:U10) -> 91.25 | AB10: =AVERAGE(AVERAGE(L10:M10),AVERAGE(N10:O10),AVERAGE(P10:U10),AVERAGE(U10:V10),AVERAGE(W10:X10),AVERAGE(Y10:Z10)) -> 98.058333 | AC10: =STDEV(AVERAGE(L10:M10),AVERAGE(N10:O10),AVERAGE(P10:U10),AVERAGE(U10:V10),AVERAGE(W10:X10),AVERAGE(Y10:Z10))/SQRT(6) -> 1.9523668 | AT10: 2 | AU10: NDVI
B11: =B9-1 -> 107 | C11: NTL | D11: 10 | E11: 2 | F11: 2 | G11: 1 | H11: 2 | I11: 221.2 | K11: Cover | L11: 74 | N11: 96 | P11: 86 | Q11: 79 | R11: 87 | S11: 98 | T11: 82 | U11: 100 | W11: 88 | Y11: 94 | AA11: =AVERAGE(P11:U11) -> 88.666667 | AB11: =AVERAGE(AVERAGE(L11:M11),AVERAGE(N11:O11),AVERAGE(P11:U11),AVERAGE(U11:V11),AVERAGE(W11:X11),AVERAGE(Y11:Z11)) -> 90.111111 | AC11: =STDEV(AVERAGE(L11:M11),AVERAGE(N11:O11),AVERAGE(P11:U11),AVERAGE(U11:V11),AVERAGE(W11:X11),AVERAGE(Y11:Z11))/SQRT(6) -> 3.7135055 | AT11: 3 | AU11: None>1Jun | AV11: ad hoc
B12: =B10-1 -> 107 | C12: NTL | D12: 10 | E12: 2 | F12: 2 | G12: 1 | H12: 2 | I12: 221.2 | K12: Height | L12: 97 | N12: 111 | P12: 87 | Q12: 86 | R12: 94 | S12: 93 | T12: 99 | U12: 96 | W12: 110 | Y12: 105 | AA12: =AVERAGE(P12:U12) -> 92.5 | AB12: =AVERAGE(AVERAGE(L12:M12),AVERAGE(N12:O12),AVERAGE(P12:U12),AVERAGE(U12:V12),AVERAGE(W12:X12),AVERAGE(Y12:Z12)) -> 101.91667 | AC12: =STDEV(AVERAGE(L12:M12),AVERAGE(N12:O12),AVERAGE(P12:U12),AVERAGE(U12:V12),AVERAGE(W12:X12),AVERAGE(Y12:Z12))/SQRT(6) -> 3.1896099 | AT12: 4 | AU12: None>15Jul | AV12: ad hoc
B13: =B11-1 -> 106 | C13: NTH | D13: 9 | E13: 2 | F13: 2 | G13: 2 | H13: 2 | I13: 222.2 | K13: Cover | L13: 102 | N13: 100 | P13: 104 | Q13: 113 | R13: 96 | S13: 84 | T13: 100 | U13: 94 | W13: 108 | Y13: 97 | AA13: =AVERAGE(P13:U13) -> 98.5 | AB13: =AVERAGE(AVERAGE(L13:M13),AVERAGE(N13:O13),AVERAGE(P13:U13),AVERAGE(U13:V13),AVERAGE(W13:X13),AVERAGE(Y13:Z13)) -> 99.916667 | AC13: =STDEV(AVERAGE(L13:M13),AVERAGE(N13:O13),AVERAGE(P13:U13),AVERAGE(U13:V13),AVERAGE(W13:X13),AVERAGE(Y13:Z13))/SQRT(6) -> 1.9596627 | AT13: 8 | AU13: Dry Soil | AV13: never
B14: =B12-1 -> 106 | C14: NTH | D14: 9 | E14: 2 | F14: 2 | G14: 2 | H14: 2 | I14: 222.2 | K14: Height | L14: 116 | N14: 112 | P14: 107 | Q14: 110 | R14: 112 | S14: 113 | T14: 108 | U14: 103 | W14: 108 | Y14: 104 | AA14: =AVERAGE(P14:U14) -> 108.83333 | AB14: =AVERAGE(AVERAGE(L14:M14),AVERAGE(N14:O14),AVERAGE(P14:U14),AVERAGE(U14:V14),AVERAGE(W14:X14),AVERAGE(Y14:Z14)) -> 108.63889 | AC14: =STDEV(AVERAGE(L14:M14),AVERAGE(N14:O14),AVERAGE(P14:U14),AVERAGE(U14:V14),AVERAGE(W14:X14),AVERAGE(Y14:Z14))/SQRT(6) -> 1.9937015 | AT14: 9 | AU14: Wet Soil | AV14: often
B15: =B13-1 -> 105 | C15: NDL | D15: 12 | E15: 2 | F15: 3 | G15: 1 | H15: 2 | I15: 231.2 | K15: Cover | L15: 99 | N15: 98 | P15: 98 | Q15: 106 | R15: 100 | S15: 100 | T15: 102 | U15: 102 | W15: 96 | Y15: 96 | AA15: =AVERAGE(P15:U15) -> 101.33333 | AB15: =AVERAGE(AVERAGE(L15:M15),AVERAGE(N15:O15),AVERAGE(P15:U15),AVERAGE(U15:V15),AVERAGE(W15:X15),AVERAGE(Y15:Z15)) -> 98.722222 | AC15: =STDEV(AVERAGE(L15:M15),AVERAGE(N15:O15),AVERAGE(P15:U15),AVERAGE(U15:V15),AVERAGE(W15:X15),AVERAGE(Y15:Z15))/SQRT(6) -> 1.0485145
B16: =B14-1 -> 105 | C16: NDL | D16: 12 | E16: 2 | F16: 3 | G16: 1 | H16: 2 | I16: 231.2 | K16: Height | L16: 93 | N16: 100 | P16: 94 | Q16: 78 | R16: 84 | S16: 89 | T16: 83 | U16: 98 | W16: 79 | Y16: 86 | AA16: =AVERAGE(P16:U16) -> 87.666667 | AB16: =AVERAGE(AVERAGE(L16:M16),AVERAGE(N16:O16),AVERAGE(P16:U16),AVERAGE(U16:V16),AVERAGE(W16:X16),AVERAGE(Y16:Z16)) -> 90.611111 | AC16: =STDEV(AVERAGE(L16:M16),AVERAGE(N16:O16),AVERAGE(P16:U16),AVERAGE(U16:V16),AVERAGE(W16:X16),AVERAGE(Y16:Z16))/SQRT(6) -> 3.231118 | AT16: Population
B17: =B15-1 -> 104 | C17: NTL | D17: 10 | E17: 2 | F17: 2 | G17: 1 | H17: 1 | I17: 221.1 | K17: Cover | L17: 87 | N17: 105 | P17: 99 | Q17: 101 | R17: 101 | S17: 97 | T17: 93 | U17: 86 | W17: 96 | Y17: 97 | AA17: =AVERAGE(P17:U17) -> 96.166667 | AB17: =AVERAGE(AVERAGE(L17:M17),AVERAGE(N17:O17),AVERAGE(P17:U17),AVERAGE(U17:V17),AVERAGE(W17:X17),AVERAGE(Y17:Z17)) -> 94.527778 | AC17: =STDEV(AVERAGE(L17:M17),AVERAGE(N17:O17),AVERAGE(P17:U17),AVERAGE(U17:V17),AVERAGE(W17:X17),AVERAGE(Y17:Z17))/SQRT(6) -> 2.886885 | AT17: Code | AU17: no./meter | AV17: lines/bed
B18: =B16-1 -> 104 | C18: NTL | D18: 10 | E18: 2 | F18: 2 | G18: 1 | H18: 1 | I18: 221.1 | K18: Height | L18: 96 | N18: 84 | P18: 90 | Q18: 98 | R18: 105 | S18: 84 | T18: 93 | U18: 98 | W18: 112 | Y18: 100 | AA18: =AVERAGE(P18:U18) -> 94.666667 | AB18: =AVERAGE(AVERAGE(L18:M18),AVERAGE(N18:O18),AVERAGE(P18:U18),AVERAGE(U18:V18),AVERAGE(W18:X18),AVERAGE(Y18:Z18)) -> 97.444444 | AC18: =STDEV(AVERAGE(L18:M18),AVERAGE(N18:O18),AVERAGE(P18:U18),AVERAGE(U18:V18),AVERAGE(W18:X18),AVERAGE(Y18:Z18))/SQRT(6) -> 3.6935045 | AT18: 0 | AU18: 0 | AV18: na
B19: =B17-1 -> 103 | C19: FDH | D19: 5 | E19: 1 | F19: 3 | G19: 2 | H19: 1 | I19: 132.1 | K19: Cover | L19: 107 | N19: 94 | P19: 105 | Q19: 107 | R19: 98 | S19: 94 | T19: 96 | U19: 102 | W19: 91 | Y19: 100 | AA19: =AVERAGE(P19:U19) -> 100.33333 | AB19: =AVERAGE(AVERAGE(L19:M19),AVERAGE(N19:O19),AVERAGE(P19:U19),AVERAGE(U19:V19),AVERAGE(W19:X19),AVERAGE(Y19:Z19)) -> 99.055556 | AC19: =STDEV(AVERAGE(L19:M19),AVERAGE(N19:O19),AVERAGE(P19:U19),AVERAGE(U19:V19),AVERAGE(W19:X19),AVERAGE(Y19:Z19))/SQRT(6) -> 2.3434964 | AT19: 1 | AU19: 5 | AV19: Single
B20: =B18-1 -> 103 | C20: FDH | D20: 5 | E20: 1 | F20: 3 | G20: 2 | H20: 1 | I20: 132.1 | K20: Height | L20: 89 | N20: 106 | P20: 94 | Q20: 92 | R20: 94 | S20: 98 | T20: 83 | U20: 91 | W20: 80 | Y20: 85 | AA20: =AVERAGE(P20:U20) -> 92 | AB20: =AVERAGE(AVERAGE(L20:M20),AVERAGE(N20:O20),AVERAGE(P20:U20),AVERAGE(U20:V20),AVERAGE(W20:X20),AVERAGE(Y20:Z20)) -> 90.5 | AC20: =STDEV(AVERAGE(L20:M20),AVERAGE(N20:O20),AVERAGE(P20:U20),AVERAGE(U20:V20),AVERAGE(W20:X20),AVERAGE(Y20:Z20))/SQRT(6) -> 3.5846897 | AT20: 2 | AU20: 10 | AV20: Single
B21: =B19-1 -> 102 | C21: FTL | D21: 4 | E21: 1 | F21: 2 | G21: 1 | H21: 1 | I21: 121.1 | K21: Cover | L21: 84 | N21: 87 | P21: 73 | Q21: 80 | R21: 83 | S21: 92 | T21: 85 | U21: 79 | W21: 85 | Y21: 105 | AA21: =AVERAGE(P21:U21) -> 82 | AB21: =AVERAGE(AVERAGE(L21:M21),AVERAGE(N21:O21),AVERAGE(P21:U21),AVERAGE(U21:V21),AVERAGE(W21:X21),AVERAGE(Y21:Z21)) -> 87 | AC21: =STDEV(AVERAGE(L21:M21),AVERAGE(N21:O21),AVERAGE(P21:U21),AVERAGE(U21:V21),AVERAGE(W21:X21),AVERAGE(Y21:Z21))/SQRT(6) -> 3.7682887 | AT21: 3 | AU21: 20 | AV21: Double
B22: =B20-1 -> 102 | C22: FTL | D22: 4 | E22: 1 | F22: 2 | G22: 1 | H22: 1 | I22: 121.1 | K22: Height | L22: 90 | N22: 87 | P22: 91 | Q22: 80 | R22: 82 | S22: 92 | T22: 88 | U22: 90 | W22: 102 | Y22: 91 | AA22: =AVERAGE(P22:U22) -> 87.166667 | AB22: =AVERAGE(AVERAGE(L22:M22),AVERAGE(N22:O22),AVERAGE(P22:U22),AVERAGE(U22:V22),AVERAGE(W22:X22),AVERAGE(Y22:Z22)) -> 91.194444 | AC22: =STDEV(AVERAGE(L22:M22),AVERAGE(N22:O22),AVERAGE(P22:U22),AVERAGE(U22:V22),AVERAGE(W22:X22),AVERAGE(Y22:Z22))/SQRT(6) -> 2.2617662
B23: =B21-1 -> 101 | C23: FSH | D23: 1 | E23: 1 | F23: 1 | G23: 2 | H23: 1 | I23: 112.1 | K23: Cover | L23: 83 | N23: 93 | P23: 82 | Q23: 95 | R23: 99 | S23: 92 | T23: 95 | U23: 86 | W23: 83 | Y23: 95 | AA23: =AVERAGE(P23:U23) -> 91.5 | AB23: =AVERAGE(AVERAGE(L23:M23),AVERAGE(N23:O23),AVERAGE(P23:U23),AVERAGE(U23:V23),AVERAGE(W23:X23),AVERAGE(Y23:Z23)) -> 88.583333 | AC23: =STDEV(AVERAGE(L23:M23),AVERAGE(N23:O23),AVERAGE(P23:U23),AVERAGE(U23:V23),AVERAGE(W23:X23),AVERAGE(Y23:Z23))/SQRT(6) -> 2.1463794 | AT23: Nitrogen
B24: =B22-1 -> 101 | C24: FSH | D24: 1 | E24: 1 | F24: 1 | G24: 2 | H24: 1 | I24: 112.1 | K24: Height | L24: 96 | N24: 104 | P24: 91 | Q24: 86 | R24: 88 | S24: 90 | T24: 91 | U24: 92 | W24: 87 | Y24: 76 | AA24: =AVERAGE(P24:U24) -> 89.666667 | AB24: =AVERAGE(AVERAGE(L24:M24),AVERAGE(N24:O24),AVERAGE(P24:U24),AVERAGE(U24:V24),AVERAGE(W24:X24),AVERAGE(Y24:Z24)) -> 90.777778 | AC24: =STDEV(AVERAGE(L24:M24),AVERAGE(N24:O24),AVERAGE(P24:U24),AVERAGE(U24:V24),AVERAGE(W24:X24),AVERAGE(Y24:Z24))/SQRT(6) -> 3.8187323 | AT24: Code | AU24: Descript | AV24: kg N/ha
B25: =B23+100 -> 201 | C25: NDL | D25: 12 | E25: 2 | F25: 3 | G25: 1 | H25: 1 | I25: 231.1 | K25: Cover | L25: 103 | N25: 110 | P25: 105 | Q25: 108 | R25: 99 | S25: 102 | T25: 99 | U25: 101 | W25: 91 | Y25: 98 | AA25: =AVERAGE(P25:U25) -> 102.33333 | AB25: =AVERAGE(AVERAGE(L25:M25),AVERAGE(N25:O25),AVERAGE(P25:U25),AVERAGE(U25:V25),AVERAGE(W25:X25),AVERAGE(Y25:Z25)) -> 100.88889 | AC25: =STDEV(AVERAGE(L25:M25),AVERAGE(N25:O25),AVERAGE(P25:U25),AVERAGE(U25:V25),AVERAGE(W25:X25),AVERAGE(Y25:Z25))/SQRT(6) -> 2.5541059 | AT25: 1 | AU25: Low | AV25: 0
B26: =B24+100 -> 201 | C26: NDL | D26: 12 | E26: 2 | F26: 3 | G26: 1 | H26: 1 | I26: 231.1 | K26: Height | L26: 93 | N26: 96 | P26: 94 | Q26: 79 | R26: 91 | S26: 83 | T26: 79 | U26: 80 | W26: 92 | Y26: 94 | AA26: =AVERAGE(P26:U26) -> 84.333333 | AB26: =AVERAGE(AVERAGE(L26:M26),AVERAGE(N26:O26),AVERAGE(P26:U26),AVERAGE(U26:V26),AVERAGE(W26:X26),AVERAGE(Y26:Z26)) -> 89.888889 | AC26: =STDEV(AVERAGE(L26:M26),AVERAGE(N26:O26),AVERAGE(P26:U26),AVERAGE(U26:V26),AVERAGE(W26:X26),AVERAGE(Y26:Z26))/SQRT(6) -> 2.5627917 | AT26: 2 | AU26: High | AV26: 150
B27: =B25+1 -> 202 | C27: NTH | D27: 9 | E27: 2 | F27: 2 | G27: 2 | H27: 1 | I27: 222.1 | K27: Cover | L27: 106 | N27: 93 | P27: 101 | Q27: 91 | R27: 93 | S27: 84 | T27: 106 | U27: 78 | W27: 92 | Y27: 94 | AA27: =AVERAGE(P27:U27) -> 92.166667 | AB27: =AVERAGE(AVERAGE(L27:M27),AVERAGE(N27:O27),AVERAGE(P27:U27),AVERAGE(U27:V27),AVERAGE(W27:X27),AVERAGE(Y27:Z27)) -> 92.527778 | AC27: =STDEV(AVERAGE(L27:M27),AVERAGE(N27:O27),AVERAGE(P27:U27),AVERAGE(U27:V27),AVERAGE(W27:X27),AVERAGE(Y27:Z27))/SQRT(6) -> 3.6302272
B28: =B26+1 -> 202 | C28: NTH | D28: 9 | E28: 2 | F28: 2 | G28: 2 | H28: 1 | I28: 222.1 | K28: Height | L28: 98 | N28: 102 | P28: 81 | Q28: 84 | R28: 80 | S28: 77 | T28: 94 | U28: 85 | W28: 93 | Y28: 103 | AA28: =AVERAGE(P28:U28) -> 83.5 | AB28: =AVERAGE(AVERAGE(L28:M28),AVERAGE(N28:O28),AVERAGE(P28:U28),AVERAGE(U28:V28),AVERAGE(W28:X28),AVERAGE(Y28:Z28)) -> 94.083333 | AC28: =STDEV(AVERAGE(L28:M28),AVERAGE(N28:O28),AVERAGE(P28:U28),AVERAGE(U28:V28),AVERAGE(W28:X28),AVERAGE(Y28:Z28))/SQRT(6) -> 3.4312696
B29: =B27+1 -> 203 | C29: FTH | D29: 3 | E29: 1 | F29: 2 | G29: 2 | H29: 1 | I29: 122.1 | K29: Cover | L29: 87 | N29: 92 | P29: 106 | Q29: 95 | R29: 95 | S29: 90 | T29: 97 | U29: 94 | W29: 87 | Y29: 95 | AA29: =AVERAGE(P29:U29) -> 96.166667 | AB29: =AVERAGE(AVERAGE(L29:M29),AVERAGE(N29:O29),AVERAGE(P29:U29),AVERAGE(U29:V29),AVERAGE(W29:X29),AVERAGE(Y29:Z29)) -> 91.861111 | AC29: =STDEV(AVERAGE(L29:M29),AVERAGE(N29:O29),AVERAGE(P29:U29),AVERAGE(U29:V29),AVERAGE(W29:X29),AVERAGE(Y29:Z29))/SQRT(6) -> 1.6354955
B30: =B28+1 -> 203 | C30: FTH | D30: 3 | E30: 1 | F30: 2 | G30: 2 | H30: 1 | I30: 122.1 | K30: Height | L30: 88 | N30: 101 | P30: 93 | Q30: 97 | R30: 96 | S30: 100 | T30: 93 | U30: 103 | W30: 96 | Y30: 99 | AA30: =AVERAGE(P30:U30) -> 97 | AB30: =AVERAGE(AVERAGE(L30:M30),AVERAGE(N30:O30),AVERAGE(P30:U30),AVERAGE(U30:V30),AVERAGE(W30:X30),AVERAGE(Y30:Z30)) -> 97.333333 | AC30: =STDEV(AVERAGE(L30:M30),AVERAGE(N30:O30),AVERAGE(P30:U30),AVERAGE(U30:V30),AVERAGE(W30:X30),AVERAGE(Y30:Z30))/SQRT(6) -> 2.1395742
B31: =B29+1 -> 204 | C31: NDH | D31: 11 | E31: 2 | F31: 3 | G31: 2 | H31: 1 | I31: 232.1 | K31: Cover | L31: 107 | N31: 108 | P31: 110 | Q31: 101 | R31: 105 | S31: 101 | T31: 101 | U31: 103 | W31: 101 | Y31: 107 | AA31: =AVERAGE(P31:U31) -> 103.5 | AB31: =AVERAGE(AVERAGE(L31:M31),AVERAGE(N31:O31),AVERAGE(P31:U31),AVERAGE(U31:V31),AVERAGE(W31:X31),AVERAGE(Y31:Z31)) -> 104.91667 | AC31: =STDEV(AVERAGE(L31:M31),AVERAGE(N31:O31),AVERAGE(P31:U31),AVERAGE(U31:V31),AVERAGE(W31:X31),AVERAGE(Y31:Z31))/SQRT(6) -> 1.1432167
B32: =B30+1 -> 204 | C32: NDH | D32: 11 | E32: 2 | F32: 3 | G32: 2 | H32: 1 | I32: 232.1 | K32: Height | L32: 118 | N32: 104 | P32: 109 | Q32: 102 | R32: 103 | S32: 98 | T32: 97 | U32: 108 | W32: 102 | Y32: 105 | AA32: =AVERAGE(P32:U32) -> 102.83333 | AB32: =AVERAGE(AVERAGE(L32:M32),AVERAGE(N32:O32),AVERAGE(P32:U32),AVERAGE(U32:V32),AVERAGE(W32:X32),AVERAGE(Y32:Z32)) -> 106.63889 | AC32: =STDEV(AVERAGE(L32:M32),AVERAGE(N32:O32),AVERAGE(P32:U32),AVERAGE(U32:V32),AVERAGE(W32:X32),AVERAGE(Y32:Z32))/SQRT(6) -> 2.4260991
B33: =B31+1 -> 205 | C33: FSH | D33: 1 | E33: 1 | F33: 1 | G33: 2 | H33: 2 | I33: 112.2 | K33: Cover | L33: 92 | N33: 101 | P33: 103 | Q33: 110 | R33: 99 | S33: 101 | T33: 89 | U33: 93 | W33: 90 | Y33: 105 | AA33: =AVERAGE(P33:U33) -> 99.166667 | AB33: =AVERAGE(AVERAGE(L33:M33),AVERAGE(N33:O33),AVERAGE(P33:U33),AVERAGE(U33:V33),AVERAGE(W33:X33),AVERAGE(Y33:Z33)) -> 96.694444 | AC33: =STDEV(AVERAGE(L33:M33),AVERAGE(N33:O33),AVERAGE(P33:U33),AVERAGE(U33:V33),AVERAGE(W33:X33),AVERAGE(Y33:Z33))/SQRT(6) -> 2.4092479
B34: =B32+1 -> 205 | C34: FSH | D34: 1 | E34: 1 | F34: 1 | G34: 2 | H34: 2 | I34: 112.2 | K34: Height | L34: 100 | N34: 113 | P34: 107 | Q34: 104 | R34: 102 | S34: 95 | T34: 108 | U34: 96 | W34: 101 | Y34: 100 | AA34: =AVERAGE(P34:U34) -> 102 | AB34: =AVERAGE(AVERAGE(L34:M34),AVERAGE(N34:O34),AVERAGE(P34:U34),AVERAGE(U34:V34),AVERAGE(W34:X34),AVERAGE(Y34:Z34)) -> 102 | AC34: =STDEV(AVERAGE(L34:M34),AVERAGE(N34:O34),AVERAGE(P34:U34),AVERAGE(U34:V34),AVERAGE(W34:X34),AVERAGE(Y34:Z34))/SQRT(6) -> 2.3523038
B35: =B33+1 -> 206 | C35: NSL | D35: 8 | E35: 2 | F35: 1 | G35: 1 | H35: 2 | I35: 211.2 | K35: Cover | L35: 91 | N35: 77 | P35: 82 | Q35: 97 | R35: 74 | U35: 95 | W35: 87 | Y35: 85 | AA35: =AVERAGE(P35:U35) -> 87 | AB35: =AVERAGE(AVERAGE(L35:M35),AVERAGE(N35:O35),AVERAGE(P35:U35),AVERAGE(U35:V35),AVERAGE(W35:X35),AVERAGE(Y35:Z35)) -> 87 | AC35: =STDEV(AVERAGE(L35:M35),AVERAGE(N35:O35),AVERAGE(P35:U35),AVERAGE(U35:V35),AVERAGE(W35:X35),AVERAGE(Y35:Z35))/SQRT(6) -> 2.4765567
B36: =B34+1 -> 206 | C36: NSL | D36: 8 | E36: 2 | F36: 1 | G36: 1 | H36: 2 | I36: 211.2 | K36: Height | L36: 103 | N36: 83 | P36: 79 | Q36: 73 | R36: 80 | U36: 91 | W36: 88 | Y36: 92 | AA36: =AVERAGE(P36:U36) -> 80.75 | AB36: =AVERAGE(AVERAGE(L36:M36),AVERAGE(N36:O36),AVERAGE(P36:U36),AVERAGE(U36:V36),AVERAGE(W36:X36),AVERAGE(Y36:Z36)) -> 89.625 | AC36: =STDEV(AVERAGE(L36:M36),AVERAGE(N36:O36),AVERAGE(P36:U36),AVERAGE(U36:V36),AVERAGE(W36:X36),AVERAGE(Y36:Z36))/SQRT(6) -> 3.2234492
B37: =B35+1 -> 207 | C37: FTL | D37: 4 | E37: 1 | F37: 2 | G37: 1 | H37: 2 | I37: 121.2 | K37: Cover | L37: 96 | N37: 89 | P37: 93 | Q37: 98 | R37: 93 | S37: 82 | T37: 98 | U37: 103 | W37: 88 | Y37: 97 | AA37: =AVERAGE(P37:U37) -> 94.5 | AB37: =AVERAGE(AVERAGE(L37:M37),AVERAGE(N37:O37),AVERAGE(P37:U37),AVERAGE(U37:V37),AVERAGE(W37:X37),AVERAGE(Y37:Z37)) -> 94.583333 | AC37: =STDEV(AVERAGE(L37:M37),AVERAGE(N37:O37),AVERAGE(P37:U37),AVERAGE(U37:V37),AVERAGE(W37:X37),AVERAGE(Y37:Z37))/SQRT(6) -> 2.259855
B38: =B36+1 -> 207 | C38: FTL | D38: 4 | E38: 1 | F38: 2 | G38: 1 | H38: 2 | I38: 121.2 | K38: Height | L38: 90 | N38: 105 | P38: 89 | Q38: 99 | R38: 90 | S38: 88 | T38: 86 | U38: 96 | W38: 102 | Y38: 104 | AA38: =AVERAGE(P38:U38) -> 91.333333 | AB38: =AVERAGE(AVERAGE(L38:M38),AVERAGE(N38:O38),AVERAGE(P38:U38),AVERAGE(U38:V38),AVERAGE(W38:X38),AVERAGE(Y38:Z38)) -> 98.055556 | AC38: =STDEV(AVERAGE(L38:M38),AVERAGE(N38:O38),AVERAGE(P38:U38),AVERAGE(U38:V38),AVERAGE(W38:X38),AVERAGE(Y38:Z38))/SQRT(6) -> 2.6672453
B39: =B37+1 -> 208 | C39: FSL | D39: 2 | E39: 1 | F39: 1 | G39: 1 | H39: 2 | I39: 111.2 | K39: Cover | L39: 89 | N39: 97 | P39: 87 | Q39: 86 | R39: 78 | S39: 66 | T39: 75 | U39: 89 | W39: 96 | Y39: 92 | AA39: =AVERAGE(P39:U39) -> 80.166667 | AB39: =AVERAGE(AVERAGE(L39:M39),AVERAGE(N39:O39),AVERAGE(P39:U39),AVERAGE(U39:V39),AVERAGE(W39:X39),AVERAGE(Y39:Z39)) -> 90.527778 | AC39: =STDEV(AVERAGE(L39:M39),AVERAGE(N39:O39),AVERAGE(P39:U39),AVERAGE(U39:V39),AVERAGE(W39:X39),AVERAGE(Y39:Z39))/SQRT(6) -> 2.4901349
B40: =B38+1 -> 208 | C40: FSL | D40: 2 | E40: 1 | F40: 1 | G40: 1 | H40: 2 | I40: 111.2 | K40: Height | L40: 91 | N40: 86 | P40: 82 | Q40: 84 | R40: 87 | S40: 72 | T40: 96 | U40: 83 | W40: 89 | Y40: 96 | AA40: =AVERAGE(P40:U40) -> 84 | AB40: =AVERAGE(AVERAGE(L40:M40),AVERAGE(N40:O40),AVERAGE(P40:U40),AVERAGE(U40:V40),AVERAGE(W40:X40),AVERAGE(Y40:Z40)) -> 88.166667 | AC40: =STDEV(AVERAGE(L40:M40),AVERAGE(N40:O40),AVERAGE(P40:U40),AVERAGE(U40:V40),AVERAGE(W40:X40),AVERAGE(Y40:Z40))/SQRT(6) -> 1.990254
B41: =B39+700 -> 908 | C41: Early | D41: 21 | E41: 3 | F41: 2 | G41: 2 | H41: 2 | I41: 322.2 | K41: Cover | L41: 65 | N41: 71 | P41: 63 | Q41: 56 | R41: 64 | S41: 60 | T41: 50 | U41: 63 | W41: 55 | Y41: 71 | AA41: =AVERAGE(P41:U41) -> 59.333333 | AB41: =AVERAGE(AVERAGE(L41:M41),AVERAGE(N41:O41),AVERAGE(P41:U41),AVERAGE(U41:V41),AVERAGE(W41:X41),AVERAGE(Y41:Z41)) -> 64.055556 | AC41: =STDEV(AVERAGE(L41:M41),AVERAGE(N41:O41),AVERAGE(P41:U41),AVERAGE(U41:V41),AVERAGE(W41:X41),AVERAGE(Y41:Z41))/SQRT(6) -> 2.5997388
B42: =B40+700 -> 908 | C42: Early | D42: 21 | E42: 3 | F42: 2 | G42: 2 | H42: 2 | I42: 322.2 | K42: Height | L42: 80 | N42: 72 | P42: 66 | Q42: 72 | R42: 65 | S42: 72 | T42: 55 | U42: 75 | W42: 78 | Y42: 75 | AA42: =AVERAGE(P42:U42) -> 67.5 | AB42: =AVERAGE(AVERAGE(L42:M42),AVERAGE(N42:O42),AVERAGE(P42:U42),AVERAGE(U42:V42),AVERAGE(W42:X42),AVERAGE(Y42:Z42)) -> 74.583333 | AC42: =STDEV(AVERAGE(L42:M42),AVERAGE(N42:O42),AVERAGE(P42:U42),AVERAGE(U42:V42),AVERAGE(W42:X42),AVERAGE(Y42:Z42))/SQRT(6) -> 1.8093123
B43: 906 | C43: Late | D43: 22 | E43: 4 | F43: 2 | G43: 2 | H43: 2 | I43: 422.2 | K43: Cover | L43: 77 | N43: 85 | P43: 68 | Q43: 81 | R43: 67 | S43: 82 | T43: 73 | U43: 87 | W43: 73 | Y43: 89 | AA43: =AVERAGE(P43:U43) -> 76.333333 | AB43: =AVERAGE(AVERAGE(L43:M43),AVERAGE(N43:O43),AVERAGE(P43:U43),AVERAGE(U43:V43),AVERAGE(W43:X43),AVERAGE(Y43:Z43)) -> 81.222222 | AC43: =STDEV(AVERAGE(L43:M43),AVERAGE(N43:O43),AVERAGE(P43:U43),AVERAGE(U43:V43),AVERAGE(W43:X43),AVERAGE(Y43:Z43))/SQRT(6) -> 2.6924678
B44: 906 | C44: Late | D44: 22 | E44: 4 | F44: 2 | G44: 2 | H44: 2 | I44: 422.2 | K44: Height | L44: 95 | N44: 101 | P44: 83 | Q44: 83 | R44: 87 | S44: 94 | T44: 84 | U44: 91 | W44: 76 | Y44: 92 | AA44: =AVERAGE(P44:U44) -> 87 | AB44: =AVERAGE(AVERAGE(L44:M44),AVERAGE(N44:O44),AVERAGE(P44:U44),AVERAGE(U44:V44),AVERAGE(W44:X44),AVERAGE(Y44:Z44)) -> 90.333333 | AC44: =STDEV(AVERAGE(L44:M44),AVERAGE(N44:O44),AVERAGE(P44:U44),AVERAGE(U44:V44),AVERAGE(W44:X44),AVERAGE(Y44:Z44))/SQRT(6) -> 3.4415759
B45: 904 | C45: Early | D45: 21 | E45: 3 | F45: 2 | G45: 2 | H45: 1 | I45: 322.1 | K45: Cover | L45: 58 | N45: 56 | P45: 45 | Q45: 51 | R45: 56 | S45: 62 | T45: 63 | U45: 66 | W45: 71 | Y45: 51 | AA45: =AVERAGE(P45:U45) -> 57.166667 | AB45: =AVERAGE(AVERAGE(L45:M45),AVERAGE(N45:O45),AVERAGE(P45:U45),AVERAGE(U45:V45),AVERAGE(W45:X45),AVERAGE(Y45:Z45)) -> 59.861111 | AC45: =STDEV(AVERAGE(L45:M45),AVERAGE(N45:O45),AVERAGE(P45:U45),AVERAGE(U45:V45),AVERAGE(W45:X45),AVERAGE(Y45:Z45))/SQRT(6) -> 2.9772025
B46: 904 | C46: Early | D46: 21 | E46: 3 | F46: 2 | G46: 2 | H46: 1 | I46: 322.1 | K46: Height | L46: 75 | N46: 73 | P46: 66 | Q46: 63 | R46: 47 | S46: 54 | T46: 59 | U46: 71 | W46: 70 | Y46: 58 | AA46: =AVERAGE(P46:U46) -> 60 | AB46: =AVERAGE(AVERAGE(L46:M46),AVERAGE(N46:O46),AVERAGE(P46:U46),AVERAGE(U46:V46),AVERAGE(W46:X46),AVERAGE(Y46:Z46)) -> 67.833333 | AC46: =STDEV(AVERAGE(L46:M46),AVERAGE(N46:O46),AVERAGE(P46:U46),AVERAGE(U46:V46),AVERAGE(W46:X46),AVERAGE(Y46:Z46))/SQRT(6) -> 2.8915586
B47: 902 | C47: Late | D47: 22 | E47: 4 | F47: 2 | G47: 2 | H47: 1 | I47: 422.1 | K47: Cover | L47: 85 | N47: 68 | P47: 73 | Q47: 64 | R47: 67 | S47: 61 | T47: 63 | U47: 67 | W47: 65 | Y47: 67 | AA47: =AVERAGE(P47:U47) -> 65.833333 | AB47: =AVERAGE(AVERAGE(L47:M47),AVERAGE(N47:O47),AVERAGE(P47:U47),AVERAGE(U47:V47),AVERAGE(W47:X47),AVERAGE(Y47:Z47)) -> 69.638889 | AC47: =STDEV(AVERAGE(L47:M47),AVERAGE(N47:O47),AVERAGE(P47:U47),AVERAGE(U47:V47),AVERAGE(W47:X47),AVERAGE(Y47:Z47))/SQRT(6) -> 3.101498
B48: 902 | C48: Late | D48: 22 | E48: 4 | F48: 2 | G48: 2 | H48: 1 | I48: 422.1 | K48: Height | L48: 82 | N48: 84 | P48: 89 | Q48: 79 | R48: 73 | S48: 77 | T48: 85 | U48: 101 | W48: 70 | Y48: 76 | AA48: =AVERAGE(P48:U48) -> 84 | AB48: =AVERAGE(AVERAGE(L48:M48),AVERAGE(N48:O48),AVERAGE(P48:U48),AVERAGE(U48:V48),AVERAGE(W48:X48),AVERAGE(Y48:Z48)) -> 82.833333 | AC48: =STDEV(AVERAGE(L48:M48),AVERAGE(N48:O48),AVERAGE(P48:U48),AVERAGE(U48:V48),AVERAGE(W48:X48),AVERAGE(Y48:Z48))/SQRT(6) -> 4.2615855
B49: =B47-601 -> 301 | C49: NTL | D49: 10 | E49: 2 | F49: 2 | G49: 1 | H49: 3 | I49: 221.3 | K49: Cover | L49: 81 | N49: 93 | P49: 85 | Q49: 100 | R49: 92 | S49: 88 | T49: 83 | U49: 99 | W49: 96 | Y49: 98 | AA49: =AVERAGE(P49:U49) -> 91.166667 | AB49: =AVERAGE(AVERAGE(L49:M49),AVERAGE(N49:O49),AVERAGE(P49:U49),AVERAGE(U49:V49),AVERAGE(W49:X49),AVERAGE(Y49:Z49)) -> 93.027778 | AC49: =STDEV(AVERAGE(L49:M49),AVERAGE(N49:O49),AVERAGE(P49:U49),AVERAGE(U49:V49),AVERAGE(W49:X49),AVERAGE(Y49:Z49))/SQRT(6) -> 2.6916939 | AT49: 2 | AU49: High | AV49: 150
B50: =B48-601 -> 301 | C50: NTL | D50: 10 | E50: 2 | F50: 2 | G50: 1 | H50: 3 | I50: 221.3 | K50: Height | L50: 104 | N50: 101 | P50: 101 | Q50: 101 | R50: 102 | S50: 90 | T50: 88 | U50: 101 | W50: 99 | Y50: 98 | AA50: =AVERAGE(P50:U50) -> 97.166667 | AB50: =AVERAGE(AVERAGE(L50:M50),AVERAGE(N50:O50),AVERAGE(P50:U50),AVERAGE(U50:V50),AVERAGE(W50:X50),AVERAGE(Y50:Z50)) -> 100.02778 | AC50: =STDEV(AVERAGE(L50:M50),AVERAGE(N50:O50),AVERAGE(P50:U50),AVERAGE(U50:V50),AVERAGE(W50:X50),AVERAGE(Y50:Z50))/SQRT(6) -> 1.0169095
B51: =B49+1 -> 302 | C51: FTL | D51: 4 | E51: 1 | F51: 2 | G51: 1 | H51: 3 | I51: 121.3 | K51: Cover | L51: 88 | N51: 103 | P51: 87 | Q51: 90 | R51: 91 | S51: 80 | T51: 84 | U51: 95 | W51: 86 | Y51: 87 | AA51: =AVERAGE(P51:U51) -> 87.833333 | AB51: =AVERAGE(AVERAGE(L51:M51),AVERAGE(N51:O51),AVERAGE(P51:U51),AVERAGE(U51:V51),AVERAGE(W51:X51),AVERAGE(Y51:Z51)) -> 91.138889 | AC51: =STDEV(AVERAGE(L51:M51),AVERAGE(N51:O51),AVERAGE(P51:U51),AVERAGE(U51:V51),AVERAGE(W51:X51),AVERAGE(Y51:Z51))/SQRT(6) -> 2.7074714
B52: =B50+1 -> 302 | C52: FTL | D52: 4 | E52: 1 | F52: 2 | G52: 1 | H52: 3 | I52: 121.3 | K52: Height | L52: 101 | N52: 96 | P52: 103 | Q52: 95 | R52: 88 | S52: 91 | T52: 103 | U52: 88 | W52: 90 | Y52: 86 | AA52: =AVERAGE(P52:U52) -> 94.666667 | AB52: =AVERAGE(AVERAGE(L52:M52),AVERAGE(N52:O52),AVERAGE(P52:U52),AVERAGE(U52:V52),AVERAGE(W52:X52),AVERAGE(Y52:Z52)) -> 92.611111 | AC52: =STDEV(AVERAGE(L52:M52),AVERAGE(N52:O52),AVERAGE(P52:U52),AVERAGE(U52:V52),AVERAGE(W52:X52),AVERAGE(Y52:Z52))/SQRT(6) -> 2.2939803
B53: =B51+1 -> 303 | C53: NSL | D53: 8 | E53: 2 | F53: 1 | G53: 1 | H53: 3 | I53: 211.3 | K53: Cover | L53: 94 | N53: 95 | P53: 81 | Q53: 82 | R53: 75 | U53: 84 | W53: 111 | Y53: 102 | AA53: =AVERAGE(P53:U53) -> 80.5 | AB53: =AVERAGE(AVERAGE(L53:M53),AVERAGE(N53:O53),AVERAGE(P53:U53),AVERAGE(U53:V53),AVERAGE(W53:X53),AVERAGE(Y53:Z53)) -> 94.416667 | AC53: =STDEV(AVERAGE(L53:M53),AVERAGE(N53:O53),AVERAGE(P53:U53),AVERAGE(U53:V53),AVERAGE(W53:X53),AVERAGE(Y53:Z53))/SQRT(6) -> 4.6014792
B54: =B52+1 -> 303 | C54: NSL | D54: 8 | E54: 2 | F54: 1 | G54: 1 | H54: 3 | I54: 211.3 | K54: Height | L54: 99 | N54: 88 | P54: 102 | Q54: 78 | R54: 84 | U54: 87 | W54: 97 | Y54: 93 | AA54: =AVERAGE(P54:U54) -> 87.75 | AB54: =AVERAGE(AVERAGE(L54:M54),AVERAGE(N54:O54),AVERAGE(P54:U54),AVERAGE(U54:V54),AVERAGE(W54:X54),AVERAGE(Y54:Z54)) -> 91.958333 | AC54: =STDEV(AVERAGE(L54:M54),AVERAGE(N54:O54),AVERAGE(P54:U54),AVERAGE(U54:V54),AVERAGE(W54:X54),AVERAGE(Y54:Z54))/SQRT(6) -> 2.1138597
B55: =B53+1 -> 304 | C55: FSL | D55: 2 | E55: 1 | F55: 1 | G55: 1 | H55: 3 | I55: 111.3 | K55: Cover | L55: 96 | N55: 90 | P55: 88 | Q55: 79 | R55: 94 | S55: 95 | T55: 90 | U55: 97 | W55: 77 | Y55: 85 | AA55: =AVERAGE(P55:U55) -> 90.5 | AB55: =AVERAGE(AVERAGE(L55:M55),AVERAGE(N55:O55),AVERAGE(P55:U55),AVERAGE(U55:V55),AVERAGE(W55:X55),AVERAGE(Y55:Z55)) -> 89.25 | AC55: =STDEV(AVERAGE(L55:M55),AVERAGE(N55:O55),AVERAGE(P55:U55),AVERAGE(U55:V55),AVERAGE(W55:X55),AVERAGE(Y55:Z55))/SQRT(6) -> 3.0324632
B56: =B54+1 -> 304 | C56: FSL | D56: 2 | E56: 1 | F56: 1 | G56: 1 | H56: 3 | I56: 111.3 | K56: Height | L56: 91 | N56: 95 | P56: 96 | Q56: 91 | R56: 98 | S56: 97 | T56: 92 | U56: 88 | W56: 96 | Y56: 101 | AA56: =AVERAGE(P56:U56) -> 93.666667 | AB56: =AVERAGE(AVERAGE(L56:M56),AVERAGE(N56:O56),AVERAGE(P56:U56),AVERAGE(U56:V56),AVERAGE(W56:X56),AVERAGE(Y56:Z56)) -> 94.111111 | AC56: =STDEV(AVERAGE(L56:M56),AVERAGE(N56:O56),AVERAGE(P56:U56),AVERAGE(U56:V56),AVERAGE(W56:X56),AVERAGE(Y56:Z56))/SQRT(6) -> 1.81693
B57: =B55+1 -> 305 | C57: NDH | D57: 11 | E57: 2 | F57: 3 | G57: 2 | H57: 4 | I57: 232.4 | K57: Cover | L57: 103 | N57: 107 | P57: 98 | Q57: 93 | R57: 109 | S57: 103 | T57: 104 | U57: 95 | W57: 104 | Y57: 95 | AA57: =AVERAGE(P57:U57) -> 100.33333 | AB57: =AVERAGE(AVERAGE(L57:M57),AVERAGE(N57:O57),AVERAGE(P57:U57),AVERAGE(U57:V57),AVERAGE(W57:X57),AVERAGE(Y57:Z57)) -> 100.72222 | AC57: =STDEV(AVERAGE(L57:M57),AVERAGE(N57:O57),AVERAGE(P57:U57),AVERAGE(U57:V57),AVERAGE(W57:X57),AVERAGE(Y57:Z57))/SQRT(6) -> 2.0081624
B58: =B56+1 -> 305 | C58: NDH | D58: 11 | E58: 2 | F58: 3 | G58: 2 | H58: 4 | I58: 232.4 | K58: Height | L58: 109 | N58: 108 | P58: 105 | Q58: 105 | R58: 110 | S58: 103 | T58: 92 | U58: 107 | W58: 102 | Y58: 103 | AA58: =AVERAGE(P58:U58) -> 103.66667 | AB58: =AVERAGE(AVERAGE(L58:M58),AVERAGE(N58:O58),AVERAGE(P58:U58),AVERAGE(U58:V58),AVERAGE(W58:X58),AVERAGE(Y58:Z58)) -> 105.44444 | AC58: =STDEV(AVERAGE(L58:M58),AVERAGE(N58:O58),AVERAGE(P58:U58),AVERAGE(U58:V58),AVERAGE(W58:X58),AVERAGE(Y58:Z58))/SQRT(6) -> 1.1915339
B59: =B57+1 -> 306 | C59: FTL | D59: 4 | E59: 1 | F59: 2 | G59: 1 | H59: 4 | I59: 121.4 | K59: Cover | L59: 95 | N59: 81 | P59: 91 | Q59: 78 | R59: 92 | S59: 92 | T59: 88 | U59: 88 | W59: 99 | Y59: 88 | AA59: =AVERAGE(P59:U59) -> 88.166667 | AB59: =AVERAGE(AVERAGE(L59:M59),AVERAGE(N59:O59),AVERAGE(P59:U59),AVERAGE(U59:V59),AVERAGE(W59:X59),AVERAGE(Y59:Z59)) -> 89.861111 | AC59: =STDEV(AVERAGE(L59:M59),AVERAGE(N59:O59),AVERAGE(P59:U59),AVERAGE(U59:V59),AVERAGE(W59:X59),AVERAGE(Y59:Z59))/SQRT(6) -> 2.5706379
B60: =B58+1 -> 306 | C60: FTL | D60: 4 | E60: 1 | F60: 2 | G60: 1 | H60: 4 | I60: 121.4 | K60: Height | L60: 88 | N60: 86 | P60: 79 | Q60: 83 | R60: 90 | S60: 83 | T60: 86 | U60: 105 | W60: 91 | Y60: 105 | AA60: =AVERAGE(P60:U60) -> 87.666667 | AB60: =AVERAGE(AVERAGE(L60:M60),AVERAGE(N60:O60),AVERAGE(P60:U60),AVERAGE(U60:V60),AVERAGE(W60:X60),AVERAGE(Y60:Z60)) -> 93.777778 | AC60: =STDEV(AVERAGE(L60:M60),AVERAGE(N60:O60),AVERAGE(P60:U60),AVERAGE(U60:V60),AVERAGE(W60:X60),AVERAGE(Y60:Z60))/SQRT(6) -> 3.6093158
B61: =B59+1 -> 307 | C61: NTH | D61: 9 | E61: 2 | F61: 2 | G61: 2 | H61: 4 | I61: 222.4 | K61: Cover | L61: 93 | N61: 92 | P61: 101 | Q61: 104 | R61: 99 | S61: 97 | T61: 90 | U61: 95 | W61: 94 | Y61: 116 | AA61: =AVERAGE(P61:U61) -> 97.666667 | AB61: =AVERAGE(AVERAGE(L61:M61),AVERAGE(N61:O61),AVERAGE(P61:U61),AVERAGE(U61:V61),AVERAGE(W61:X61),AVERAGE(Y61:Z61)) -> 97.944444 | AC61: =STDEV(AVERAGE(L61:M61),AVERAGE(N61:O61),AVERAGE(P61:U61),AVERAGE(U61:V61),AVERAGE(W61:X61),AVERAGE(Y61:Z61))/SQRT(6) -> 3.6972629
B62: =B60+1 -> 307 | C62: NTH | D62: 9 | E62: 2 | F62: 2 | G62: 2 | H62: 4 | I62: 222.4 | K62: Height | L62: 96 | N62: 95 | P62: 101 | Q62: 98 | R62: 96 | S62: 86 | T62: 79 | U62: 101 | W62: 92 | Y62: 101 | AA62: =AVERAGE(P62:U62) -> 93.5 | AB62: =AVERAGE(AVERAGE(L62:M62),AVERAGE(N62:O62),AVERAGE(P62:U62),AVERAGE(U62:V62),AVERAGE(W62:X62),AVERAGE(Y62:Z62)) -> 96.416667 | AC62: =STDEV(AVERAGE(L62:M62),AVERAGE(N62:O62),AVERAGE(P62:U62),AVERAGE(U62:V62),AVERAGE(W62:X62),AVERAGE(Y62:Z62))/SQRT(6) -> 1.551433
B63: =B61+1 -> 308 | C63: FDH | D63: 5 | E63: 1 | F63: 3 | G63: 2 | H63: 4 | I63: 132.4 | K63: Cover | L63: 83 | N63: 103 | P63: 75 | Q63: 68 | R63: 83 | S63: 93 | T63: 80 | U63: 87 | W63: 85 | Y63: 86 | AA63: =AVERAGE(P63:U63) -> 81 | AB63: =AVERAGE(AVERAGE(L63:M63),AVERAGE(N63:O63),AVERAGE(P63:U63),AVERAGE(U63:V63),AVERAGE(W63:X63),AVERAGE(Y63:Z63)) -> 87.5 | AC63: =STDEV(AVERAGE(L63:M63),AVERAGE(N63:O63),AVERAGE(P63:U63),AVERAGE(U63:V63),AVERAGE(W63:X63),AVERAGE(Y63:Z63))/SQRT(6) -> 3.222318
B64: =B62+1 -> 308 | C64: FDH | D64: 5 | E64: 1 | F64: 3 | G64: 2 | H64: 4 | I64: 132.4 | K64: Height | L64: 103 | N64: 93 | P64: 97 | Q64: 102 | R64: 91 | S64: 101 | T64: 100 | U64: 98 | W64: 100 | Y64: 103 | AA64: =AVERAGE(P64:U64) -> 98.166667 | AB64: =AVERAGE(AVERAGE(L64:M64),AVERAGE(N64:O64),AVERAGE(P64:U64),AVERAGE(U64:V64),AVERAGE(W64:X64),AVERAGE(Y64:Z64)) -> 99.194444 | AC64: =STDEV(AVERAGE(L64:M64),AVERAGE(N64:O64),AVERAGE(P64:U64),AVERAGE(U64:V64),AVERAGE(W64:X64),AVERAGE(Y64:Z64))/SQRT(6) -> 1.5326186
B65: =B63+100 -> 408 | C65: NTL | D65: 10 | E65: 2 | F65: 2 | G65: 1 | H65: 4 | I65: 221.4 | K65: Cover | L65: 96 | N65: 89 | P65: 96 | Q65: 90 | R65: 89 | S65: 95 | T65: 90 | U65: 80 | W65: 85 | Y65: 96 | AA65: =AVERAGE(P65:U65) -> 90 | AB65: =AVERAGE(AVERAGE(L65:M65),AVERAGE(N65:O65),AVERAGE(P65:U65),AVERAGE(U65:V65),AVERAGE(W65:X65),AVERAGE(Y65:Z65)) -> 89.333333 | AC65: =STDEV(AVERAGE(L65:M65),AVERAGE(N65:O65),AVERAGE(P65:U65),AVERAGE(U65:V65),AVERAGE(W65:X65),AVERAGE(Y65:Z65))/SQRT(6) -> 2.5516879 | AT65: 2 | AU65: High | AV65: 150
B66: =B64+100 -> 408 | C66: NTL | D66: 10 | E66: 2 | F66: 2 | G66: 1 | H66: 4 | I66: 221.4 | K66: Height | L66: 93 | N66: 95 | P66: 89 | Q66: 89 | R66: 94 | S66: 86 | T66: 80 | U66: 88 | W66: 94 | Y66: 86 | AA66: =AVERAGE(P66:U66) -> 87.666667 | AB66: =AVERAGE(AVERAGE(L66:M66),AVERAGE(N66:O66),AVERAGE(P66:U66),AVERAGE(U66:V66),AVERAGE(W66:X66),AVERAGE(Y66:Z66)) -> 90.611111 | AC66: =STDEV(AVERAGE(L66:M66),AVERAGE(N66:O66),AVERAGE(P66:U66),AVERAGE(U66:V66),AVERAGE(W66:X66),AVERAGE(Y66:Z66))/SQRT(6) -> 1.5620895
B67: =B65-1 -> 407 | C67: NSH | D67: 7 | E67: 2 | F67: 1 | G67: 2 | H67: 4 | I67: 212.4 | K67: Cover | L67: 87 | N67: 89 | P67: 76 | Q67: 67 | R67: 81 | S67: 78 | T67: 78 | U67: 75 | W67: 82 | Y67: 97 | AA67: =AVERAGE(P67:U67) -> 75.833333 | AB67: =AVERAGE(AVERAGE(L67:M67),AVERAGE(N67:O67),AVERAGE(P67:U67),AVERAGE(U67:V67),AVERAGE(W67:X67),AVERAGE(Y67:Z67)) -> 84.305556 | AC67: =STDEV(AVERAGE(L67:M67),AVERAGE(N67:O67),AVERAGE(P67:U67),AVERAGE(U67:V67),AVERAGE(W67:X67),AVERAGE(Y67:Z67))/SQRT(6) -> 3.4357642
B68: =B66-1 -> 407 | C68: NSH | D68: 7 | E68: 2 | F68: 1 | G68: 2 | H68: 4 | I68: 212.4 | K68: Height | L68: 78 | N68: 95 | P68: 83 | Q68: 93 | R68: 91 | S68: 79 | T68: 82 | U68: 85 | W68: 79 | Y68: 93 | AA68: =AVERAGE(P68:U68) -> 85.5 | AB68: =AVERAGE(AVERAGE(L68:M68),AVERAGE(N68:O68),AVERAGE(P68:U68),AVERAGE(U68:V68),AVERAGE(W68:X68),AVERAGE(Y68:Z68)) -> 85.916667 | AC68: =STDEV(AVERAGE(L68:M68),AVERAGE(N68:O68),AVERAGE(P68:U68),AVERAGE(U68:V68),AVERAGE(W68:X68),AVERAGE(Y68:Z68))/SQRT(6) -> 2.8531172
B69: =B67-1 -> 406 | C69: FTH | D69: 3 | E69: 1 | F69: 2 | G69: 2 | H69: 4 | I69: 122.4 | K69: Cover | L69: 96 | N69: 95 | P69: 98 | Q69: 96 | R69: 91 | S69: 115 | T69: 102 | U69: 98 | W69: 102 | Y69: 107 | AA69: =AVERAGE(P69:U69) -> 100 | AB69: =AVERAGE(AVERAGE(L69:M69),AVERAGE(N69:O69),AVERAGE(P69:U69),AVERAGE(U69:V69),AVERAGE(W69:X69),AVERAGE(Y69:Z69)) -> 99.666667 | AC69: =STDEV(AVERAGE(L69:M69),AVERAGE(N69:O69),AVERAGE(P69:U69),AVERAGE(U69:V69),AVERAGE(W69:X69),AVERAGE(Y69:Z69))/SQRT(6) -> 1.8012341
B70: =B68-1 -> 406 | C70: FTH | D70: 3 | E70: 1 | F70: 2 | G70: 2 | H70: 4 | I70: 122.4 | K70: Height | L70: 92 | N70: 102 | P70: 98 | Q70: 98 | R70: 105 | S70: 104 | T70: 103 | U70: 98 | W70: 101 | Y70: 100 | AA70: =AVERAGE(P70:U70) -> 101 | AB70: =AVERAGE(AVERAGE(L70:M70),AVERAGE(N70:O70),AVERAGE(P70:U70),AVERAGE(U70:V70),AVERAGE(W70:X70),AVERAGE(Y70:Z70)) -> 99 | AC70: =STDEV(AVERAGE(L70:M70),AVERAGE(N70:O70),AVERAGE(P70:U70),AVERAGE(U70:V70),AVERAGE(W70:X70),AVERAGE(Y70:Z70))/SQRT(6) -> 1.5055453
B71: =B69-1 -> 405 | C71: FDL | D71: 6 | E71: 1 | F71: 3 | G71: 1 | H71: 4 | I71: 131.4 | K71: Cover | L71: 82 | N71: 86 | P71: 72 | Q71: 67 | R71: 73 | S71: 80 | T71: 76 | U71: 88 | W71: 88 | Y71: 67 | AA71: =AVERAGE(P71:U71) -> 76 | AB71: =AVERAGE(AVERAGE(L71:M71),AVERAGE(N71:O71),AVERAGE(P71:U71),AVERAGE(U71:V71),AVERAGE(W71:X71),AVERAGE(Y71:Z71)) -> 81.166667 | AC71: =STDEV(AVERAGE(L71:M71),AVERAGE(N71:O71),AVERAGE(P71:U71),AVERAGE(U71:V71),AVERAGE(W71:X71),AVERAGE(Y71:Z71))/SQRT(6) -> 3.3903458
B72: =B70-1 -> 405 | C72: FDL | D72: 6 | E72: 1 | F72: 3 | G72: 1 | H72: 4 | I72: 131.4 | K72: Height | L72: 101 | N72: 103 | P72: 112 | Q72: 91 | R72: 109 | S72: 101 | T72: 95 | U72: 94 | W72: 98 | Y72: 94 | AA72: =AVERAGE(P72:U72) -> 100.33333 | AB72: =AVERAGE(AVERAGE(L72:M72),AVERAGE(N72:O72),AVERAGE(P72:U72),AVERAGE(U72:V72),AVERAGE(W72:X72),AVERAGE(Y72:Z72)) -> 98.388889 | AC72: =STDEV(AVERAGE(L72:M72),AVERAGE(N72:O72),AVERAGE(P72:U72),AVERAGE(U72:V72),AVERAGE(W72:X72),AVERAGE(Y72:Z72))/SQRT(6) -> 1.5333736
B73: =B71-1 -> 404 | C73: FTH | D73: 3 | E73: 1 | F73: 2 | G73: 2 | H73: 3 | I73: 122.3 | K73: Cover | L73: 103 | N73: 104 | P73: 87 | Q73: 92 | R73: 107 | S73: 92 | T73: 98 | U73: 101 | W73: 100 | Y73: 90 | AA73: =AVERAGE(P73:U73) -> 96.166667 | AB73: =AVERAGE(AVERAGE(L73:M73),AVERAGE(N73:O73),AVERAGE(P73:T73),AVERAGE(U73:V73),AVERAGE(W73:X73),AVERAGE(Y73:Z73)) -> 98.866667 | AC73: =STDEV(AVERAGE(L73:M73),AVERAGE(N73:O73),AVERAGE(P73:U73),AVERAGE(U73:V73),AVERAGE(W73:X73),AVERAGE(Y73:Z73))/SQRT(6) -> 2.1215022
B74: =B72-1 -> 404 | C74: FTH | D74: 3 | E74: 1 | F74: 2 | G74: 2 | H74: 3 | I74: 122.3 | K74: Height | L74: 98 | N74: 96 | P74: 96 | Q74: 87 | R74: 80 | S74: 90 | T74: 93 | U74: 106 | W74: 98 | Y74: 97 | AA74: =AVERAGE(P74:U74) -> 92 | AB74: =AVERAGE(AVERAGE(L74:M74),AVERAGE(N74:O74),AVERAGE(P74:U74),AVERAGE(U74:V74),AVERAGE(W74:X74),AVERAGE(Y74:Z74)) -> 97.833333 | AC74: =STDEV(AVERAGE(L74:M74),AVERAGE(N74:O74),AVERAGE(P74:U74),AVERAGE(U74:V74),AVERAGE(W74:X74),AVERAGE(Y74:Z74))/SQRT(6) -> 1.8693433
