Workbook

Sheet PlantDF
A1: Year | B1: DOY | C1: PSDATE | D1: SID | E1: NumPlts | F1: Height | G1: PHTD1 | H1: STDD1 | I1: MSNODE1 | J1: PFNODE1 | K1: VBNUM1 | L1: VBNODE1 | M1: Height | N1: PHTD2 | O1: STDD2 | P1: MSNODE2 | Q1: PFNODE2 | R1: VBNUM2 | S1: VBNODE2 | T1: Height | U1: PHTD3 | V1: STDD3 | W1: MSNODE3 | X1: PFNODE3 | Y1: VBNUM3 | Z1: VBNODE3 | AA1: Height | AB1: PHTD4 | AC1: STDD4 | AD1: MSNODE4 | AE1: PFNODE4 | AF1: VBNUM4 | AG1: VBNODE4 | AH1: Height | AI1: PHTD5 | AJ1: STDD5 | AK1: MSNODE5 | AL1: PFNODE5 | AM1: VBNUM5 | AN1: VBNODE5 | AO1: Height | AP1: PHTD6 | AQ1: STDD6 | AR1: MSNODE6 | AS1: PFNODE6 | AT1: VBNUM6 | AU1: VBNODE6 | AV1: SQRNUM | AW1: FLRNUM | AX1: GBNUM | AY1: MBNUM | AZ1: LWPD | BA1: SWPD | BB1: CWPD | BC1: LWAD | BD1: SWAD | BE1: MBWAD | BF1: PWAD | BG1: CWAD | BH1: LAIDL
A2: 2003 | B2: 147 | C2: 37768 | D2: p101-S01 | E2: 6 | F2: 6.5 | G2: 0.065 | H2: 3 | I2: 2 | K2: 1 | L2: 0 | M2: 5.5 | N2: 0.055 | O2: 2.8 | P2: 3 | R2: 0 | S2: 0 | T2: 15 | U2: 0.15 | V2: 3.6 | W2: 5 | Y2: 0 | Z2: 0 | AA2: 5 | AB2: 0.05 | AC2: 2.4 | AD2: 1 | AF2: 0 | AG2: 0 | AH2: 8.5 | AI2: 0.085 | AJ2: 3 | AK2: 2 | AM2: 1 | AN2: 0 | AO2: 6 | AP2: 0.06 | AQ2: 2.2 | AR2: 1 | AT2: 1 | AU2: 0 | AV2: 0 | AW2: 0 | AX2: 0 | AY2: 0 | AZ2: 0.35833333 | BA2: 0.11666667 | BB2: 0.475 | BC2: 18.589717 | BD2: 6.0524661 | BE2: 0 | BF2: 0 | BG2: 24.642183 | BH2: 0.026453731
A3: 2003 | B3: 147 | C3: 37768 | D3: p102-S01 | E3: 6 | F3: 7 | G3: 0.07 | H3: 2.5 | I3: 2 | K3: 2 | L3: 0 | M3: 9 | N3: 0.09 | O3: 3.1 | P3: 4 | R3: 0 | S3: 0 | T3: 6.5 | U3: 0.065 | V3: 3.1 | W3: 0 | Y3: 0 | Z3: 0 | AA3: 7 | AB3: 0.07 | AC3: 2.8 | AD3: 2 | AF3: 2 | AG3: 0 | AH3: 4 | AI3: 0.04 | AJ3: 2.7 | AK3: 0 | AM3: 0 | AN3: 0 | AO3: 4.5 | AP3: 0.045 | AQ3: 2.5 | AR3: 0 | AT3: 0 | AU3: 0 | AV3: 0 | AW3: 0 | AX3: 0 | AY3: 0 | AZ3: 0.205 | BA3: 0.091666667 | BB3: 0.29666667 | BC3: 19.392498 | BD3: 8.6714421 | BE3: 0 | BF3: 0 | BG3: 28.06394 | BH3: 0.027254321
A4: 2003 | B4: 147 | C4: 37768 | D4: p103-S01 | E4: 6 | F4: 10 | G4: 0.1 | H4: 2.7 | I4: 4 | K4: 0 | L4: 0 | M4: 9.5 | N4: 0.095 | O4: 2.8 | P4: 4 | R4: 0 | S4: 0 | T4: 10 | U4: 0.1 | V4: 3.1 | W4: 2 | Y4: 0 | Z4: 0 | AA4: 12 | AB4: 0.12 | AC4: 3.3 | AD4: 5 | AF4: 0 | AG4: 0 | AH4: 10.5 | AI4: 0.105 | AJ4: 3.1 | AK4: 4 | AM4: 0 | AN4: 0 | AO4: 11 | AP4: 0.11 | AQ4: 3 | AR4: 3 | AT4: 0 | AU4: 0 | AV4: 0 | AW4: 0 | AX4: 0 | AY4: 0 | AZ4: 0.39833333 | BA4: 0.16 | BB4: 0.55833333 | BC4: 89.847168 | BD4: 36.089239 | BE4: 0 | BF4: 0 | BG4: 125.93641 | BH4: 0.1327985
A5: 2003 | B5: 147 | C5: 37768 | D5: p104-S01 | E5: 6 | F5: 9.6 | G5: 0.096 | H5: 3.8 | I5: 5 | K5: 1 | L5: 0 | M5: 8.8 | N5: 0.088 | O5: 2.6 | P5: 5 | R5: 0 | S5: 0 | T5: 10.4 | U5: 0.104 | V5: 3.4 | W5: 6 | Y5: 1 | Z5: 0 | AA5: 11.4 | AB5: 0.114 | AC5: 3 | AD5: 6 | AF5: 0 | AG5: 0 | AH5: 9.8 | AI5: 0.098 | AJ5: 2.8 | AK5: 5 | AM5: 0 | AN5: 0 | AO5: 7.2 | AP5: 0.072 | AQ5: 3 | AR5: 2 | AT5: 2 | AU5: 0 | AV5: 0 | AW5: 0 | AX5: 0 | AY5: 0 | AZ5: 0.475 | BA5: 0.17333333 | BB5: 0.64833333 | BC5: 57.574183 | BD5: 21.009527 | BE5: 0 | BF5: 0 | BG5: 78.58371 | BH5: 0.076400941
A6: 2003 | B6: 147 | C6: 37768 | D6: p105-S01 | E6: 6 | F6: 8.6 | G6: 0.086 | H6: 3.3 | I6: 2 | K6: 2 | L6: 0 | M6: 10.6 | N6: 0.106 | O6: 3.5 | P6: 4 | R6: 1 | S6: 0 | T6: 13.3 | U6: 0.133 | V6: 3.4 | W6: 5 | Y6: 0 | Z6: 0 | AA6: 8.6 | AB6: 0.086 | AC6: 3.1 | AD6: 4 | AF6: 1 | AG6: 0 | AH6: 9.6 | AI6: 0.096 | AJ6: 3.3 | AK6: 4 | AM6: 2 | AN6: 0 | AO6: 10.3 | AP6: 0.103 | AQ6: 3.1 | AR6: 4 | AT6: 1 | AU6: 0 | AV6: 0 | AW6: 0 | AX6: 0 | AY6: 0 | AZ6: 0.49666667 | BA6: 0.19666667 | BB6: 0.69333333 | BC6: 116.68915 | BD6: 46.205769 | BE6: 0 | BF6: 0 | BG6: 162.89492 | BH6: 0.13571596
A7: 2003 | B7: 147 | C7: 37768 | D7: p106-S01 | E7: 6 | F7: 8.5 | G7: 0.085 | H7: 2.9 | I7: 2 | K7: 1 | L7: 0 | M7: 11 | N7: 0.11 | O7: 3.2 | P7: 3 | R7: 0 | S7: 0 | T7: 7 | U7: 0.07 | V7: 3.2 | W7: 2 | Y7: 1 | Z7: 0 | AA7: 11 | AB7: 0.11 | AC7: 2.6 | AD7: 4 | AF7: 0 | AG7: 0 | AH7: 10 | AI7: 0.1 | AJ7: 2.5 | AK7: 5 | AM7: 0 | AN7: 0 | AO7: 5.5 | AP7: 0.055 | AQ7: 2.7 | AR7: 1 | AT7: 0 | AU7: 0 | AV7: 0 | AW7: 0 | AX7: 0 | AY7: 0 | AZ7: 0.37166667 | BA7: 0.14333333 | BB7: 0.515 | BC7: 45.421861 | BD7: 17.516951 | BE7: 0 | BF7: 0 | BG7: 62.938812 | BH7: 0.064120528
A8: 2003 | B8: 147 | C8: 37768 | D8: p107-S01 | E8: 6 | F8: 11 | G8: 0.11 | H8: 2.7 | I8: 3 | K8: 0 | L8: 0 | M8: 10.1 | N8: 0.101 | O8: 3.6 | P8: 4 | R8: 1 | S8: 0 | T8: 11.9 | U8: 0.119 | V8: 3 | W8: 5 | Y8: 0 | Z8: 0 | AA8: 10.6 | AB8: 0.106 | AC8: 3 | AD8: 5 | AF8: 1 | AG8: 0 | AH8: 5.1 | AI8: 0.051 | AJ8: 3 | AK8: 2 | AM8: 0 | AN8: 0 | AO8: 10.3 | AP8: 0.103 | AQ8: 2.9 | AR8: 4 | AT8: 2 | AU8: 0 | AV8: 0 | AW8: 0 | AX8: 0 | AY8: 0 | AZ8: 0.44666667 | BA8: 0.17 | BB8: 0.61666667 | BC8: 51.249757 | BD8: 19.505505 | BE8: 0 | BF8: 0 | BG8: 70.755261 | BH8: 0.060045645
A9: 2003 | B9: 147 | C9: 37768 | D9: p108-S01 | E9: 6 | F9: 11.6 | G9: 0.116 | H9: 3.2 | I9: 5 | K9: 0 | L9: 0 | M9: 11.6 | N9: 0.116 | O9: 2.9 | P9: 5 | R9: 0 | S9: 0 | T9: 7.2 | U9: 0.072 | V9: 3.3 | W9: 2 | Y9: 1 | Z9: 0 | AA9: 9 | AB9: 0.09 | AC9: 3.1 | AD9: 2 | AF9: 2 | AG9: 0 | AH9: 7 | AI9: 0.07 | AJ9: 2.6 | AK9: 3 | AM9: 1 | AN9: 0 | AO9: 7 | AP9: 0.07 | AQ9: 2.7 | AR9: 3 | AT9: 2 | AU9: 0 | AV9: 0 | AW9: 0 | AX9: 0 | AY9: 0 | AZ9: 0.34833333 | BA9: 0.14166667 | BB9: 0.49 | BC9: 41.61791 | BD9: 16.925944 | BE9: 0 | BF9: 0 | BG9: 58.543854 | BH9: 0.056288223
A10: 2003 | B10: 147 | C10: 37768 | D10: p201-S01 | E10: 6 | F10: 11 | G10: 0.11 | H10: 2.7 | I10: 3 | K10: 1 | L10: 0 | M10: 12 | N10: 0.12 | O10: 3.6 | P10: 6 | R10: 0 | S10: 0 | T10: 9 | U10: 0.09 | V10: 2.6 | W10: 4 | Y10: 0 | Z10: 0 | AA10: 6.5 | AB10: 0.065 | AC10: 2.3 | AD10: 3 | AF10: 0 | AG10: 0 | AH10: 8.5 | AI10: 0.085 | AJ10: 2.8 | AK10: 2 | AM10: 2 | AN10: 0 | AO10: 9 | AP10: 0.09 | AQ10: 3 | AR10: 3 | AT10: 0 | AU10: 0 | AV10: 0 | AW10: 0 | AX10: 0 | AY10: 0 | AZ10: 0.34666667 | BA10: 0.13666667 | BB10: 0.48333333 | BC10: 76.329348 | BD10: 30.091377 | BE10: 0 | BF10: 0 | BG10: 106.42073 | BH10: 0.10959622
A11: 2003 | B11: 147 | C11: 37768 | D11: p202-S01 | E11: 6 | F11: 10.5 | G11: 0.105 | H11: 3.7 | I11: 3 | K11: 1 | L11: 0 | M11: 11 | N11: 0.11 | O11: 3.6 | P11: 5 | R11: 0 | S11: 0 | T11: 11 | U11: 0.11 | V11: 3 | W11: 5 | Y11: 0 | Z11: 0 | AA11: 8.5 | AB11: 0.085 | AC11: 2.6 | AD11: 2 | AF11: 1 | AG11: 0 | AH11: 5 | AI11: 0.05 | AJ11: 2.5 | AK11: 0 | AM11: 0 | AN11: 0 | AO11: 5 | AP11: 0.05 | AQ11: 2.2 | AR11: 0 | AT11: 0 | AU11: 0 | AV11: 0 | AW11: 0 | AX11: 0 | AY11: 0 | AZ11: 0.43833333 | BA11: 0.16833333 | BB11: 0.60666667 | BC11: 54.927487 | BD11: 21.093826 | BE11: 0 | BF11: 0 | BG11: 76.021313 | BH11: 0.070706656
A12: 2003 | B12: 147 | C12: 37768 | D12: p203-S01 | E12: 6 | F12: 10 | G12: 0.1 | H12: 2.9 | I12: 5 | K12: 0 | L12: 0 | M12: 10 | N12: 0.1 | O12: 2.8 | P12: 4 | R12: 0 | S12: 0 | T12: 9 | U12: 0.09 | V12: 3.7 | W12: 3 | Y12: 3 | Z12: 0 | AA12: 9 | AB12: 0.09 | AC12: 3 | AD12: 3 | AF12: 2 | AG12: 0 | AH12: 14 | AI12: 0.14 | AJ12: 3.3 | AK12: 6 | AM12: 0 | AN12: 0 | AO12: 4.2 | AP12: 0.042 | AQ12: 1.6 | AR12: 3 | AT12: 0 | AU12: 0 | AV12: 0 | AW12: 0 | AX12: 0 | AY12: 0 | AZ12: 0.425 | BA12: 0.16166667 | BB12: 0.58666667 | BC12: 46.01378 | BD12: 17.503281 | BE12: 0 | BF12: 0 | BG12: 63.51706 | BH12: 0.069577115
A13: 2003 | B13: 147 | C13: 37768 | D13: p204-S01 | E13: 6 | F13: 11 | G13: 0.11 | H13: 3.6 | I13: 3 | K13: 2 | L13: 0 | M13: 10 | N13: 0.1 | O13: 3.3 | P13: 5 | R13: 0 | S13: 0 | T13: 9.5 | U13: 0.095 | V13: 2.9 | W13: 3 | Y13: 2 | Z13: 0 | AA13: 8 | AB13: 0.08 | AC13: 3 | AD13: 3 | AF13: 0 | AG13: 0 | AH13: 10 | AI13: 0.1 | AJ13: 2.9 | AK13: 3 | AM13: 0 | AN13: 0 | AO13: 8.5 | AP13: 0.085 | AQ13: 2.5 | AR13: 5 | AT13: 0 | AU13: 0 | AV13: 0 | AW13: 0 | AX13: 0 | AY13: 0 | AZ13: 0.36 | BA13: 0.14 | BB13: 0.5 | BC13: 87.040682 | BD13: 33.849154 | BE13: 0 | BF13: 0 | BG13: 120.88984 | BH13: 0.12767579
... A36: 2003 | B36: 153 | C36: 37774 | D36: p103-S02 | E36: 6 | F36: 15.9 | G36: 0.159 | H36: 4.7 | I36: 7 | K36: 1 | L36: 0 | M36: 11.4 | N36: 0.114 | O36: 3.5 | P36: 6 | R36: 3 | S36: 0 | T36: 18 | U36: 0.18 | V36: 4.3 | W36: 9 | Y36: 1 | Z36: 0 | AA36: 19.2 | AB36: 0.192 | AC36: 4.4 | AD36: 6 | AF36: 2 | AG36: 0 | AH36: 14 | AI36: 0.14 | AJ36: 4.1 | AK36: 7 | AM36: 1 | AN36: 0 | AO36: 17.8 | AP36: 0.178 | AQ36: 4.4 | AR36: 10 | AT36: 3 | AU36: 0 | AV36: 0 | AW36: 0 | AX36: 0 | AY36: 0 | AZ36: 1.0233333 | BA36: 0.485 | BB36: 1.5083333 | BC36: 230.82076 | BD36: 109.39551 | BE36: 0 | BF36: 0 | BG36: 340.21626 | BH36: 0.34382034
A37: 2003 | B37: 153 | C37: 37774 | D37: p104-S02 | E37: 6 | F37: 10.3 | G37: 0.103 | H37: 5 | I37: 4 | K37: 2 | L37: 0 | M37: 15.1 | N37: 0.151 | O37: 4.3 | P37: 6 | R37: 4 | S37: 0 | T37: 15.4 | U37: 0.154 | V37: 5 | W37: 7 | Y37: 1 | Z37: 0 | AA37: 15 | AB37: 0.15 | AC37: 4.1 | AD37: 5 | AF37: 1 | AG37: 0 | AH37: 14.2 | AI37: 0.142 | AJ37: 4.4 | AK37: 7 | AM37: 0 | AN37: 0 | AO37: 14.1 | AP37: 0.141 | AR37: 5 | AT37: 1 | AU37: 0 | AV37: 0 | AW37: 0 | AX37: 0 | AY37: 0 | AZ37: 0.94333333 | BA37: 0.40833333 | BB37: 1.3516667 | BC37: 114.34031 | BD37: 49.493596 | BE37: 0 | BF37: 0 | BG37: 163.8339 | BH37: 0.1786422
A38: 2003 | B38: 153 | C38: 37774 | D38: p105-S02 | E38: 6 | F38: 18.5 | G38: 0.185 | H38: 4.5 | I38: 8 | K38: 0 | L38: 0 | M38: 14 | N38: 0.14 | O38: 4.2 | P38: 4 | R38: 1 | S38: 0 | T38: 15 | U38: 0.15 | V38: 4.6 | W38: 5 | Y38: 1 | Z38: 0 | AA38: 25 | AB38: 0.25 | AC38: 5.4 | AD38: 8 | AF38: 4 | AG38: 0 | AH38: 16 | AI38: 0.16 | AJ38: 3.8 | AK38: 6 | AM38: 2 | AN38: 0 | AO38: 16 | AP38: 0.16 | AQ38: 4 | AR38: 6 | AT38: 1 | AU38: 0 | AV38: 0 | AW38: 0 | AX38: 0 | AY38: 0 | AZ38: 1.2116667 | BA38: 0.6 | BB38: 1.8116667 | BC38: 284.67453 | BD38: 140.96675 | BE38: 0 | BF38: 0 | BG38: 425.64128 | BH38: 0.41371249
A39: 2003 | B39: 153 | C39: 37774 | D39: p106-S02 | E39: 6 | F39: 14 | G39: 0.14 | H39: 5 | I39: 5 | K39: 2 | L39: 0 | M39: 16 | N39: 0.16 | O39: 4.4 | P39: 6 | R39: 2 | S39: 0 | T39: 12 | U39: 0.12 | V39: 3.7 | W39: 3 | Y39: 2 | Z39: 0 | AA39: 15 | AB39: 0.15 | AC39: 4.2 | AD39: 3 | AF39: 1 | AG39: 0 | AH39: 14.5 | AI39: 0.145 | AJ39: 4 | AK39: 4 | AM39: 1 | AN39: 0 | AO39: 16 | AP39: 0.16 | AQ39: 4.8 | AR39: 3 | AT39: 1 | AU39: 0 | AV39: 0 | AW39: 0 | AX39: 0 | AY39: 0 | AZ39: 1.0133333 | BA39: 0.47833333 | BB39: 1.4916667 | BC39: 123.84077 | BD39: 58.457732 | BE39: 0 | BF39: 0 | BG39: 182.2985 | BH39: 0.17529098
A40: 2003 | B40: 153 | C40: 37774 | D40: p107-S02 | E40: 6 | F40: 15 | G40: 0.15 | H40: 3.2 | I40: 6 | K40: 1 | L40: 0 | M40: 19 | N40: 0.19 | O40: 5.4 | P40: 3 | R40: 1 | S40: 0 | T40: 20 | U40: 0.2 | V40: 5.2 | W40: 8 | Y40: 2 | Z40: 0 | AA40: 13 | AB40: 0.13 | AC40: 4.6 | AD40: 4 | AF40: 1 | AG40: 0 | AH40: 15 | AI40: 0.15 | AJ40: 4 | AK40: 5 | AM40: 3 | AN40: 0 | AO40: 10 | AP40: 0.1 | AQ40: 2.7 | AR40: 4 | AT40: 0 | AU40: 0 | AV40: 0 | AW40: 0 | AX40: 0 | AY40: 0 | AZ40: 1.02 | BA40: 0.48833333 | BB40: 1.5083333 | BC40: 117.03303 | BD40: 56.030518 | BE40: 0 | BF40: 0 | BG40: 173.06355 | BH40: 0.1508093
A41: 2003 | B41: 153 | C41: 37774 | D41: p108-S02 | E41: 6 | F41: 19 | G41: 0.19 | H41: 5.2 | I41: 8 | K41: 3 | L41: 0 | M41: 11 | N41: 0.11 | O41: 3.1 | P41: 6 | R41: 0 | S41: 0 | T41: 15 | U41: 0.15 | V41: 4.5 | W41: 4 | Y41: 0 | Z41: 0 | AA41: 10 | AB41: 0.1 | AC41: 4.4 | AD41: 4 | AF41: 2 | AG41: 0 | AH41: 16 | AI41: 0.16 | AJ41: 4.6 | AK41: 7 | AM41: 3 | AN41: 0 | AO41: 14 | AP41: 0.14 | AQ41: 3.8 | AR41: 6 | AT41: 0 | AU41: 0 | AV41: 0 | AW41: 0 | AX41: 0 | AY41: 0 | AZ41: 0.91333333 | BA41: 0.43333333 | BB41: 1.3466667 | BC41: 109.12256 | BD41: 51.773476 | BE41: 0 | BF41: 0 | BG41: 160.89603 | BH41: 0.15109992
A42: 2003 | B42: 153 | C42: 37774 | D42: p201-S02 | E42: 6 | F42: 13.5 | G42: 0.135 | H42: 4.1 | I42: 6 | K42: 0 | L42: 0 | M42: 12 | N42: 0.12 | O42: 3.9 | P42: 3 | R42: 1 | S42: 0 | T42: 18 | U42: 0.18 | V42: 5.6 | W42: 6 | Y42: 6 | Z42: 0 | AA42: 18 | AB42: 0.18 | AC42: 5.2 | AD42: 5 | AF42: 1 | AG42: 0 | AH42: 13 | AI42: 0.13 | AJ42: 4 | AK42: 3 | AM42: 1 | AN42: 0 | AO42: 9.5 | AP42: 0.095 | AQ42: 3.7 | AR42: 5 | AT42: 0 | AU42: 0 | AV42: 0 | AW42: 0 | AX42: 0 | AY42: 0 | AZ42: 1.04 | BA42: 0.48166667 | BB42: 1.5216667 | BC42: 228.98804 | BD42: 106.05376 | BE42: 0 | BF42: 0 | BG42: 335.0418 | BH42: 0.33114794
A43: 2003 | B43: 153 | C43: 37774 | D43: p202-S02 | E43: 6 | F43: 17 | G43: 0.17 | H43: 4.6 | I43: 4 | K43: 2 | L43: 0 | M43: 10 | N43: 0.1 | O43: 3.3 | P43: 4 | R43: 1 | S43: 0 | T43: 16 | U43: 0.16 | V43: 4.9 | W43: 4 | Y43: 2 | Z43: 0 | AA43: 10 | AB43: 0.1 | AC43: 3.9 | AD43: 3 | AF43: 2 | AG43: 0 | AH43: 14 | AI43: 0.14 | AJ43: 3.7 | AK43: 4 | AM43: 2 | AN43: 0 | AO43: 8 | AP43: 0.08 | AQ43: 2.6 | AR43: 2 | AT43: 0 | AU43: 0 | AV43: 0 | AW43: 0 | AX43: 0 | AY43: 0 | AZ43: 0.735 | BA43: 0.36833333 | BB43: 1.1033333 | BC43: 92.102745 | BD43: 46.155797 | BE43: 0 | BF43: 0 | BG43: 138.25854 | BH43: 0.13432171
A44: 2003 | B44: 153 | C44: 37774 | D44: p203-S02 | E44: 6 | F44: 12.5 | G44: 0.125 | H44: 3.8 | I44: 5 | K44: 2 | L44: 0 | M44: 12 | N44: 0.12 | O44: 4.1 | P44: 6 | R44: 0 | S44: 0 | T44: 13 | U44: 0.13 | V44: 3.6 | W44: 5 | Y44: 0 | Z44: 0 | AA44: 15.5 | AB44: 0.155 | AC44: 5 | AD44: 4 | AF44: 1 | AG44: 0 | AH44: 11 | AI44: 0.11 | AJ44: 4.1 | AK44: 5 | AM44: 0 | AN44: 0 | AO44: 13 | AP44: 0.13 | AQ44: 3 | AR44: 6 | AT44: 0 | AU44: 0 | AV44: 0 | AW44: 0 | AX44: 0 | AY44: 0 | AZ44: 0.85833333 | BA44: 0.355 | BB44: 1.2133333 | BC44: 92.92979 | BD44: 38.435039 | BE44: 0 | BF44: 0 | BG44: 131.36483 | BH44: 0.13404849
A45: 2003 | B45: 153 | C45: 37774 | D45: p204-S02 | E45: 6 | F45: 15.5 | G45: 0.155 | H45: 3.8 | I45: 5 | K45: 2 | L45: 0 | M45: 16 | N45: 0.16 | O45: 4.1 | P45: 4 | R45: 1 | S45: 0 | T45: 17 | U45: 0.17 | V45: 4.3 | W45: 4 | Y45: 1 | Z45: 0 | AA45: 14 | AB45: 0.14 | AC45: 4.5 | AD45: 4 | AF45: 1 | AG45: 0 | AH45: 8 | AI45: 0.08 | AJ45: 3 | AK45: 4 | AM45: 0 | AN45: 0 | AO45: 16 | AP45: 0.16 | AQ45: 3.7 | AR45: 4 | AT45: 1 | AU45: 0 | AV45: 0 | AW45: 0 | AX45: 0 | AY45: 0 | AZ45: 0.94166667 | BA45: 0.45166667 | BB45: 1.3933333 | BC45: 227.67586 | BD45: 109.20382 | BE45: 0 | BF45: 0 | BG45: 336.87968 | BH45: 0.34506445
A46: 2003 | B46: 153 | C46: 37774 | D46: p205-S02 | E46: 6 | F46: 14 | G46: 0.14 | H46: 4.4 | I46: 4 | K46: 0 | L46: 0 | M46: 14 | N46: 0.14 | O46: 4.4 | P46: 4 | R46: 1 | S46: 0 | T46: 10 | U46: 0.1 | V46: 3.5 | W46: 4 | Y46: 0 | Z46: 0 | AA46: 13 | AB46: 0.13 | AC46: 3.7 | AD46: 6 | AF46: 1 | AG46: 0 | AH46: 10.5 | AI46: 0.105 | AJ46: 3.9 | AK46: 4 | AM46: 0 | AN46: 0 | AO46: 9.5 | AP46: 0.095 | AQ46: 3.4 | AR46: 3 | AT46: 1 | AU46: 0 | AV46: 0 | AW46: 0 | AX46: 0 | AY46: 0 | AZ46: 0.77666667 | BA46: 0.27666667 | BB46: 1.0533333 | BC46: 38.221785 | BD46: 13.615486 | BE46: 0 | BF46: 0 | BG46: 51.83727 | BH46: 0.05129711
A47: 2003 | B47: 153 | C47: 37774 | D47: p206-S02 | E47: 6 | F47: 14 | G47: 0.14 | H47: 4.4 | I47: 6 | K47: 1 | L47: 0 | M47: 12 | N47: 0.12 | O47: 4.2 | P47: 3 | R47: 1 | S47: 0 | T47: 11 | U47: 0.11 | V47: 3.6 | W47: 3 | Y47: 1 | Z47: 0 | AA47: 15 | AB47: 0.15 | AC47: 4.8 | AD47: 5 | AF47: 1 | AG47: 0 | AH47: 13 | AI47: 0.13 | AJ47: 4.2 | AK47: 4 | AM47: 1 | AN47: 0 | AO47: 18 | AP47: 0.18 | AQ47: 5.7 | AR47: 8 | AT47: 3 | AU47: 0 | AV47: 0 | AW47: 0 | AX47: 0 | AY47: 0 | AZ47: 0.97 | BA47: 0.475 | BB47: 1.445 | BC47: 49.924131 | BD47: 24.447384 | BE47: 0 | BF47: 0 | BG47: 74.371514 | BH47: 0.062931835
A48: 2003 | B48: 153 | C48: 37774 | D48: p207-S02 | E48: 4 | F48: 14.4 | G48: 0.144 | H48: 4.2 | I48: 5 | K48: 0 | L48: 0 | M48: 19.5 | N48: 0.195 | O48: 4.6 | P48: 4 | R48: 2 | S48: 0 | T48: 15 | U48: 0.15 | V48: 4.6 | W48: 4 | Y48: 1 | Z48: 0 | AA48: 12 | AB48: 0.12 | AC48: 3.7 | AD48: 2 | AF48: 2 | AG48: 0 | AV48: 0 | AW48: 0 | AX48: 0 | AY48: 0 | AZ48: 0.91 | BA48: 0.4775 | BB48: 1.3875 | BC48: 107.48031 | BD48: 56.397638 | BE48: 0 | BF48: 0 | BG48: 163.87795 | BH48: 0.14382028
A49: 2003 | B49: 153 | C49: 37774 | D49: p208-S02 | E49: 6 | F49: 12 | G49: 0.12 | H49: 3.6 | I49: 6 | K49: 0 | L49: 0 | M49: 14 | N49: 0.14 | O49: 4.8 | P49: 4 | R49: 2 | S49: 0 | T49: 8 | U49: 0.08 | V49: 3 | W49: 2 | Y49: 0 | Z49: 0 | AA49: 11 | AB49: 0.11 | AC49: 3.9 | AD49: 4 | AF49: 0 | AG49: 0 | AH49: 12 | AI49: 0.12 | AJ49: 3.6 | AK49: 5 | AM49: 0 | AN49: 0 | AO49: 9 | AP49: 0.09 | AQ49: 3.1 | AR49: 3 | AT49: 0 | AU49: 0 | AV49: 0 | AW49: 0 | AX49: 0 | AY49: 0 | AZ49: 0.625 | BA49: 0.27833333 | BB49: 0.90333333 | BC49: 30.886032 | BD49: 13.75458 | BE49: 0 | BF49: 0 | BG49: 44.640611 | BH49: 0.039541061
A50: 2003 | B50: 153 | C50: 37774 | D50: p301-S02 | E50: 6 | F50: 16 | G50: 0.16 | H50: 4.3 | I50: 4 | K50: 1 | L50: 0 | M50: 13 | N50: 0.13 | O50: 4.4 | P50: 4 | R50: 2 | S50: 0 | T50: 16.5 | U50: 0.165 | V50: 4.5 | W50: 6 | Y50: 3 | Z50: 0 | AA50: 17 | AB50: 0.17 | AC50: 3.7 | AD50: 2 | AF50: 2 | AG50: 0 | AH50: 18 | AI50: 0.18 | AJ50: 4.6 | AK50: 7 | AL50: 5 | AM50: 1 | AN50: 0 | AO50: 10 | AP50: 0.1 | AQ50: 3.4 | AR50: 4 | AT50: 1 | AU50: 0 | AV50: 0.16666667 | AW50: 0 | AX50: 0 | AY50: 0 | AZ50: 0.83833333 | BA50: 0.38833333 | BB50: 1.2283333 | BC50: 92.063253 | BD50: 42.645602 | BE50: 0 | BF50: 0.18302834 | BG50: 134.89188 | BH50: 0.16118494
A51: 2003 | B51: 153 | C51: 37774 | D51: p302-S02 | E51: 6 | F51: 13.5 | G51: 0.135 | H51: 4.7 | I51: 4 | K51: 1 | L51: 0 | M51: 14 | N51: 0.14 | O51: 4.5 | P51: 6 | R51: 2 | S51: 0 | T51: 8 | U51: 0.08 | V51: 3.4 | W51: 2 | Y51: 1 | Z51: 0 | AA51: 12.5 | AB51: 0.125 | AC51: 3.7 | AD51: 5 | AF51: 0 | AG51: 0 | AH51: 15.5 | AI51: 0.155 | AJ51: 4.7 | AK51: 6 | AM51: 2 | AN51: 0 | AO51: 16.5 | AP51: 0.165 | AQ51: 5 | AR51: 5 | AT51: 1 | AU51: 0 | AV51: 0 | AW51: 0 | AX51: 0 | AY51: 0 | AZ51: 0.90666667 | BA51: 0.41 | BB51: 1.3166667 | BC51: 104.27724 | BD51: 47.154783 | BE51: 0 | BF51: 0 | BG51: 151.43203 | BH51: 0.1624859
A52: 2003 | B52: 153 | C52: 37774 | D52: p303-S02 | E52: 6 | F52: 13.5 | G52: 0.135 | H52: 4.2 | I52: 5 | K52: 5 | L52: 0 | M52: 14 | N52: 0.14 | O52: 4.7 | P52: 4 | R52: 2 | S52: 0 | T52: 16 | U52: 0.16 | V52: 5.2 | W52: 7 | Y52: 3 | Z52: 0 | AA52: 11 | AB52: 0.11 | AC52: 3.7 | AD52: 3 | AF52: 1 | AG52: 0 | AH52: 11.5 | AI52: 0.115 | AJ52: 3.7 | AK52: 5 | AM52: 0 | AN52: 0 | AO52: 11 | AP52: 0.11 | AQ52: 3.4 | AR52: 3 | AT52: 1 | AU52: 0 | AV52: 0 | AW52: 0 | AX52: 0 | AY52: 0 | AZ52: 0.92166667 | BA52: 0.395 | BB52: 1.3166667 | BC52: 48.759432 | BD52: 20.8969 | BE52: 0 | BF52: 0 | BG52: 69.656332 | BH52: 0.076416662
A53: 2003 | B53: 153 | C53: 37774 | D53: p304-S02 | E53: 6 | F53: 14 | G53: 0.14 | H53: 4.7 | I53: 3 | K53: 2 | L53: 0 | M53: 8 | N53: 0.08 | O53: 3 | P53: 4 | R53: 1 | S53: 0 | T53: 12.5 | U53: 0.125 | V53: 4.2 | W53: 7 | Y53: 1 | Z53: 0 | AA53: 11.5 | AB53: 0.115 | AC53: 4.3 | AD53: 3 | AF53: 3 | AG53: 0 | AH53: 14 | AI53: 0.14 | AJ53: 4.5 | AK53: 7 | AM53: 2 | AN53: 0 | AO53: 15 | AP53: 0.15 | AQ53: 4.7 | AR53: 5 | AT53: 5 | AU53: 0 | AV53: 0 | AW53: 0 | AX53: 0 | AY53: 0 | AZ53: 0.95166667 | BA53: 0.39166667 | BB53: 1.3433333 | BC53: 48.395122 | BD53: 19.917432 | BE53: 0 | BF53: 0 | BG53: 68.312555 | BH53: 0.065275997
A54: 2003 | B54: 153 | C54: 37774 | D54: p305-S02 | E54: 6 | F54: 17 | G54: 0.17 | H54: 4.2 | I54: 7 | K54: 1 | L54: 0 | M54: 16 | N54: 0.16 | O54: 4 | P54: 7 | R54: 4 | S54: 0 | T54: 18 | U54: 0.18 | V54: 4.5 | W54: 5 | Y54: 1 | Z54: 0 | AA54: 17 | AB54: 0.17 | AC54: 4.2 | AD54: 4 | AF54: 1 | AG54: 0 | AH54: 17 | AI54: 0.17 | AJ54: 4.5 | AK54: 3 | AM54: 2 | AN54: 0 | AO54: 10.5 | AP54: 0.105 | AQ54: 3.2 | AR54: 3 | AT54: 1 | AU54: 0 | AV54: 0 | AW54: 0 | AX54: 0 | AY54: 0 | AZ54: 1.0383333 | BA54: 0.42666667 | BB54: 1.465 | BC54: 258.33424 | BD54: 106.1534 | BE54: 0 | BF54: 0 | BG54: 364.48764 | BH54: 0.35232298
A55: 2003 | B55: 153 | C55: 37774 | D55: p306-S02 | E55: 6 | F55: 14 | G55: 0.14 | H55: 4.7 | I55: 3 | K55: 1 | L55: 0 | M55: 12 | N55: 0.12 | O55: 5 | P55: 3 | R55: 1 | S55: 0 | T55: 15.5 | U55: 0.155 | V55: 4.4 | W55: 4 | Y55: 2 | Z55: 0 | AA55: 16 | AB55: 0.16 | AC55: 4.6 | AD55: 5 | AF55: 4 | AG55: 0 | AH55: 15 | AI55: 0.15 | AJ55: 4.5 | AK55: 6 | AM55: 0 | AN55: 0 | AO55: 14 | AP55: 0.14 | AQ55: 4.1 | AR55: 4 | AT55: 2 | AU55: 0 | AV55: 0 | AW55: 0 | AX55: 0 | AY55: 0 | AZ55: 0.96666667 | BA55: 0.41666667 | BB55: 1.3833333 | BC55: 119.01854 | BD55: 51.301096 | BE55: 0 | BF55: 0 | BG55: 170.31964 | BH55: 0.19755726
A56: 2003 | B56: 153 | C56: 37774 | D56: p307-S02 | E56: 6 | F56: 15.5 | G56: 0.155 | H56: 4.1 | I56: 7 | K56: 4 | L56: 0 | M56: 12 | N56: 0.12 | O56: 3.3 | P56: 3 | R56: 1 | S56: 0 | T56: 16 | U56: 0.16 | V56: 4.9 | W56: 6 | Y56: 2 | Z56: 0 | AA56: 14 | AB56: 0.14 | AC56: 4.6 | AD56: 5 | AF56: 2 | AG56: 0 | AH56: 13 | AI56: 0.13 | AJ56: 3.9 | AK56: 4 | AM56: 2 | AN56: 0 | AO56: 12 | AP56: 0.12 | AQ56: 3.7 | AR56: 6 | AT56: 0 | AU56: 0 | AV56: 0 | AW56: 0 | AX56: 0 | AY56: 0 | AZ56: 0.96166667 | BA56: 0.43 | BB56: 1.3916667 | BC56: 111.56694 | BD56: 49.886082 | BE56: 0 | BF56: 0 | BG56: 161.45302 | BH56: 0.17590007
A57: 2003 | B57: 153 | C57: 37774 | D57: p308-S02 | E57: 6 | F57: 12 | G57: 0.12 | H57: 3.1 | I57: 5 | K57: 0 | L57: 0 | M57: 9.5 | N57: 0.095 | O57: 2.7 | P57: 5 | R57: 0 | S57: 0 | T57: 17 | U57: 0.17 | V57: 4.7 | W57: 5 | Y57: 3 | Z57: 0 | AA57: 13 | AB57: 0.13 | AC57: 3.7 | AD57: 4 | AF57: 2 | AG57: 0 | AH57: 14.5 | AI57: 0.145 | AJ57: 4 | AK57: 3 | AM57: 1 | AN57: 0 | AO57: 19 | AP57: 0.19 | AQ57: 5.2 | AR57: 8 | AS57: 6 | AT57: 1 | AU57: 0 | AV57: 0.16666667 | AW57: 0 | AX57: 0 | AY57: 0 | AZ57: 0.9 | BA57: 0.455 | BB57: 1.3566667 | BC57: 204.72441 | BD57: 103.49956 | BE57: 0 | BF57: 0.37911928 | BG57: 308.60309 | BH57: 0.32110421
A58: 2003 | B58: 153 | C58: 37774 | D58: p401-S02 | E58: 5 | F58: 8 | G58: 0.08 | H58: 2.9 | I58: 2 | K58: 0 | L58: 0 | M58: 10.5 | N58: 0.105 | O58: 3.1 | P58: 4 | R58: 0 | S58: 0 | T58: 11.5 | U58: 0.115 | V58: 3.5 | W58: 3 | Y58: 2 | Z58: 0 | AA58: 10.5 | AB58: 0.105 | AC58: 3 | AD58: 4 | AF58: 0 | AG58: 0 | AH58: 13.5 | AI58: 0.135 | AJ58: 4.4 | AK58: 5 | AM58: 1 | AN58: 0 | AV58: 0 | AW58: 0 | AX58: 0 | AY58: 0 | AZ58: 0.658 | BA58: 0.236 | BB58: 0.894 | BC58: 31.572343 | BD58: 11.323819 | BE58: 0 | BF58: 0 | BG58: 42.896161 | BH58: 0.041044045
A59: 2003 | B59: 153 | C59: 37774 | D59: p402-S02 | E59: 6 | F59: 11.5 | G59: 0.115 | H59: 3.7 | I59: 3 | K59: 1 | L59: 0 | M59: 10 | N59: 0.1 | O59: 3.9 | P59: 3 | R59: 1 | S59: 0 | T59: 18 | U59: 0.18 | V59: 5.1 | W59: 9 | Y59: 4 | Z59: 0 | AA59: 10 | AB59: 0.1 | AC59: 3.6 | AD59: 2 | AF59: 2 | AG59: 0 | AH59: 12.5 | AI59: 0.125 | AJ59: 3.2 | AK59: 3 | AM59: 1 | AN59: 0 | AO59: 6.5 | AP59: 0.065 | AQ59: 3.8 | AR59: 2 | AT59: 1 | AU59: 0 | AV59: 0 | AW59: 0 | AX59: 0 | AY59: 0 | AZ59: 0.79833333 | BA59: 0.295 | BB59: 1.0933333 | BC59: 90.144266 | BD59: 33.310094 | BE59: 0 | BF59: 0 | BG59: 123.45436 | BH59: 0.13866764
A60: 2003 | B60: 153 | C60: 37774 | D60: p403-S02 | E60: 6 | F60: 21 | G60: 0.21 | H60: 4.9 | I60: 7 | K60: 1 | L60: 0 | M60: 12 | N60: 0.12 | O60: 4.4 | P60: 2 | R60: 2 | S60: 0 | T60: 13.5 | U60: 0.135 | V60: 4.1 | W60: 3 | Y60: 2 | Z60: 0 | AA60: 12 | AB60: 0.12 | AC60: 4.5 | AD60: 3 | AF60: 2 | AG60: 0 | AH60: 14.5 | AI60: 0.145 | AJ60: 4.2 | AK60: 6 | AM60: 0 | AN60: 0 | AO60: 16 | AP60: 0.16 | AQ60: 4.8 | AR60: 5 | AT60: 2 | AU60: 0 | AV60: 0 | AW60: 0 | AX60: 0 | AY60: 0 | AZ60: 1.11 | BA60: 0.43166667 | BB60: 1.5416667 | BC60: 244.19838 | BD60: 94.966037 | BE60: 0 | BF60: 0 | BG60: 339.16442 | BH60: 0.33379393
A61: 2003 | B61: 153 | C61: 37774 | D61: p404-S02 | E61: 6 | F61: 17 | G61: 0.17 | H61: 4.3 | I61: 6 | K61: 4 | L61: 0 | M61: 11.5 | N61: 0.115 | O61: 3.4 | P61: 3 | R61: 0 | S61: 0 | T61: 9 | U61: 0.09 | V61: 3.6 | W61: 2 | Y61: 1 | Z61: 0 | AA61: 13 | AB61: 0.13 | AC61: 4 | AD61: 6 | AF61: 1 | AG61: 0 | AH61: 12 | AI61: 0.12 | AJ61: 3.7 | AK61: 5 | AM61: 2 | AN61: 0 | AO61: 9.5 | AP61: 0.095 | AQ61: 3 | AR61: 3 | AT61: 1 | AU61: 0 | AV61: 0 | AW61: 0 | AX61: 0 | AY61: 0 | AZ61: 0.725 | BA61: 0.28833333 | BB61: 1.0133333 | BC61: 78.09766 | BD61: 31.059529 | BE61: 0 | BF61: 0 | BG61: 109.15719 | BH61: 0.10946689
A62: 2003 | B62: 153 | C62: 37774 | D62: p405-S02 | E62: 6 | F62: 18.5 | G62: 0.185 | H62: 4.3 | I62: 7 | K62: 2 | L62: 0 | M62: 11.5 | N62: 0.115 | O62: 3.6 | P62: 3 | R62: 2 | S62: 0 | T62: 9 | U62: 0.09 | V62: 4.9 | W62: 8 | Y62: 3 | Z62: 0 | AA62: 10.5 | AB62: 0.105 | AC62: 3.8 | AD62: 4 | AF62: 2 | AG62: 0 | AH62: 11 | AI62: 0.11 | AJ62: 3.8 | AK62: 3 | AM62: 2 | AN62: 0 | AO62: 13 | AP62: 0.13 | AQ62: 3.8 | AR62: 4 | AT62: 2 | AU62: 0 | AV62: 0 | AW62: 0 | AX62: 0 | AY62: 0 | AZ62: 0.98 | BA62: 0.44666667 | BB62: 1.4266667 | BC62: 231.0495 | BD62: 105.30828 | BE62: 0 | BF62: 0 | BG62: 336.35778 | BH62: 0.33777816
A63: 2003 | B63: 153 | C63: 37774 | D63: p406-S02 | E63: 6 | F63: 16 | G63: 0.16 | H63: 4.8 | I63: 4 | K63: 3 | L63: 0 | M63: 15.5 | N63: 0.155 | O63: 5.2 | P63: 6 | R63: 3 | S63: 0 | T63: 10.5 | U63: 0.105 | V63: 4.3 | W63: 3 | Y63: 1 | Z63: 0 | AA63: 12 | AB63: 0.12 | AC63: 3.7 | AD63: 5 | AF63: 0 | AG63: 0 | AH63: 12.5 | AI63: 0.125 | AJ63: 3.8 | AK63: 6 | AM63: 2 | AN63: 0 | AO63: 11 | AP63: 0.11 | AQ63: 3.7 | AR63: 3 | AT63: 1 | AU63: 0 | AV63: 0 | AW63: 0 | AX63: 0 | AY63: 0 | AZ63: 0.81 | BA63: 0.375 | BB63: 1.185 | BC63: 92.864173 | BD63: 42.992673 | BE63: 0 | BF63: 0 | BG63: 135.85685 | BH63: 0.12540469
A64: 2003 | B64: 153 | C64: 37774 | D64: p407-S02 | E64: 6 | F64: 12 | G64: 0.12 | H64: 4 | I64: 3 | K64: 2 | L64: 0 | M64: 10.5 | N64: 0.105 | O64: 3.7 | P64: 3 | R64: 1 | S64: 0 | T64: 9 | U64: 0.09 | V64: 3.9 | W64: 2 | Y64: 2 | Z64: 0 | AA64: 12 | AB64: 0.12 | AC64: 3.9 | AD64: 3 | AF64: 1 | AG64: 0 | AH64: 12 | AI64: 0.12 | AJ64: 4.7 | AK64: 6 | AM64: 1 | AN64: 0 | AO64: 14 | AP64: 0.14 | AQ64: 4.1 | AR64: 4 | AT64: 2 | AU64: 0 | AV64: 0 | AW64: 0 | AX64: 0 | AY64: 0 | AZ64: 0.83666667 | BA64: 0.34166667 | BB64: 1.1783333 | BC64: 41.689222 | BD64: 17.024483 | BE64: 0 | BF64: 0 | BG64: 58.713706 | BH64: 0.053416798
A65: 2003 | B65: 153 | C65: 37774 | D65: p408-S02 | E65: 6 | F65: 14 | G65: 0.14 | H65: 4.2 | I65: 7 | K65: 0 | L65: 0 | M65: 16 | N65: 0.16 | O65: 4.5 | P65: 6 | R65: 0 | S65: 0 | T65: 7 | U65: 0.07 | V65: 2.8 | W65: 3 | Y65: 0 | Z65: 0 | AA65: 16 | AB65: 0.16 | AC65: 4.5 | AD65: 4 | AF65: 2 | AG65: 0 | AH65: 9.5 | AI65: 0.095 | AJ65: 3.5 | AK65: 2 | AM65: 1 | AN65: 0 | AO65: 11 | AP65: 0.11 | AQ65: 3.5 | AR65: 3 | AT65: 0 | AU65: 0 | AV65: 0 | AW65: 0 | AX65: 0 | AY65: 0 | AZ65: 0.73666667 | BA65: 0.31833333 | BB65: 1.055 | BC65: 86.940738 | BD65: 37.569414 | BE65: 0 | BF65: 0 | BG65: 124.51015 | BH65: 0.12167029
A66: 2003 | B66: 160 | C66: 37781 | D66: p101-S03 | E66: 4 | F66: 13 | G66: 0.13 | H66: 5.31 | I66: 9 | K66: 1 | L66: 0 | M66: 22 | N66: 0.22 | O66: 6.14 | P66: 11 | Q66: 4 | R66: 6 | S66: 0 | T66: 21 | U66: 0.21 | V66: 5.82 | W66: 11 | Y66: 3 | Z66: 0 | AA66: 20 | AB66: 0.2 | AC66: 6.95 | AD66: 9 | AE66: 4 | AF66: 1 | AG66: 6 | AV66: 1.25 | AW66: 0 | AX66: 0 | AY66: 0 | AZ66: 2.5775 | BA66: 1.28 | BB66: 3.865 | BC66: 133.71627 | BD66: 66.404199 | BE66: 0 | BF66: 0.38908711 | BG66: 200.50956 | BH66: 0.19434087
A67: 2003 | B67: 160 | C67: 37781 | D67: p102-S03 | E67: 6 | F67: 19 | G67: 0.19 | H67: 5.97 | I67: 10 | J67: 2 | K67: 0 | L67: 0 | M67: 16 | N67: 0.16 | O67: 5.37 | P67: 5 | Q67: 4 | R67: 1 | S67: 1 | T67: 16 | U67: 0.16 | V67: 4.49 | W67: 6 | X67: 5 | Y67: 1 | Z67: 1 | AA67: 21 | AB67: 0.21 | AC67: 5.15 | AD67: 9 | AE67: 10 | AF67: 1 | AG67: 1 | AH67: 12 | AI67: 0.12 | AJ67: 3.6 | AK67: 5 | AL67: 4 | AM67: 0 | AN67: 0 | AO67: 18 | AP67: 0.18 | AQ67: 4.57 | AR67: 6 | AS67: 4 | AT67: 0 | AU67: 0 | AV67: 0 | AW67: 0 | AX67: 0 | AY67: 0 | AZ67: 1.2583333 | BA67: 0.60166667 | BB67: 1.86 | BC67: 119.03525 | BD67: 56.916193 | BE67: 0 | BF67: 0 | BG67: 175.95144 | BH67: 0.18112384
A68: 2003 | B68: 160 | C68: 37781 | D68: p103-S03 | E68: 6 | F68: 12 | G68: 0.12 | H68: 3.94 | I68: 4 | J68: 2 | K68: 1 | L68: 1 | M68: 21 | N68: 0.21 | O68: 5.83 | P68: 8 | Q68: 4 | R68: 0 | S68: 0 | T68: 22 | U68: 0.22 | V68: 5.57 | W68: 8 | X68: 6 | Y68: 3 | Z68: 4 | AA68: 20.2 | AB68: 0.202 | AC68: 5.5 | AD68: 8 | AF68: 1 | AG68: 0 | AH68: 18.1 | AI68: 0.181 | AJ68: 5.6 | AK68: 8 | AM68: 1 | AN68: 0 | AO68: 13.7 | AP68: 0.137 | AQ68: 4 | AR68: 9 | AT68: 1 | AU68: 0 | AV68: 0 | AW68: 0 | AX68: 0 | AY68: 0 | AZ68: 1.7466667 | BA68: 0.93833333 | BB68: 2.685 | BC68: 393.97419 | BD68: 211.64835 | BE68: 0 | BF68: 0 | BG68: 605.62254 | BH68: 0.5112729
A69: 2003 | B69: 160 | C69: 37781 | D69: p104-S03 | E69: 6 | F69: 17.1 | G69: 0.171 | H69: 5.4 | I69: 9 | K69: 0 | L69: 0 | M69: 25.1 | N69: 0.251 | O69: 6 | P69: 9 | R69: 1 | S69: 0 | T69: 23.4 | U69: 0.234 | V69: 6.3 | W69: 10 | X69: 7 | Y69: 2 | Z69: 0 | AA69: 20.4 | AB69: 0.204 | AC69: 5.7 | AD69: 8 | AF69: 2 | AG69: 0 | AH69: 20.1 | AI69: 0.201 | AJ69: 5.1 | AK69: 9 | AM69: 1 | AN69: 0 | AO69: 16 | AP69: 0.16 | AQ69: 5.2 | AR69: 8 | AT69: 2 | AU69: 0 | AV69: 0.16666667 | AW69: 0 | AX69: 0 | AY69: 0 | AZ69: 1.8316667 | BA69: 0.97333333 | BB69: 2.805 | BC69: 222.01413 | BD69: 117.97657 | BE69: 0 | BF69: 0 | BG69: 339.9907 | BH69: 0.33124021
A70: 2003 | B70: 160 | C70: 37781 | D70: p105-S03 | E70: 6 | F70: 24 | G70: 0.24 | H70: 5.9 | I70: 7 | K70: 0 | L70: 0 | M70: 18 | N70: 0.18 | O70: 5.15 | P70: 7 | R70: 1 | S70: 0 | T70: 22 | U70: 0.22 | V70: 6.6 | W70: 8 | Y70: 4 | Z70: 0 | AA70: 22.5 | AB70: 0.225 | AC70: 5.42 | AD70: 5 | AF70: 2 | AG70: 0 | AH70: 24.5 | AI70: 0.245 | AJ70: 6.09 | AK70: 7 | AM70: 3 | AN70: 0 | AO70: 21.5 | AP70: 0.215 | AQ70: 6.36 | AR70: 6 | AT70: 4 | AU70: 0 | AV70: 0 | AW70: 0 | AX70: 0 | AY70: 0 | AZ70: 1.9233333 | BA70: 1.08 | BB70: 3.0033333 | BC70: 451.87676 | BD70: 253.74016 | BE70: 0 | BF70: 0 | BG70: 705.61692 | BH70: 0.75660391
A71: 2003 | B71: 160 | C71: 37781 | D71: p106-S03 | E71: 6 | F71: 21 | G71: 0.21 | H71: 5.8 | I71: 7 | J71: 3 | K71: 2 | L71: 0 | M71: 12 | N71: 0.12 | O71: 4.77 | P71: 3 | R71: 1 | S71: 0 | T71: 17.5 | U71: 0.175 | V71: 4.83 | W71: 6 | X71: 2 | Y71: 2 | Z71: 1 | AA71: 20 | AB71: 0.2 | AC71: 5.6 | AD71: 7 | AE71: 4 | AF71: 2 | AG71: 0 | AH71: 29.5 | AI71: 0.295 | AJ71: 6.12 | AK71: 11 | AL71: 7 | AM71: 0 | AN71: 0 | AO71: 21 | AP71: 0.21 | AQ71: 4.8 | AR71: 6 | AS71: 5 | AT71: 0 | AU71: 0 | AV71: 1 | AW71: 0 | AX71: 0 | AY71: 0 | AZ71: 1.83 | BA71: 0.90666667 | BB71: 2.7516667 | BC71: 223.64665 | BD71: 110.8049 | BE71: 0 | BF71: 1.8331693 | BG71: 336.28472 | BH71: 0.3511785
A72: 2003 | B72: 160 | C72: 37781 | D72: p107-S03 | E72: 6 | F72: 20 | G72: 0.2 | H72: 6.7 | I72: 6 | K72: 4 | L72: 0 | M72: 23 | N72: 0.23 | O72: 5.49 | P72: 9 | Q72: 6 | R72: 0 | S72: 0 | T72: 25 | U72: 0.25 | V72: 6.23 | W72: 8 | X72: 6 | Y72: 3 | Z72: 0 | AA72: 20.5 | AB72: 0.205 | AC72: 5.53 | AD72: 6 | AE72: 3 | AF72: 1 | AG72: 1 | AH72: 19 | AI72: 0.19 | AJ72: 6.4 | AK72: 8 | AL72: 6 | AM72: 4 | AN72: 0 | AO72: 15 | AP72: 0.15 | AQ72: 4.21 | AR72: 7 | AS72: 5 | AT72: 0 | AU72: 0 | AV72: 0 | AW72: 0 | AX72: 0 | AY72: 0 | AZ72: 2.09 | BA72: 1.0833333 | BB72: 3.18 | BC72: 239.80297 | BD72: 124.29978 | BE72: 0 | BF72: 0.76492175 | BG72: 364.86767 | BH72: 0.42157685
A73: 2003 | B73: 160 | C73: 37781 | D73: p108-S03 | E73: 6 | F73: 23.5 | G73: 0.235 | H73: 5.65 | I73: 8 | J73: 2 | K73: 0 | L73: 0 | M73: 23 | N73: 0.23 | O73: 5.68 | P73: 8 | Q73: 6 | R73: 3 | S73: 0 | T73: 21 | U73: 0.21 | V73: 5.81 | W73: 8 | X73: 6 | Y73: 2 | Z73: 0 | AA73: 11 | AB73: 0.11 | AC73: 3.93 | AD73: 2 | AF73: 7 | AG73: 0 | AH73: 21 | AI73: 0.21 | AJ73: 5.43 | AK73: 6 | AL73: 4 | AM73: 1 | AN73: 0 | AO73: 21 | AP73: 0.21 | AQ73: 5.06 | AR73: 6 | AS73: 4 | AT73: 1 | AU73: 0 | AV73: 0.33333333 | AW73: 0 | AX73: 0 | AY73: 0 | AZ73: 1.6333333 | BA73: 0.79166667 | BB73: 2.4316667 | BC73: 195.14618 | BD73: 94.586159 | BE73: 0 | BF73: 0.79651502 | BG73: 290.52885 | BH73: 0.27896092
A74: 2003 | B74: 160 | C74: 37781 | D74: p201-S03 | E74: 6 | F74: 23.6 | G74: 0.236 | H74: 6 | I74: 6 | J74: 4 | K74: 1 | L74: 0 | M74: 18.2 | N74: 0.182 | O74: 5 | P74: 6 | R74: 4 | S74: 0 | T74: 17.8 | U74: 0.178 | V74: 4.8 | W74: 9 | Y74: 0 | Z74: 0 | AA74: 22.6 | AB74: 0.226 | AC74: 5.7 | AD74: 7 | AF74: 1 | AG74: 0 | AH74: 20.1 | AI74: 0.201 | AJ74: 5.3 | AK74: 10 | AL74: 6 | AM74: 0 | AN74: 0 | AO74: 19.1 | AP74: 0.191 | AQ74: 5.5 | AR74: 8 | AS74: 3 | AT74: 1 | AU74: 0 | AV74: 0.33333333 | AW74: 0 | AX74: 0 | AY74: 0 | AZ74: 1.4416667 | BA74: 0.73666667 | BB74: 2.18 | BC74: 317.42734 | BD74: 162.19986 | BE74: 0 | BF74: 0.36696802 | BG74: 479.99417 | BH74: 0.57418001
A75: 2003 | B75: 160 | C75: 37781 | D75: p202-S03 | E75: 6 | F75: 17.5 | G75: 0.175 | H75: 5.4 | I75: 8 | J75: 3 | K75: 1 | L75: 0 | M75: 11.8 | N75: 0.118 | O75: 4.4 | P75: 6 | Q75: 8 | R75: 0 | S75: 0 | T75: 21.3 | U75: 0.213 | V75: 5.3 | W75: 8 | X75: 5 | Y75: 1 | Z75: 0 | AA75: 18.4 | AB75: 0.184 | AC75: 4.7 | AD75: 8 | AE75: 4 | AF75: 0 | AG75: 0 | AH75: 11.9 | AI75: 0.119 | AJ75: 3.6 | AK75: 4 | AM75: 2 | AN75: 0 | AO75: 18.4 | AP75: 0.184 | AQ75: 6.4 | AR75: 4 | AT75: 3 | AU75: 1 | AV75: 0 | AW75: 0 | AX75: 0 | AY75: 0 | AZ75: 1.245 | BA75: 0.59666667 | BB75: 1.8416667 | BC75: 156.01077 | BD75: 74.768215 | BE75: 0 | BF75: 0 | BG75: 230.77899 | BH75: 0.2282332
A76: 2003 | B76: 160 | C76: 37781 | D76: p203-S03 | E76: 6 | F76: 18.8 | G76: 0.188 | H76: 6 | I76: 6 | J76: 4 | K76: 2 | L76: 1 | M76: 21 | N76: 0.21 | O76: 5.7 | P76: 9 | Q76: 4 | R76: 0 | S76: 0 | T76: 18 | U76: 0.18 | V76: 5.5 | W76: 8 | X76: 1 | Y76: 0 | Z76: 0 | AA76: 17.9 | AB76: 0.179 | AC76: 4.8 | AD76: 7 | AE76: 3 | AF76: 1 | AG76: 1 | AH76: 16.2 | AI76: 0.162 | AJ76: 3.9 | AK76: 6 | AL76: 3 | AM76: 1 | AN76: 0 | AO76: 16.6 | AP76: 0.166 | AQ76: 5.5 | AR76: 7 | AS76: 3 | AT76: 1 | AU76: 1 | AV76: 0 | AW76: 0 | AX76: 0 | AY76: 0 | AZ76: 1.5416667 | BA76: 0.76333333 | BB76: 2.3066667 | BC76: 166.91273 | BD76: 82.644357 | BE76: 0 | BF76: 0.18044619 | BG76: 249.73753 | BH76: 0.23893125
A77: 2003 | B77: 160 | C77: 37781 | D77: p204-S03 | E77: 6 | F77: 20.1 | G77: 0.201 | H77: 5.8 | I77: 7 | J77: 3 | K77: 2 | L77: 3 | M77: 23.7 | N77: 0.237 | O77: 6.1 | P77: 10 | Q77: 5 | R77: 2 | S77: 0 | T77: 21.8 | U77: 0.218 | V77: 5.3 | W77: 8 | X77: 4 | Y77: 2 | Z77: 0 | AA77: 20.4 | AB77: 0.204 | AC77: 5.2 | AD77: 9 | AF77: 2 | AG77: 0 | AH77: 23.6 | AI77: 0.236 | AJ77: 5.8 | AK77: 10 | AL77: 7 | AM77: 2 | AN77: 0 | AO77: 25.8 | AP77: 0.258 | AR77: 10 | AS77: 5 | AT77: 1 | AU77: 0 | AV77: 0.16666667 | AW77: 0 | AX77: 0 | AY77: 0 | AZ77: 1.9816667 | BA77: 1.0833333 | BB77: 3.0683333 | BC77: 479.12672 | BD77: 261.92798 | BE77: 0 | BF77: 0.80593224 | BG77: 741.86063 | BH77: 0.68140927
A78: 2003 | B78: 160 | C78: 37781 | D78: p205-S03 | E78: 6 | F78: 17.6 | G78: 0.176 | H78: 5.6 | I78: 8 | K78: 1 | L78: 0 | M78: 15.2 | N78: 0.152 | O78: 5.1 | P78: 5 | R78: 1 | S78: 0 | T78: 24.1 | U78: 0.241 | V78: 6.9 | W78: 11 | X78: 5 | Y78: 0 | Z78: 0 | AA78: 19.5 | AB78: 0.195 | AC78: 6.4 | AD78: 12 | AE78: 4 | AF78: 2 | AG78: 0 | AH78: 13.4 | AI78: 0.134 | AJ78: 4.5 | AK78: 6 | AM78: 1 | AN78: 0 | AO78: 18.6 | AP78: 0.186 | AQ78: 6.1 | AR78: 7 | AS78: 1 | AT78: 1 | AU78: 2 | AV78: 1.5 | AW78: 0 | AX78: 0 | AY78: 0 | AZ78: 2.0833333 | BA78: 1.0116667 | BB78: 3.0971667 | BC78: 102.52625 | BD78: 49.786745 | BE78: 0 | BF78: 0.1066273 | BG78: 152.41962 | BH78: 0.13787462
A79: 2003 | B79: 160 | C79: 37781 | D79: p206-S03 | E79: 6 | F79: 17.9 | G79: 0.179 | H79: 5.6 | I79: 9 | K79: 1 | L79: 0 | M79: 13.8 | N79: 0.138 | O79: 4.1 | P79: 9 | R79: 0 | S79: 0 | T79: 23 | U79: 0.23 | V79: 7.7 | W79: 9 | X79: 6 | Y79: 2 | Z79: 1 | AA79: 15.2 | AB79: 0.152 | AC79: 5.2 | AD79: 7 | AF79: 1 | AG79: 0 | AH79: 17.4 | AI79: 0.174 | AJ79: 6 | AK79: 9 | AM79: 1 | AN79: 0 | AO79: 13.2 | AP79: 0.132 | AQ79: 4.7 | AR79: 8 | AT79: 1 | AU79: 0 | AV79: 0.5 | AW79: 0 | AX79: 0 | AY79: 0 | AZ79: 1.8216667 | BA79: 0.87 | BB79: 2.6933333 | BC79: 93.75786 | BD79: 44.777313 | BE79: 0 | BF79: 0.085780293 | BG79: 138.62095 | BH79: 0.1452445
A80: 2003 | B80: 160 | C80: 37781 | D80: p207-S03 | E80: 6 | F80: 21.4 | G80: 0.214 | H80: 5.6 | I80: 8 | J80: 7 | K80: 1 | L80: 0 | M80: 19.1 | N80: 0.191 | O80: 4.4 | P80: 6 | R80: 1 | S80: 0 | T80: 17.7 | U80: 0.177 | V80: 5.1 | W80: 7 | Y80: 0 | Z80: 0 | AA80: 27.3 | AB80: 0.273 | AC80: 6.7 | AD80: 11 | AE80: 9 | AF80: 1 | AG80: 0 | AH80: 14.2 | AI80: 0.142 | AJ80: 4.5 | AK80: 7 | AL80: 5 | AM80: 0 | AN80: 0 | AO80: 11.3 | AP80: 0.113 | AQ80: 3.3 | AR80: 8 | AS80: 5 | AT80: 0 | AU80: 0 | AV80: 0.66666667 | AW80: 0 | AX80: 0 | AY80: 0 | AZ80: 1.3416667 | BA80: 0.745 | BB80: 2.0883333 | BC80: 158.46457 | BD80: 87.992126 | BE80: 0 | BF80: 0.19685039 | BG80: 246.65354 | BH80: 0.23375609
A81: 2003 | B81: 160 | C81: 37781 | D81: p208-S03 | E81: 6 | F81: 21.1 | G81: 0.211 | H81: 5.5 | I81: 10 | J81: 6 | K81: 0 | L81: 0 | M81: 14.1 | N81: 0.141 | O81: 4.2 | P81: 8 | R81: 0 | S81: 0 | T81: 16.3 | U81: 0.163 | V81: 5.4 | W81: 8 | X81: 7 | Y81: 1 | Z81: 0 | AA81: 3.5 | AB81: 0.035 | AC81: 2.6 | AD81: 0 | AF81: 0 | AG81: 0 | AH81: 16.5 | AI81: 0.165 | AJ81: 5 | AK81: 8 | AM81: 0 | AN81: 0 | AO81: 18.2 | AP81: 0.182 | AQ81: 5 | AR81: 9 | AS81: 6 | AT81: 0 | AU81: 0 | AV81: 1.3333333 | AW81: 0 | AX81: 0 | AY81: 0 | AZ81: 1.3416667 | BA81: 0.59166667 | BB81: 1.9433333 | BC81: 66.302015 | BD81: 29.238777 | BE81: 0 | BF81: 0.49417651 | BG81: 96.034968 | BH81: 0.094677356
A82: 2003 | B82: 160 | C82: 37781 | D82: p301-S03 | E82: 6 | F82: 24.5 | G82: 0.245 | H82: 6.5 | I82: 10 | J82: 4 | K82: 0 | L82: 0 | M82: 25.6 | N82: 0.256 | O82: 6.6 | P82: 9 | Q82: 6 | R82: 1 | S82: 2 | T82: 23.2 | U82: 0.232 | V82: 5.9 | W82: 10 | X82: 6 | Y82: 0 | Z82: 0 | AA82: 16.9 | AB82: 0.169 | AC82: 4.9 | AD82: 9 | AE82: 7 | AF82: 0 | AG82: 0 | AH82: 22.1 | AI82: 0.221 | AJ82: 6 | AK82: 9 | AM82: 0 | AN82: 0 | AO82: 15.9 | AP82: 0.159 | AQ82: 4.2 | AR82: 9 | AS82: 6 | AT82: 0 | AU82: 0 | AV82: 1.8333333 | AW82: 0 | AX82: 0 | AY82: 0 | AZ82: 2.1 | BA82: 1.0833333 | BB82: 3.205 | BC82: 230.6157 | BD82: 118.96842 | BE82: 0 | BF82: 2.3793684 | BG82: 351.96349 | BH82: 0.36066394
A83: 2003 | B83: 160 | C83: 37781 | D83: p302-S03 | E83: 6 | F83: 11.9 | G83: 0.119 | H83: 4.4 | I83: 7 | K83: 1 | L83: 0 | M83: 22.7 | N83: 0.227 | O83: 6.1 | P83: 7 | Q83: 4 | R83: 2 | S83: 0 | T83: 9.6 | U83: 0.096 | V83: 4.1 | W83: 4 | Y83: 1 | Z83: 0 | AA83: 15.3 | AB83: 0.153 | AC83: 5.4 | AD83: 7 | AF83: 1 | AG83: 0 | AH83: 18.9 | AI83: 0.189 | AJ83: 5.5 | AK83: 6 | AM83: 1 | AN83: 0 | AO83: 19.1 | AP83: 0.191 | AQ83: 5.5 | AR83: 8 | AT83: 1 | AU83: 0 | AV83: 0.33333333 | AW83: 0 | AX83: 0 | AY83: 0 | AZ83: 1.37 | BA83: 0.66333333 | BB83: 2.0366667 | BC83: 157.56598 | BD83: 76.291071 | BE83: 0 | BF83: 0.38337222 | BG83: 234.24042 | BH83: 0.22251338
A84: 2003 | B84: 160 | C84: 37781 | D84: p303-S03 | E84: 6 | F84: 20.9 | G84: 0.209 | H84: 6.4 | I84: 8 | J84: 6 | K84: 1 | L84: 0 | M84: 25 | N84: 0.25 | O84: 7.7 | P84: 8 | Q84: 5 | R84: 3 | S84: 2 | T84: 16.7 | U84: 0.167 | V84: 5.1 | W84: 8 | Y84: 0 | Z84: 0 | AA84: 21.1 | AB84: 0.211 | AC84: 7.1 | AD84: 9 | AF84: 1 | AG84: 1 | AH84: 14.7 | AI84: 0.147 | AJ84: 4 | AK84: 7 | AM84: 1 | AN84: 0 | AO84: 21.8 | AP84: 0.218 | AQ84: 6.5 | AR84: 11 | AT84: 0 | AU84: 0 | AV84: 1 | AW84: 0 | AX84: 0 | AY84: 0 | AZ84: 2.595 | BA84: 1.31 | BB84: 3.9166667 | BC84: 137.28469 | BD84: 69.303642 | BE84: 0 | BF84: 0.61720801 | BG84: 207.20554 | BH84: 0.21378038
A85: 2003 | B85: 160 | C85: 37781 | D85: p304-S03 | E85: 6 | F85: 20.1 | G85: 0.201 | H85: 6.3 | I85: 8 | J85: 4 | K85: 1 | L85: 0 | M85: 15.1 | N85: 0.151 | O85: 5.8 | P85: 5 | R85: 2 | S85: 0 | T85: 17.6 | U85: 0.176 | V85: 5.7 | W85: 8 | Y85: 2 | Z85: 0 | AA85: 17.5 | AB85: 0.175 | AC85: 5.8 | AD85: 8 | AF85: 1 | AG85: 0 | AH85: 24.2 | AI85: 0.242 | AJ85: 6.8 | AK85: 11 | AL85: 6 | AM85: 0 | AN85: 0 | AO85: 19.2 | AP85: 0.192 | AQ85: 6.6 | AR85: 7 | AS85: 5 | AT85: 1 | AU85: 0 | AV85: 0.83333333 | AW85: 0 | AX85: 0 | AY85: 0 | AZ85: 2.4233333 | BA85: 1.1733333 | BB85: 3.6 | BC85: 123.23381 | BD85: 59.667542 | BE85: 0 | BF85: 0.16951006 | BG85: 183.07087 | BH85: 0.19377455
A86: 2003 | B86: 160 | C86: 37781 | D86: p305-S03 | E86: 5 | F86: 17 | G86: 0.17 | H86: 5.13 | I86: 6 | J86: 4 | K86: 1 | L86: 1 | M86: 20 | N86: 0.2 | O86: 4.87 | P86: 8 | Q86: 6 | R86: 0 | S86: 0 | T86: 22 | U86: 0.22 | V86: 6.1 | W86: 7 | X86: 5 | Y86: 2 | Z86: 2 | AA86: 28 | AB86: 0.28 | AC86: 5.52 | AD86: 11 | AE86: 2 | AF86: 0 | AG86: 0 | AH86: 15 | AI86: 0.15 | AJ86: 4.94 | AK86: 6 | AL86: 2 | AM86: 0 | AN86: 0 | AV86: 0.4 | AW86: 0 | AX86: 0 | AY86: 0 | AZ86: 2.268 | BA86: 1.066 | BB86: 3.338 | BC86: 564.27165 | BD86: 265.21763 | BE86: 0 | BF86: 0.9951881 | BG86: 830.48447 | BH86: 0.85862688
A87: 2003 | B87: 160 | C87: 37781 | D87: p306-S03 | E87: 6 | F87: 15 | G87: 0.15 | H87: 4.7 | I87: 5 | J87: 4 | K87: 2 | L87: 0 | M87: 22 | N87: 0.22 | O87: 7.08 | P87: 10 | Q87: 4 | R87: 1 | S87: 0 | T87: 22 | U87: 0.22 | V87: 5.87 | W87: 7 | X87: 5 | Y87: 2 | Z87: 1 | AA87: 11 | AB87: 0.11 | AC87: 4.1 | AD87: 5 | AF87: 1 | AG87: 0 | AH87: 18.5 | AI87: 0.185 | AJ87: 5.47 | AK87: 6 | AM87: 2 | AN87: 0 | AO87: 20.6 | AP87: 0.206 | AQ87: 6.22 | AR87: 11 | AS87: 9 | AT87: 0 | AU87: 0 | AV87: 0.16666667 | AW87: 0 | AX87: 0 | AY87: 0 | AZ87: 1.9333333 | BA87: 0.95166667 | BB87: 2.8866667 | BC87: 238.03709 | BD87: 117.1717 | BE87: 0 | BF87: 0.20520438 | BG87: 355.41399 | BH87: 0.36633536
A88: 2003 | B88: 160 | C88: 37781 | D88: p307-S03 | E88: 6 | F88: 14 | G88: 0.14 | H88: 5.32 | I88: 6 | J88: 4 | K88: 1 | L88: 1 | M88: 19 | N88: 0.19 | O88: 4.91 | P88: 9 | Q88: 7 | R88: 0 | S88: 0 | T88: 22 | U88: 0.22 | V88: 6.38 | W88: 12 | X88: 8 | Y88: 0 | Z88: 0 | AA88: 23 | AB88: 0.23 | AC88: 6.1 | AD88: 9 | AE88: 6 | AF88: 1 | AG88: 0 | AH88: 15 | AI88: 0.15 | AJ88: 4.2 | AK88: 6 | AM88: 0 | AN88: 0 | AO88: 19 | AP88: 0.19 | AQ88: 4.91 | AR88: 8 | AT88: 0 | AU88: 0 | AV88: 0.5 | AW88: 0 | AX88: 0 | AY88: 0 | AZ88: 1.5833333 | BA88: 0.88666667 | BB88: 2.475 | BC88: 183.68906 | BD88: 102.86587 | BE88: 0 | BF88: 0.58007072 | BG88: 287.13501 | BH88: 0.32016078
A89: 2003 | B89: 160 | C89: 37781 | D89: p308-S03 | E89: 6 | F89: 17 | G89: 0.17 | H89: 4.58 | I89: 8 | J89: 5 | K89: 0 | L89: 0 | M89: 24.5 | N89: 0.245 | O89: 5.42 | P89: 9 | Q89: 6 | R89: 0 | S89: 0 | T89: 25 | U89: 0.25 | V89: 6.81 | W89: 7 | X89: 6 | Y89: 2 | Z89: 0 | AA89: 18 | AB89: 0.18 | AC89: 4.66 | AD89: 8 | AE89: 4 | AF89: 0 | AG89: 0 | AH89: 20 | AI89: 0.2 | AJ89: 5.35 | AK89: 6 | AL89: 5 | AM89: 1 | AN89: 1 | AO89: 21 | AP89: 0.21 | AQ89: 5.78 | AR89: 7 | AS89: 6 | AT89: 1 | AU89: 1 | AV89: 0.16666667 | AW89: 0 | AX89: 0 | AY89: 0 | AZ89: 2.13 | BA89: 1.065 | BB89: 3.1983333 | BC89: 484.51444 | BD89: 242.25722 | BE89: 0 | BF89: 0.75823855 | BG89: 727.52989 | BH89: 0.67540491
A90: 2003 | B90: 160 | C90: 37781 | D90: p401-S03 | E90: 6 | F90: 19 | G90: 0.19 | H90: 5.48 | I90: 10 | J90: 6 | K90: 2 | L90: 0 | M90: 15 | N90: 0.15 | O90: 4.05 | P90: 9 | Q90: 5 | R90: 3 | S90: 0 | T90: 14 | U90: 0.14 | V90: 4.35 | W90: 5 | Y90: 1 | Z90: 0 | AA90: 15 | AB90: 0.15 | AC90: 6.13 | AD90: 6 | AF90: 3 | AG90: 0 | AH90: 12 | AI90: 0.12 | AJ90: 4.86 | AK90: 5 | AM90: 1 | AN90: 0 | AO90: 13.5 | AP90: 0.135 | AQ90: 4.59 | AR90: 6 | AT90: 2 | AU90: 0 | AV90: 0 | AW90: 0 | AX90: 0 | AY90: 0 | AZ90: 1.3416667 | BA90: 0.57 | BB90: 1.9116667 | BC90: 64.37623 | BD90: 27.349902 | BE90: 0 | BF90: 0 | BG90: 91.726132 | BH90: 0.097240762
A91: 2003 | B91: 160 | C91: 37781 | D91: p402-S03 | E91: 6 | F91: 13 | G91: 0.13 | H91: 4.84 | I91: 5 | K91: 2 | L91: 0 | M91: 16 | N91: 0.16 | O91: 5.78 | P91: 5 | R91: 3 | S91: 0 | T91: 17 | U91: 0.17 | V91: 5.47 | W91: 6 | X91: 4 | Y91: 2 | Z91: 0 | AA91: 23.5 | AB91: 0.235 | AC91: 5.45 | AD91: 9 | AE91: 6 | AF91: 3 | AG91: 0 | AH91: 24.5 | AI91: 0.245 | AJ91: 5.26 | AK91: 5 | AM91: 2 | AN91: 0 | AO91: 22 | AP91: 0.22 | AQ91: 6.54 | AR91: 8 | AS91: 5 | AT91: 2 | AU91: 0 | AV91: 0.5 | AW91: 0 | AX91: 0 | AY91: 0 | AZ91: 1.895 | BA91: 0.83166667 | BB91: 2.7283333 | BC91: 213.97501 | BD91: 93.908118 | BE91: 0 | BF91: 0.18819262 | BG91: 308.07132 | BH91: 0.3314037
A92: 2003 | B92: 160 | C92: 37781 | D92: p403-S03 | E92: 6 | F92: 17 | G92: 0.17 | H92: 5 | I92: 7 | J92: 3 | K92: 3 | L92: 0 | M92: 22 | N92: 0.22 | O92: 5.47 | P92: 6 | R92: 2 | S92: 0 | T92: 23 | U92: 0.23 | V92: 5.73 | W92: 7 | X92: 2 | Y92: 3 | Z92: 0 | AA92: 19 | AB92: 0.19 | AC92: 4.37 | AD92: 7 | AE92: 2 | AF92: 2 | AG92: 0 | AH92: 19 | AI92: 0.19 | AJ92: 6.73 | AK92: 6 | AL92: 4 | AM92: 3 | AN92: 0 | AO92: 17 | AP92: 0.17 | AQ92: 5.27 | AR92: 7 | AS92: 5 | AT92: 2 | AU92: 0 | AV92: 0 | AW92: 0 | AX92: 0 | AY92: 0 | AZ92: 1.8483333 | BA92: 0.925 | BB92: 2.7733333 | BC92: 406.63064 | BD92: 203.49865 | BE92: 0 | BF92: 0 | BG92: 610.12929 | BH92: 0.5699122
A93: 2003 | B93: 160 | C93: 37781 | D93: p404-S03 | E93: 6 | F93: 19.5 | G93: 0.195 | H93: 4.89 | I93: 8 | J93: 5 | K93: 3 | L93: 0 | M93: 16 | N93: 0.16 | O93: 5.4 | P93: 6 | R93: 2 | S93: 0 | T93: 17 | U93: 0.17 | V93: 5.61 | W93: 6 | X93: 4 | Y93: 2 | Z93: 0 | AA93: 17 | AB93: 0.17 | AC93: 5.83 | AD93: 5 | AE93: 3 | AF93: 2 | AG93: 0 | AH93: 17 | AI93: 0.17 | AJ93: 5.25 | AK93: 6 | AL93: 3 | AM93: 2 | AN93: 0 | AO93: 20 | AP93: 0.2 | AQ93: 5.95 | AR93: 8 | AT93: 4 | AU93: 0 | AV93: 0.16666667 | AW93: 0 | AX93: 0 | AY93: 0 | AZ93: 1.875 | BA93: 0.83833333 | BB93: 2.715 | BC93: 201.97671 | BD93: 90.306029 | BE93: 0 | BF93: 0.17953485 | BG93: 292.46227 | BH93: 0.26849518
A94: 2003 | B94: 160 | C94: 37781 | D94: p405-S03 | E94: 6 | F94: 17.3 | G94: 0.173 | H94: 4.6 | I94: 7 | K94: 0 | L94: 0 | M94: 16.8 | N94: 0.168 | O94: 5.4 | P94: 9 | R94: 1 | S94: 0 | T94: 21.9 | U94: 0.219 | V94: 5.5 | W94: 7 | Y94: 2 | Z94: 0 | AA94: 12.1 | AB94: 0.121 | AC94: 3.8 | AD94: 7 | AF94: 0 | AG94: 0 | AH94: 22.5 | AI94: 0.225 | AJ94: 5.8 | AK94: 7 | AL94: 5 | AM94: 1 | AN94: 0 | AO94: 15.4 | AP94: 0.154 | AQ94: 4.2 | AR94: 9 | AT94: 0 | AU94: 0 | AV94: 0.16666667 | AW94: 0 | AX94: 0 | AY94: 0 | AZ94: 1.3283333 | BA94: 0.67166667 | BB94: 2.0016667 | BC94: 313.17424 | BD94: 158.35536 | BE94: 0 | BF94: 0.39294133 | BG94: 471.92254 | BH94: 0.49542341
A95: 2003 | B95: 160 | C95: 37781 | D95: p406-S03 | E95: 6 | F95: 16 | G95: 0.16 | H95: 5.34 | I95: 6 | J95: 5 | K95: 2 | L95: 1 | M95: 19 | N95: 0.19 | O95: 6.04 | P95: 8 | Q95: 7 | R95: 1 | S95: 0 | T95: 21 | U95: 0.21 | V95: 5.37 | W95: 10 | X95: 7 | Y95: 0 | Z95: 0 | AA95: 19 | AB95: 0.19 | AC95: 6 | AD95: 10 | AE95: 7 | AF95: 0 | AG95: 0 | AH95: 18.5 | AI95: 0.185 | AJ95: 5.79 | AK95: 7 | AL95: 5 | AM95: 1 | AN95: 2 | AO95: 19 | AP95: 0.19 | AQ95: 5.2 | AR95: 5 | AT95: 1 | AU95: 0 | AV95: 0.5 | AW95: 0 | AX95: 0 | AY95: 0 | AZ95: 1.9716667 | BA95: 0.95333333 | BB95: 2.93 | BC95: 226.04592 | BD95: 109.29693 | BE95: 0 | BF95: 0.57323564 | BG95: 335.91608 | BH95: 0.35095767
A96: 2003 | B96: 160 | C96: 37781 | D96: p407-S03 | E96: 6 | F96: 16 | G96: 0.16 | H96: 5.3 | I96: 5 | J96: 2 | K96: 3 | L96: 0 | M96: 13 | N96: 0.13 | O96: 4 | P96: 4 | R96: 2 | S96: 0 | T96: 12.5 | U96: 0.125 | V96: 3.98 | W96: 7 | Y96: 0 | Z96: 0 | AA96: 23 | AB96: 0.23 | AC96: 6.48 | AD96: 9 | AE96: 5 | AF96: 2 | AG96: 0 | AH96: 20 | AI96: 0.2 | AJ96: 6.47 | AK96: 6 | AL96: 3 | AM96: 2 | AN96: 0 | AO96: 24 | AP96: 0.24 | AQ96: 6.72 | AR96: 11 | AS96: 5 | AT96: 3 | AU96: 0 | AV96: 1 | AW96: 0 | AX96: 0 | AY96: 0 | AZ96: 2.265 | BA96: 0.97333333 | BB96: 3.2533333 | BC96: 112.85987 | BD96: 48.499016 | BE96: 0 | BF96: 0.74741634 | BG96: 162.1063 | BH96: 0.17660004
A97: 2003 | B97: 160 | C97: 37781 | D97: p408-S03 | E97: 6 | F97: 19.2 | G97: 0.192 | H97: 4.8 | I97: 9 | K97: 0 | L97: 0 | M97: 14.5 | N97: 0.145 | O97: 3.6 | P97: 8 | R97: 0 | S97: 0 | T97: 22.8 | U97: 0.228 | V97: 5.1 | W97: 9 | Y97: 0 | Z97: 0 | AA97: 21.1 | AB97: 0.211 | AC97: 5.1 | AD97: 7 | AF97: 2 | AG97: 0 | AH97: 16.5 | AI97: 0.165 | AJ97: 5.3 | AK97: 5 | AM97: 1 | AN97: 0 | AO97: 16.6 | AP97: 0.166 | AQ97: 4.6 | AR97: 8 | AT97: 0 | AU97: 0 | AV97: 0 | AW97: 0 | AX97: 0 | AY97: 0 | AZ97: 1.1966667 | BA97: 0.61 | BB97: 1.8066667 | BC97: 141.22953 | BD97: 71.991652 | BE97: 0 | BF97: 0 | BG97: 213.22118 | BH97: 0.21043199
A98: 2003 | B98: 167 | C98: 37788 | D98: p101-S04 | E98: 6 | F98: 25.7 | G98: 0.257 | H98: 7.7 | I98: 11 | J98: 4 | K98: 2 | L98: 1 | M98: 33.6 | N98: 0.336 | O98: 10.2 | P98: 15 | Q98: 5 | R98: 5 | S98: 3 | T98: 31.6 | U98: 0.316 | V98: 8.9 | W98: 14 | X98: 5 | Y98: 1 | Z98: 1 | AA98: 21.5 | AB98: 0.215 | AC98: 7.1 | AD98: 9 | AE98: 5 | AF98: 2 | AG98: 0 | AH98: 18.4 | AI98: 0.184 | AJ98: 4.8 | AK98: 7 | AL98: 4 | AM98: 1 | AN98: 0 | AO98: 31.7 | AP98: 0.317 | AQ98: 7.4 | AR98: 10 | AS98: 5 | AT98: 2 | AU98: 2 | AV98: 4.8333333 | AW98: 0 | AX98: 0 | AY98: 0 | AZ98: 4.715 | BA98: 2.7833333 | BB98: 7.5866667 | BC98: 244.60609 | BD98: 144.39455 | BE98: 0 | BF98: 4.5825815 | BG98: 393.58322 | BH98: 0.34119937
A99: 2003 | B99: 167 | C99: 37788 | D99: p102-S04 | E99: 6 | F99: 32.1 | G99: 0.321 | H99: 6.6 | I99: 10 | J99: 7 | K99: 1 | L99: 0 | M99: 25.8 | N99: 0.258 | O99: 7 | P99: 9 | Q99: 6 | R99: 4 | S99: 1 | T99: 23.4 | U99: 0.234 | V99: 4.8 | W99: 9 | X99: 4 | Y99: 1 | Z99: 0 | AA99: 27 | AB99: 0.27 | AC99: 6.3 | AD99: 7 | AE99: 5 | AF99: 2 | AG99: 0 | AH99: 22.5 | AI99: 0.225 | AJ99: 6.3 | AK99: 9 | AL99: 6 | AM99: 3 | AN99: 0 | AO99: 12.7 | AP99: 0.127 | AQ99: 4.1 | AR99: 8 | AS99: 5 | AT99: 2 | AU99: 0 | AV99: 1.5 | AW99: 0 | AX99: 0 | AY99: 0 | AZ99: 2.1583333 | BA99: 1.245 | BB99: 3.4233333 | BC99: 204.17305 | BD99: 117.77395 | BE99: 0 | BF99: 1.891951 | BG99: 323.83895 | BH99: 0.30565906
A100: 2003 | B100: 167 | C100: 37788 | D100: p103-S04 | E100: 6 | F100: 25.4 | G100: 0.254 | H100: 7.52 | I100: 8 | J100: 4 | K100: 1 | L100: 0 | M100: 22 | N100: 0.22 | O100: 6.87 | P100: 8 | Q100: 6 | R100: 1 | S100: 1 | T100: 29.4 | U100: 0.294 | V100: 6.09 | W100: 8 | X100: 4 | Y100: 2 | Z100: 0 | AA100: 32 | AB100: 0.32 | AC100: 6.39 | AD100: 9 | AF100: 2 | AG100: 0 | AH100: 29 | AI100: 0.29 | AJ100: 5.08 | AK100: 8 | AM100: 0 | AN100: 0 | AO100: 34.4 | AP100: 0.344 | AQ100: 5.72 | AR100: 9 | AS100: 5 | AT100: 2 | AU100: 1 | AV100: 2.5 | AW100: 0 | AX100: 0 | AY100: 0 | AZ100: 2.8766667 | BA100: 1.88 | BB100: 4.85 | BC100: 648.85444 | BD100: 424.04856 | BE100: 0 | BF100: 21.052056 | BG100: 1093.9551 | BH100: 0.85667325
A101: 2003 | B101: 167 | C101: 37788 | D101: p104-S04 | E101: 6 | F101: 35 | G101: 0.35 | H101: 7.53 | I101: 12 | J101: 3 | K101: 3 | L101: 1 | M101: 24.1 | N101: 0.241 | O101: 6.58 | P101: 8 | Q101: 4 | R101: 2 | S101: 1 | T101: 32 | U101: 0.32 | V101: 6.43 | W101: 13 | X101: 5 | Y101: 0 | Z101: 0 | AA101: 31 | AB101: 0.31 | AC101: 8.5 | AD101: 11 | AE101: 8 | AF101: 5 | AG101: 0 | AH101: 35 | AI101: 0.35 | AJ101: 7.73 | AK101: 9 | AL101: 4 | AM101: 2 | AN101: 0 | AO101: 24.5 | AP101: 0.245 | AQ101: 7.53 | AR101: 7 | AT101: 2 | AU101: 2 | AV101: 1.3333333 | AW101: 0 | AX101: 0 | AY101: 0 | AZ101: 4.0616667 | BA101: 2.49 | BB101: 6.575 | BC101: 492.30977 | BD101: 301.80993 | BE101: 0 | BF101: 2.8282055 | BG101: 796.94791 | BH101: 0.70573778
A102: 2003 | B102: 167 | C102: 37788 | D102: p105-S04 | E102: 6 | F102: 32.3 | G102: 0.323 | H102: 6.4 | I102: 8 | J102: 6 | K102: 1 | L102: 0 | M102: 29.8 | N102: 0.298 | O102: 6.4 | P102: 8 | Q102: 4 | R102: 1 | S102: 0 | T102: 24.4 | U102: 0.244 | V102: 6.1 | W102: 6 | X102: 5 | Y102: 1 | Z102: 4 | AA102: 34.5 | AB102: 0.345 | AC102: 7.1 | AD102: 10 | AE102: 5 | AF102: 2 | AG102: 1 | AH102: 30.1 | AI102: 0.301 | AJ102: 6.8 | AK102: 12 | AL102: 7 | AM102: 0 | AN102: 0 | AO102: 34.4 | AP102: 0.344 | AQ102: 5.9 | AR102: 12 | AS102: 7 | AT102: 0 | AU102: 0 | AV102: 0.83333333 | AW102: 0 | AX102: 0 | AY102: 0 | AZ102: 2.4716667 | BA102: 1.7383333 | BB102: 4.2366667 | BC102: 580.70471 | BD102: 408.41201 | BE102: 0 | BF102: 6.2651891 | BG102: 995.38191 | BH102: 0.86402943
A103: 2003 | B103: 167 | C103: 37788 | D103: p106-S04 | E103: 6 | F103: 25.3 | G103: 0.253 | H103: 7.2 | I103: 9 | J103: 4 | K103: 1 | L103: 4 | M103: 20 | N103: 0.2 | O103: 6.2 | P103: 8 | Q103: 3 | R103: 2 | S103: 2 | T103: 29.7 | U103: 0.297 | V103: 6.5 | W103: 10 | X103: 4 | Y103: 6 | Z103: 4 | AA103: 26.4 | AB103: 0.264 | AC103: 7.4 | AD103: 7 | AE103: 3 | AF103: 1 | AG103: 4 | AH103: 29.3 | AI103: 0.293 | AJ103: 6.3 | AK103: 8 | AL103: 5 | AM103: 2 | AN103: 2 | AO103: 32.5 | AP103: 0.325 | AQ103: 6.8 | AR103: 13 | AS103: 4 | AT103: 1 | AU103: 0 | AV103: 1.8333333 | AW103: 0 | AX103: 0 | AY103: 0 | AZ103: 2.85 | BA103: 1.8433333 | BB103: 4.715 | BC103: 348.30217 | BD103: 225.27614 | BE103: 0 | BF103: 2.6479112 | BG103: 576.22621 | BH103: 0.46029247
A104: 2003 | B104: 167 | C104: 37788 | D104: p107-S04 | E104: 6 | F104: 40.9 | G104: 0.409 | H104: 8 | I104: 12 | J104: 3 | K104: 0 | L104: 0 | M104: 22.4 | N104: 0.224 | O104: 5.6 | P104: 7 | Q104: 4 | R104: 1 | S104: 0 | T104: 37.8 | U104: 0.378 | V104: 6.6 | W104: 13 | X104: 5 | Y104: 0 | Z104: 0 | AA104: 38.7 | AB104: 0.387 | AC104: 9.1 | AD104: 11 | AE104: 6 | AF104: 5 | AG104: 6 | AH104: 21.5 | AI104: 0.215 | AJ104: 6.1 | AK104: 6 | AL104: 5 | AM104: 2 | AN104: 1 | AO104: 33.4 | AP104: 0.334 | AQ104: 8.6 | AR104: 10 | AS104: 4 | AT104: 1 | AU104: 5 | AV104: 6 | AW104: 0 | AX104: 0 | AY104: 0 | AZ104: 4.2516667 | BA104: 3.15 | BB104: 7.57 | BC104: 487.82884 | BD104: 361.42552 | BE104: 0 | BF104: 19.314274 | BG104: 868.56864 | BH104: 0.66834691
A105: 2003 | B105: 167 | C105: 37788 | D105: p108-S04 | E105: 6 | F105: 34.2 | G105: 0.342 | H105: 7.5 | I105: 12 | J105: 7 | K105: 2 | L105: 1 | M105: 31.2 | N105: 0.312 | O105: 5.5 | P105: 12 | Q105: 6 | R105: 1 | S105: 0 | T105: 30.3 | U105: 0.303 | V105: 8.6 | W105: 10 | X105: 3 | Y105: 2 | Z105: 3 | AA105: 33.3 | AB105: 0.333 | AC105: 6.7 | AD105: 12 | AE105: 6 | AF105: 1 | AG105: 0 | AH105: 30 | AI105: 0.3 | AJ105: 7.3 | AK105: 10 | AL105: 8 | AM105: 1 | AN105: 0 | AO105: 27 | AP105: 0.27 | AQ105: 7.2 | AR105: 11 | AS105: 9 | AT105: 4 | AU105: 0 | AV105: 3.3333333 | AW105: 0 | AX105: 0 | AY105: 0 | AZ105: 3.3666667 | BA105: 2.1966667 | BB105: 5.6366667 | BC105: 402.24008 | BD105: 262.4517 | BE105: 0 | BF105: 8.7616652 | BG105: 673.45345 | BH105: 0.64716073
A106: 2003 | B106: 167 | C106: 37788 | D106: p201-S04 | E106: 6 | F106: 32.5 | G106: 0.325 | H106: 7.5 | I106: 9 | J106: 6 | K106: 1 | L106: 0 | M106: 23.3 | N106: 0.233 | O106: 5.7 | P106: 7 | R106: 1 | S106: 0 | T106: 29.4 | U106: 0.294 | V106: 5.6 | W106: 9 | X106: 6 | Y106: 0 | Z106: 0 | AA106: 40.6 | AB106: 0.406 | AC106: 8.6 | AD106: 12 | AE106: 8 | AF106: 2 | AG106: 0 | AH106: 24.2 | AI106: 0.242 | AJ106: 6.6 | AK106: 8 | AL106: 5 | AM106: 1 | AN106: 2 | AO106: 28.9 | AP106: 0.289 | AQ106: 8.9 | AR106: 9 | AS106: 4 | AT106: 1 | AU106: 2 | AV106: 1.8333333 | AW106: 0 | AX106: 0 | AY106: 0 | AZ106: 3.7333333 | BA106: 2.4633333 | BB106: 6.3116667 | BC106: 822.00836 | BD106: 542.37873 | BE106: 0 | BF106: 25.320793 | BG106: 1389.7079 | BH106: 1.3645339
A107: 2003 | B107: 167 | C107: 37788 | D107: p202-S04 | E107: 6 | F107: 32.3 | G107: 0.323 | H107: 8 | I107: 8 | J107: 3 | K107: 2 | L107: 1 | M107: 26.7 | N107: 0.267 | O107: 7.8 | P107: 9 | Q107: 6 | R107: 1 | S107: 4 | T107: 28.1 | U107: 0.281 | V107: 4.8 | W107: 8 | X107: 4 | Y107: 0 | Z107: 0 | AA107: 28.3 | AB107: 0.283 | AC107: 5.4 | AD107: 9 | AE107: 5 | AF107: 2 | AG107: 1 | AH107: 34.8 | AI107: 0.348 | AJ107: 7.2 | AK107: 11 | AL107: 4 | AM107: 0 | AN107: 0 | AO107: 28.7 | AP107: 0.287 | AQ107: 7.2 | AR107: 7 | AS107: 3 | AT107: 2 | AU107: 0 | AV107: 1.8333333 | AW107: 0 | AX107: 0 | AY107: 0 | AZ107: 2.91 | BA107: 1.925 | BB107: 4.8683333 | BC107: 364.65168 | BD107: 241.22147 | BE107: 0 | BF107: 4.1769952 | BG107: 610.05015 | BH107: 0.53843821
A108: 2003 | B108: 167 | C108: 37788 | D108: p203-S04 | E108: 6 | F108: 30.5 | G108: 0.305 | H108: 7.41 | I108: 8 | J108: 3 | K108: 3 | L108: 0 | M108: 29.4 | N108: 0.294 | O108: 8.16 | P108: 12 | Q108: 6 | R108: 0 | S108: 0 | T108: 22.2 | U108: 0.222 | V108: 5.95 | W108: 8 | Y108: 1 | Z108: 0 | AA108: 23.7 | AB108: 0.237 | AC108: 5.69 | AD108: 9 | AE108: 4 | AF108: 0 | AG108: 0 | AH108: 31.3 | AI108: 0.313 | AJ108: 9.67 | AK108: 11 | AL108: 7 | AM108: 1 | AN108: 2 | AO108: 34.6 | AP108: 0.346 | AQ108: 7.5 | AR108: 12 | AS108: 7 | AT108: 0 | AU108: 0 | AV108: 2.1666667 | AW108: 0 | AX108: 0 | AY108: 0 | AZ108: 3.8666667 | BA108: 2.5666667 | BB108: 6.49 | BC108: 418.63517 | BD108: 277.88714 | BE108: 0 | BF108: 6.1351706 | BG108: 702.65748 | BH108: 0.73164462
A109: 2003 | B109: 167 | C109: 37788 | D109: p204-S04 | E109: 6 | F109: 35.5 | G109: 0.355 | H109: 7.46 | I109: 10 | J109: 7 | K109: 1 | L109: 0 | M109: 37.2 | N109: 0.372 | O109: 7.46 | P109: 9 | Q109: 4 | R109: 1 | S109: 0 | T109: 38.4 | U109: 0.384 | V109: 7.05 | W109: 12 | X109: 9 | Y109: 0 | Z109: 0 | AA109: 21.6 | AB109: 0.216 | AC109: 5.19 | AD109: 6 | AE109: 3 | AF109: 2 | AG109: 0 | AH109: 34.1 | AI109: 0.341 | AJ109: 7.44 | AK109: 11 | AL109: 4 | AM109: 1 | AN109: 2 | AO109: 35.4 | AP109: 0.354 | AQ109: 6.75 | AR109: 11 | AS109: 9 | AT109: 1 | AU109: 0 | AV109: 1 | AW109: 0 | AX109: 0 | AY109: 0 | AZ109: 3.74 | BA109: 2.58 | BB109: 6.35 | BC109: 904.25598 | BD109: 623.79156 | BE109: 0 | BF109: 7.2533902 | BG109: 1535.3009 | BH109: 1.2277441
A110: 2003 | B110: 167 | C110: 37788 | D110: p205-S04 | E110: 6 | F110: 32.4 | G110: 0.324 | H110: 8.67 | I110: 12 | J110: 6 | K110: 1 | L110: 0 | M110: 19.8 | N110: 0.198 | O110: 6.91 | P110: 8 | Q110: 4 | R110: 2 | S110: 0 | T110: 33.8 | U110: 0.338 | V110: 8.92 | W110: 13 | X110: 4 | Y110: 0 | Z110: 0 | AA110: 25.7 | AB110: 0.257 | AC110: 7.41 | AD110: 11 | AE110: 8 | AF110: 1 | AG110: 2 | AH110: 20.8 | AI110: 0.208 | AJ110: 5.27 | AK110: 8 | AL110: 5 | AM110: 1 | AN110: 0 | AO110: 30.1 | AP110: 0.301 | AQ110: 7.84 | AR110: 11 | AS110: 7 | AT110: 1 | AU110: 2 | AV110: 4.6666667 | AW110: 0 | AX110: 0 | AY110: 0 | AZ110: 4.335 | BA110: 2.7616667 | BB110: 7.195 | BC110: 213.33661 | BD110: 135.90879 | BE110: 0 | BF110: 4.8392388 | BG110: 354.08465 | BH110: 0.30717462
A111: 2003 | B111: 167 | C111: 37788 | D111: p206-S04 | E111: 6 | F111: 34.3 | G111: 0.343 | H111: 7.08 | I111: 13 | J111: 7 | K111: 0 | L111: 0 | M111: 23.8 | N111: 0.238 | O111: 6.54 | P111: 10 | Q111: 4 | R111: 2 | S111: 0 | T111: 25.6 | U111: 0.256 | V111: 6.51 | W111: 11 | X111: 5 | Y111: 0 | Z111: 0 | AA111: 24.1 | AB111: 0.241 | AC111: 7.38 | AD111: 9 | AF111: 1 | AG111: 0 | AH111: 29.2 | AI111: 0.292 | AJ111: 6.93 | AK111: 13 | AL111: 7 | AM111: 0 | AN111: 0 | AO111: 24.6 | AP111: 0.246 | AQ111: 7.08 | AR111: 8 | AS111: 4 | AT111: 2 | AU111: 0 | AV111: 3.3333333 | AW111: 0 | AX111: 0 | AY111: 0 | AZ111: 3.5483333 | BA111: 2.01 | BB111: 5.6316667 | BC111: 182.62624 | BD111: 103.45103 | BE111: 0 | BF111: 3.7743329 | BG111: 289.85161 | BH111: 0.25266907
A112: 2003 | B112: 167 | C112: 37788 | D112: p207-S04 | E112: 6 | F112: 25 | G112: 0.25 | H112: 7.34 | I112: 9 | K112: 0 | L112: 0 | M112: 28.3 | N112: 0.283 | O112: 6.78 | P112: 8 | Q112: 7 | R112: 2 | S112: 0 | T112: 34.7 | U112: 0.347 | V112: 6.81 | W112: 10 | X112: 4 | Y112: 1 | Z112: 1 | AA112: 35.3 | AB112: 0.353 | AC112: 7.19 | AD112: 12 | AE112: 10 | AF112: 0 | AG112: 0 | AH112: 20.8 | AI112: 0.208 | AJ112: 4.7 | AK112: 10 | AL112: 8 | AM112: 0 | AN112: 0 | AO112: 35.3 | AP112: 0.353 | AQ112: 7.73 | AR112: 12 | AS112: 6 | AT112: 1 | AU112: 1 | AV112: 1.8333333 | AW112: 0 | AX112: 0 | AY112: 0 | AZ112: 2.94 | BA112: 2.13 | BB112: 5.0966667 | BC112: 347.24409 | BD112: 251.5748 | BE112: 0 | BF112: 3.1496063 | BG112: 601.9685 | BH112: 0.4599887
A113: 2003 | B113: 167 | C113: 37788 | D113: p208-S04 | E113: 6 | F113: 25.2 | G113: 0.252 | H113: 6.99 | I113: 10 | J113: 9 | K113: 2 | L113: 0 | M113: 20.6 | N113: 0.206 | O113: 6.15 | P113: 9 | R113: 1 | S113: 1 | T113: 24.1 | U113: 0.241 | V113: 7.2 | W113: 9 | Y113: 2 | Z113: 1 | AA113: 16.4 | AB113: 0.164 | AC113: 5.07 | AD113: 9 | AF113: 1 | AG113: 0 | AH113: 28 | AI113: 0.28 | AJ113: 7.38 | AK113: 10 | AL113: 6 | AM113: 1 | AN113: 0 | AO113: 22.2 | AP113: 0.222 | AQ113: 6.39 | AR113: 9 | AS113: 3 | AT113: 0 | AU113: 0 | AV113: 1.3333333 | AW113: 0 | AX113: 0 | AY113: 0 | AZ113: 3.0183333 | BA113: 1.89 | BB113: 4.9283333 | BC113: 149.15894 | BD113: 93.39936 | BE113: 0 | BF113: 0.98835302 | BG113: 243.54666 | BH113: 0.20641754
A114: 2003 | B114: 167 | C114: 37788 | D114: p301-S04 | E114: 6 | F114: 30.5 | G114: 0.305 | H114: 6.9 | I114: 11 | J114: 5 | K114: 2 | L114: 0 | M114: 31.5 | N114: 0.315 | O114: 7.8 | P114: 9 | Q114: 4 | R114: 2 | S114: 4 | T114: 31 | U114: 0.31 | V114: 7.1 | W114: 11 | X114: 6 | Y114: 2 | Z114: 0 | AA114: 25 | AB114: 0.25 | AC114: 5.1 | AD114: 10 | AE114: 4 | AF114: 2 | AG114: 0 | AH114: 29.5 | AI114: 0.295 | AJ114: 7.3 | AK114: 7 | AL114: 5 | AM114: 3 | AN114: 2 | AO114: 31.5 | AP114: 0.315 | AQ114: 6.7 | AR114: 10 | AS114: 6 | AT114: 1 | AU114: 2 | AV114: 4 | AW114: 0 | AX114: 0 | AY114: 0 | AZ114: 3.7716667 | BA114: 2.135 | BB114: 5.9516667 | BC114: 414.19313 | BD114: 234.4593 | BE114: 0 | BF114: 4.9417651 | BG114: 653.59419 | BH114: 0.59165375
A115: 2003 | B115: 167 | C115: 37788 | D115: p302-S04 | E115: 6 | F115: 25 | G115: 0.25 | H115: 6.3 | I115: 8 | J115: 4 | K115: 1 | L115: 0 | M115: 30.1 | N115: 0.301 | O115: 5.4 | P115: 10 | Q115: 5 | R115: 1 | S115: 1 | T115: 32.1 | U115: 0.321 | V115: 9.1 | W115: 11 | X115: 4 | Y115: 1 | Z115: 3 | AA115: 27.5 | AB115: 0.275 | AC115: 7.7 | AD115: 6 | AE115: 4 | AF115: 3 | AG115: 0 | AH115: 27 | AI115: 0.27 | AJ115: 8.3 | AK115: 8 | AL115: 3 | AM115: 1 | AN115: 2 | AO115: 23 | AP115: 0.23 | AQ115: 7.1 | AR115: 6 | AS115: 3 | AT115: 2 | AU115: 0 | AV115: 4.3333333 | AW115: 0 | AX115: 0 | AY115: 0 | AZ115: 3.6916667 | BA115: 2.225 | BB115: 6.0266667 | BC115: 424.58473 | BD115: 255.90096 | BE115: 0 | BF115: 12.651283 | BG115: 693.13697 | BH115: 0.66075999
A116: 2003 | B116: 167 | C116: 37788 | D116: p303-S04 | E116: 6 | F116: 33.7 | G116: 0.337 | H116: 9.1 | I116: 12 | J116: 5 | K116: 1 | L116: 3 | M116: 19.3 | N116: 0.193 | O116: 5.57 | P116: 8 | Q116: 5 | R116: 0 | S116: 0 | T116: 25.8 | U116: 0.258 | V116: 9.05 | W116: 8 | X116: 4 | Y116: 2 | Z116: 0 | AA116: 27.5 | AB116: 0.275 | AC116: 8.68 | AD116: 11 | AE116: 6 | AF116: 2 | AG116: 3 | AH116: 12.8 | AI116: 0.128 | AJ116: 5.02 | AK116: 7 | AM116: 0 | AN116: 0 | AO116: 33.2 | AP116: 0.332 | AQ116: 8.83 | AR116: 11 | AS116: 6 | AT116: 2 | AU116: 4 | AV116: 3.8333333 | AW116: 0 | AX116: 0 | AY116: 0 | AZ116: 4.1766667 | BA116: 2.7 | BB116: 6.9633333 | BC116: 220.96047 | BD116: 142.83957 | BE116: 0 | BF116: 4.5849738 | BG116: 368.38501 | BH116: 0.31948432
A117: 2003 | B117: 167 | C117: 37788 | D117: p304-S04 | E117: 6 | F117: 24.9 | G117: 0.249 | H117: 7.27 | I117: 10 | J117: 6 | K117: 2 | L117: 1 | M117: 26.8 | N117: 0.268 | O117: 8.04 | P117: 10 | Q117: 6 | R117: 3 | S117: 3 | T117: 12.4 | U117: 0.124 | V117: 4.56 | W117: 7 | Y117: 0 | Z117: 0 | AA117: 28.3 | AB117: 0.283 | AC117: 7.53 | AD117: 10 | AE117: 4 | AF117: 2 | AG117: 0 | AH117: 25.7 | AI117: 0.257 | AJ117: 7.26 | AK117: 9 | AL117: 7 | AM117: 0 | AN117: 0 | AO117: 31.5 | AP117: 0.315 | AQ117: 8.09 | AR117: 11 | AS117: 3 | AT117: 1 | AU117: 0 | AV117: 2.5 | AW117: 0 | AX117: 0 | AY117: 0 | AZ117: 3.745 | BA117: 2.32 | BB117: 6.1166667 | BC117: 190.44455 | BD117: 117.979 | BE117: 0 | BF117: 2.6274059 | BG117: 311.05096 | BH117: 0.26049847
A118: 2003 | B118: 167 | C118: 37788 | D118: p305-S04 | E118: 6 | F118: 32.9 | G118: 0.329 | H118: 6.92 | I118: 11 | J118: 6 | K118: 1 | L118: 0 | M118: 42.4 | N118: 0.424 | O118: 7.5 | P118: 11 | Q118: 8 | R118: 1 | S118: 2 | T118: 29.6 | U118: 0.296 | V118: 6.21 | W118: 12 | X118: 7 | Y118: 0 | Z118: 0 | AA118: 31.4 | AB118: 0.314 | AC118: 5.55 | AD118: 9 | AE118: 5 | AF118: 1 | AG118: 0 | AH118: 44.3 | AI118: 0.443 | AJ118: 9.96 | AK118: 14 | AL118: 8 | AM118: 0 | AN118: 0 | AO118: 10.7 | AP118: 0.107 | AQ118: 2.44 | AR118: 5 | AT118: 0 | AU118: 0 | AV118: 3.1666667 | AW118: 0 | AX118: 0 | AY118: 0 | AZ118: 0.61166667 | BA118: 2.72 | BB118: 3.4183333 | BC118: 152.18085 | BD118: 676.72791 | BE118: 0 | BF118: 21.562409 | BG118: 850.47117 | BH118: 0.22509082
A119: 2003 | B119: 167 | C119: 37788 | D119: p306-S04 | E119: 6 | F119: 26.4 | G119: 0.264 | H119: 7.68 | I119: 10 | J119: 5 | K119: 1 | L119: 1 | M119: 35.5 | N119: 0.355 | O119: 8.82 | P119: 11 | Q119: 3 | R119: 1 | S119: 2 | T119: 14.2 | U119: 0.142 | V119: 2.87 | W119: 5 | Y119: 0 | Z119: 0 | AA119: 30.9 | AB119: 0.309 | AC119: 8.07 | AD119: 10 | AE119: 4 | AF119: 2 | AG119: 2 | AH119: 36.6 | AI119: 0.366 | AJ119: 7.87 | AK119: 13 | AL119: 8 | AM119: 1 | AN119: 1 | AO119: 11.6 | AP119: 0.116 | AQ119: 3.6 | AR119: 4 | AT119: 0 | AU119: 0 | AV119: 1.8333333 | AW119: 0 | AX119: 0 | AY119: 0 | AZ119: 0.58833333 | BA119: 2.32 | BB119: 2.935 | BC119: 72.437148 | BD119: 285.6445 | BE119: 0 | BF119: 3.2832701 | BG119: 361.36492 | BH119: 0.11108329
A120: 2003 | B120: 167 | C120: 37788 | D120: p307-S04 | E120: 6 | F120: 32.7 | G120: 0.327 | H120: 8 | I120: 13 | J120: 7 | K120: 0 | L120: 0 | M120: 38.1 | N120: 0.381 | O120: 7.07 | P120: 12 | Q120: 5 | R120: 0 | S120: 0 | T120: 28.3 | U120: 0.283 | V120: 6.24 | W120: 8 | X120: 3 | Y120: 1 | Z120: 0 | AA120: 35.7 | AB120: 0.357 | AC120: 6.62 | AD120: 9 | AE120: 4 | AF120: 1 | AG120: 0 | AH120: 32.3 | AI120: 0.323 | AJ120: 7.62 | AK120: 12 | AL120: 5 | AM120: 0 | AN120: 0 | AO120: 38.3 | AP120: 0.383 | AQ120: 7.26 | AR120: 11 | AS120: 6 | AT120: 0 | AU120: 0 | AV120: 4.6666667 | AW120: 0 | AX120: 0 | AY120: 0 | AZ120: 3.8916667 | BA120: 2.6183333 | BB120: 6.6166667 | BC120: 451.48838 | BD120: 303.7637 | BE120: 0 | BF120: 12.374842 | BG120: 767.62692 | BH120: 0.63015738
A121: 2003 | B121: 167 | C121: 37788 | D121: p308-S04 | E121: 6 | F121: 33.5 | G121: 0.335 | H121: 6.07 | I121: 9 | K121: 0 | L121: 0 | M121: 32.2 | N121: 0.322 | O121: 7.95 | P121: 10 | Q121: 5 | R121: 4 | S121: 3 | T121: 31.1 | U121: 0.311 | V121: 6.68 | W121: 12 | X121: 10 | Y121: 1 | Z121: 1 | AA121: 27.6 | AB121: 0.276 | AC121: 5.61 | AD121: 8 | AE121: 5 | AF121: 1 | AG121: 0 | AH121: 31 | AI121: 0.31 | AJ121: 6.75 | AK121: 6 | AL121: 2 | AM121: 2 | AN121: 1 | AO121: 23.8 | AP121: 0.238 | AQ121: 5.63 | AR121: 8 | AS121: 5 | AT121: 1 | AU121: 0 | AV121: 2 | AW121: 0 | AX121: 0 | AY121: 0 | AZ121: 2.85 | BA121: 1.97 | BB121: 4.8516667 | BC121: 648.29396 | BD121: 448.11899 | BE121: 0 | BF121: 7.2032663 | BG121: 1103.6162 | BH121: 1.0799379
A122: 2003 | B122: 167 | C122: 37788 | D122: p401-S04 | E122: 6 | F122: 24.5 | G122: 0.245 | H122: 7 | I122: 10 | J122: 7 | K122: 2 | L122: 0 | M122: 28.5 | N122: 0.285 | O122: 7.6 | P122: 7 | Q122: 3 | R122: 2 | S122: 3 | T122: 24 | U122: 0.24 | V122: 7.7 | W122: 8 | X122: 5 | Y122: 1 | Z122: 3 | AA122: 26.2 | AB122: 0.262 | AC122: 8.1 | AD122: 13 | AE122: 6 | AF122: 3 | AG122: 3 | AH122: 22 | AI122: 0.22 | AJ122: 6.7 | AK122: 8 | AL122: 6 | AM122: 4 | AN122: 0 | AO122: 18.3 | AP122: 0.183 | AQ122: 6.2 | AR122: 7 | AS122: 4 | AT122: 1 | AU122: 3 | AV122: 3.6666667 | AW122: 0 | AX122: 0 | AY122: 0 | AZ122: 3.965 | BA122: 2.015 | BB122: 6.035 | BC122: 190.24975 | BD122: 96.684301 | BE122: 0 | BF122: 2.6390256 | BG122: 289.57308 | BH122: 0.24665159
...

Sheet d147Data100
A1: FISE2003GrowthDOYXXX.xls | G1: Cotton Growth & Development Data for Field 105
A3: Sampling Date: | D3: 37768 | H3: Sampling Time: | I3: 7:45 to 9:45 | M3: Data entered by: | N3: Stacy
A5: Sampling DOY: | D5: =VALUE(D3-37621) -> 147 | E5: =VALUE(F5)-37621 -> -37621 | H5: Sampled By: | I5: stacy | M5: Data proofed by: | N5: Carrie
A7: Comments: | D7: First sampling.Plants are small and weird.Lots of forked plants (2 or more main stems).
B11: Plot | C11: Plant | D11: Initials | E11: DOY Wet Process | F11: Leaf area of Subsmple | G11: Stem Diameter (mm) | H11: Abvegrnd Height (cm) | I11: Tap Root Length (cm) | J11: MS Node of First Fruit Branch | K11: No. of MS Nodes | L11: No. of Veg. Branches | M11: No. nodes on Veg. Branches | N11: Abscisions in reference positions | O11: No. of Squares | P11: No. of White Flowers | Q11: No. of Green Bolls | R11: No. of Mature Bolls | S11: Codes | T11: DOY into Oven | U11: DOY out of Oven | V11: Oven Temp (°C) | W11: Leaf Ssample BM | X11: Remainder Leaf BM | Y11: Square BM | Z11: Flwr & GBoll BM | AA11: Mature Boll BM | AB11: Seed Cotton BM | AC11: StemBM | AD11: Tap Root BM | AF11: NumPlts | AG11: Height | AH11: PHTD1 | AI11: STDD1 | AJ11: MSNODE1 | AK11: PFNODE1 | AL11: VBNUM1 | AM11: VBNODE1 | AN11: Height | AO11: PHTD2 | AP11: STDD2 | AQ11: MSNODE2 | AR11: PFNODE2 | AS11: VBNUM2 | AT11: VBNODE2 | AU11: Height | AV11: PHTD3 | AW11: STDD3 | AX11: MSNODE3 | AY11: PFNODE3 | AZ11: VBNUM3 | BA11: VBNODE3 | BB11: Height | BC11: PHTD4 | BD11: STDD4 | BE11: MSNODE4 | BF11: PFNODE4 | BG11: VBNUM4 | BH11: VBNODE4 | BI11: Height | BJ11: PHTD5 | BK11: STDD5 | BL11: MSNODE5 | BM11: PFNODE5 | BN11: VBNUM5 | BO11: VBNODE5 | BP11: Height | BQ11: PHTD6 | BR11: STDD56 | BS11: MSNODE6 | BT11: PFNODE6 | BU11: VBNUM6 | BV11: VBNODE6 | BW11: SQRNUM | BX11: FLRNUM | BY11: GBNUM | BZ11: MBNUM
B13: 101 | C13: A | D13: sr | E13: 147 | F13: 46.96 | G13: 3 | H13: 6.5 | I13: 5.5 | K13: 2 | L13: 1 | M13: 0 | N13: 0 | O13: 0 | P13: 0 | Q13: 0 | R13: 0 | T13: 147 | U13: 150 | V13: 100 | W13: 0.33 | X13: 1.82 | AC13: 0.7 | AD13: 0.24 | AF13: 6 | AG13: =IF($H13="","",$H13) -> 6.5 | AH13: =IF(AG13="","",AG13/100) -> 0.065 | AI13: =IF($G13="","",$G13) -> 3 | AJ13: =IF($K13="","",$K13) -> 2 | AK13: =IF(J13="","",J13-1) | AL13: =IF($L13="","",$L13) -> 1 | AM13: =IF($M13="","",$M13) -> 0 | AN13: =IF($H14="","",$H14) -> 5.5 | AO13: =IF(AN13="","",AN13/100) -> 0.055 | AP13: =IF($G14="","",$G14) -> 2.8 | AQ13: =IF($K14="","",$K14) -> 3 | AR13: =IF(J14="","",J14-1) | AS13: =IF($L14="","",$L14) -> 0 | AT13: =IF($M14="","",$M14) -> 0 | AU13: =IF($H15="","",$H15) -> 15 | AV13: =IF(AU13="","",AU13/100) -> 0.15 | AW13: =IF($G15="","",$G15) -> 3.6 | AX13: =IF($K15="","",$K15) -> 5 | AY13: =IF(J15="","",J15-1) | AZ13: =IF($L15="","",$L15) -> 0 | BA13: =IF($M15="","",$M15) -> 0 | BB13: =IF($H16="","",$H16) -> 5 | BC13: =IF(BB13="","",BB13/100) -> 0.05 | BD13: =IF($G16="","",$G16) -> 2.4 | BE13: =IF($K16="","",$K16) -> 1 | BF13: =IF(J16="","",J16-1) | BG13: =IF($L16="","",$L16) -> 0 | BH13: =IF($M16="","",$M16) -> 0 | BI13: =IF($H17="","",$H17) -> 8.5 | BJ13: =IF(BI13="","",BI13/100) -> 0.085 | BK13: =IF($G17="","",$G17) -> 3 | BL13: =IF($K17="","",$K17) -> 2 | BM13: =IF(J17="","",J17-1) | BN13: =IF($L17="","",$L17) -> 1 | BO13: =IF($M17="","",$M17) -> 0 | BP13: =IF($H18="","",$H18) -> 6 | BQ13: =IF(BP13="","",BP13/100) -> 0.06 | BR13: =IF($G18="","",$G18) -> 2.2 | BS13: =IF($K18="","",$K18) -> 1 | BT13: =IF(J18="","",J18-1) | BU13: =IF($L18="","",$L18) -> 1 | BV13: =IF($M18="","",$M18) -> 0 | BW13: =SUM(O13:O18)/AF13 -> 0 | BX13: =SUM(P13:P18)/AF13 -> 0 | BY13: =SUM(Q13:Q18)/AF13 -> 0 | BZ13: =SUM(R13:R18)/AF13 -> 0
C14: B | E14: 148 | G14: 2.8 | H14: 5.5 | I14: 6 | K14: 3 | L14: 0 | M14: 0 | N14: 0 | O14: 0 | P14: 0 | Q14: 0 | R14: 0 | T14: 148 | U14: 150 | V14: 100
C15: C | D15: =D14 -> 0 | E15: =E14 -> 148 | G15: 3.6 | H15: 15 | I15: 12 | K15: 5 | L15: 0 | M15: 0 | N15: 0 | O15: 0 | P15: 0 | Q15: 0 | R15: 0 | T15: 148 | U15: 150 | V15: 100
C16: D | D16: =D15 -> 0 | E16: =E15 -> 148 | G16: 2.4 | H16: 5 | I16: 6.5 | K16: 1 | L16: 0 | M16: 0 | N16: 0 | O16: 0 | P16: 0 | Q16: 0 | R16: 0 | T16: 148 | U16: 150 | V16: 100
C17: E | D17: =D16 -> 0 | E17: =E16 -> 148 | G17: 3 | H17: 8.5 | I17: 10.5 | K17: 2 | L17: 1 | M17: 0 | N17: 0 | O17: 0 | P17: 0 | Q17: 0 | R17: 0 | T17: 148 | U17: 150 | V17: 100
C18: F | D18: =D17 -> 0 | E18: =E17 -> 148 | G18: 2.2 | H18: 6 | I18: 4 | K18: 1 | L18: 1 | M18: 0 | N18: 0 | O18: 0 | P18: 0 | Q18: 0 | R18: 0 | T18: 148 | U18: 150 | V18: 100
B20: FSH | C20: mean | E20: =AVERAGE(E14:E18) -> 148 | F20: =F13 -> 46.96 | G20: =AVERAGE(G13:G18) -> 2.8333333 | H20: =AVERAGE(H13:H18) -> 7.75 | I20: =AVERAGE(I13:I18) -> 7.4166667 | J20: =AVERAGE(J13:J18) -> #DIV/0! | K20: =AVERAGE(K13:K18) -> 2.3333333 | L20: =AVERAGE(L13:L18) -> 0.5 | M20: =AVERAGE(M13:M18) -> 0 | N20: =AVERAGE(N13:N18) -> 0 | ... R20: =AVERAGE(R13:R18) -> 0
C21: std err | G21: =STDEV(G13:G18)/SQRT(COUNT(G13:G18)) -> 0.20275875 | H21: =STDEV(H13:H18)/SQRT(COUNT(H13:H18)) -> 1.5316114 | I21: =STDEV(I13:I18)/SQRT(COUNT(I13:I18)) -> 1.27421 | J21: =STDEV(J13:J18)/SQRT(COUNT(J13:J18)) -> #DIV/0! | K21: =STDEV(K13:K18)/SQRT(COUNT(K13:K18)) -> 0.6146363 | L21: =STDEV(L13:L18)/SQRT(COUNT(L13:L18)) -> 0.2236068 | M21: =STDEV(M13:M18)/SQRT(COUNT(M13:M18)) -> 0 | N21: =STDEV(N13:N18)/SQRT(COUNT(N13:N18)) -> 0 | ... R21: =STDEV(R13:R18)/SQRT(COUNT(R13:R18)) -> 0
B23: 102 | C23: A | E23: 147 | F23: 52 | G23: 2.5 | H23: 7 | I23: 9 | K23: 2 | L23: 2 | M23: 0 | N23: 0 | O23: 0 | P23: 0 | Q23: 0 | R23: 0 | T23: 147 | U23: 150 | V23: 100 | W23: 0.37 | X23: 0.86 | AC23: 0.55 | AD23: 0.16 | AF23: 6 | AG23: =IF($H23="","",$H23) -> 7 | AH23: =IF(AG23="","",AG23/100) -> 0.07 | AI23: =IF($G23="","",$G23) -> 2.5 | AJ23: =IF($K23="","",$K23) -> 2 | AK23: =IF(J23="","",J23-1) | AL23: =IF($L23="","",$L23) -> 2 | AM23: =IF($M23="","",$M23) -> 0 | AN23: =IF($H24="","",$H24) -> 9 | AO23: =IF(AN23="","",AN23/100) -> 0.09 | AP23: =IF($G24="","",$G24) -> 3.1 | AQ23: =IF($K24="","",$K24) -> 4 | AR23: =IF(J24="","",J24-1) | AS23: =IF($L24="","",$L24) -> 0 | AT23: =IF($M24="","",$M24) -> 0 | AU23: =IF($H25="","",$H25) -> 6.5 | AV23: =IF(AU23="","",AU23/100) -> 0.065 | AW23: =IF($G25="","",$G25) -> 3.1 | AX23: =IF($K25="","",$K25) -> 0 | AY23: =IF(J25="","",J25-1) | AZ23: =IF($L25="","",$L25) -> 0 | BA23: =IF($M25="","",$M25) -> 0 | BB23: =IF($H26="","",$H26) -> 7 | BC23: =IF(BB23="","",BB23/100) -> 0.07 | BD23: =IF($G26="","",$G26) -> 2.8 | BE23: =IF($K26="","",$K26) -> 2 | BF23: =IF(J26="","",J26-1) | BG23: =IF($L26="","",$L26) -> 2 | BH23: =IF($M26="","",$M26) -> 0 | BI23: =IF($H27="","",$H27) -> 4 | BJ23: =IF(BI23="","",BI23/100) -> 0.04 | BK23: =IF($G27="","",$G27) -> 2.7 | BL23: =IF($K27="","",$K27) -> 0 | BM23: =IF(J27="","",J27-1) | BN23: =IF($L27="","",$L27) -> 0 | BO23: =IF($M27="","",$M27) -> 0 | BP23: =IF($H28="","",$H28) -> 4.5 | BQ23: =IF(BP23="","",BP23/100) -> 0.045 | BR23: =IF($G28="","",$G28) -> 2.5 | BS23: =IF($K28="","",$K28) -> 0 | BT23: =IF(J28="","",J28-1) | BU23: =IF($L28="","",$L28) -> 0 | BV23: =IF($M28="","",$M28) -> 0 | BW23: =SUM(O23:O28)/AF23 -> 0 | BX23: =SUM(P23:P28)/AF23 -> 0 | BY23: =SUM(Q23:Q28)/AF23 -> 0 | BZ23: =SUM(R23:R28)/AF23 -> 0
C24: B | E24: 148 | G24: 3.1 | H24: 9 | I24: 5.5 | K24: 4 | L24: 0 | M24: 0 | N24: 0 | O24: 0 | P24: 0 | Q24: 0 | R24: 0 | T24: 148 | U24: 150 | V24: 100
C25: C | D25: =D24 -> 0 | E25: =E24 -> 148 | G25: 3.1 | H25: 6.5 | I25: 5 | K25: 0 | L25: 0 | M25: 0 | N25: 0 | O25: 0 | P25: 0 | Q25: 0 | R25: 0 | T25: 148 | U25: 150 | V25: 100
C26: D | D26: =D25 -> 0 | E26: =E25 -> 148 | G26: 2.8 | H26: 7 | I26: 5 | K26: 2 | L26: 2 | M26: 0 | N26: 0 | O26: 0 | P26: 0 | Q26: 0 | R26: 0 | T26: 148 | U26: 150 | V26: 100
C27: E | D27: =D26 -> 0 | E27: =E26 -> 148 | G27: 2.7 | H27: 4 | I27: 3 | K27: 0 | L27: 0 | M27: 0 | N27: 0 | O27: 0 | P27: 0 | Q27: 0 | R27: 0 | S27: cotyledon | T27: 148 | U27: 150 | V27: 100
C28: F | D28: =D27 -> 0 | E28: =E27 -> 148 | G28: 2.5 | H28: 4.5 | I28: 5 | K28: 0 | L28: 0 | M28: 0 | N28: 0 | O28: 0 | P28: 0 | Q28: 0 | R28: 0 | S28: cotyledon | T28: 148 | U28: 150 | V28: 100
B30: FTL | C30: mean | E30: =AVERAGE(E24:E28) -> 148 | F30: =F23 -> 52 | G30: =AVERAGE(G23:G28) -> 2.7833333 | H30: =AVERAGE(H23:H28) -> 6.3333333 | I30: =AVERAGE(I23:I28) -> 5.4166667 | J30: =AVERAGE(J23:J28) -> #DIV/0! | K30: =AVERAGE(K23:K28) -> 1.3333333 | L30: =AVERAGE(L23:L28) -> 0.66666667 | M30: =AVERAGE(M23:M28) -> 0 | N30: =AVERAGE(N23:N28) -> 0 | ... R30: =AVERAGE(R23:R28) -> 0
C31: std err | G31: =STDEV(G23:G28)/SQRT(COUNT(G23:G28)) -> 0.11080513 | H31: =STDEV(H23:H28)/SQRT(COUNT(H23:H28)) -> 0.7490735 | I31: =STDEV(I23:I28)/SQRT(COUNT(I23:I28)) -> 0.80017359 | J31: =STDEV(J23:J28)/SQRT(COUNT(J23:J28)) -> #DIV/0! | K31: =STDEV(K23:K28)/SQRT(COUNT(K23:K28)) -> 0.66666667 | L31: =STDEV(L23:L28)/SQRT(COUNT(L23:L28)) -> 0.42163702 | M31: =STDEV(M23:M28)/SQRT(COUNT(M23:M28)) -> 0 | N31: =STDEV(N23:N28)/SQRT(COUNT(N23:N28)) -> 0 | ... R31: =STDEV(R23:R28)/SQRT(COUNT(R23:R28)) -> 0
B33: 103 | C33: A | E33: 147 | F33: 60.6 | G33: 2.7 | H33: 10 | I33: 6 | K33: 4 | L33: 0 | M33: 0 | N33: 0 | O33: 0 | P33: 0 | Q33: 0 | R33: 0 | T33: 147 | U33: 150 | V33: 100 | W33: 0.41 | X33: 1.98 | AC33: 0.96 | AD33: 0.34 | AF33: 6 | AG33: =IF($H33="","",$H33) -> 10 | AH33: =IF(AG33="","",AG33/100) -> 0.1 | AI33: =IF($G33="","",$G33) -> 2.7 | AJ33: =IF($K33="","",$K33) -> 4 | AK33: =IF(J33="","",J33-1) | AL33: =IF($L33="","",$L33) -> 0 | AM33: =IF($M33="","",$M33) -> 0 | AN33: =IF($H34="","",$H34) -> 9.5 | AO33: =IF(AN33="","",AN33/100) -> 0.095 | AP33: =IF($G34="","",$G34) -> 2.8 | AQ33: =IF($K34="","",$K34) -> 4 | AR33: =IF(J34="","",J34-1) | AS33: =IF($L34="","",$L34) -> 0 | AT33: =IF($M34="","",$M34) -> 0 | AU33: =IF($H35="","",$H35) -> 10 | AV33: =IF(AU33="","",AU33/100) -> 0.1 | AW33: =IF($G35="","",$G35) -> 3.1 | AX33: =IF($K35="","",$K35) -> 2 | AY33: =IF(J35="","",J35-1) | AZ33: =IF($L35="","",$L35) -> 0 | BA33: =IF($M35="","",$M35) -> 0 | BB33: =IF($H36="","",$H36) -> 12 | BC33: =IF(BB33="","",BB33/100) -> 0.12 | BD33: =IF($G36="","",$G36) -> 3.3 | BE33: =IF($K36="","",$K36) -> 5 | BF33: =IF(J36="","",J36-1) | BG33: =IF($L36="","",$L36) -> 0 | BH33: =IF($M36="","",$M36) -> 0 | BI33: =IF($H37="","",$H37) -> 10.5 | BJ33: =IF(BI33="","",BI33/100) -> 0.105 | BK33: =IF($G37="","",$G37) -> 3.1 | BL33: =IF($K37="","",$K37) -> 4 | BM33: =IF(J37="","",J37-1) | BN33: =IF($L37="","",$L37) -> 0 | BO33: =IF($M37="","",$M37) -> 0 | BP33: =IF($H38="","",$H38) -> 11 | BQ33: =IF(BP33="","",BP33/100) -> 0.11 | BR33: =IF($G38="","",$G38) -> 3 | BS33: =IF($K38="","",$K38) -> 3 | BT33: =IF(J38="","",J38-1) | BU33: =IF($L38="","",$L38) -> 0 | BV33: =IF($M38="","",$M38) -> 0 | BW33: =SUM(O33:O38)/AF33 -> 0 | BX33: =SUM(P33:P38)/AF33 -> 0 | BY33: =SUM(Q33:Q38)/AF33 -> 0 | BZ33: =SUM(R33:R38)/AF33 -> 0
C34: B | E34: 148 | G34: 2.8 | H34: 9.5 | I34: 9 | K34: 4 | L34: 0 | M34: 0 | N34: 0 | O34: 0 | P34: 0 | Q34: 0 | R34: 0 | T34: 148 | U34: 150 | V34: 100
C35: C | D35: =D34 -> 0 | E35: =E34 -> 148 | G35: 3.1 | H35: 10 | I35: 3.5 | K35: 2 | L35: 0 | M35: 0 | N35: 0 | O35: 0 | P35: 0 | Q35: 0 | R35: 0 | T35: 148 | U35: 150 | V35: 100
C36: D | D36: =D35 -> 0 | E36: =E35 -> 148 | G36: 3.3 | H36: 12 | I36: 14 | K36: 5 | L36: 0 | M36: 0 | N36: 0 | O36: 0 | P36: 0 | Q36: 0 | R36: 0 | T36: 148 | U36: 150 | V36: 100
C37: E | D37: =D36 -> 0 | E37: =E36 -> 148 | G37: 3.1 | H37: 10.5 | I37: 9 | K37: 4 | L37: 0 | M37: 0 | N37: 0 | O37: 0 | P37: 0 | Q37: 0 | R37: 0 | T37: 148 | U37: 150 | V37: 100
C38: F | D38: =D37 -> 0 | E38: =E37 -> 148 | G38: 3 | H38: 11 | I38: 4 | K38: 3 | L38: 0 | M38: 0 | N38: 0 | O38: 0 | P38: 0 | Q38: 0 | R38: 0 | T38: 148 | U38: 150 | V38: 100
B40: FDH | C40: mean | E40: =AVERAGE(E34:E38) -> 148 | F40: =F33 -> 60.6 | G40: =AVERAGE(G33:G38) -> 3 | H40: =AVERAGE(H33:H38) -> 10.5 | I40: =AVERAGE(I33:I38) -> 7.5833333 | J40: =AVERAGE(J33:J38) -> #DIV/0! | K40: =AVERAGE(K33:K38) -> 3.6666667 | L40: =AVERAGE(L33:L38) -> 0 | M40: =AVERAGE(M33:M38) -> 0 | N40: =AVERAGE(N33:N38) -> 0 | ... R40: =AVERAGE(R33:R38) -> 0
C41: std err | G41: =STDEV(G33:G38)/SQRT(COUNT(G33:G38)) -> 0.089442719 | H41: =STDEV(H33:H38)/SQRT(COUNT(H33:H38)) -> 0.36514837 | I41: =STDEV(I33:I38)/SQRT(COUNT(I33:I38)) -> 1.6042478 | J41: =STDEV(J33:J38)/SQRT(COUNT(J33:J38)) -> #DIV/0! | K41: =STDEV(K33:K38)/SQRT(COUNT(K33:K38)) -> 0.42163702 | L41: =STDEV(L33:L38)/SQRT(COUNT(L33:L38)) -> 0 | M41: =STDEV(M33:M38)/SQRT(COUNT(M33:M38)) -> 0 | N41: =STDEV(N33:N38)/SQRT(COUNT(N33:N38)) -> 0 | ... R41: =STDEV(R33:R38)/SQRT(COUNT(R33:R38)) -> 0
B43: 104 | C43: A | E43: 147 | F43: 66.35 | G43: 3.8 | H43: 9.6 | I43: 6.5 | K43: 5 | L43: 1 | M43: 0 | N43: 0 | O43: 0 | P43: 0 | Q43: 0 | R43: 0 | T43: 147 | U43: 150 | V43: 100 | W43: 0.5 | X43: 2.35 | AC43: 1.04 | AD43: 0.34 | AF43: 6 | AG43: =IF($H43="","",$H43) -> 9.6 | AH43: =IF(AG43="","",AG43/100) -> 0.096 | AI43: =IF($G43="","",$G43) -> 3.8 | AJ43: =IF($K43="","",$K43) -> 5 | AK43: =IF(J43="","",J43-1) | AL43: =IF($L43="","",$L43) -> 1 | AM43: =IF($M43="","",$M43) -> 0 | AN43: =IF($H44="","",$H44) -> 8.8 | AO43: =IF(AN43="","",AN43/100) -> 0.088 | AP43: =IF($G44="","",$G44) -> 2.6 | AQ43: =IF($K44="","",$K44) -> 5 | AR43: =IF(J44="","",J44-1) | AS43: =IF($L44="","",$L44) -> 0 | AT43: =IF($M44="","",$M44) -> 0 | AU43: =IF($H45="","",$H45) -> 10.4 | AV43: =IF(AU43="","",AU43/100) -> 0.104 | AW43: =IF($G45="","",$G45) -> 3.4 | AX43: =IF($K45="","",$K45) -> 6 | AY43: =IF(J45="","",J45-1) | AZ43: =IF($L45="","",$L45) -> 1 | BA43: =IF($M45="","",$M45) -> 0 | BB43: =IF($H46="","",$H46) -> 11.4 | BC43: =IF(BB43="","",BB43/100) -> 0.114 | BD43: =IF($G46="","",$G46) -> 3 | BE43: =IF($K46="","",$K46) -> 6 | BF43: =IF(J46="","",J46-1) | BG43: =IF($L46="","",$L46) -> 0 | BH43: =IF($M46="","",$M46) -> 0 | BI43: =IF($H47="","",$H47) -> 9.8 | BJ43: =IF(BI43="","",BI43/100) -> 0.098 | BK43: =IF($G47="","",$G47) -> 2.8 | BL43: =IF($K47="","",$K47) -> 5 | BM43: =IF(J47="","",J47-1) | BN43: =IF($L47="","",$L47) -> 0 | BO43: =IF($M47="","",$M47) -> 0 | BP43: =IF($H48="","",$H48) -> 7.2 | BQ43: =IF(BP43="","",BP43/100) -> 0.072 | BR43: =IF($G48="","",$G48) -> 3 | BS43: =IF($K48="","",$K48) -> 2 | BT43: =IF(J48="","",J48-1) | BU43: =IF($L48="","",$L48) -> 2 | BV43: =IF($M48="","",$M48) -> 0 | BW43: =SUM(O43:O48)/AF43 -> 0 | BX43: =SUM(P43:P48)/AF43 -> 0 | BY43: =SUM(Q43:Q48)/AF43 -> 0 | BZ43: =SUM(R43:R48)/AF43 -> 0
C44: B | E44: 148 | G44: 2.6 | H44: 8.8 | I44: 6.4 | K44: 5 | L44: 0 | M44: 0 | N44: 0 | O44: 0 | P44: 0 | Q44: 0 | R44: 0 | T44: 148 | U44: 150 | V44: 100
C45: C | D45: =D44 -> 0 | E45: =E44 -> 148 | G45: 3.4 | H45: 10.4 | I45: 7.2 | K45: 6 | L45: 1 | M45: 0 | N45: 0 | O45: 0 | P45: 0 | Q45: 0 | R45: 0 | T45: 148 | U45: 150 | V45: 100
C46: D | D46: =D45 -> 0 | E46: =E45 -> 148 | G46: 3 | H46: 11.4 | I46: 8.9 | K46: 6 | L46: 0 | M46: 0 | N46: 0 | O46: 0 | P46: 0 | Q46: 0 | R46: 0 | T46: 148 | U46: 150 | V46: 100
C47: E | D47: =D46 -> 0 | E47: =E46 -> 148 | G47: 2.8 | H47: 9.8 | I47: 7.2 | K47: 5 | L47: 0 | M47: 0 | N47: 0 | O47: 0 | P47: 0 | Q47: 0 | R47: 0 | T47: 148 | U47: 150 | V47: 100
C48: F | D48: =D47 -> 0 | E48: =E47 -> 148 | G48: 3 | H48: 7.2 | I48: 10.7 | K48: 2 | L48: 2 | M48: 0 | N48: 0 | O48: 0 | P48: 0 | Q48: 0 | R48: 0 | T48: 148 | U48: 150 | V48: 100
B50: NTL | C50: mean | E50: =AVERAGE(E44:E48) -> 148 | F50: =F43 -> 66.35 | G50: =AVERAGE(G43:G48) -> 3.1 | H50: =AVERAGE(H43:H48) -> 9.5333333 | I50: =AVERAGE(I43:I48) -> 7.8166667 | J50: =AVERAGE(J43:J48) -> #DIV/0! | K50: =AVERAGE(K43:K48) -> 4.8333333 | L50: =AVERAGE(L43:L48) -> 0.66666667 | M50: =AVERAGE(M43:M48) -> 0 | N50: =AVERAGE(N43:N48) -> 0 | ... R50: =AVERAGE(R43:R48) -> 0
C51: std err | G51: =STDEV(G43:G48)/SQRT(COUNT(G43:G48)) -> 0.17701224 | H51: =STDEV(H43:H48)/SQRT(COUNT(H43:H48)) -> 0.58575687 | I51: =STDEV(I43:I48)/SQRT(COUNT(I43:I48)) -> 0.68284535 | J51: =STDEV(J43:J48)/SQRT(COUNT(J43:J48)) -> #DIV/0! | K51: =STDEV(K43:K48)/SQRT(COUNT(K43:K48)) -> 0.60092521 | L51: =STDEV(L43:L48)/SQRT(COUNT(L43:L48)) -> 0.33333333 | M51: =STDEV(M43:M48)/SQRT(COUNT(M43:M48)) -> 0 | N51: =STDEV(N43:N48)/SQRT(COUNT(N43:N48)) -> 0 | ... R51: =STDEV(R43:R48)/SQRT(COUNT(R43:R48)) -> 0
B53: 105 | C53: A | D53: sm | E53: 147 | F53: 41.87 | G53: 3.3 | H53: 8.6 | I53: 13.4 | K53: 2 | L53: 2 | M53: 0 | N53: 0 | O53: 0 | P53: 0 | Q53: 0 | R53: 0 | T53: 147 | U53: 150 | V53: 100 | W53: 0.36 | X53: 2.62 | AC53: 1.18 | AD53: 0.45 | AF53: 6 | AG53: =IF($H53="","",$H53) -> 8.6 | AH53: =IF(AG53="","",AG53/100) -> 0.086 | AI53: =IF($G53="","",$G53) -> 3.3 | AJ53: =IF($K53="","",$K53) -> 2 | AK53: =IF(J53="","",J53-1) | AL53: =IF($L53="","",$L53) -> 2 | AM53: =IF($M53="","",$M53) -> 0 | AN53: =IF($H54="","",$H54) -> 10.6 | AO53: =IF(AN53="","",AN53/100) -> 0.106 | AP53: =IF($G54="","",$G54) -> 3.5 | AQ53: =IF($K54="","",$K54) -> 4 | AR53: =IF(J54="","",J54-1) | AS53: =IF($L54="","",$L54) -> 1 | AT53: =IF($M54="","",$M54) -> 0 | AU53: =IF($H55="","",$H55) -> 13.3 | AV53: =IF(AU53="","",AU53/100) -> 0.133 | AW53: =IF($G55="","",$G55) -> 3.4 | AX53: =IF($K55="","",$K55) -> 5 | AY53: =IF(J55="","",J55-1) | AZ53: =IF($L55="","",$L55) -> 0 | BA53: =IF($M55="","",$M55) -> 0 | BB53: =IF($H56="","",$H56) -> 8.6 | BC53: =IF(BB53="","",BB53/100) -> 0.086 | BD53: =IF($G56="","",$G56) -> 3.1 | BE53: =IF($K56="","",$K56) -> 4 | BF53: =IF(J56="","",J56-1) | BG53: =IF($L56="","",$L56) -> 1 | BH53: =IF($M56="","",$M56) -> 0 | BI53: =IF($H57="","",$H57) -> 9.6 | BJ53: =IF(BI53="","",BI53/100) -> 0.096 | BK53: =IF($G57="","",$G57) -> 3.3 | BL53: =IF($K57="","",$K57) -> 4 | BM53: =IF(J57="","",J57-1) | BN53: =IF($L57="","",$L57) -> 2 | BO53: =IF($M57="","",$M57) -> 0 | BP53: =IF($H58="","",$H58) -> 10.3 | BQ53: =IF(BP53="","",BP53/100) -> 0.103 | BR53: =IF($G58="","",$G58) -> 3.1 | BS53: =IF($K58="","",$K58) -> 4 | BT53: =IF(J58="","",J58-1) | BU53: =IF($L58="","",$L58) -> 1 | BV53: =IF($M58="","",$M58) -> 0 | BW53: =SUM(O53:O58)/AF53 -> 0 | BX53: =SUM(P53:P58)/AF53 -> 0 | BY53: =SUM(Q53:Q58)/AF53 -> 0 | BZ53: =SUM(R53:R58)/AF53 -> 0
C54: B | E54: 148 | G54: 3.5 | H54: 10.6 | I54: 18.9 | K54: 4 | L54: 1 | M54: 0 | N54: 0 | O54: 0 | P54: 0 | Q54: 0 | R54: 0 | T54: 148 | U54: 150 | V54: 100
C55: C | D55: =D54 -> 0 | E55: =E54 -> 148 | G55: 3.4 | H55: 13.3 | I55: 13.9 | K55: 5 | L55: 0 | M55: 0 | N55: 0 | O55: 0 | P55: 0 | Q55: 0 | R55: 0 | T55: 148 | U55: 150 | V55: 100
C56: D | D56: =D55 -> 0 | E56: =E55 -> 148 | G56: 3.1 | H56: 8.6 | I56: 11.4 | K56: 4 | L56: 1 | M56: 0 | N56: 0 | O56: 0 | P56: 0 | Q56: 0 | R56: 0 | T56: 148 | U56: 150 | V56: 100
C57: E | D57: =D56 -> 0 | E57: =E56 -> 148 | G57: 3.3 | H57: 9.6 | I57: 12.6 | K57: 4 | L57: 2 | M57: 0 | N57: 0 | O57: 0 | P57: 0 | Q57: 0 | R57: 0 | T57: 148 | U57: 150 | V57: 100
C58: F | D58: =D57 -> 0 | E58: =E57 -> 148 | G58: 3.1 | H58: 10.3 | I58: 10.1 | K58: 4 | L58: 1 | M58: 0 | N58: 0 | O58: 0 | P58: 0 | Q58: 0 | R58: 0 | T58: 148 | U58: 150 | V58: 100
B60: NDL | C60: mean | E60: =AVERAGE(E54:E58) -> 148 | F60: =F53 -> 41.87 | G60: =AVERAGE(G53:G58) -> 3.2833333 | H60: =AVERAGE(H53:H58) -> 10.166667 | I60: =AVERAGE(I53:I58) -> 13.383333 | J60: =AVERAGE(J53:J58) -> #DIV/0! | K60: =AVERAGE(K53:K58) -> 3.8333333 | L60: =AVERAGE(L53:L58) -> 1.1666667 | M60: =AVERAGE(M53:M58) -> 0 | N60: =AVERAGE(N53:N58) -> 0 | ... R60: =AVERAGE(R53:R58) -> 0
C61: std err | G61: =STDEV(G53:G58)/SQRT(COUNT(G53:G58)) -> 0.065404723 | H61: =STDEV(H53:H58)/SQRT(COUNT(H53:H58)) -> 0.7130529 | I61: =STDEV(I53:I58)/SQRT(COUNT(I53:I58)) -> 1.2386597 | J61: =STDEV(J53:J58)/SQRT(COUNT(J53:J58)) -> #DIV/0! | K61: =STDEV(K53:K58)/SQRT(COUNT(K53:K58)) -> 0.40138649 | L61: =STDEV(L53:L58)/SQRT(COUNT(L53:L58)) -> 0.30731815 | M61: =STDEV(M53:M58)/SQRT(COUNT(M53:M58)) -> 0 | N61: =STDEV(N53:N58)/SQRT(COUNT(N53:N58)) -> 0 | ... R61: =STDEV(R53:R58)/SQRT(COUNT(R53:R58)) -> 0
B63: 106 | C63: A | E63: 147 | F63: 42.35 | G63: 2.9 | H63: 8.5 | I63: 4.5 | K63: 2 | L63: 1 | M63: 0 | N63: 0 | O63: 0 | P63: 0 | Q63: 0 | R63: 0 | T63: 147 | U63: 150 | V63: 100 | W63: 0.3 | X63: 1.93 | AC63: 0.86 | AD63: 0.24 | AF63: 6 | AG63: =IF($H63="","",$H63) -> 8.5 | AH63: =IF(AG63="","",AG63/100) -> 0.085 | AI63: =IF($G63="","",$G63) -> 2.9 | AJ63: =IF($K63="","",$K63) -> 2 | AK63: =IF(J63="","",J63-1) | AL63: =IF($L63="","",$L63) -> 1 | AM63: =IF($M63="","",$M63) -> 0 | AN63: =IF($H64="","",$H64) -> 11 | AO63: =IF(AN63="","",AN63/100) -> 0.11 | AP63: =IF($G64="","",$G64) -> 3.2 | AQ63: =IF($K64="","",$K64) -> 3 | AR63: =IF(J64="","",J64-1) | AS63: =IF($L64="","",$L64) -> 0 | AT63: =IF($M64="","",$M64) -> 0 | AU63: =IF($H65="","",$H65) -> 7 | AV63: =IF(AU63="","",AU63/100) -> 0.07 | AW63: =IF($G65="","",$G65) -> 3.2 | AX63: =IF($K65="","",$K65) -> 2 | AY63: =IF(J65="","",J65-1) | AZ63: =IF($L65="","",$L65) -> 1 | BA63: =IF($M65="","",$M65) -> 0 | BB63: =IF($H66="","",$H66) -> 11 | BC63: =IF(BB63="","",BB63/100) -> 0.11 | BD63: =IF($G66="","",$G66) -> 2.6 | BE63: =IF($K66="","",$K66) -> 4 | BF63: =IF(J66="","",J66-1) | BG63: =IF($L66="","",$L66) -> 0 | BH63: =IF($M66="","",$M66) -> 0 | BI63: =IF($H67="","",$H67) -> 10 | BJ63: =IF(BI63="","",BI63/100) -> 0.1 | BK63: =IF($G67="","",$G67) -> 2.5 | BL63: =IF($K67="","",$K67) -> 5 | BM63: =IF(J67="","",J67-1) | BN63: =IF($L67="","",$L67) -> 0 | BO63: =IF($M67="","",$M67) -> 0 | BP63: =IF($H68="","",$H68) -> 5.5 | BQ63: =IF(BP63="","",BP63/100) -> 0.055 | BR63: =IF($G68="","",$G68) -> 2.7 | BS63: =IF($K68="","",$K68) -> 1 | BT63: =IF(J68="","",J68-1) | BU63: =IF($L68="","",$L68) -> 0 | BV63: =IF($M68="","",$M68) -> 0 | BW63: =SUM(O63:O68)/AF63 -> 0 | BX63: =SUM(P63:P68)/AF63 -> 0 | BY63: =SUM(Q63:Q68)/AF63 -> 0 | BZ63: =SUM(R63:R68)/AF63 -> 0
C64: B | E64: 148 | G64: 3.2 | H64: 11 | I64: 8.5 | K64: 3 | L64: 0 | M64: 0 | N64: 0 | O64: 0 | P64: 0 | Q64: 0 | R64: 0 | T64: 148 | U64: 150 | V64: 100 | AC64: 0.43
C65: C | D65: =D64 -> 0 | E65: =E64 -> 148 | G65: 3.2 | H65: 7 | I65: 5.5 | K65: 2 | L65: 1 | M65: 0 | N65: 0 | O65: 0 | P65: 0 | Q65: 0 | R65: 0 | T65: 148 | U65: 150 | V65: 100
C66: D | D66: =D65 -> 0 | E66: =E65 -> 148 | G66: 2.6 | H66: 11 | I66: 8 | K66: 4 | L66: 0 | M66: 0 | N66: 0 | O66: 0 | P66: 0 | Q66: 0 | R66: 0 | T66: 148 | U66: 150 | V66: 100
C67: E | D67: =D66 -> 0 | E67: =E66 -> 148 | G67: 2.5 | H67: 10 | I67: 12.5 | K67: 5 | L67: 0 | M67: 0 | N67: 0 | O67: 0 | P67: 0 | Q67: 0 | R67: 0 | T67: 148 | U67: 150 | V67: 100
C68: F | D68: =D67 -> 0 | E68: =E67 -> 148 | G68: 2.7 | H68: 5.5 | I68: 3.5 | K68: 1 | L68: 0 | M68: 0 | N68: 0 | O68: 0 | P68: 0 | Q68: 0 | R68: 0 | T68: 148 | U68: 150 | V68: 100
B70: NTH | C70: mean | E70: =AVERAGE(E64:E68) -> 148 | F70: =F63 -> 42.35 | G70: =AVERAGE(G63:G68) -> 2.85 | H70: =AVERAGE(H63:H68) -> 8.8333333 | I70: =AVERAGE(I63:I68) -> 7.0833333 | J70: =AVERAGE(J63:J68) -> #DIV/0! | K70: =AVERAGE(K63:K68) -> 2.8333333 | L70: =AVERAGE(L63:L68) -> 0.33333333 | M70: =AVERAGE(M63:M68) -> 0 | N70: =AVERAGE(N63:N68) -> 0 | ... R70: =AVERAGE(R63:R68) -> 0
C71: std err | G71: =STDEV(G63:G68)/SQRT(COUNT(G63:G68)) -> 0.12315302 | H71: =STDEV(H63:H68)/SQRT(COUNT(H63:H68)) -> 0.91893658 | I71: =STDEV(I63:I68)/SQRT(COUNT(I63:I68)) -> 1.3442263 | J71: =STDEV(J63:J68)/SQRT(COUNT(J63:J68)) -> #DIV/0! | K71: =STDEV(K63:K68)/SQRT(COUNT(K63:K68)) -> 0.60092521 | L71: =STDEV(L63:L68)/SQRT(COUNT(L63:L68)) -> 0.21081851 | M71: =STDEV(M63:M68)/SQRT(COUNT(M63:M68)) -> 0 | N71: =STDEV(N63:N68)/SQRT(COUNT(N63:N68)) -> 0 | ... R71: =STDEV(R63:R68)/SQRT(COUNT(R63:R68)) -> 0
B73: 107 | C73: A | E73: 147 | F73: 50.38 | G73: 2.7 | H73: 11 | I73: 8.2 | K73: 3 | L73: 0 | M73: 0 | N73: 0 | O73: 0 | P73: 0 | Q73: 0 | R73: 0 | T73: 147 | U73: 150 | V73: 100 | W73: 0.43 | X73: 2.25 | AC73: 1.02 | AD73: 0.37 | AF73: 6 | AG73: =IF($H73="","",$H73) -> 11 | AH73: =IF(AG73="","",AG73/100) -> 0.11 | AI73: =IF($G73="","",$G73) -> 2.7 | AJ73: =IF($K73="","",$K73) -> 3 | AK73: =IF(J73="","",J73-1) | AL73: =IF($L73="","",$L73) -> 0 | AM73: =IF($M73="","",$M73) -> 0 | AN73: =IF($H74="","",$H74) -> 10.1 | AO73: =IF(AN73="","",AN73/100) -> 0.101 | AP73: =IF($G74="","",$G74) -> 3.6 | AQ73: =IF($K74="","",$K74) -> 4 | AR73: =IF(J74="","",J74-1) | AS73: =IF($L74="","",$L74) -> 1 | AT73: =IF($M74="","",$M74) -> 0 | AU73: =IF($H75="","",$H75) -> 11.9 | AV73: =IF(AU73="","",AU73/100) -> 0.119 | AW73: =IF($G75="","",$G75) -> 3 | AX73: =IF($K75="","",$K75) -> 5 | AY73: =IF(J75="","",J75-1) | AZ73: =IF($L75="","",$L75) -> 0 | BA73: =IF($M75="","",$M75) -> 0 | BB73: =IF($H76="","",$H76) -> 10.6 | BC73: =IF(BB73="","",BB73/100) -> 0.106 | BD73: =IF($G76="","",$G76) -> 3 | BE73: =IF($K76="","",$K76) -> 5 | BF73: =IF(J76="","",J76-1) | BG73: =IF($L76="","",$L76) -> 1 | BH73: =IF($M76="","",$M76) -> 0 | BI73: =IF($H77="","",$H77) -> 5.1 | BJ73: =IF(BI73="","",BI73/100) -> 0.051 | BK73: =IF($G77="","",$G77) -> 3 | BL73: =IF($K77="","",$K77) -> 2 | BM73: =IF(J77="","",J77-1) | BN73: =IF($L77="","",$L77) -> 0 | BO73: =IF($M77="","",$M77) -> 0 | BP73: =IF($H78="","",$H78) -> 10.3 | BQ73: =IF(BP73="","",BP73/100) -> 0.103 | BR73: =IF($G78="","",$G78) -> 2.9 | BS73: =IF($K78="","",$K78) -> 4 | BT73: =IF(J78="","",J78-1) | BU73: =IF($L78="","",$L78) -> 2 | BV73: =IF($M78="","",$M78) -> 0 | BW73: =SUM(O73:O78)/AF73 -> 0 | BX73: =SUM(P73:P78)/AF73 -> 0 | BY73: =SUM(Q73:Q78)/AF73 -> 0 | BZ73: =SUM(R73:R78)/AF73 -> 0
C74: B | E74: 148 | G74: 3.6 | H74: 10.1 | I74: 9.1 | K74: 4 | L74: 1 | M74: 0 | N74: 0 | O74: 0 | P74: 0 | Q74: 0 | R74: 0 | T74: 148 | U74: 150 | V74: 100
C75: C | D75: =D74 -> 0 | E75: =E74 -> 148 | G75: 3 | H75: 11.9 | I75: 12.9 | K75: 5 | L75: 0 | M75: 0 | N75: 0 | O75: 0 | P75: 0 | Q75: 0 | R75: 0 | T75: 148 | U75: 150 | V75: 100
C76: D | D76: =D75 -> 0 | E76: =E75 -> 148 | G76: 3 | H76: 10.6 | I76: 9.1 | K76: 5 | L76: 1 | M76: 0 | N76: 0 | O76: 0 | P76: 0 | Q76: 0 | R76: 0 | T76: 148 | U76: 150 | V76: 100
C77: E | D77: =D76 -> 0 | E77: =E76 -> 148 | G77: 3 | H77: 5.1 | I77: 3.9 | K77: 2 | L77: 0 | M77: 0 | N77: 0 | O77: 0 | P77: 0 | Q77: 0 | R77: 0 | T77: 148 | U77: 150 | V77: 100
C78: F | D78: =D77 -> 0 | E78: =E77 -> 148 | G78: 2.9 | H78: 10.3 | I78: 7 | K78: 4 | L78: 2 | M78: 0 | N78: 0 | O78: 0 | P78: 0 | Q78: 0 | R78: 0 | T78: 148 | U78: 150 | V78: 100
B80: NTL | C80: mean | E80: =AVERAGE(E74:E78) -> 148 | F80: =F73 -> 50.38 | G80: =AVERAGE(G73:G78) -> 3.0333333 | H80: =AVERAGE(H73:H78) -> 9.8333333 | I80: =AVERAGE(I73:I78) -> 8.3666667 | J80: =AVERAGE(J73:J78) -> #DIV/0! | K80: =AVERAGE(K73:K78) -> 3.8333333 | L80: =AVERAGE(L73:L78) -> 0.66666667 | M80: =AVERAGE(M73:M78) -> 0 | N80: =AVERAGE(N73:N78) -> 0 | ... R80: =AVERAGE(R73:R78) -> 0
C81: std err | G81: =STDEV(G73:G78)/SQRT(COUNT(G73:G78)) -> 0.12292726 | H81: =STDEV(H73:H78)/SQRT(COUNT(H73:H78)) -> 0.98172184 | I81: =STDEV(I73:I78)/SQRT(COUNT(I73:I78)) -> 1.2037903 | J81: =STDEV(J73:J78)/SQRT(COUNT(J73:J78)) -> #DIV/0! | K81: =STDEV(K73:K78)/SQRT(COUNT(K73:K78)) -> 0.4772607 | L81: =STDEV(L73:L78)/SQRT(COUNT(L73:L78)) -> 0.33333333 | M81: =STDEV(M73:M78)/SQRT(COUNT(M73:M78)) -> 0 | N81: =STDEV(N73:N78)/SQRT(COUNT(N73:N78)) -> 0 | ... R81: =STDEV(R73:R78)/SQRT(COUNT(R73:R78)) -> 0
B83: 108 | C83: A | E83: 147 | F83: 75.74 | G83: 3.2 | H83: 11.6 | I83: 6.9 | K83: 5 | L83: 0 | M83: 0 | N83: 0 | O83: 0 | P83: 0 | Q83: 0 | R83: 0 | T83: 147 | U83: 150 | V83: 100 | W83: 0.56 | X83: 1.53 | AC83: 0.85 | AD83: 0.31 | AF83: 6 | AG83: =IF($H83="","",$H83) -> 11.6 | AH83: =IF(AG83="","",AG83/100) -> 0.116 | AI83: =IF($G83="","",$G83) -> 3.2 | AJ83: =IF($K83="","",$K83) -> 5 | AK83: =IF(J83="","",J83-1) | AL83: =IF($L83="","",$L83) -> 0 | AM83: =IF($M83="","",$M83) -> 0 | AN83: =IF($H84="","",$H84) -> 11.6 | AO83: =IF(AN83="","",AN83/100) -> 0.116 | AP83: =IF($G84="","",$G84) -> 2.9 | AQ83: =IF($K84="","",$K84) -> 5 | AR83: =IF(J84="","",J84-1) | AS83: =IF($L84="","",$L84) -> 0 | AT83: =IF($M84="","",$M84) -> 0 | AU83: =IF($H85="","",$H85) -> 7.2 | AV83: =IF(AU83="","",AU83/100) -> 0.072 | AW83: =IF($G85="","",$G85) -> 3.3 | AX83: =IF($K85="","",$K85) -> 2 | AY83: =IF(J85="","",J85-1) | AZ83: =IF($L85="","",$L85) -> 1 | BA83: =IF($M85="","",$M85) -> 0 | BB83: =IF($H86="","",$H86) -> 9 | BC83: =IF(BB83="","",BB83/100) -> 0.09 | BD83: =IF($G86="","",$G86) -> 3.1 | BE83: =IF($K86="","",$K86) -> 2 | BF83: =IF(J86="","",J86-1) | BG83: =IF($L86="","",$L86) -> 2 | BH83: =IF($M86="","",$M86) -> 0 | BI83: =IF($H87="","",$H87) -> 7 | BJ83: =IF(BI83="","",BI83/100) -> 0.07 | BK83: =IF($G87="","",$G87) -> 2.6 | BL83: =IF($K87="","",$K87) -> 3 | BM83: =IF(J87="","",J87-1) | BN83: =IF($L87="","",$L87) -> 1 | BO83: =IF($M87="","",$M87) -> 0 | BP83: =IF($H88="","",$H88) -> 7 | BQ83: =IF(BP83="","",BP83/100) -> 0.07 | BR83: =IF($G88="","",$G88) -> 2.7 | BS83: =IF($K88="","",$K88) -> 3 | BT83: =IF(J88="","",J88-1) | BU83: =IF($L88="","",$L88) -> 2 | BV83: =IF($M88="","",$M88) -> 0 | BW83: =SUM(O83:O88)/AF83 -> 0 | BX83: =SUM(P83:P88)/AF83 -> 0 | BY83: =SUM(Q83:Q88)/AF83 -> 0 | BZ83: =SUM(R83:R88)/AF83 -> 0
C84: B | E84: 148 | G84: 2.9 | H84: 11.6 | I84: 16.9 | K84: 5 | L84: 0 | M84: 0 | N84: 0 | O84: 0 | P84: 0 | Q84: 0 | R84: 0 | T84: 148 | U84: 150 | V84: 100
C85: C | D85: =D84 -> 0 | E85: =E84 -> 148 | G85: 3.3 | H85: 7.2 | I85: 5.2 | K85: 2 | L85: 1 | M85: 0 | N85: 0 | O85: 0 | P85: 0 | Q85: 0 | R85: 0 | T85: 148 | U85: 150 | V85: 100
C86: D | D86: =D85 -> 0 | E86: =E85 -> 148 | G86: 3.1 | H86: 9 | I86: 5.5 | K86: 2 | L86: 2 | M86: 0 | N86: 0 | O86: 0 | P86: 0 | Q86: 0 | R86: 0 | T86: 148 | U86: 150 | V86: 100
C87: E | D87: =D86 -> 0 | E87: =E86 -> 148 | G87: 2.6 | H87: 7 | I87: 10.4 | K87: 3 | L87: 1 | M87: 0 | N87: 0 | O87: 0 | P87: 0 | Q87: 0 | R87: 0 | T87: 148 | U87: 150 | V87: 100
C88: F | D88: =D87 -> 0 | E88: =E87 -> 148 | G88: 2.7 | H88: 7 | I88: 13.5 | K88: 3 | L88: 2 | M88: 0 | N88: 0 | O88: 0 | P88: 0 | Q88: 0 | R88: 0 | T88: 148 | U88: 150 | V88: 100
B90: FTH | C90: mean | E90: =AVERAGE(E84:E88) -> 148 | F90: =F83 -> 75.74 | G90: =AVERAGE(G83:G88) -> 2.9666667 | H90: =AVERAGE(H83:H88) -> 8.9 | I90: =AVERAGE(I83:I88) -> 9.7333333 | J90: =AVERAGE(J83:J88) -> #DIV/0! | K90: =AVERAGE(K83:K88) -> 3.3333333 | L90: =AVERAGE(L83:L88) -> 1 | M90: =AVERAGE(M83:M88) -> 0 | N90: =AVERAGE(N83:N88) -> 0 | ... R90: =AVERAGE(R83:R88) -> 0
C91: std err | G91: =STDEV(G83:G88)/SQRT(COUNT(G83:G88)) -> 0.11450376 | H91: =STDEV(H83:H88)/SQRT(COUNT(H83:H88)) -> 0.90737717 | I91: =STDEV(I83:I88)/SQRT(COUNT(I83:I88)) -> 1.9364343 | J91: =STDEV(J83:J88)/SQRT(COUNT(J83:J88)) -> #DIV/0! | K91: =STDEV(K83:K88)/SQRT(COUNT(K83:K88)) -> 0.55777335 | L91: =STDEV(L83:L88)/SQRT(COUNT(L83:L88)) -> 0.36514837 | M91: =STDEV(M83:M88)/SQRT(COUNT(M83:M88)) -> 0 | N91: =STDEV(N83:N88)/SQRT(COUNT(N83:N88)) -> 0 | ... R91: =STDEV(R83:R88)/SQRT(COUNT(R83:R88)) -> 0

Sheet d147Data200
B11: Plot | C11: Plant | D11: Initials | E11: DOY Wet Process | F11: Leaf area of Subsmple | G11: Stem Diameter (mm) | H11: Abvegrnd Height (cm) | I11: Tap Root Length (cm) | J11: MS Node of First Fruit Branch | K11: No. of MS Nodes | L11: No. of Veg. Branches | M11: No. nodes on Veg. Branches | N11: Abscisions in reference positions | O11: No. of Squares | P11: No. of White Flowers | Q11: No. of Green Bolls | R11: No. of Mature Bolls | S11: Codes | T11: DOY into Oven | U11: DOY out of Oven | V11: Oven Temp (°C) | W11: Leaf Ssample BM | X11: Remainder Leaf BM | Y11: Square BM | Z11: Flwr & GBoll BM | AA11: Mature Boll BM | AB11: Seed Cotton BM | AC11: StemBM | AD11: Tap Root BM | AF11: NumPlts | AG11: Height | AH11: PHTD1 | AI11: STDD1 | AJ11: MSNODE1 | AK11: PFNODE1 | AL11: VBNUM1 | AM11: VBNODE1 | AN11: Height | AO11: PHTD2 | AP11: STDD2 | AQ11: MSNODE2 | AR11: PFNODE2 | AS11: VBNUM2 | AT11: VBNODE2 | AU11: Height | AV11: PHTD3 | AW11: STDD3 | AX11: MSNODE3 | AY11: PFNODE3 | AZ11: VBNUM3 | BA11: VBNODE3 | BB11: Height | BC11: PHTD4 | BD11: STDD4 | BE11: MSNODE4 | BF11: PFNODE4 | BG11: VBNUM4 | BH11: VBNODE4 | BI11: Height | BJ11: PHTD5 | BK11: STDD5 | BL11: MSNODE5 | BM11: PFNODE5 | BN11: VBNUM5 | BO11: VBNODE5 | BP11: Height | BQ11: PHTD6 | BR11: STDD56 | BS11: MSNODE6 | BT11: PFNODE6 | BU11: VBNUM6 | BV11: VBNODE6 | BW11: SQRNUM | BX11: FLRNUM | BY11: GBNUM | BZ11: MBNUM
B13: 201 | C13: A | D13: s/s | E13: 147 | F13: 51.69 | G13: 2.7 | H13: 11 | I13: 8.5 | K13: 3 | L13: 1 | M13: 0 | N13: 0 | O13: 0 | P13: 0 | Q13: 0 | R13: 0 | T13: 148 | U13: 150 | V13: 100 | W13: 0.36 | X13: 1.72 | AC13: 0.82 | AD13: 0.29 | AF13: 6 | AG13: =IF($H13="","",$H13) -> 11 | AH13: =IF(AG13="","",AG13/100) -> 0.11 | AI13: =IF($G13="","",$G13) -> 2.7 | AJ13: =IF($K13="","",$K13) -> 3 | AK13: =IF(J13="","",J13-1) | AL13: =IF($L13="","",$L13) -> 1 | AM13: =IF($M13="","",$M13) -> 0 | AN13: =IF($H14="","",$H14) -> 12 | AO13: =IF(AN13="","",AN13/100) -> 0.12 | AP13: =IF($G14="","",$G14) -> 3.6 | AQ13: =IF($K14="","",$K14) -> 6 | AR13: =IF(J14="","",J14-1) | AS13: =IF($L14="","",$L14) -> 0 | AT13: =IF($M14="","",$M14) -> 0 | AU13: =IF($H15="","",$H15) -> 9 | AV13: =IF(AU13="","",AU13/100) -> 0.09 | AW13: =IF($G15="","",$G15) -> 2.6 | AX13: =IF($K15="","",$K15) -> 4 | AY13: =IF(J15="","",J15-1) | AZ13: =IF($L15="","",$L15) -> 0 | BA13: =IF($M15="","",$M15) -> 0 | BB13: =IF($H16="","",$H16) -> 6.5 | BC13: =IF(BB13="","",BB13/100) -> 0.065 | BD13: =IF($G16="","",$G16) -> 2.3 | BE13: =IF($K16="","",$K16) -> 3 | BF13: =IF(J16="","",J16-1) | BG13: =IF($L16="","",$L16) -> 0 | BH13: =IF($M16="","",$M16) -> 0 | BI13: =IF($H17="","",$H17) -> 8.5 | BJ13: =IF(BI13="","",BI13/100) -> 0.085 | BK13: =IF($G17="","",$G17) -> 2.8 | BL13: =IF($K17="","",$K17) -> 2 | BM13: =IF(J17="","",J17-1) | BN13: =IF($L17="","",$L17) -> 2 | BO13: =IF($M17="","",$M17) -> 0 | BP13: =IF($H18="","",$H18) -> 9 | BQ13: =IF(BP13="","",BP13/100) -> 0.09 | BR13: =IF($G18="","",$G18) -> 3 | BS13: =IF($K18="","",$K18) -> 3 | BT13: =IF(J18="","",J18-1) | BU13: =IF($L18="","",$L18) -> 0 | BV13: =IF($M18="","",$M18) -> 0 | BW13: =SUM(O13:O18)/AF13 -> 0 | BX13: =SUM(P13:P18)/AF13 -> 0 | BY13: =SUM(Q13:Q18)/AF13 -> 0 | BZ13: =SUM(R13:R18)/AF13 -> 0
C14: B | G14: 3.6 | H14: 12 | I14: 9 | K14: 6 | L14: 0 | M14: 0 | N14: 0 | O14: 0 | P14: 0 | Q14: 0 | R14: 0
C15: C | D15: =D14 -> 0 | E15: =E14 -> 0 | G15: 2.6 | H15: 9 | I15: 9.5 | K15: 4 | L15: 0 | M15: 0 | N15: 0 | O15: 0 | P15: 0 | Q15: 0 | R15: 0
C16: D | D16: =D15 -> 0 | E16: =E15 -> 0 | G16: 2.3 | H16: 6.5 | I16: 8 | K16: 3 | L16: 0 | M16: 0 | N16: 0 | O16: 0 | P16: 0 | Q16: 0 | R16: 0
C17: E | D17: =D16 -> 0 | E17: =E16 -> 0 | G17: 2.8 | H17: 8.5 | I17: 11 | K17: 2 | L17: 2 | M17: 0 | N17: 0 | O17: 0 | P17: 0 | Q17: 0 | R17: 0
C18: F | D18: =D17 -> 0 | E18: =E17 -> 0 | G18: 3 | H18: 9 | I18: 6.5 | K18: 3 | L18: 0 | M18: 0 | N18: 0 | O18: 0 | P18: 0 | Q18: 0 | R18: 0
B20: NDL | C20: mean | E20: =AVERAGE(E14:E18) -> 0 | F20: =F13 -> 51.69 | G20: =AVERAGE(G13:G18) -> 2.8333333 | H20: =AVERAGE(H13:H18) -> 9.3333333 | I20: =AVERAGE(I13:I18) -> 8.75 | J20: =AVERAGE(J13:J18) -> #DIV/0! | K20: =AVERAGE(K13:K18) -> 3.5 | L20: =AVERAGE(L13:L18) -> 0.5 | M20: =AVERAGE(M13:M18) -> 0 | N20: =AVERAGE(N13:N18) -> 0 | ... R20: =AVERAGE(R13:R18) -> 0
C21: std err | G21: =STDEV(G13:G18)/SQRT(COUNT(G13:G18)) -> 0.18012341 | H21: =STDEV(H13:H18)/SQRT(COUNT(H13:H18)) -> 0.79232429 | I21: =STDEV(I13:I18)/SQRT(COUNT(I13:I18)) -> 0.61576511 | J21: =STDEV(J13:J18)/SQRT(COUNT(J13:J18)) -> #DIV/0! | K21: =STDEV(K13:K18)/SQRT(COUNT(K13:K18)) -> 0.56273143 | L21: =STDEV(L13:L18)/SQRT(COUNT(L13:L18)) -> 0.34156503 | M21: =STDEV(M13:M18)/SQRT(COUNT(M13:M18)) -> 0 | N21: =STDEV(N13:N18)/SQRT(COUNT(N13:N18)) -> 0 | ... R21: =STDEV(R13:R18)/SQRT(COUNT(R13:R18)) -> 0
B23: =B13+1 -> 202 | C23: A | E23: 147 | F23: 113.28 | G23: 3.7 | H23: 10.5 | I23: 14.5 | K23: 3 | L23: 1 | M23: 0 | N23: 0 | O23: 0 | P23: 0 | Q23: 0 | R23: 0 | T23: 148 | U23: 150 | V23: 100 | W23: 0.88 | X23: 1.75 | AC23: 1.01 | AD23: 0.41 | AF23: 6 | AG23: =IF($H23="","",$H23) -> 10.5 | AH23: =IF(AG23="","",AG23/100) -> 0.105 | AI23: =IF($G23="","",$G23) -> 3.7 | AJ23: =IF($K23="","",$K23) -> 3 | AK23: =IF(J23="","",J23-1) | AL23: =IF($L23="","",$L23) -> 1 | AM23: =IF($M23="","",$M23) -> 0 | AN23: =IF($H24="","",$H24) -> 11 | AO23: =IF(AN23="","",AN23/100) -> 0.11 | AP23: =IF($G24="","",$G24) -> 3.6 | AQ23: =IF($K24="","",$K24) -> 5 | AR23: =IF(J24="","",J24-1) | AS23: =IF($L24="","",$L24) -> 0 | AT23: =IF($M24="","",$M24) -> 0 | AU23: =IF($H25="","",$H25) -> 11 | AV23: =IF(AU23="","",AU23/100) -> 0.11 | AW23: =IF($G25="","",$G25) -> 3 | AX23: =IF($K25="","",$K25) -> 5 | AY23: =IF(J25="","",J25-1) | AZ23: =IF($L25="","",$L25) -> 0 | BA23: =IF($M25="","",$M25) -> 0 | BB23: =IF($H26="","",$H26) -> 8.5 | BC23: =IF(BB23="","",BB23/100) -> 0.085 | BD23: =IF($G26="","",$G26) -> 2.6 | BE23: =IF($K26="","",$K26) -> 2 | BF23: =IF(J26="","",J26-1) | BG23: =IF($L26="","",$L26) -> 1 | BH23: =IF($M26="","",$M26) -> 0 | BI23: =IF($H27="","",$H27) -> 5 | BJ23: =IF(BI23="","",BI23/100) -> 0.05 | BK23: =IF($G27="","",$G27) -> 2.5 | BL23: =IF($K27="","",$K27) -> 0 | BM23: =IF(J27="","",J27-1) | BN23: =IF($L27="","",$L27) -> 0 | BO23: =IF($M27="","",$M27) -> 0 | BP23: =IF($H28="","",$H28) -> 5 | BQ23: =IF(BP23="","",BP23/100) -> 0.05 | BR23: =IF($G28="","",$G28) -> 2.2 | BS23: =IF($K28="","",$K28) -> 0 | BT23: =IF(J28="","",J28-1) | BU23: =IF($L28="","",$L28) -> 0 | BV23: =IF($M28="","",$M28) -> 0 | BW23: =SUM(O23:O28)/AF23 -> 0 | BX23: =SUM(P23:P28)/AF23 -> 0 | BY23: =SUM(Q23:Q28)/AF23 -> 0 | BZ23: =SUM(R23:R28)/AF23 -> 0
C24: B | E24: 148 | G24: 3.6 | H24: 11 | I24: 11 | K24: 5 | L24: 0 | M24: 0 | N24: 0 | O24: 0 | P24: 0 | Q24: 0 | R24: 0
C25: C | D25: =D24 -> 0 | E25: =E24 -> 148 | G25: 3 | H25: 11 | I25: 10 | K25: 5 | L25: 0 | M25: 0 | N25: 0 | O25: 0 | P25: 0 | Q25: 0 | R25: 0
C26: D | D26: =D25 -> 0 | E26: =E25 -> 148 | G26: 2.6 | H26: 8.5 | I26: 13 | K26: 2 | L26: 1 | M26: 0 | N26: 0 | O26: 0 | P26: 0 | Q26: 0 | R26: 0
C27: E | D27: =D26 -> 0 | E27: =E26 -> 148 | G27: 2.5 | H27: 5 | I27: 5.5 | K27: 0 | L27: 0 | M27: 0 | N27: 0 | O27: 0 | P27: 0 | Q27: 0 | R27: 0
C28: F | D28: =D27 -> 0 | E28: =E27 -> 148 | G28: 2.2 | H28: 5 | I28: 3 | K28: 0 | L28: 0 | M28: 0 | N28: 0 | O28: 0 | P28: 0 | Q28: 0 | R28: 0 | S28: cotyledons
B30: NTH | C30: mean | E30: =AVERAGE(E24:E28) -> 148 | F30: =F23 -> 113.28 | G30: =AVERAGE(G23:G28) -> 2.9333333 | H30: =AVERAGE(H23:H28) -> 8.5 | I30: =AVERAGE(I23:I28) -> 9.5 | J30: =AVERAGE(J23:J28) -> #DIV/0! | K30: =AVERAGE(K23:K28) -> 2.5 | L30: =AVERAGE(L23:L28) -> 0.33333333 | M30: =AVERAGE(M23:M28) -> 0 | N30: =AVERAGE(N23:N28) -> 0 | ... R30: =AVERAGE(R23:R28) -> 0
C31: std err | G31: =STDEV(G23:G28)/SQRT(COUNT(G23:G28)) -> 0.24988886 | H31: =STDEV(H23:H28)/SQRT(COUNT(H23:H28)) -> 1.1690452 | I31: =STDEV(I23:I28)/SQRT(COUNT(I23:I28)) -> 1.8073922 | J31: =STDEV(J23:J28)/SQRT(COUNT(J23:J28)) -> #DIV/0! | K31: =STDEV(K23:K28)/SQRT(COUNT(K23:K28)) -> 0.92195445 | L31: =STDEV(L23:L28)/SQRT(COUNT(L23:L28)) -> 0.21081851 | M31: =STDEV(M23:M28)/SQRT(COUNT(M23:M28)) -> 0 | N31: =STDEV(N23:N28)/SQRT(COUNT(N23:N28)) -> 0 | ... R31: =STDEV(R23:R28)/SQRT(COUNT(R23:R28)) -> 0
B33: =B23+1 -> 203 | C33: A | E33: 147 | F33: 65.02 | G33: 2.9 | H33: 10 | I33: 11 | K33: 5 | L33: 0 | M33: 0 | N33: 0 | O33: 0 | P33: 0 | Q33: 0 | R33: 0 | T33: 148 | U33: 150 | V33: 100 | W33: 0.43 | X33: 2.12 | AC33: 0.97 | AD33: 0.35 | AF33: 6 | AG33: =IF($H33="","",$H33) -> 10 | AH33: =IF(AG33="","",AG33/100) -> 0.1 | AI33: =IF($G33="","",$G33) -> 2.9 | AJ33: =IF($K33="","",$K33) -> 5 | AK33: =IF(J33="","",J33-1) | AL33: =IF($L33="","",$L33) -> 0 | AM33: =IF($M33="","",$M33) -> 0 | AN33: =IF($H34="","",$H34) -> 10 | AO33: =IF(AN33="","",AN33/100) -> 0.1 | AP33: =IF($G34="","",$G34) -> 2.8 | AQ33: =IF($K34="","",$K34) -> 4 | AR33: =IF(J34="","",J34-1) | AS33: =IF($L34="","",$L34) -> 0 | AT33: =IF($M34="","",$M34) -> 0 | AU33: =IF($H35="","",$H35) -> 9 | AV33: =IF(AU33="","",AU33/100) -> 0.09 | AW33: =IF($G35="","",$G35) -> 3.7 | AX33: =IF($K35="","",$K35) -> 3 | AY33: =IF(J35="","",J35-1) | AZ33: =IF($L35="","",$L35) -> 3 | BA33: =IF($M35="","",$M35) -> 0 | BB33: =IF($H36="","",$H36) -> 9 | BC33: =IF(BB33="","",BB33/100) -> 0.09 | BD33: =IF($G36="","",$G36) -> 3 | BE33: =IF($K36="","",$K36) -> 3 | BF33: =IF(J36="","",J36-1) | BG33: =IF($L36="","",$L36) -> 2 | BH33: =IF($M36="","",$M36) -> 0 | BI33: =IF($H37="","",$H37) -> 14 | BJ33: =IF(BI33="","",BI33/100) -> 0.14 | BK33: =IF($G37="","",$G37) -> 3.3 | BL33: =IF($K37="","",$K37) -> 6 | BM33: =IF(J37="","",J37-1) | BN33: =IF($L37="","",$L37) -> 0 | BO33: =IF($M37="","",$M37) -> 0 | BP33: =IF($H38="","",$H38) -> 4.2 | BQ33: =IF(BP33="","",BP33/100) -> 0.042 | BR33: =IF($G38="","",$G38) -> 1.6 | BS33: =IF($K38="","",$K38) -> 3 | BT33: =IF(J38="","",J38-1) | BU33: =IF($L38="","",$L38) -> 0 | BV33: =IF($M38="","",$M38) -> 0 | BW33: =SUM(O33:O38)/AF33 -> 0 | BX33: =SUM(P33:P38)/AF33 -> 0 | BY33: =SUM(Q33:Q38)/AF33 -> 0 | BZ33: =SUM(R33:R38)/AF33 -> 0
C34: B | E34: 148 | G34: 2.8 | H34: 10 | I34: 9 | K34: 4 | L34: 0 | M34: 0 | N34: 0 | O34: 0 | P34: 0 | Q34: 0 | R34: 0
C35: C | D35: =D34 -> 0 | E35: =E34 -> 148 | G35: 3.7 | H35: 9 | I35: 6.5 | K35: 3 | L35: 3 | M35: 0 | N35: 0 | O35: 0 | P35: 0 | Q35: 0 | R35: 0
C36: D | D36: =D35 -> 0 | E36: =E35 -> 148 | G36: 3 | H36: 9 | I36: 9.5 | K36: 3 | L36: 2 | M36: 0 | N36: 0 | O36: 0 | P36: 0 | Q36: 0 | R36: 0
C37: E | D37: =D36 -> 0 | E37: =E36 -> 148 | G37: 3.3 | H37: 14 | I37: 15 | K37: 6 | L37: 0 | M37: 0 | N37: 0 | O37: 0 | P37: 0 | Q37: 0 | R37: 0
C38: F | D38: =D37 -> 0 | E38: =E37 -> 148 | G38: 1.6 | H38: 4.2 | I38: 5.5 | K38: 3 | L38: 0 | M38: 0 | N38: 0 | O38: 0 | P38: 0 | Q38: 0 | R38: 0
M39: 0 | N39: 0 | O39: 0 | P39: 0 | Q39: 0 | R39: 0
B40: FTH | C40: mean | E40: =AVERAGE(E34:E38) -> 148 | F40: =F33 -> 65.02 | G40: =AVERAGE(G33:G38) -> 2.8833333 | H40: =AVERAGE(H33:H38) -> 9.3666667 | I40: =AVERAGE(I33:I38) -> 9.4166667 | J40: =AVERAGE(J33:J38) -> #DIV/0! | K40: =AVERAGE(K33:K38) -> 4 | L40: =AVERAGE(L33:L38) -> 0.83333333 | M40: =AVERAGE(M33:M38) -> 0 | N40: =AVERAGE(N33:N38) -> 0 | ... R40: =AVERAGE(R33:R38) -> 0
C41: std err | G41: =STDEV(G33:G38)/SQRT(COUNT(G33:G38)) -> 0.28915586 | H41: =STDEV(H33:H38)/SQRT(COUNT(H33:H38)) -> 1.2810586 | I41: =STDEV(I33:I38)/SQRT(COUNT(I33:I38)) -> 1.3869431 | J41: =STDEV(J33:J38)/SQRT(COUNT(J33:J38)) -> #DIV/0! | K41: =STDEV(K33:K38)/SQRT(COUNT(K33:K38)) -> 0.51639778 | L41: =STDEV(L33:L38)/SQRT(COUNT(L33:L38)) -> 0.54262735 | M41: =STDEV(M33:M38)/SQRT(COUNT(M33:M38)) -> 0 | N41: =STDEV(N33:N38)/SQRT(COUNT(N33:N38)) -> 0 | ... R41: =STDEV(R33:R38)/SQRT(COUNT(R33:R38)) -> 0
B43: =B33+1 -> 204 | C43: A | D43: sr | E43: 147 | F43: 79.21 | G43: 3.6 | H43: 11 | I43: 14 | K43: 3 | L43: 2 | M43: 0 | N43: 0 | O43: 0 | P43: 0 | Q43: 0 | R43: 0 | T43: 148 | U43: 150 | V43: 100 | W43: 0.54 | X43: 1.62 | AC43: 0.84 | AD43: 0.37 | AF43: 6 | AG43: =IF($H43="","",$H43) -> 11 | AH43: =IF(AG43="","",AG43/100) -> 0.11 | AI43: =IF($G43="","",$G43) -> 3.6 | AJ43: =IF($K43="","",$K43) -> 3 | AK43: =IF(J43="","",J43-1) | AL43: =IF($L43="","",$L43) -> 2 | AM43: =IF($M43="","",$M43) -> 0 | AN43: =IF($H44="","",$H44) -> 10 | AO43: =IF(AN43="","",AN43/100) -> 0.1 | AP43: =IF($G44="","",$G44) -> 3.3 | AQ43: =IF($K44="","",$K44) -> 5 | AR43: =IF(J44="","",J44-1) | AS43: =IF($L44="","",$L44) -> 0 | AT43: =IF($M44="","",$M44) -> 0 | AU43: =IF($H45="","",$H45) -> 9.5 | AV43: =IF(AU43="","",AU43/100) -> 0.095 | AW43: =IF($G45="","",$G45) -> 2.9 | AX43: =IF($K45="","",$K45) -> 3 | AY43: =IF(J45="","",J45-1) | AZ43: =IF($L45="","",$L45) -> 2 | BA43: =IF($M45="","",$M45) -> 0 | BB43: =IF($H46="","",$H46) -> 8 | BC43: =IF(BB43="","",BB43/100) -> 0.08 | BD43: =IF($G46="","",$G46) -> 3 | BE43: =IF($K46="","",$K46) -> 3 | BF43: =IF(J46="","",J46-1) | BG43: =IF($L46="","",$L46) -> 0 | BH43: =IF($M46="","",$M46) -> 0 | BI43: =IF($H47="","",$H47) -> 10 | BJ43: =IF(BI43="","",BI43/100) -> 0.1 | BK43: =IF($G47="","",$G47) -> 2.9 | BL43: =IF($K47="","",$K47) -> 3 | BM43: =IF(J47="","",J47-1) | BN43: =IF($L47="","",$L47) -> 0 | BO43: =IF($M47="","",$M47) -> 0 | BP43: =IF($H48="","",$H48) -> 8.5 | BQ43: =IF(BP43="","",BP43/100) -> 0.085 | BR43: =IF($G48="","",$G48) -> 2.5 | BS43: =IF($K48="","",$K48) -> 5 | BT43: =IF(J48="","",J48-1) | BU43: =IF($L48="","",$L48) -> 0 | BV43: =IF($M48="","",$M48) -> 0 | BW43: =SUM(O43:O48)/AF43 -> 0 | BX43: =SUM(P43:P48)/AF43 -> 0 | BY43: =SUM(Q43:Q48)/AF43 -> 0 | BZ43: =SUM(R43:R48)/AF43 -> 0
C44: B | E44: 148 | G44: 3.3 | H44: 10 | I44: 18 | K44: 5 | L44: 0 | M44: 0 | N44: 0 | O44: 0 | P44: 0 | Q44: 0 | R44: 0
C45: C | D45: =D44 -> 0 | E45: =E44 -> 148 | G45: 2.9 | H45: 9.5 | I45: 9.5 | K45: 3 | L45: 2 | M45: 0 | N45: 0 | O45: 0 | P45: 0 | Q45: 0 | R45: 0
C46: D | D46: =D45 -> 0 | E46: =E45 -> 148 | G46: 3 | H46: 8 | I46: 15 | K46: 3 | L46: 0 | M46: 0 | N46: 0 | O46: 0 | P46: 0 | Q46: 0 | R46: 0
C47: E | D47: =D46 -> 0 | E47: =E46 -> 148 | G47: 2.9 | H47: 10 | I47: 10 | K47: 3 | L47: 0 | M47: 0 | N47: 0 | O47: 0 | P47: 0 | Q47: 0 | R47: 0
C48: F | D48: =D47 -> 0 | E48: =E47 -> 148 | G48: 2.5 | H48: 8.5 | I48: 7 | K48: 5 | L48: 0 | M48: 0 | N48: 0 | O48: 0 | P48: 0 | Q48: 0 | R48: 0
B50: NDH | C50: mean | E50: =AVERAGE(E44:E48) -> 148 | F50: =F43 -> 79.21 | G50: =AVERAGE(G43:G48) -> 3.0333333 | H50: =AVERAGE(H43:H48) -> 9.5 | I50: =AVERAGE(I43:I48) -> 12.25 | J50: =AVERAGE(J43:J48) -> #DIV/0! | K50: =AVERAGE(K43:K48) -> 3.6666667 | L50: =AVERAGE(L43:L48) -> 0.66666667 | M50: =AVERAGE(M43:M48) -> 0 | N50: =AVERAGE(N43:N48) -> 0 | ... R50: =AVERAGE(R43:R48) -> 0
C51: std err | G51: =STDEV(G43:G48)/SQRT(COUNT(G43:G48)) -> 0.15420045 | H51: =STDEV(H43:H48)/SQRT(COUNT(H43:H48)) -> 0.4472136 | I51: =STDEV(I43:I48)/SQRT(COUNT(I43:I48)) -> 1.6720746 | J51: =STDEV(J43:J48)/SQRT(COUNT(J43:J48)) -> #DIV/0! | K51: =STDEV(K43:K48)/SQRT(COUNT(K43:K48)) -> 0.42163702 | L51: =STDEV(L43:L48)/SQRT(COUNT(L43:L48)) -> 0.42163702 | M51: =STDEV(M43:M48)/SQRT(COUNT(M43:M48)) -> 0 | N51: =STDEV(N43:N48)/SQRT(COUNT(N43:N48)) -> 0 | ... R51: =STDEV(R43:R48)/SQRT(COUNT(R43:R48)) -> 0
B53: =B43+1 -> 205 | C53: A | D53: sm | E53: 147 | F53: 110.34 | G53: 3.8 | H53: 11 | I53: 9.9 | K53: 4 | L53: 1 | M53: 0 | N53: 0 | O53: 0 | P53: 0 | Q53: 0 | R53: 0 | T53: 148 | U53: 150 | V53: 100 | W53: 0.66 | X53: 1.35 | AC53: 0.75 | AD53: 0.3 | AF53: 6 | AG53: =IF($H53="","",$H53) -> 11 | AH53: =IF(AG53="","",AG53/100) -> 0.11 | AI53: =IF($G53="","",$G53) -> 3.8 | AJ53: =IF($K53="","",$K53) -> 4 | AK53: =IF(J53="","",J53-1) | AL53: =IF($L53="","",$L53) -> 1 | AM53: =IF($M53="","",$M53) -> 0 | AN53: =IF($H54="","",$H54) -> 11.9 | AO53: =IF(AN53="","",AN53/100) -> 0.119 | AP53: =IF($G54="","",$G54) -> 3.5 | AQ53: =IF($K54="","",$K54) -> 5 | AR53: =IF(J54="","",J54-1) | AS53: =IF($L54="","",$L54) -> 0 | AT53: =IF($M54="","",$M54) -> 0 | AU53: =IF($H55="","",$H55) -> 8.1 | AV53: =IF(AU53="","",AU53/100) -> 0.081 | AW53: =IF($G55="","",$G55) -> 2.8 | AX53: =IF($K55="","",$K55) -> 3 | AY53: =IF(J55="","",J55-1) | AZ53: =IF($L55="","",$L55) -> 0 | BA53: =IF($M55="","",$M55) -> 0 | BB53: =IF($H56="","",$H56) -> 7.1 | BC53: =IF(BB53="","",BB53/100) -> 0.071 | BD53: =IF($G56="","",$G56) -> 2.9 | BE53: =IF($K56="","",$K56) -> 4 | BF53: =IF(J56="","",J56-1) | BG53: =IF($L56="","",$L56) -> 0 | BH53: =IF($M56="","",$M56) -> 0 | BI53: =IF($H57="","",$H57) -> 6.3 | BJ53: =IF(BI53="","",BI53/100) -> 0.063 | BK53: =IF($G57="","",$G57) -> 2.8 | BL53: =IF($K57="","",$K57) -> 1 | BM53: =IF(J57="","",J57-1) | BN53: =IF($L57="","",$L57) -> 0 | BO53: =IF($M57="","",$M57) -> 0 | BP53: =IF($H58="","",$H58) -> 6.1 | BQ53: =IF(BP53="","",BP53/100) -> 0.061 | BR53: =IF($G58="","",$G58) -> 3 | BS53: =IF($K58="","",$K58) -> 1 | BT53: =IF(J58="","",J58-1) | BU53: =IF($L58="","",$L58) -> 0 | BV53: =IF($M58="","",$M58) -> 0 | BW53: =SUM(O53:O58)/AF53 -> 0 | BX53: =SUM(P53:P58)/AF53 -> 0 | BY53: =SUM(Q53:Q58)/AF53 -> 0 | BZ53: =SUM(R53:R58)/AF53 -> 0
C54: B | E54: 148 | G54: 3.5 | H54: 11.9 | I54: 14.5 | K54: 5 | L54: 0 | M54: 0 | N54: 0 | O54: 0 | P54: 0 | Q54: 0 | R54: 0
C55: C | D55: =D54 -> 0 | E55: =E54 -> 148 | G55: 2.8 | H55: 8.1 | I55: 6.7 | K55: 3 | L55: 0 | M55: 0 | N55: 0 | O55: 0 | P55: 0 | Q55: 0 | R55: 0
C56: D | D56: =D55 -> 0 | E56: =E55 -> 148 | G56: 2.9 | H56: 7.1 | I56: 7 | K56: 4 | L56: 0 | M56: 0 | N56: 0 | O56: 0 | P56: 0 | Q56: 0 | R56: 0
C57: E | D57: =D56 -> 0 | E57: =E56 -> 148 | G57: 2.8 | H57: 6.3 | I57: 4.9 | K57: 1 | L57: 0 | M57: 0 | N57: 0 | O57: 0 | P57: 0 | Q57: 0 | R57: 0
C58: F | D58: =D57 -> 0 | E58: =E57 -> 148 | G58: 3 | H58: 6.1 | I58: 5.2 | K58: 1 | L58: 0 | M58: 0 | N58: 0 | O58: 0 | P58: 0 | Q58: 0 | R58: 0
B60: FSH | C60: mean | E60: =AVERAGE(E54:E58) -> 148 | F60: =F53 -> 110.34 | G60: =AVERAGE(G53:G58) -> 3.1333333 | H60: =AVERAGE(H53:H58) -> 8.4166667 | I60: =AVERAGE(I53:I58) -> 8.0333333 | J60: =AVERAGE(J53:J58) -> #DIV/0! | K60: =AVERAGE(K53:K58) -> 3 | L60: =AVERAGE(L53:L58) -> 0.16666667 | M60: =AVERAGE(M53:M58) -> 0 | N60: =AVERAGE(N53:N58) -> 0 | ... R60: =AVERAGE(R53:R58) -> 0
C61: std err | G61: =STDEV(G53:G58)/SQRT(COUNT(G53:G58)) -> 0.17061979 | H61: =STDEV(H53:H58)/SQRT(COUNT(H53:H58)) -> 1.008106 | I61: =STDEV(I53:I58)/SQRT(COUNT(I53:I58)) -> 1.4831648 | J61: =STDEV(J53:J58)/SQRT(COUNT(J53:J58)) -> #DIV/0! | K61: =STDEV(K53:K58)/SQRT(COUNT(K53:K58)) -> 0.68313005 | L61: =STDEV(L53:L58)/SQRT(COUNT(L53:L58)) -> 0.16666667 | M61: =STDEV(M53:M58)/SQRT(COUNT(M53:M58)) -> 0 | N61: =STDEV(N53:N58)/SQRT(COUNT(N53:N58)) -> 0 | ... R61: =STDEV(R53:R58)/SQRT(COUNT(R53:R58)) -> 0
B63: =B53+1 -> 206 | C63: A | D63: sm | E63: 147 | F63: 50.75 | G63: 3.4 | H63: 7.3 | I63: 7.8 | K63: 3 | L63: 1 | M63: 0 | N63: 0 | O63: 0 | P63: 0 | Q63: 0 | R63: 0 | T63: 148 | U63: 150 | V63: 100 | W63: 0.37 | X63: 1.58 | AC63: 0.69 | AD63: 0.26 | AF63: 6 | AG63: =IF($H63="","",$H63) -> 7.3 | AH63: =IF(AG63="","",AG63/100) -> 0.073 | AI63: =IF($G63="","",$G63) -> 3.4 | AJ63: =IF($K63="","",$K63) -> 3 | AK63: =IF(J63="","",J63-1) | AL63: =IF($L63="","",$L63) -> 1 | AM63: =IF($M63="","",$M63) -> 0 | AN63: =IF($H64="","",$H64) -> 9.3 | AO63: =IF(AN63="","",AN63/100) -> 0.093 | AP63: =IF($G64="","",$G64) -> 2.5 | AQ63: =IF($K64="","",$K64) -> 6 | AR63: =IF(J64="","",J64-1) | AS63: =IF($L64="","",$L64) -> 0 | AT63: =IF($M64="","",$M64) -> 0 | AU63: =IF($H65="","",$H65) -> 7.4 | AV63: =IF(AU63="","",AU63/100) -> 0.074 | AW63: =IF($G65="","",$G65) -> 3.3 | AX63: =IF($K65="","",$K65) -> 4 | AY63: =IF(J65="","",J65-1) | AZ63: =IF($L65="","",$L65) -> 1 | BA63: =IF($M65="","",$M65) -> 0 | BB63: =IF($H66="","",$H66) -> 11.3 | BC63: =IF(BB63="","",BB63/100) -> 0.113 | BD63: =IF($G66="","",$G66) -> 3.6 | BE63: =IF($K66="","",$K66) -> 7 | BF63: =IF(J66="","",J66-1) | BG63: =IF($L66="","",$L66) -> 1 | BH63: =IF($M66="","",$M66) -> 0 | BI63: =IF($H67="","",$H67) -> 8.3 | BJ63: =IF(BI63="","",BI63/100) -> 0.083 | BK63: =IF($G67="","",$G67) -> 2.8 | BL63: =IF($K67="","",$K67) -> 5 | BM63: =IF(J67="","",J67-1) | BN63: =IF($L67="","",$L67) -> 0 | BO63: =IF($M67="","",$M67) -> 0 | BP63: =IF($H68="","",$H68) -> 4.5 | BQ63: =IF(BP63="","",BP63/100) -> 0.045 | BR63: =IF($G68="","",$G68) -> 3 | BS63: =IF($K68="","",$K68) -> 2 | BT63: =IF(J68="","",J68-1) | BU63: =IF($L68="","",$L68) -> 0 | BV63: =IF($M68="","",$M68) -> 0 | BW63: =SUM(O63:O68)/AF63 -> 0 | BX63: =SUM(P63:P68)/AF63 -> 0 | BY63: =SUM(Q63:Q68)/AF63 -> 0 | BZ63: =SUM(R63:R68)/AF63 -> 0
C64: B | E64: 148 | G64: 2.5 | H64: 9.3 | I64: 6.7 | K64: 6 | L64: 0 | M64: 0 | N64: 0 | O64: 0 | P64: 0 | Q64: 0 | R64: 0
C65: C | D65: =D64 -> 0 | E65: =E64 -> 148 | G65: 3.3 | H65: 7.4 | I65: 10 | K65: 4 | L65: 1 | M65: 0 | N65: 0 | O65: 0 | P65: 0 | Q65: 0 | R65: 0
C66: D | D66: =D65 -> 0 | E66: =E65 -> 148 | G66: 3.6 | H66: 11.3 | I66: 16.1 | K66: 7 | L66: 1 | M66: 0 | N66: 0 | O66: 0 | P66: 0 | Q66: 0 | R66: 0
C67: E | D67: =D66 -> 0 | E67: =E66 -> 148 | G67: 2.8 | H67: 8.3 | I67: 4.2 | K67: 5 | L67: 0 | M67: 0 | N67: 0 | O67: 0 | P67: 0 | Q67: 0 | R67: 0
C68: F | D68: =D67 -> 0 | E68: =E67 -> 148 | G68: 3 | H68: 4.5 | I68: 10.9 | K68: 2 | L68: 0 | M68: 0 | N68: 0 | O68: 0 | P68: 0 | Q68: 0 | R68: 0
K69: 0
B70: NSL | C70: mean | E70: =AVERAGE(E64:E68) -> 148 | F70: =F63 -> 50.75 | G70: =AVERAGE(G63:G68) -> 3.1 | H70: =AVERAGE(H63:H68) -> 8.0166667 | I70: =AVERAGE(I63:I68) -> 9.2833333 | J70: =AVERAGE(J63:J68) -> #DIV/0! | K70: =AVERAGE(K63:K69) -> 3.8571429 | L70: =AVERAGE(L63:L68) -> 0.5 | M70: =AVERAGE(M63:M68) -> 0 | N70: =AVERAGE(N63:N68) -> 0 | O70: =AVERAGE(O63:O68) -> 0 | P70: =AVERAGE(P63:P68) -> 0 | Q70: =AVERAGE(Q63:Q68) -> 0 | R70: =AVERAGE(R63:R68) -> 0
C71: std err | G71: =STDEV(G63:G68)/SQRT(COUNT(G63:G68)) -> 0.16733201 | H71: =STDEV(H63:H68)/SQRT(COUNT(H63:H68)) -> 0.92679256 | I71: =STDEV(I63:I68)/SQRT(COUNT(I63:I68)) -> 1.6763883 | J71: =STDEV(J63:J68)/SQRT(COUNT(J63:J68)) -> #DIV/0! | K71: =STDEV(K63:K69)/SQRT(COUNT(K63:K69)) -> 0.91100602 | L71: =STDEV(L63:L68)/SQRT(COUNT(L63:L68)) -> 0.2236068 | M71: =STDEV(M63:M68)/SQRT(COUNT(M63:M68)) -> 0 | N71: =STDEV(N63:N68)/SQRT(COUNT(N63:N68)) -> 0 | O71: =STDEV(O63:O68)/SQRT(COUNT(O63:O68)) -> 0 | P71: =STDEV(P63:P68)/SQRT(COUNT(P63:P68)) -> 0 | Q71: =STDEV(Q63:Q68)/SQRT(COUNT(Q63:Q68)) -> 0 | R71: =STDEV(R63:R68)/SQRT(COUNT(R63:R68)) -> 0
B73: =B63+1 -> 207 | C73: A | D73: sm | E73: 147 | F73: 58.27 | G73: 2.9 | H73: 12.3 | I73: 14.9 | K73: 5 | L73: 0 | M73: 0 | N73: 0 | O73: 0 | P73: 0 | Q73: 0 | R73: 0 | T73: 148 | U73: 150 | V73: 100 | W73: 0.48 | X73: 1 | AC73: 0.51 | AD73: 0.22 | AF73: 6 | AG73: =IF($H73="","",$H73) -> 12.3 | AH73: =IF(AG73="","",AG73/100) -> 0.123 | AI73: =IF($G73="","",$G73) -> 2.9 | AJ73: =IF($K73="","",$K73) -> 5 | AK73: =IF(J73="","",J73-1) | AL73: =IF($L73="","",$L73) -> 0 | AM73: =IF($M73="","",$M73) -> 0 | AN73: =IF($H74="","",$H74) -> 7.6 | AO73: =IF(AN73="","",AN73/100) -> 0.076 | AP73: =IF($G74="","",$G74) -> 2.6 | AQ73: =IF($K74="","",$K74) -> 3 | AR73: =IF(J74="","",J74-1) | AS73: =IF($L74="","",$L74) -> 0 | AT73: =IF($M74="","",$M74) -> 0 | AU73: =IF($H75="","",$H75) -> 2.9 | AV73: =IF(AU73="","",AU73/100) -> 0.029 | AW73: =IF($G75="","",$G75) -> 2.8 | AX73: =IF($K75="","",$K75) -> 1 | AY73: =IF(J75="","",J75-1) | AZ73: =IF($L75="","",$L75) -> 0 | BA73: =IF($M75="","",$M75) -> 0 | BB73: =IF($H76="","",$H76) -> 8.5 | BC73: =IF(BB73="","",BB73/100) -> 0.085 | BD73: =IF($G76="","",$G76) -> 2.4 | BE73: =IF($K76="","",$K76) -> 3 | BF73: =IF(J76="","",J76-1) | BG73: =IF($L76="","",$L76) -> 1 | BH73: =IF($M76="","",$M76) -> 0 | BI73: =IF($H77="","",$H77) -> 7.9 | BJ73: =IF(BI73="","",BI73/100) -> 0.079 | BK73: =IF($G77="","",$G77) -> 2.4 | BL73: =IF($K77="","",$K77) -> 2 | BM73: =IF(J77="","",J77-1) | BN73: =IF($L77="","",$L77) -> 0 | BO73: =IF($M77="","",$M77) -> 0 | BP73: =IF($H78="","",$H78) -> 9.9 | BQ73: =IF(BP73="","",BP73/100) -> 0.099 | BR73: =IF($G78="","",$G78) -> 2.5 | BS73: =IF($K78="","",$K78) -> 6 | BT73: =IF(J78="","",J78-1) | BU73: =IF($L78="","",$L78) -> 0 | BV73: =IF($M78="","",$M78) -> 0 | BW73: =SUM(O73:O78)/AF73 -> 0 | BX73: =SUM(P73:P78)/AF73 -> 0 | BY73: =SUM(Q73:Q78)/AF73 -> 0 | BZ73: =SUM(R73:R78)/AF73 -> 0
C74: B | E74: 148 | G74: 2.6 | H74: 7.6 | I74: 5.5 | K74: 3 | L74: 0 | M74: 0 | N74: 0 | O74: 0 | P74: 0 | Q74: 0 | R74: 0
C75: C | D75: =D74 -> 0 | E75: =E74 -> 148 | G75: 2.8 | H75: 2.9 | I75: 5.3 | K75: 1 | L75: 0 | M75: 0 | N75: 0 | O75: 0 | P75: 0 | Q75: 0 | R75: 0
C76: D | D76: =D75 -> 0 | E76: =E75 -> 148 | G76: 2.4 | H76: 8.5 | I76: 6 | K76: 3 | L76: 1 | M76: 0 | N76: 0 | O76: 0 | P76: 0 | Q76: 0 | R76: 0
C77: E | D77: =D76 -> 0 | E77: =E76 -> 148 | G77: 2.4 | H77: 7.9 | I77: 4.7 | K77: 2 | L77: 0 | M77: 0 | N77: 0 | O77: 0 | P77: 0 | Q77: 0 | R77: 0
C78: F | D78: =D77 -> 0 | E78: =E77 -> 148 | G78: 2.5 | H78: 9.9 | I78: 8.4 | K78: 6 | L78: 0 | M78: 0 | N78: 0 | O78: 0 | P78: 0 | Q78: 0 | R78: 0
M79: 0 | N79: 0 | O79: 0 | P79: 0 | Q79: 0 | R79: 0
B80: FTL | C80: mean | E80: =AVERAGE(E74:E78) -> 148 | F80: =F73 -> 58.27 | G80: =AVERAGE(G73:G78) -> 2.6 | H80: =AVERAGE(H73:H78) -> 8.1833333 | I80: =AVERAGE(I73:I78) -> 7.4666667 | J80: =AVERAGE(J73:J78) -> #DIV/0! | K80: =AVERAGE(K73:K78) -> 3.3333333 | L80: =AVERAGE(L73:L78) -> 0.16666667 | M80: =AVERAGE(M73:M78) -> 0 | N80: =AVERAGE(N73:N78) -> 0 | ... R80: =AVERAGE(R73:R78) -> 0
C81: std err | G81: =STDEV(G73:G78)/SQRT(COUNT(G73:G78)) -> 0.085634884 | H81: =STDEV(H73:H78)/SQRT(COUNT(H73:H78)) -> 1.2692299 | I81: =STDEV(I73:I78)/SQRT(COUNT(I73:I78)) -> 1.575789 | J81: =STDEV(J73:J78)/SQRT(COUNT(J73:J78)) -> #DIV/0! | K81: =STDEV(K73:K78)/SQRT(COUNT(K73:K78)) -> 0.76011695 | L81: =STDEV(L73:L78)/SQRT(COUNT(L73:L78)) -> 0.16666667 | M81: =STDEV(M73:M78)/SQRT(COUNT(M73:M78)) -> 0 | N81: =STDEV(N73:N78)/SQRT(COUNT(N73:N78)) -> 0 | ... R81: =STDEV(R73:R78)/SQRT(COUNT(R73:R78)) -> 0
B83: =B73+1 -> 208 | C83: A | D83: sm | E83: 147 | F83: 68.05 | G83: 3.6 | H83: 10.4 | I83: 14.2 | K83: 4 | L83: 1 | M83: 0 | N83: 0 | O83: 0 | P83: 0 | Q83: 0 | R83: 0 | T83: 148 | U83: 150 | V83: 100 | W83: 0.55 | X83: 1.47 | AC83: 0.68 | AD83: 0.22 | AF83: 6 | AG83: =IF($H83="","",$H83) -> 10.4 | AH83: =IF(AG83="","",AG83/100) -> 0.104 | AI83: =IF($G83="","",$G83) -> 3.6 | AJ83: =IF($K83="","",$K83) -> 4 | AK83: =IF(J83="","",J83-1) | AL83: =IF($L83="","",$L83) -> 1 | AM83: =IF($M83="","",$M83) -> 0 | AN83: =IF($H84="","",$H84) -> 7 | AO83: =IF(AN83="","",AN83/100) -> 0.07 | AP83: =IF($G84="","",$G84) -> 3.4 | AQ83: =IF($K84="","",$K84) -> 2 | AR83: =IF(J84="","",J84-1) | AS83: =IF($L84="","",$L84) -> 2 | AT83: =IF($M84="","",$M84) -> 0 | AU83: =IF($H85="","",$H85) -> 8.9 | AV83: =IF(AU83="","",AU83/100) -> 0.089 | AW83: =IF($G85="","",$G85) -> 2.6 | AX83: =IF($K85="","",$K85) -> 5 | AY83: =IF(J85="","",J85-1) | AZ83: =IF($L85="","",$L85) -> 0 | BA83: =IF($M85="","",$M85) -> 0 | BB83: =IF($H86="","",$H86) -> 9 | BC83: =IF(BB83="","",BB83/100) -> 0.09 | BD83: =IF($G86="","",$G86) -> 2.2 | BE83: =IF($K86="","",$K86) -> 4 | BF83: =IF(J86="","",J86-1) | BG83: =IF($L86="","",$L86) -> 0 | BH83: =IF($M86="","",$M86) -> 0 | BI83: =IF($H87="","",$H87) -> 7.4 | BJ83: =IF(BI83="","",BI83/100) -> 0.074 | BK83: =IF($G87="","",$G87) -> 2.7 | BL83: =IF($K87="","",$K87) -> 2 | BM83: =IF(J87="","",J87-1) | BN83: =IF($L87="","",$L87) -> 1 | BO83: =IF($M87="","",$M87) -> 0 | BP83: =IF($H88="","",$H88) -> 5.3 | BQ83: =IF(BP83="","",BP83/100) -> 0.053 | BR83: =IF($G88="","",$G88) -> 3 | BS83: =IF($K88="","",$K88) -> 2 | BT83: =IF(J88="","",J88-1) | BU83: =IF($L88="","",$L88) -> 1 | BV83: =IF($M88="","",$M88) -> 0 | BW83: =SUM(O83:O88)/AF83 -> 0 | BX83: =SUM(P83:P88)/AF83 -> 0 | BY83: =SUM(Q83:Q88)/AF83 -> 0 | BZ83: =SUM(R83:R88)/AF83 -> 0
C84: B | E84: 148 | G84: 3.4 | H84: 7 | I84: 14.6 | K84: 2 | L84: 2 | M84: 0 | N84: 0 | O84: 0 | P84: 0 | Q84: 0 | R84: 0
C85: C | D85: =D84 -> 0 | E85: =E84 -> 148 | G85: 2.6 | H85: 8.9 | I85: 4.9 | K85: 5 | L85: 0 | M85: 0 | N85: 0 | O85: 0 | P85: 0 | Q85: 0 | R85: 0
C86: D | D86: =D85 -> 0 | E86: =E85 -> 148 | G86: 2.2 | H86: 9 | I86: 6.3 | K86: 4 | L86: 0 | M86: 0 | N86: 0 | O86: 0 | P86: 0 | Q86: 0 | R86: 0
C87: E | D87: =D86 -> 0 | E87: =E86 -> 148 | G87: 2.7 | H87: 7.4 | I87: 8.4 | K87: 2 | L87: 1 | M87: 0 | N87: 0 | O87: 0 | P87: 0 | Q87: 0 | R87: 0
C88: F | D88: =D87 -> 0 | E88: =E87 -> 148 | G88: 3 | H88: 5.3 | I88: 11.4 | K88: 2 | L88: 1 | M88: 0 | N88: 0 | O88: 0 | P88: 0 | Q88: 0 | R88: 0
B90: FSL | C90: mean | E90: =AVERAGE(E84:E88) -> 148 | F90: =F83 -> 68.05 | G90: =AVERAGE(G83:G88) -> 2.9166667 | H90: =AVERAGE(H83:H88) -> 8 | I90: =AVERAGE(I83:I88) -> 9.9666667 | J90: =AVERAGE(J83:J88) -> #DIV/0! | K90: =AVERAGE(K83:K88) -> 3.1666667 | L90: =AVERAGE(L83:L88) -> 0.83333333 | M90: =AVERAGE(M83:M88) -> 0 | N90: =AVERAGE(N83:N88) -> 0 | ... R90: =AVERAGE(R83:R88) -> 0
C91: std err | G91: =STDEV(G83:G88)/SQRT(COUNT(G83:G88)) -> 0.21356758 | H91: =STDEV(H83:H88)/SQRT(COUNT(H83:H88)) -> 0.73530039 | I91: =STDEV(I83:I88)/SQRT(COUNT(I83:I88)) -> 1.6634636 | J91: =STDEV(J83:J88)/SQRT(COUNT(J83:J88)) -> #DIV/0! | K91: =STDEV(K83:K88)/SQRT(COUNT(K83:K88)) -> 0.54262735 | L91: =STDEV(L83:L88)/SQRT(COUNT(L83:L88)) -> 0.30731815 | M91: =STDEV(M83:M88)/SQRT(COUNT(M83:M88)) -> 0 | N91: =STDEV(N83:N88)/SQRT(COUNT(N83:N88)) -> 0 | ... R91: =STDEV(R83:R88)/SQRT(COUNT(R83:R88)) -> 0

Sheet d147Data300
B11: Plot | C11: Plant | D11: Initials | E11: DOY Wet Process | F11: Leaf area of Subsmple | G11: Stem Diameter (mm) | H11: Abvegrnd Height (cm) | I11: Tap Root Length (cm) | J11: MS Node of First Fruit Branch | K11: No. of MS Nodes | L11: No. of Veg. Branches | M11: No. nodes on Veg. Branches | N11: Abscisions in reference positions | O11: No. of Squares | P11: No. of White Flowers | Q11: No. of Green Bolls | R11: No. of Mature Bolls | S11: Codes | T11: DOY into Oven | U11: DOY out of Oven | V11: Oven Temp (°C) | W11: Leaf Ssample BM | X11: Remainder Leaf BM | Y11: Square BM | Z11: Flwr & GBoll BM | AA11: Mature Boll BM | AB11: Seed Cotton BM | AC11: StemBM | AD11: Tap Root BM | AF11: NumPlts | AG11: Height | AH11: PHTD1 | AI11: STDD1 | AJ11: MSNODE1 | AK11: PFNODE1 | AL11: VBNUM1 | AM11: VBNODE1 | AN11: Height | AO11: PHTD2 | AP11: STDD2 | AQ11: MSNODE2 | AR11: PFNODE2 | AS11: VBNUM2 | AT11: VBNODE2 | AU11: Height | AV11: PHTD3 | AW11: STDD3 | AX11: MSNODE3 | AY11: PFNODE3 | AZ11: VBNUM3 | BA11: VBNODE3 | BB11: Height | BC11: PHTD4 | BD11: STDD4 | BE11: MSNODE4 | BF11: PFNODE4 | BG11: VBNUM4 | BH11: VBNODE4 | BI11: Height | BJ11: PHTD5 | BK11: STDD5 | BL11: MSNODE5 | BM11: PFNODE5 | BN11: VBNUM5 | BO11: VBNODE5 | BP11: Height | BQ11: PHTD6 | BR11: STDD56 | BS11: MSNODE6 | BT11: PFNODE6 | BU11: VBNUM6 | BV11: VBNODE6 | BW11: SQRNUM | BX11: FLRNUM | BY11: GBNUM | BZ11: MBNUM
B13: 301 | C13: A | D13: sr | E13: 147 | F13: 76.42 | G13: 3.5 | H13: 8.5 | I13: 8 | K13: 2 | L13: 1 | M13: 0 | N13: 0 | O13: 0 | P13: 0 | Q13: 0 | R13: 0 | AF13: 6 | AG13: =IF($H13="","",$H13) -> 8.5 | AH13: =IF(AG13="","",AG13/100) -> 0.085 | AI13: =IF($G13="","",$G13) -> 3.5 | AJ13: =IF($K13="","",$K13) -> 2 | AK13: =IF(J13="","",J13-1) | AL13: =IF($L13="","",$L13) -> 1 | AM13: =IF($M13="","",$M13) -> 0 | AN13: =IF($H14="","",$H14) -> 8.2 | AO13: =IF(AN13="","",AN13/100) -> 0.082 | AP13: =IF($G14="","",$G14) -> 2.3 | AQ13: =IF($K14="","",$K14) -> 5 | AR13: =IF(J14="","",J14-1) | AS13: =IF($L14="","",$L14) -> 0 | AT13: =IF($M14="","",$M14) -> 0 | AU13: =IF($H15="","",$H15) -> 9 | AV13: =IF(AU13="","",AU13/100) -> 0.09 | AW13: =IF($G15="","",$G15) -> 3.2 | AX13: =IF($K15="","",$K15) -> 3 | AY13: =IF(J15="","",J15-1) | AZ13: =IF($L15="","",$L15) -> 1 | BA13: =IF($M15="","",$M15) -> 0 | BB13: =IF($H16="","",$H16) -> 9 | BC13: =IF(BB13="","",BB13/100) -> 0.09 | BD13: =IF($G16="","",$G16) -> 3.5 | BE13: =IF($K16="","",$K16) -> 2 | BF13: =IF(J16="","",J16-1) | BG13: =IF($L16="","",$L16) -> 1 | BH13: =IF($M16="","",$M16) -> 0 | BI13: =IF($H17="","",$H17) -> 5.5 | BJ13: =IF(BI13="","",BI13/100) -> 0.055 | BK13: =IF($G17="","",$G17) -> 2.4 | BL13: =IF($K17="","",$K17) -> 1 | BM13: =IF(J17="","",J17-1) | BN13: =IF($L17="","",$L17) -> 1 | BO13: =IF($M17="","",$M17) -> 0 | BP13: =IF($H18="","",$H18) -> 9 | BQ13: =IF(BP13="","",BP13/100) -> 0.09 | BR13: =IF($G18="","",$G18) -> 2.6 | BS13: =IF($K18="","",$K18) -> 3 | BT13: =IF(J18="","",J18-1) | BU13: =IF($L18="","",$L18) -> 0 | BV13: =IF($M18="","",$M18) -> 0 | BW13: =SUM(O13:O18)/AF13 -> 0 | BX13: =SUM(P13:P18)/AF13 -> 0 | BY13: =SUM(Q13:Q18)/AF13 -> 0 | BZ13: =SUM(R13:R18)/AF13 -> 0
C14: B | E14: 148 | G14: 2.3 | H14: 8.2 | I14: 7.5 | K14: 5 | L14: 0 | M14: 0 | N14: 0 | O14: 0 | P14: 0 | Q14: 0 | R14: 0
C15: C | D15: =D14 -> 0 | E15: =E14 -> 148 | G15: 3.2 | H15: 9 | I15: 16 | K15: 3 | L15: 1 | M15: 0 | N15: 0 | O15: 0 | P15: 0 | Q15: 0 | R15: 0
C16: D | D16: =D15 -> 0 | E16: =E15 -> 148 | G16: 3.5 | H16: 9 | I16: 10.5 | K16: 2 | L16: 1 | M16: 0 | N16: 0 | O16: 0 | P16: 0 | Q16: 0 | R16: 0
C17: E | D17: =D16 -> 0 | E17: =E16 -> 148 | G17: 2.4 | H17: 5.5 | I17: 4 | K17: 1 | L17: 1 | M17: 0 | N17: 0 | O17: 0 | P17: 0 | Q17: 0 | R17: 0
C18: F | D18: =D17 -> 0 | E18: =E17 -> 148 | G18: 2.6 | H18: 9 | I18: 9 | K18: 3 | L18: 0 | M18: 0 | N18: 0 | O18: 0 | P18: 0 | Q18: 0 | R18: 0
B20: NTL | C20: mean | E20: =AVERAGE(E14:E18) -> 148 | F20: =F13 -> 76.42 | G20: =AVERAGE(G13:G18) -> 2.9166667 | H20: =AVERAGE(H13:H18) -> 8.2 | I20: =AVERAGE(I13:I18) -> 9.1666667 | J20: =AVERAGE(J13:J18) -> #DIV/0! | K20: =AVERAGE(K13:K18) -> 2.6666667 | L20: =AVERAGE(L13:L18) -> 0.66666667 | M20: =AVERAGE(M13:M18) -> 0 | N20: =AVERAGE(N13:N18) -> 0 | ... R20: =AVERAGE(R13:R18) -> 0
C21: std err | G21: =STDEV(G13:G18)/SQRT(COUNT(G13:G18)) -> 0.22422707 | H21: =STDEV(H13:H18)/SQRT(COUNT(H13:H18)) -> 0.55677644 | I21: =STDEV(I13:I18)/SQRT(COUNT(I13:I18)) -> 1.6261748 | J21: =STDEV(J13:J18)/SQRT(COUNT(J13:J18)) -> #DIV/0! | K21: =STDEV(K13:K18)/SQRT(COUNT(K13:K18)) -> 0.55777335 | L21: =STDEV(L13:L18)/SQRT(COUNT(L13:L18)) -> 0.21081851 | M21: =STDEV(M13:M18)/SQRT(COUNT(M13:M18)) -> 0 | N21: =STDEV(N13:N18)/SQRT(COUNT(N13:N18)) -> 0 | ... R21: =STDEV(R13:R18)/SQRT(COUNT(R13:R18)) -> 0
B23: =B13+1 -> 302 | C23: A | D23: sr | E23: 147 | F23: 63.52 | G23: 2.9 | H23: 6.5 | I23: 6 | K23: 3 | L23: 1 | M23: 0 | N23: 0 | O23: 0 | P23: 0 | Q23: 0 | R23: 0 | AF23: 6 | AG23: =IF($H23="","",$H23) -> 6.5 | AH23: =IF(AG23="","",AG23/100) -> 0.065 | AI23: =IF($G23="","",$G23) -> 2.9 | AJ23: =IF($K23="","",$K23) -> 3 | AK23: =IF(J23="","",J23-1) | AL23: =IF($L23="","",$L23) -> 1 | AM23: =IF($M23="","",$M23) -> 0 | AN23: =IF($H24="","",$H24) -> 9.5 | AO23: =IF(AN23="","",AN23/100) -> 0.095 | AP23: =IF($G24="","",$G24) -> 3.1 | AQ23: =IF($K24="","",$K24) -> 3 | AR23: =IF(J24="","",J24-1) | AS23: =IF($L24="","",$L24) -> 1 | AT23: =IF($M24="","",$M24) -> 0 | AU23: =IF($H25="","",$H25) -> 5.5 | AV23: =IF(AU23="","",AU23/100) -> 0.055 | AW23: =IF($G25="","",$G25) -> 2.4 | AX23: =IF($K25="","",$K25) -> 1 | AY23: =IF(J25="","",J25-1) | AZ23: =IF($L25="","",$L25) -> 0 | BA23: =IF($M25="","",$M25) -> 0 | BB23: =IF($H26="","",$H26) -> 5 | BC23: =IF(BB23="","",BB23/100) -> 0.05 | BD23: =IF($G26="","",$G26) -> 3 | BE23: =IF($K26="","",$K26) -> 2 | BF23: =IF(J26="","",J26-1) | BG23: =IF($L26="","",$L26) -> 0 | BH23: =IF($M26="","",$M26) -> 0 | BI23: =IF($H27="","",$H27) -> 6 | BJ23: =IF(BI23="","",BI23/100) -> 0.06 | BK23: =IF($G27="","",$G27) -> 1.6 | BL23: =IF($K27="","",$K27) -> 4 | BM23: =IF(J27="","",J27-1) | BN23: =IF($L27="","",$L27) -> 0 | BO23: =IF($M27="","",$M27) -> 0 | BP23: =IF($H28="","",$H28) -> 4.5 | BQ23: =IF(BP23="","",BP23/100) -> 0.045 | BR23: =IF($G28="","",$G28) -> 1.9 | BS23: =IF($K28="","",$K28) -> 2 | BT23: =IF(J28="","",J28-1) | BU23: =IF($L28="","",$L28) -> 0 | BV23: =IF($M28="","",$M28) -> 0 | BW23: =SUM(O23:O28)/AF23 -> 0 | BX23: =SUM(P23:P28)/AF23 -> 0 | BY23: =SUM(Q23:Q28)/AF23 -> 0 | BZ23: =SUM(R23:R28)/AF23 -> 0
C24: B | E24: 148 | G24: 3.1 | H24: 9.5 | I24: 4.5 | K24: 3 | L24: 1 | M24: 0 | N24: 0 | O24: 0 | P24: 0 | Q24: 0 | R24: 0
C25: C | D25: =D24 -> 0 | E25: =E24 -> 148 | G25: 2.4 | H25: 5.5 | I25: 7.5 | K25: 1 | L25: 0 | M25: 0 | N25: 0 | O25: 0 | P25: 0 | Q25: 0 | R25: 0
C26: D | D26: =D25 -> 0 | E26: =E25 -> 148 | G26: 3 | H26: 5 | I26: 4.5 | K26: 2 | L26: 0 | M26: 0 | N26: 0 | O26: 0 | P26: 0 | Q26: 0 | R26: 0
C27: E | D27: =D26 -> 0 | E27: =E26 -> 148 | G27: 1.6 | H27: 6 | I27: 5 | K27: 4 | L27: 0 | M27: 0 | N27: 0 | O27: 0 | P27: 0 | Q27: 0 | R27: 0
C28: F | D28: =D27 -> 0 | E28: =E27 -> 148 | G28: 1.9 | H28: 4.5 | I28: 2.5 | K28: 2 | L28: 0 | M28: 0 | N28: 0 | O28: 0 | P28: 0 | Q28: 0 | R28: 0
B30: FTL | C30: mean | E30: =AVERAGE(E24:E28) -> 148 | F30: =F23 -> 63.52 | G30: =AVERAGE(G23:G28) -> 2.4833333 | H30: =AVERAGE(H23:H28) -> 6.1666667 | I30: =AVERAGE(I23:I28) -> 5 | J30: =AVERAGE(J23:J28) -> #DIV/0! | K30: =AVERAGE(K23:K28) -> 2.5 | L30: =AVERAGE(L23:L28) -> 0.33333333 | M30: =AVERAGE(M23:M28) -> 0 | N30: =AVERAGE(N23:N28) -> 0 | ... R30: =AVERAGE(R23:R28) -> 0
C31: std err | G31: =STDEV(G23:G28)/SQRT(COUNT(G23:G28)) -> 0.254842 | H31: =STDEV(H23:H28)/SQRT(COUNT(H23:H28)) -> 0.72648316 | I31: =STDEV(I23:I28)/SQRT(COUNT(I23:I28)) -> 0.68313005 | J31: =STDEV(J23:J28)/SQRT(COUNT(J23:J28)) -> #DIV/0! | K31: =STDEV(K23:K28)/SQRT(COUNT(K23:K28)) -> 0.42817442 | L31: =STDEV(L23:L28)/SQRT(COUNT(L23:L28)) -> 0.21081851 | M31: =STDEV(M23:M28)/SQRT(COUNT(M23:M28)) -> 0 | N31: =STDEV(N23:N28)/SQRT(COUNT(N23:N28)) -> 0 | ... R31: =STDEV(R23:R28)/SQRT(COUNT(R23:R28)) -> 0
B33: =B23+1 -> 303 | C33: A | D33: sr | E33: 147 | F33: 67.11 | G33: 3.1 | H33: 12 | I33: 8.5 | K33: 5 | L33: 0 | M33: 0 | N33: 0 | O33: 0 | P33: 0 | Q33: 0 | R33: 0 | AF33: 6 | AG33: =IF($H33="","",$H33) -> 12 | AH33: =IF(AG33="","",AG33/100) -> 0.12 | AI33: =IF($G33="","",$G33) -> 3.1 | AJ33: =IF($K33="","",$K33) -> 5 | AK33: =IF(J33="","",J33-1) | AL33: =IF($L33="","",$L33) -> 0 | AM33: =IF($M33="","",$M33) -> 0 | AN33: =IF($H34="","",$H34) -> 8.5 | AO33: =IF(AN33="","",AN33/100) -> 0.085 | AP33: =IF($G34="","",$G34) -> 2.4 | AQ33: =IF($K34="","",$K34) -> 2 | AR33: =IF(J34="","",J34-1) | AS33: =IF($L34="","",$L34) -> 0 | AT33: =IF($M34="","",$M34) -> 0 | AU33: =IF($H35="","",$H35) -> 11 | AV33: =IF(AU33="","",AU33/100) -> 0.11 | AW33: =IF($G35="","",$G35) -> 2.7 | AX33: =IF($K35="","",$K35) -> 4 | AY33: =IF(J35="","",J35-1) | AZ33: =IF($L35="","",$L35) -> 0 | BA33: =IF($M35="","",$M35) -> 0 | BB33: =IF($H36="","",$H36) -> 9 | BC33: =IF(BB33="","",BB33/100) -> 0.09 | BD33: =IF($G36="","",$G36) -> 3.1 | BE33: =IF($K36="","",$K36) -> 2 | BF33: =IF(J36="","",J36-1) | BG33: =IF($L36="","",$L36) -> 0 | BH33: =IF($M36="","",$M36) -> 0 | BI33: =IF($H37="","",$H37) -> 7 | BJ33: =IF(BI33="","",BI33/100) -> 0.07 | BK33: =IF($G37="","",$G37) -> 3 | BL33: =IF($K37="","",$K37) -> 0 | BM33: =IF(J37="","",J37-1) | BN33: =IF($L37="","",$L37) -> 0 | BO33: =IF($M37="","",$M37) -> 0 | BP33: =IF($H38="","",$H38) -> 7.5 | BQ33: =IF(BP33="","",BP33/100) -> 0.075 | BR33: =IF($G38="","",$G38) -> 2.3 | BS33: =IF($K38="","",$K38) -> 1 | BT33: =IF(J38="","",J38-1) | BU33: =IF($L38="","",$L38) -> 3 | BV33: =IF($M38="","",$M38) -> 0 | BW33: =SUM(O33:O38)/AF33 -> 0 | BX33: =SUM(P33:P38)/AF33 -> 0 | BY33: =SUM(Q33:Q38)/AF33 -> 0 | BZ33: =SUM(R33:R38)/AF33 -> 0
C34: B | E34: 148 | G34: 2.4 | H34: 8.5 | I34: 11 | K34: 2 | L34: 0 | M34: 0 | N34: 0 | O34: 0 | P34: 0 | Q34: 0 | R34: 0
C35: C | D35: =D34 -> 0 | E35: =E34 -> 148 | G35: 2.7 | H35: 11 | I35: 15 | K35: 4 | L35: 0 | M35: 0 | N35: 0 | O35: 0 | P35: 0 | Q35: 0 | R35: 0
C36: D | D36: =D35 -> 0 | E36: =E35 -> 148 | G36: 3.1 | H36: 9 | I36: 12 | K36: 2 | L36: 0 | M36: 0 | N36: 0 | O36: 0 | P36: 0 | Q36: 0 | R36: 0
C37: E | D37: =D36 -> 0 | E37: =E36 -> 148 | G37: 3 | H37: 7 | I37: 7 | K37: 0 | L37: 0 | M37: 0 | N37: 0 | O37: 0 | P37: 0 | Q37: 0 | R37: 0 | S37: cotyledon
C38: F | D38: =D37 -> 0 | E38: =E37 -> 148 | G38: 2.3 | H38: 7.5 | I38: 10 | K38: 1 | L38: 3 | M38: 0 | N38: 0 | O38: 0 | P38: 0 | Q38: 0 | R38: 0
B40: NSL | C40: mean | E40: =AVERAGE(E34:E38) -> 148 | F40: =F33 -> 67.11 | G40: =AVERAGE(G33:G38) -> 2.7666667 | H40: =AVERAGE(H33:H38) -> 9.1666667 | I40: =AVERAGE(I33:I38) -> 10.583333 | J40: =AVERAGE(J33:J38) -> #DIV/0! | K40: =AVERAGE(K33:K38) -> 2.3333333 | L40: =AVERAGE(L33:L38) -> 0.5 | M40: =AVERAGE(M33:M38) -> 0 | N40: =AVERAGE(N33:N38) -> 0 | ... R40: =AVERAGE(R33:R38) -> 0
C41: std err | G41: =STDEV(G33:G38)/SQRT(COUNT(G33:G38)) -> 0.14529663 | H41: =STDEV(H33:H38)/SQRT(COUNT(H33:H38)) -> 0.80277297 | I41: =STDEV(I33:I38)/SQRT(COUNT(I33:I38)) -> 1.1432167 | J41: =STDEV(J33:J38)/SQRT(COUNT(J33:J38)) -> #DIV/0! | K41: =STDEV(K33:K38)/SQRT(COUNT(K33:K38)) -> 0.76011695 | L41: =STDEV(L33:L38)/SQRT(COUNT(L33:L38)) -> 0.5 | M41: =STDEV(M33:M38)/SQRT(COUNT(M33:M38)) -> 0 | N41: =STDEV(N33:N38)/SQRT(COUNT(N33:N38)) -> 0 | ... R41: =STDEV(R33:R38)/SQRT(COUNT(R33:R38)) -> 0
B43: =B33+1 -> 304 | C43: A | D43: sr | E43: 147 | F43: 51.43 | G43: 3.1 | H43: 7.5 | I43: 5.2 | K43: 3 | L43: 1 | M43: 0 | N43: 0 | O43: 0 | P43: 0 | Q43: 0 | R43: 0 | AF43: 6 | AG43: =IF($H43="","",$H43) -> 7.5 | AH43: =IF(AG43="","",AG43/100) -> 0.075 | AI43: =IF($G43="","",$G43) -> 3.1 | AJ43: =IF($K43="","",$K43) -> 3 | AK43: =IF(J43="","",J43-1) | AL43: =IF($L43="","",$L43) -> 1 | AM43: =IF($M43="","",$M43) -> 0 | AN43: =IF($H44="","",$H44) -> 7.5 | AO43: =IF(AN43="","",AN43/100) -> 0.075 | AP43: =IF($G44="","",$G44) -> 3.2 | AQ43: =IF($K44="","",$K44) -> 2 | AR43: =IF(J44="","",J44-1) | AS43: =IF($L44="","",$L44) -> 1 | AT43: =IF($M44="","",$M44) -> 0 | AU43: =IF($H45="","",$H45) -> 7 | AV43: =IF(AU43="","",AU43/100) -> 0.07 | AW43: =IF($G45="","",$G45) -> 2.8 | AX43: =IF($K45="","",$K45) -> 3 | AY43: =IF(J45="","",J45-1) | AZ43: =IF($L45="","",$L45) -> 1 | BA43: =IF($M45="","",$M45) -> 0 | BB43: =IF($H46="","",$H46) -> 7 | BC43: =IF(BB43="","",BB43/100) -> 0.07 | BD43: =IF($G46="","",$G46) -> 3 | BE43: =IF($K46="","",$K46) -> 3 | BF43: =IF(J46="","",J46-1) | BG43: =IF($L46="","",$L46) -> 1 | BH43: =IF($M46="","",$M46) -> 0 | BI43: =IF($H47="","",$H47) -> 7.5 | BJ43: =IF(BI43="","",BI43/100) -> 0.075 | BK43: =IF($G47="","",$G47) -> 3.3 | BL43: =IF($K47="","",$K47) -> 2 | BM43: =IF(J47="","",J47-1) | BN43: =IF($L47="","",$L47) -> 1 | BO43: =IF($M47="","",$M47) -> 0 | BP43: =IF($H48="","",$H48) -> 5.3 | BQ43: =IF(BP43="","",BP43/100) -> 0.053 | BR43: =IF($G48="","",$G48) -> 2.5 | BS43: =IF($K48="","",$K48) -> 0 | BT43: =IF(J48="","",J48-1) | BU43: =IF($L48="","",$L48) -> 0 | BV43: =IF($M48="","",$M48) -> 0 | BW43: =SUM(O43:O48)/AF43 -> 0 | BX43: =SUM(P43:P48)/AF43 -> 0 | BY43: =SUM(Q43:Q48)/AF43 -> 0 | BZ43: =SUM(R43:R48)/AF43 -> 0
C44: B | E44: 148 | G44: 3.2 | H44: 7.5 | I44: 5 | K44: 2 | L44: 1 | M44: 0 | N44: 0 | O44: 0 | P44: 0 | Q44: 0 | R44: 0
C45: C | D45: =D44 -> 0 | E45: =E44 -> 148 | G45: 2.8 | H45: 7 | I45: 9.5 | K45: 3 | L45: 1 | M45: 0 | N45: 0 | O45: 0 | P45: 0 | Q45: 0 | R45: 0
C46: D | D46: =D45 -> 0 | E46: =E45 -> 148 | G46: 3 | H46: 7 | I46: 13 | K46: 3 | L46: 1 | M46: 0 | N46: 0 | O46: 0 | P46: 0 | Q46: 0 | R46: 0
C47: E | D47: =D46 -> 0 | E47: =E46 -> 148 | G47: 3.3 | H47: 7.5 | I47: 8 | K47: 2 | L47: 1 | M47: 0 | N47: 0 | O47: 0 | P47: 0 | Q47: 0 | R47: 0
C48: F | D48: =D47 -> 0 | E48: =E47 -> 148 | G48: 2.5 | H48: 5.3 | I48: 4.5 | K48: 0 | L48: 0 | M48: 0 | N48: 0 | O48: 0 | P48: 0 | Q48: 0 | R48: 0
B50: FSL | C50: mean | E50: =AVERAGE(E44:E48) -> 148 | F50: =F43 -> 51.43 | G50: =AVERAGE(G43:G48) -> 2.9833333 | H50: =AVERAGE(H43:H48) -> 6.9666667 | I50: =AVERAGE(I43:I48) -> 7.5333333 | J50: =AVERAGE(J43:J48) -> #DIV/0! | K50: =AVERAGE(K43:K48) -> 2.1666667 | L50: =AVERAGE(L43:L48) -> 0.83333333 | M50: =AVERAGE(M43:M48) -> 0 | N50: =AVERAGE(N43:N48) -> 0 | ... R50: =AVERAGE(R43:R48) -> 0
C51: std err | G51: =STDEV(G43:G48)/SQRT(COUNT(G43:G48)) -> 0.11948966 | H51: =STDEV(H43:H48)/SQRT(COUNT(H43:H48)) -> 0.34801022 | I51: =STDEV(I43:I48)/SQRT(COUNT(I43:I48)) -> 1.3544166 | J51: =STDEV(J43:J48)/SQRT(COUNT(J43:J48)) -> #DIV/0! | K51: =STDEV(K43:K48)/SQRT(COUNT(K43:K48)) -> 0.4772607 | L51: =STDEV(L43:L48)/SQRT(COUNT(L43:L48)) -> 0.16666667 | M51: =STDEV(M43:M48)/SQRT(COUNT(M43:M48)) -> 0 | N51: =STDEV(N43:N48)/SQRT(COUNT(N43:N48)) -> 0 | ... R51: =STDEV(R43:R48)/SQRT(COUNT(R43:R48)) -> 0
B53: =B43+1 -> 305 | C53: A | D53: sr | E53: 147 | F53: 102.42 | G53: 4.1 | H53: 15 | I53: 16.3 | K53: 5 | L53: 2 | M53: 0 | N53: 0 | O53: 0 | P53: 0 | Q53: 0 | R53: 0 | AF53: 6 | AG53: =IF($H53="","",$H53) -> 15 | AH53: =IF(AG53="","",AG53/100) -> 0.15 | AI53: =IF($G53="","",$G53) -> 4.1 | AJ53: =IF($K53="","",$K53) -> 5 | AK53: =IF(J53="","",J53-1) | AL53: =IF($L53="","",$L53) -> 2 | AM53: =IF($M53="","",$M53) -> 0 | AN53: =IF($H54="","",$H54) -> 7.5 | AO53: =IF(AN53="","",AN53/100) -> 0.075 | AP53: =IF($G54="","",$G54) -> 3.3 | AQ53: =IF($K54="","",$K54) -> 3 | AR53: =IF(J54="","",J54-1) | AS53: =IF($L54="","",$L54) -> 1 | AT53: =IF($M54="","",$M54) -> 0 | AU53: =IF($H55="","",$H55) -> 9 | AV53: =IF(AU53="","",AU53/100) -> 0.09 | AW53: =IF($G55="","",$G55) -> 3.5 | AX53: =IF($K55="","",$K55) -> 4 | AY53: =IF(J55="","",J55-1) | AZ53: =IF($L55="","",$L55) -> 2 | BA53: =IF($M55="","",$M55) -> 0 | BB53: =IF($H56="","",$H56) -> 7 | BC53: =IF(BB53="","",BB53/100) -> 0.07 | BD53: =IF($G56="","",$G56) -> 2.9 | BE53: =IF($K56="","",$K56) -> 3 | BF53: =IF(J56="","",J56-1) | BG53: =IF($L56="","",$L56) -> 1 | BH53: =IF($M56="","",$M56) -> 0 | BI53: =IF($H57="","",$H57) -> 13 | BJ53: =IF(BI53="","",BI53/100) -> 0.13 | BK53: =IF($G57="","",$G57) -> 3.5 | BL53: =IF($K57="","",$K57) -> 6 | BM53: =IF(J57="","",J57-1) | BN53: =IF($L57="","",$L57) -> 0 | BO53: =IF($M57="","",$M57) -> 0 | BP53: =IF($H58="","",$H58) -> 11 | BQ53: =IF(BP53="","",BP53/100) -> 0.11 | BR53: =IF($G58="","",$G58) -> 3.6 | BS53: =IF($K58="","",$K58) -> 2 | BT53: =IF(J58="","",J58-1) | BU53: =IF($L58="","",$L58) -> 2 | BV53: =IF($M58="","",$M58) -> 0 | BW53: =SUM(O53:O58)/AF53 -> 0 | BX53: =SUM(P53:P58)/AF53 -> 0 | BY53: =SUM(Q53:Q58)/AF53 -> 0 | BZ53: =SUM(R53:R58)/AF53 -> 0
C54: B | E54: 148 | G54: 3.3 | H54: 7.5 | I54: 8 | K54: 3 | L54: 1 | M54: 0 | N54: 0 | O54: 0 | P54: 0 | Q54: 0 | R54: 0
C55: C | D55: =D54 -> 0 | E55: =E54 -> 148 | G55: 3.5 | H55: 9 | I55: 9.5 | K55: 4 | L55: 2 | M55: 0 | N55: 0 | O55: 0 | P55: 0 | Q55: 0 | R55: 0
C56: D | D56: =D55 -> 0 | E56: =E55 -> 148 | G56: 2.9 | H56: 7 | I56: 9 | K56: 3 | L56: 1 | M56: 0 | N56: 0 | O56: 0 | P56: 0 | Q56: 0 | R56: 0
C57: E | D57: =D56 -> 0 | E57: =E56 -> 148 | G57: 3.5 | H57: 13 | I57: 14 | K57: 6 | L57: 0 | M57: 0 | N57: 0 | O57: 0 | P57: 0 | Q57: 0 | R57: 0
C58: F | D58: =D57 -> 0 | E58: =E57 -> 148 | G58: 3.6 | H58: 11 | I58: 12 | K58: 2 | L58: 2 | M58: 0 | N58: 0 | O58: 0 | P58: 0 | Q58: 0 | R58: 0
B60: NDH | C60: mean | E60: =AVERAGE(E54:E58) -> 148 | F60: =F53 -> 102.42 | G60: =AVERAGE(G53:G58) -> 3.4833333 | H60: =AVERAGE(H53:H58) -> 10.416667 | I60: =AVERAGE(I53:I58) -> 11.466667 | J60: =AVERAGE(J53:J58) -> #DIV/0! | K60: =AVERAGE(K53:K58) -> 3.8333333 | L60: =AVERAGE(L53:L58) -> 1.3333333 | M60: =AVERAGE(M53:M58) -> 0 | N60: =AVERAGE(N53:N58) -> 0 | ... R60: =AVERAGE(R53:R58) -> 0
C61: std err | G61: =STDEV(G53:G58)/SQRT(COUNT(G53:G58)) -> 0.16003472 | H61: =STDEV(H53:H58)/SQRT(COUNT(H53:H58)) -> 1.2936812 | I61: =STDEV(I53:I58)/SQRT(COUNT(I53:I58)) -> 1.3169831 | J61: =STDEV(J53:J58)/SQRT(COUNT(J53:J58)) -> #DIV/0! | K61: =STDEV(K53:K58)/SQRT(COUNT(K53:K58)) -> 0.60092521 | L61: =STDEV(L53:L58)/SQRT(COUNT(L53:L58)) -> 0.33333333 | M61: =STDEV(M53:M58)/SQRT(COUNT(M53:M58)) -> 0 | N61: =STDEV(N53:N58)/SQRT(COUNT(N53:N58)) -> 0 | ... R61: =STDEV(R53:R58)/SQRT(COUNT(R53:R58)) -> 0
F62: 34.11
B63: =B53+1 -> 306 | C63: A | D63: sr | E63: 147 | F63: 34.11 | G63: 3.3 | H63: 9.5 | I63: 6 | K63: 4 | L63: 0 | M63: 0 | N63: 0 | O63: 0 | P63: 0 | Q63: 0 | R63: 0 | AF63: 6 | AG63: =IF($H63="","",$H63) -> 9.5 | AH63: =IF(AG63="","",AG63/100) -> 0.095 | AI63: =IF($G63="","",$G63) -> 3.3 | AJ63: =IF($K63="","",$K63) -> 4 | AK63: =IF(J63="","",J63-1) | AL63: =IF($L63="","",$L63) -> 0 | AM63: =IF($M63="","",$M63) -> 0 | AN63: =IF($H64="","",$H64) -> 5.5 | AO63: =IF(AN63="","",AN63/100) -> 0.055 | AP63: =IF($G64="","",$G64) -> 3 | AQ63: =IF($K64="","",$K64) -> 2 | AR63: =IF(J64="","",J64-1) | AS63: =IF($L64="","",$L64) -> 0 | AT63: =IF($M64="","",$M64) -> 0 | AU63: =IF($H65="","",$H65) -> 6 | AV63: =IF(AU63="","",AU63/100) -> 0.06 | AW63: =IF($G65="","",$G65) -> 2.4 | AX63: =IF($K65="","",$K65) -> 2 | AY63: =IF(J65="","",J65-1) | AZ63: =IF($L65="","",$L65) -> 1 | BA63: =IF($M65="","",$M65) -> 0 | BB63: =IF($H66="","",$H66) -> 5.8 | BC63: =IF(BB63="","",BB63/100) -> 0.058 | BD63: =IF($G66="","",$G66) -> 2.4 | BE63: =IF($K66="","",$K66) -> 2 | BF63: =IF(J66="","",J66-1) | BG63: =IF($L66="","",$L66) -> 2 | BH63: =IF($M66="","",$M66) -> 0 | BI63: =IF($H67="","",$H67) -> 9.5 | BJ63: =IF(BI63="","",BI63/100) -> 0.095 | BK63: =IF($G67="","",$G67) -> 3.3 | BL63: =IF($K67="","",$K67) -> 4 | BM63: =IF(J67="","",J67-1) | BN63: =IF($L67="","",$L67) -> 0 | BO63: =IF($M67="","",$M67) -> 0 | BP63: =IF($H68="","",$H68) -> 8.5 | BQ63: =IF(BP63="","",BP63/100) -> 0.085 | BR63: =IF($G68="","",$G68) -> 2.7 | BS63: =IF($K68="","",$K68) -> 3 | BT63: =IF(J68="","",J68-1) | BU63: =IF($L68="","",$L68) -> 1 | BV63: =IF($M68="","",$M68) -> 0 | BW63: =SUM(O63:O68)/AF63 -> 0 | BX63: =SUM(P63:P68)/AF63 -> 0 | BY63: =SUM(Q63:Q68)/AF63 -> 0 | BZ63: =SUM(R63:R68)/AF63 -> 0
C64: B | E64: 148 | G64: 3 | H64: 5.5 | I64: 4 | K64: 2 | L64: 0 | M64: 0 | N64: 0 | O64: 0 | P64: 0 | Q64: 0 | R64: 0
C65: C | D65: =D64 -> 0 | E65: =E64 -> 148 | G65: 2.4 | H65: 6 | I65: 3.5 | K65: 2 | L65: 1 | M65: 0 | N65: 0 | O65: 0 | P65: 0 | Q65: 0 | R65: 0
C66: D | D66: =D65 -> 0 | E66: =E65 -> 148 | G66: 2.4 | H66: 5.8 | I66: 9.5 | K66: 2 | L66: 2 | M66: 0 | N66: 0 | O66: 0 | P66: 0 | Q66: 0 | R66: 0
C67: E | D67: =D66 -> 0 | E67: =E66 -> 148 | G67: 3.3 | H67: 9.5 | I67: 17 | K67: 4 | L67: 0 | M67: 0 | N67: 0 | O67: 0 | P67: 0 | Q67: 0 | R67: 0
C68: F | D68: =D67 -> 0 | E68: =E67 -> 148 | G68: 2.7 | H68: 8.5 | I68: 9.5 | K68: 3 | L68: 1 | M68: 0 | N68: 0 | O68: 0 | P68: 0 | Q68: 0 | R68: 0
B70: FTL | C70: mean | E70: =AVERAGE(E64:E68) -> 148 | F70: =F63 -> 34.11 | G70: =AVERAGE(G63:G68) -> 2.85 | H70: =AVERAGE(H63:H68) -> 7.4666667 | I70: =AVERAGE(I63:I68) -> 8.25 | J70: =AVERAGE(J63:J68) -> #DIV/0! | K70: =AVERAGE(K63:K68) -> 2.8333333 | L70: =AVERAGE(L63:L68) -> 0.66666667 | M70: =AVERAGE(M63:M68) -> 0 | N70: =AVERAGE(N63:N68) -> 0 | ... R70: =AVERAGE(R63:R68) -> 0
C71: std err | G71: =STDEV(G63:G68)/SQRT(COUNT(G63:G68)) -> 0.16881943 | H71: =STDEV(H63:H68)/SQRT(COUNT(H63:H68)) -> 0.77746025 | I71: =STDEV(I63:I68)/SQRT(COUNT(I63:I68)) -> 2.044301 | J71: =STDEV(J63:J68)/SQRT(COUNT(J63:J68)) -> #DIV/0! | K71: =STDEV(K63:K68)/SQRT(COUNT(K63:K68)) -> 0.40138649 | L71: =STDEV(L63:L68)/SQRT(COUNT(L63:L68)) -> 0.33333333 | M71: =STDEV(M63:M68)/SQRT(COUNT(M63:M68)) -> 0 | N71: =STDEV(N63:N68)/SQRT(COUNT(N63:N68)) -> 0 | ... R71: =STDEV(R63:R68)/SQRT(COUNT(R63:R68)) -> 0
B73: =B63+1 -> 307 | C73: A | D73: sr | E73: 147 | F73: 95.6 | G73: 3 | H73: 10.5 | I73: 3.5 | K73: 3 | L73: 1 | M73: 0 | N73: 0 | O73: 0 | P73: 0 | Q73: 0 | R73: 0 | AF73: 6 | AG73: =IF($H73="","",$H73) -> 10.5 | AH73: =IF(AG73="","",AG73/100) -> 0.105 | AI73: =IF($G73="","",$G73) -> 3 | AJ73: =IF($K73="","",$K73) -> 3 | AK73: =IF(J73="","",J73-1) | AL73: =IF($L73="","",$L73) -> 1 | AM73: =IF($M73="","",$M73) -> 0 | AN73: =IF($H74="","",$H74) -> 9 | AO73: =IF(AN73="","",AN73/100) -> 0.09 | AP73: =IF($G74="","",$G74) -> 2.4 | AQ73: =IF($K74="","",$K74) -> 2 | AR73: =IF(J74="","",J74-1) | AS73: =IF($L74="","",$L74) -> 1 | AT73: =IF($M74="","",$M74) -> 0 | AU73: =IF($H75="","",$H75) -> 8.5 | AV73: =IF(AU73="","",AU73/100) -> 0.085 | AW73: =IF($G75="","",$G75) -> 3 | AX73: =IF($K75="","",$K75) -> 4 | AY73: =IF(J75="","",J75-1) | AZ73: =IF($L75="","",$L75) -> 0 | BA73: =IF($M75="","",$M75) -> 0 | BB73: =IF($H76="","",$H76) -> 9 | BC73: =IF(BB73="","",BB73/100) -> 0.09 | BD73: =IF($G76="","",$G76) -> 3.3 | BE73: =IF($K76="","",$K76) -> 3 | BF73: =IF(J76="","",J76-1) | BG73: =IF($L76="","",$L76) -> 1 | BH73: =IF($M76="","",$M76) -> 0 | BI73: =IF($H77="","",$H77) -> 9 | BJ73: =IF(BI73="","",BI73/100) -> 0.09 | BK73: =IF($G77="","",$G77) -> 3 | BL73: =IF($K77="","",$K77) -> 3 | BM73: =IF(J77="","",J77-1) | BN73: =IF($L77="","",$L77) -> 1 | BO73: =IF($M77="","",$M77) -> 0 | BP73: =IF($H78="","",$H78) -> 10 | BQ73: =IF(BP73="","",BP73/100) -> 0.1 | BR73: =IF($G78="","",$G78) -> 3.4 | BS73: =IF($K78="","",$K78) -> 3 | BT73: =IF(J78="","",J78-1) | BU73: =IF($L78="","",$L78) -> 2 | BV73: =IF($M78="","",$M78) -> 0 | BW73: =SUM(O73:O78)/AF73 -> 0 | BX73: =SUM(P73:P78)/AF73 -> 0 | BY73: =SUM(Q73:Q78)/AF73 -> 0 | BZ73: =SUM(R73:R78)/AF73 -> 0
C74: B | E74: 148 | G74: 2.4 | H74: 9 | I74: 7 | K74: 2 | L74: 1 | M74: 0 | N74: 0 | O74: 0 | P74: 0 | Q74: 0 | R74: 0
C75: C | D75: =D74 -> 0 | E75: =E74 -> 148 | G75: 3 | H75: 8.5 | I75: 4 | K75: 4 | L75: 0 | M75: 0 | N75: 0 | O75: 0 | P75: 0 | Q75: 0 | R75: 0
C76: D | D76: =D75 -> 0 | E76: =E75 -> 148 | G76: 3.3 | H76: 9 | I76: 6 | K76: 3 | L76: 1 | M76: 0 | N76: 0 | O76: 0 | P76: 0 | Q76: 0 | R76: 0
C77: E | D77: =D76 -> 0 | E77: =E76 -> 148 | G77: 3 | H77: 9 | I77: 6 | K77: 3 | L77: 1 | M77: 0 | N77: 0 | O77: 0 | P77: 0 | Q77: 0 | R77: 0
C78: F | D78: =D77 -> 0 | E78: =E77 -> 148 | G78: 3.4 | H78: 10 | I78: 10.5 | K78: 3 | L78: 2 | M78: 0 | N78: 0 | O78: 0 | P78: 0 | Q78: 0 | R78: 0
B80: NTH | C80: mean | E80: =AVERAGE(E74:E78) -> 148 | F80: =F73 -> 95.6 | G80: =AVERAGE(G73:G78) -> 3.0166667 | H80: =AVERAGE(H73:H78) -> 9.3333333 | I80: =AVERAGE(I73:I78) -> 6.1666667 | J80: =AVERAGE(J73:J78) -> #DIV/0! | K80: =AVERAGE(K73:K78) -> 3 | L80: =AVERAGE(L73:L78) -> 1 | M80: =AVERAGE(M73:M78) -> 0 | N80: =AVERAGE(N73:N78) -> 0 | ... R80: =AVERAGE(R73:R78) -> 0
C81: std err | G81: =STDEV(G73:G78)/SQRT(COUNT(G73:G78)) -> 0.14240006 | H81: =STDEV(H73:H78)/SQRT(COUNT(H73:H78)) -> 0.30731815 | I81: =STDEV(I73:I78)/SQRT(COUNT(I73:I78)) -> 1.0219806 | J81: =STDEV(J73:J78)/SQRT(COUNT(J73:J78)) -> #DIV/0! | K81: =STDEV(K73:K78)/SQRT(COUNT(K73:K78)) -> 0.25819889 | L81: =STDEV(L73:L78)/SQRT(COUNT(L73:L78)) -> 0.25819889 | M81: =STDEV(M73:M78)/SQRT(COUNT(M73:M78)) -> 0 | N81: =STDEV(N73:N78)/SQRT(COUNT(N73:N78)) -> 0 | ... R81: =STDEV(R73:R78)/SQRT(COUNT(R73:R78)) -> 0
B83: =B73+1 -> 308 | C83: A | D83: sr | E83: 147 | F83: 84.27 | G83: 3.4 | H83: 8 | I83: 10.5 | K83: 2 | L83: 2 | M83: 0 | N83: 0 | O83: 0 | P83: 0 | Q83: 0 | R83: 0 | AF83: 6 | AG83: =IF($H83="","",$H83) -> 8 | AH83: =IF(AG83="","",AG83/100) -> 0.08 | AI83: =IF($G83="","",$G83) -> 3.4 | AJ83: =IF($K83="","",$K83) -> 2 | AK83: =IF(J83="","",J83-1) | AL83: =IF($L83="","",$L83) -> 2 | AM83: =IF($M83="","",$M83) -> 0 | AN83: =IF($H84="","",$H84) -> 9 | AO83: =IF(AN83="","",AN83/100) -> 0.09 | AP83: =IF($G84="","",$G84) -> 3 | AQ83: =IF($K84="","",$K84) -> 3 | AR83: =IF(J84="","",J84-1) | AS83: =IF($L84="","",$L84) -> 1 | AT83: =IF($M84="","",$M84) -> 0 | AU83: =IF($H85="","",$H85) -> 10.5 | AV83: =IF(AU83="","",AU83/100) -> 0.105 | AW83: =IF($G85="","",$G85) -> 2.9 | AX83: =IF($K85="","",$K85) -> 3 | AY83: =IF(J85="","",J85-1) | AZ83: =IF($L85="","",$L85) -> 2 | BA83: =IF($M85="","",$M85) -> 0 | BB83: =IF($H86="","",$H86) -> 8 | BC83: =IF(BB83="","",BB83/100) -> 0.08 | BD83: =IF($G86="","",$G86) -> 2.4 | BE83: =IF($K86="","",$K86) -> 2 | BF83: =IF(J86="","",J86-1) | BG83: =IF($L86="","",$L86) -> 1 | BH83: =IF($M86="","",$M86) -> 0 | BI83: =IF($H87="","",$H87) -> 10.5 | BJ83: =IF(BI83="","",BI83/100) -> 0.105 | BK83: =IF($G87="","",$G87) -> 2.8 | BL83: =IF($K87="","",$K87) -> 3 | BM83: =IF(J87="","",J87-1) | BN83: =IF($L87="","",$L87) -> 1 | BO83: =IF($M87="","",$M87) -> 0 | BP83: =IF($H88="","",$H88) -> 9.5 | BQ83: =IF(BP83="","",BP83/100) -> 0.095 | BR83: =IF($G88="","",$G88) -> 3 | BS83: =IF($K88="","",$K88) -> 5 | BT83: =IF(J88="","",J88-1) | BU83: =IF($L88="","",$L88) -> 0 | BV83: =IF($M88="","",$M88) -> 0 | BW83: =SUM(O83:O88)/AF83 -> 0 | BX83: =SUM(P83:P88)/AF83 -> 0 | BY83: =SUM(Q83:Q88)/AF83 -> 0 | BZ83: =SUM(R83:R88)/AF83 -> 0
C84: B | E84: 148 | G84: 3 | H84: 9 | I84: 10 | K84: 3 | L84: 1 | M84: 0 | N84: 0 | O84: 0 | P84: 0 | Q84: 0 | R84: 0
C85: C | D85: =D84 -> 0 | E85: =E84 -> 148 | G85: 2.9 | H85: 10.5 | I85: 9 | K85: 3 | L85: 2 | M85: 0 | N85: 0 | O85: 0 | P85: 0 | Q85: 0 | R85: 0
C86: D | D86: =D85 -> 0 | E86: =E85 -> 148 | G86: 2.4 | H86: 8 | I86: 5.5 | K86: 2 | L86: 1 | M86: 0 | N86: 0 | O86: 0 | P86: 0 | Q86: 0 | R86: 0
C87: E | D87: =D86 -> 0 | E87: =E86 -> 148 | G87: 2.8 | H87: 10.5 | I87: 7.5 | K87: 3 | L87: 1 | M87: 0 | N87: 0 | O87: 0 | P87: 0 | Q87: 0 | R87: 0
C88: F | D88: =D87 -> 0 | E88: =E87 -> 148 | G88: 3 | H88: 9.5 | I88: 9 | K88: 5 | L88: 0 | M88: 0 | N88: 0 | O88: 0 | P88: 0 | Q88: 0 | R88: 0
B90: FDH | C90: mean | E90: =AVERAGE(E84:E88) -> 148 | F90: =F83 -> 84.27 | G90: =AVERAGE(G83:G88) -> 2.9166667 | H90: =AVERAGE(H83:H88) -> 9.25 | I90: =AVERAGE(I83:I88) -> 8.5833333 | J90: =AVERAGE(J83:J88) -> #DIV/0! | K90: =AVERAGE(K83:K88) -> 3 | L90: =AVERAGE(L83:L88) -> 1.1666667 | M90: =AVERAGE(M83:M88) -> 0 | N90: =AVERAGE(N83:N88) -> 0 | ... R90: =AVERAGE(R83:R88) -> 0
C91: std err | G91: =STDEV(G83:G88)/SQRT(COUNT(G83:G88)) -> 0.13270686 | H91: =STDEV(H83:H88)/SQRT(COUNT(H83:H88)) -> 0.46097722 | I91: =STDEV(I83:I88)/SQRT(COUNT(I83:I88)) -> 0.74628711 | J91: =STDEV(J83:J88)/SQRT(COUNT(J83:J88)) -> #DIV/0! | K91: =STDEV(K83:K88)/SQRT(COUNT(K83:K88)) -> 0.4472136 | L91: =STDEV(L83:L88)/SQRT(COUNT(L83:L88)) -> 0.30731815 | M91: =STDEV(M83:M88)/SQRT(COUNT(M83:M88)) -> 0 | N91: =STDEV(N83:N88)/SQRT(COUNT(N83:N88)) -> 0 | ... R91: =STDEV(R83:R88)/SQRT(COUNT(R83:R88)) -> 0

Sheet d147Data400
B11: Plot | C11: Plant | D11: Initials | E11: DOY Wet Process | F11: Leaf area of Subsmple | G11: Stem Diameter (mm) | H11: Abvegrnd Height (cm) | I11: Tap Root Length (cm) | J11: MS Node of First Fruit Branch | K11: No. of MS Nodes | L11: No. of Veg. Branches | M11: No. nodes on Veg. Branches | N11: Abscisions in reference positions | O11: No. of Squares | P11: No. of White Flowers | Q11: No. of Green Bolls | R11: No. of Mature Bolls | S11: Codes | T11: DOY into Oven | U11: DOY out of Oven | V11: Oven Temp (°C) | W11: Leaf Ssample BM | X11: Remainder Leaf BM | Y11: Square BM | Z11: Flwr & GBoll BM | AA11: Mature Boll BM | AB11: Seed Cotton BM | AC11: StemBM | AD11: Tap Root BM | AF11: NumPlts | AG11: Height | AH11: PHTD1 | AI11: STDD1 | AJ11: MSNODE1 | AK11: PFNODE1 | AL11: VBNUM1 | AM11: VBNODE1 | AN11: Height | AO11: PHTD2 | AP11: STDD2 | AQ11: MSNODE2 | AR11: PFNODE2 | AS11: VBNUM2 | AT11: VBNODE2 | AU11: Height | AV11: PHTD3 | AW11: STDD3 | AX11: MSNODE3 | AY11: PFNODE3 | AZ11: VBNUM3 | BA11: VBNODE3 | BB11: Height | BC11: PHTD4 | BD11: STDD4 | BE11: MSNODE4 | BF11: PFNODE4 | BG11: VBNUM4 | BH11: VBNODE4 | BI11: Height | BJ11: PHTD5 | BK11: STDD5 | BL11: MSNODE5 | BM11: PFNODE5 | BN11: VBNUM5 | BO11: VBNODE5 | BP11: Height | BQ11: PHTD6 | BR11: STDD56 | BS11: MSNODE6 | BT11: PFNODE6 | BU11: VBNUM6 | BV11: VBNODE6 | BW11: SQRNUM | BX11: FLRNUM | BY11: GBNUM | BZ11: MBNUM
B13: 401 | C13: A | D13: sr | E13: 147 | F13: 53.17 | G13: 2.8 | H13: 10 | I13: 5 | K13: 5 | L13: 1 | M13: 0 | N13: 0 | O13: 0 | P13: 0 | Q13: 0 | R13: 0 | AF13: 6 | AG13: =IF($H13="","",$H13) -> 10 | AH13: =IF(AG13="","",AG13/100) -> 0.1 | AI13: =IF($G13="","",$G13) -> 2.8 | AJ13: =IF($K13="","",$K13) -> 5 | AK13: =IF(J13="","",J13-1) | AL13: =IF($L13="","",$L13) -> 1 | AM13: =IF($M13="","",$M13) -> 0 | AN13: =IF($H14="","",$H14) -> 7 | AO13: =IF(AN13="","",AN13/100) -> 0.07 | AP13: =IF($G14="","",$G14) -> 2.6 | AQ13: =IF($K14="","",$K14) -> 3 | AR13: =IF(J14="","",J14-1) | AS13: =IF($L14="","",$L14) -> 0 | AT13: =IF($M14="","",$M14) -> 0 | AU13: =IF($H15="","",$H15) -> 8 | AV13: =IF(AU13="","",AU13/100) -> 0.08 | AW13: =IF($G15="","",$G15) -> 3 | AX13: =IF($K15="","",$K15) -> 4 | AY13: =IF(J15="","",J15-1) | AZ13: =IF($L15="","",$L15) -> 0 | BA13: =IF($M15="","",$M15) -> 0 | BB13: =IF($H16="","",$H16) -> 5 | BC13: =IF(BB13="","",BB13/100) -> 0.05 | BD13: =IF($G16="","",$G16) -> 1.8 | BE13: =IF($K16="","",$K16) -> 2 | BF13: =IF(J16="","",J16-1) | BG13: =IF($L16="","",$L16) -> 0 | BH13: =IF($M16="","",$M16) -> 0 | BI13: =IF($H17="","",$H17) -> 8.5 | BJ13: =IF(BI13="","",BI13/100) -> 0.085 | BK13: =IF($G17="","",$G17) -> 2.6 | BL13: =IF($K17="","",$K17) -> 3 | BM13: =IF(J17="","",J17-1) | BN13: =IF($L17="","",$L17) -> 0 | BO13: =IF($M17="","",$M17) -> 0 | BP13: =IF($H18="","",$H18) -> 7 | BQ13: =IF(BP13="","",BP13/100) -> 0.07 | BR13: =IF($G18="","",$G18) -> 2.7 | BS13: =IF($K18="","",$K18) -> 1 | BT13: =IF(J18="","",J18-1) | BU13: =IF($L18="","",$L18) -> 0 | BV13: =IF($M18="","",$M18) -> 0 | BW13: =SUM(O13:O18)/AF13 -> 0 | BX13: =SUM(P13:P18)/AF13 -> 0 | BY13: =SUM(Q13:Q18)/AF13 -> 0 | BZ13: =SUM(R13:R18)/AF13 -> 0
C14: B | E14: 148 | G14: 2.6 | H14: 7 | I14: 8 | K14: 3 | L14: 0 | M14: 0 | N14: 0 | O14: 0 | P14: 0 | Q14: 0 | R14: 0
C15: C | D15: =D14 -> 0 | E15: =E14 -> 148 | G15: 3 | H15: 8 | I15: 4.5 | K15: 4 | L15: 0 | M15: 0 | N15: 0 | O15: 0 | P15: 0 | Q15: 0 | R15: 0
C16: D | D16: =D15 -> 0 | E16: =E15 -> 148 | G16: 1.8 | H16: 5 | I16: 7.5 | K16: 2 | L16: 0 | M16: 0 | N16: 0 | O16: 0 | P16: 0 | Q16: 0 | R16: 0
C17: E | D17: =D16 -> 0 | E17: =E16 -> 148 | G17: 2.6 | H17: 8.5 | I17: 6 | K17: 3 | L17: 0 | M17: 0 | N17: 0 | O17: 0 | P17: 0 | Q17: 0 | R17: 0
C18: F | D18: =D17 -> 0 | E18: =E17 -> 148 | G18: 2.7 | H18: 7 | I18: 8 | K18: 1 | L18: 0 | M18: 0 | N18: 0 | O18: 0 | P18: 0 | Q18: 0 | R18: 0
B20: NSH | C20: mean | E20: =AVERAGE(E14:E18) -> 148 | F20: =F13 -> 53.17 | G20: =AVERAGE(G13:G18) -> 2.5833333 | H20: =AVERAGE(H13:H18) -> 7.5833333 | I20: =AVERAGE(I13:I18) -> 6.5 | J20: =AVERAGE(J14:J18) -> #DIV/0! | K20: =AVERAGE(K13:K18) -> 3 | L20: =AVERAGE(L13:L18) -> 0.16666667 | M20: =AVERAGE(M13:M18) -> 0 | N20: =AVERAGE(N13:N18) -> 0 | O20: =AVERAGE(O13:O18) -> 0 | P20: =AVERAGE(P13:P18) -> 0 | Q20: =AVERAGE(Q13:Q18) -> 0 | R20: =AVERAGE(R13:R18) -> 0
C21: std err | G21: =STDEV(G13:G18)/SQRT(COUNT(G13:G18)) -> 0.16815998 | H21: =STDEV(H13:H18)/SQRT(COUNT(H13:H18)) -> 0.68819409 | I21: =STDEV(I13:I18)/SQRT(COUNT(I13:I18)) -> 0.63245553 | J21: =STDEV(J14:J18)/SQRT(COUNT(J14:J18)) -> #DIV/0! | K21: =STDEV(K13:K18)/SQRT(COUNT(K13:K18)) -> 0.57735027 | L21: =STDEV(L13:L18)/SQRT(COUNT(L13:L18)) -> 0.16666667 | M21: =STDEV(M13:M18)/SQRT(COUNT(M13:M18)) -> 0 | N21: =STDEV(N13:N18)/SQRT(COUNT(N13:N18)) -> 0 | O21: =STDEV(O13:O18)/SQRT(COUNT(O13:O18)) -> 0 | P21: =STDEV(P13:P18)/SQRT(COUNT(P13:P18)) -> 0 | Q21: =STDEV(Q13:Q18)/SQRT(COUNT(Q13:Q18)) -> 0 | R21: =STDEV(R13:R18)/SQRT(COUNT(R13:R18)) -> 0
B23: =B13+1 -> 402 | C23: A | D23: sr | E23: 147 | F23: 36.17 | G23: 3 | H23: 9 | I23: 11 | K23: 4 | L23: 0 | M23: 0 | N23: 0 | O23: 0 | P23: 0 | Q23: 0 | R23: 0 | AF23: 6 | AG23: =IF($H23="","",$H23) -> 9 | AH23: =IF(AG23="","",AG23/100) -> 0.09 | AI23: =IF($G23="","",$G23) -> 3 | AJ23: =IF($K23="","",$K23) -> 4 | AK23: =IF(J23="","",J23-1) | AL23: =IF($L23="","",$L23) -> 0 | AM23: =IF($M23="","",$M23) -> 0 | AN23: =IF($H24="","",$H24) -> 8 | AO23: =IF(AN23="","",AN23/100) -> 0.08 | AP23: =IF($G24="","",$G24) -> 3.1 | AQ23: =IF($K24="","",$K24) -> 2 | AR23: =IF(J24="","",J24-1) | AS23: =IF($L24="","",$L24) -> 0 | AT23: =IF($M24="","",$M24) -> 0 | AU23: =IF($H25="","",$H25) -> 8.5 | AV23: =IF(AU23="","",AU23/100) -> 0.085 | AW23: =IF($G25="","",$G25) -> 3 | AX23: =IF($K25="","",$K25) -> 4 | AY23: =IF(J25="","",J25-1) | AZ23: =IF($L25="","",$L25) -> 0 | BA23: =IF($M25="","",$M25) -> 0 | BB23: =IF($H26="","",$H26) -> 7.5 | BC23: =IF(BB23="","",BB23/100) -> 0.075 | BD23: =IF($G26="","",$G26) -> 3 | BE23: =IF($K26="","",$K26) -> 2 | BF23: =IF(J26="","",J26-1) | BG23: =IF($L26="","",$L26) -> 0 | BH23: =IF($M26="","",$M26) -> 0 | BI23: =IF($H27="","",$H27) -> 8 | BJ23: =IF(BI23="","",BI23/100) -> 0.08 | BK23: =IF($G27="","",$G27) -> 2.7 | BL23: =IF($K27="","",$K27) -> 3 | BM23: =IF(J27="","",J27-1) | BN23: =IF($L27="","",$L27) -> 0 | BO23: =IF($M27="","",$M27) -> 0 | BP23: =IF($H28="","",$H28) -> 6 | BQ23: =IF(BP23="","",BP23/100) -> 0.06 | BR23: =IF($G28="","",$G28) -> 2.3 | BS23: =IF($K28="","",$K28) -> 5 | BT23: =IF(J28="","",J28-1) | BU23: =IF($L28="","",$L28) -> 0 | BV23: =IF($M28="","",$M28) -> 0 | BW23: =SUM(O23:O28)/AF23 -> 0 | BX23: =SUM(P23:P28)/AF23 -> 0 | BY23: =SUM(Q23:Q28)/AF23 -> 0 | BZ23: =SUM(R23:R28)/AF23 -> 0
C24: B | E24: 148 | G24: 3.1 | H24: 8 | I24: 2.5 | K24: 2 | L24: 0 | M24: 0 | N24: 0 | O24: 0 | P24: 0 | Q24: 0 | R24: 0
C25: C | D25: =D24 -> 0 | E25: =E24 -> 148 | G25: 3 | H25: 8.5 | I25: 4.5 | K25: 4 | L25: 0 | M25: 0 | N25: 0 | O25: 0 | P25: 0 | Q25: 0 | R25: 0
C26: D | D26: =D25 -> 0 | E26: =E25 -> 148 | G26: 3 | H26: 7.5 | I26: 5 | K26: 2 | L26: 0 | M26: 0 | N26: 0 | O26: 0 | P26: 0 | Q26: 0 | R26: 0
C27: E | D27: =D26 -> 0 | E27: =E26 -> 148 | G27: 2.7 | H27: 8 | I27: 15 | K27: 3 | L27: 0 | M27: 0 | N27: 0 | O27: 0 | P27: 0 | Q27: 0 | R27: 0
C28: F | D28: =D27 -> 0 | E28: =E27 -> 148 | G28: 2.3 | H28: 6 | I28: 3.2 | K28: 5 | L28: 0 | M28: 0 | N28: 0 | O28: 0 | P28: 0 | Q28: 0 | R28: 0
M29: 0 | N29: 0 | O29: 0 | P29: 0 | Q29: 0 | R29: 0
B30: NTH | C30: mean | E30: =AVERAGE(E24:E28) -> 148 | F30: =F23 -> 36.17 | G30: =AVERAGE(G23:G28) -> 2.85 | H30: =AVERAGE(H23:H28) -> 7.8333333 | I30: =AVERAGE(I23:I28) -> 6.8666667 | J30: =AVERAGE(J23:J28) -> #DIV/0! | K30: =AVERAGE(K23:K28) -> 3.3333333 | L30: =AVERAGE(L23:L28) -> 0 | M30: =AVERAGE(M23:M28) -> 0 | N30: =AVERAGE(N23:N28) -> 0 | ... R30: =AVERAGE(R23:R28) -> 0
C31: std err | G31: =STDEV(G23:G28)/SQRT(COUNT(G23:G28)) -> 0.12315302 | H31: =STDEV(H23:H28)/SQRT(COUNT(H23:H28)) -> 0.42163702 | I31: =STDEV(I23:I28)/SQRT(COUNT(I23:I28)) -> 2.0398802 | J31: =STDEV(J23:J28)/SQRT(COUNT(J23:J28)) -> #DIV/0! | K31: =STDEV(K23:K28)/SQRT(COUNT(K23:K28)) -> 0.49441323 | L31: =STDEV(L23:L28)/SQRT(COUNT(L23:L28)) -> 0 | M31: =STDEV(M23:M28)/SQRT(COUNT(M23:M28)) -> 0 | N31: =STDEV(N23:N28)/SQRT(COUNT(N23:N28)) -> 0 | ... R31: =STDEV(R23:R28)/SQRT(COUNT(R23:R28)) -> 0
B33: =B23+1 -> 403 | C33: A | D33: sr | E33: 147 | F33: 113.86 | G33: 3.7 | H33: 12 | I33: 10 | K33: 6 | L33: 0 | M33: 0 | N33: 0 | O33: 0 | P33: 0 | Q33: 0 | R33: 0 | AF33: 6 | AG33: =IF($H33="","",$H33) -> 12 | AH33: =IF(AG33="","",AG33/100) -> 0.12 | AI33: =IF($G33="","",$G33) -> 3.7 | AJ33: =IF($K33="","",$K33) -> 6 | AK33: =IF(J33="","",J33-1) | AL33: =IF($L33="","",$L33) -> 0 | AM33: =IF($M33="","",$M33) -> 0 | AN33: =IF($H34="","",$H34) -> 7.5 | AO33: =IF(AN33="","",AN33/100) -> 0.075 | AP33: =IF($G34="","",$G34) -> 2.7 | AQ33: =IF($K34="","",$K34) -> 1 | AR33: =IF(J34="","",J34-1) | AS33: =IF($L34="","",$L34) -> 0 | AT33: =IF($M34="","",$M34) -> 0 | AU33: =IF($H35="","",$H35) -> 12.5 | AV33: =IF(AU33="","",AU33/100) -> 0.125 | AW33: =IF($G35="","",$G35) -> 3.3 | AX33: =IF($K35="","",$K35) -> 7 | AY33: =IF(J35="","",J35-1) | AZ33: =IF($L35="","",$L35) -> 0 | BA33: =IF($M35="","",$M35) -> 0 | BB33: =IF($H36="","",$H36) -> 10 | BC33: =IF(BB33="","",BB33/100) -> 0.1 | BD33: =IF($G36="","",$G36) -> 3.2 | BE33: =IF($K36="","",$K36) -> 8 | BF33: =IF(J36="","",J36-1) | BG33: =IF($L36="","",$L36) -> 0 | BH33: =IF($M36="","",$M36) -> 0 | BI33: =IF($H37="","",$H37) -> 9.2 | BJ33: =IF(BI33="","",BI33/100) -> 0.092 | BK33: =IF($G37="","",$G37) -> 3.2 | BL33: =IF($K37="","",$K37) -> 1 | BM33: =IF(J37="","",J37-1) | BN33: =IF($L37="","",$L37) -> 0 | BO33: =IF($M37="","",$M37) -> 0 | BP33: =IF($H38="","",$H38) -> 8 | BQ33: =IF(BP33="","",BP33/100) -> 0.08 | BR33: =IF($G38="","",$G38) -> 2.6 | BS33: =IF($K38="","",$K38) -> 6 | BT33: =IF(J38="","",J38-1) | BU33: =IF($L38="","",$L38) -> 0 | BV33: =IF($M38="","",$M38) -> 0 | BW33: =SUM(O33:O38)/AF33 -> 0 | BX33: =SUM(P33:P38)/AF33 -> 0 | BY33: =SUM(Q33:Q38)/AF33 -> 0 | BZ33: =SUM(R33:R38)/AF33 -> 0
C34: B | E34: 148 | G34: 2.7 | H34: 7.5 | I34: 10.5 | K34: 1 | L34: 0 | M34: 0 | N34: 0 | O34: 0 | P34: 0 | Q34: 0 | R34: 0
C35: C | D35: =D34 -> 0 | E35: =E34 -> 148 | G35: 3.3 | H35: 12.5 | I35: 10.5 | K35: 7 | L35: 0 | M35: 0 | N35: 0 | O35: 0 | P35: 0 | Q35: 0 | R35: 0
C36: D | D36: =D35 -> 0 | E36: =E35 -> 148 | G36: 3.2 | H36: 10 | I36: 8 | K36: 8 | L36: 0 | M36: 0 | N36: 0 | O36: 0 | P36: 0 | Q36: 0 | R36: 0
C37: E | D37: =D36 -> 0 | E37: =E36 -> 148 | G37: 3.2 | H37: 9.2 | I37: 8 | K37: 1 | L37: 0 | M37: 0 | N37: 0 | O37: 0 | P37: 0 | Q37: 0 | R37: 0
C38: F | D38: =D37 -> 0 | E38: =E37 -> 148 | G38: 2.6 | H38: 8 | I38: 6 | K38: 6 | L38: 0 | M38: 0 | N38: 0 | O38: 0 | P38: 0 | Q38: 0 | R38: 0
B40: FDL | C40: mean | E40: =AVERAGE(E34:E38) -> 148 | F40: =F33 -> 113.86 | G40: =AVERAGE(G33:G38) -> 3.1166667 | H40: =AVERAGE(H33:H38) -> 9.8666667 | I40: =AVERAGE(I33:I38) -> 8.8333333 | J40: =AVERAGE(J33:J38) -> #DIV/0! | K40: =AVERAGE(K33:K38) -> 4.8333333 | L40: =AVERAGE(L33:L38) -> 0 | M40: =AVERAGE(M33:M38) -> 0 | N40: =AVERAGE(N33:N38) -> 0 | ... R40: =AVERAGE(R33:R38) -> 0
C41: std err | G41: =STDEV(G33:G38)/SQRT(COUNT(G33:G38)) -> 0.16616591 | H41: =STDEV(H33:H38)/SQRT(COUNT(H33:H38)) -> 0.83732378 | I41: =STDEV(I33:I38)/SQRT(COUNT(I33:I38)) -> 0.73786479 | J41: =STDEV(J33:J38)/SQRT(COUNT(J33:J38)) -> #DIV/0! | K41: =STDEV(K33:K38)/SQRT(COUNT(K33:K38)) -> 1.2494443 | L41: =STDEV(L33:L38)/SQRT(COUNT(L33:L38)) -> 0 | M41: =STDEV(M33:M38)/SQRT(COUNT(M33:M38)) -> 0 | N41: =STDEV(N33:N38)/SQRT(COUNT(N33:N38)) -> 0 | ... R41: =STDEV(R33:R38)/SQRT(COUNT(R33:R38)) -> 0
B43: =B33+1 -> 404 | C43: A | D43: sr | E43: 147 | F43: 66.65 | G43: 3.1 | H43: 10 | I43: 5 | K43: 6 | L43: 0 | M43: 0 | N43: 0 | O43: 0 | P43: 0 | Q43: 0 | R43: 0 | AF43: 6 | AG43: =IF($H43="","",$H43) -> 10 | AH43: =IF(AG43="","",AG43/100) -> 0.1 | AI43: =IF($G43="","",$G43) -> 3.1 | AJ43: =IF($K43="","",$K43) -> 6 | AK43: =IF(J43="","",J43-1) | AL43: =IF($L43="","",$L43) -> 0 | AM43: =IF($M43="","",$M43) -> 0 | AN43: =IF($H44="","",$H44) -> 10.5 | AO43: =IF(AN43="","",AN43/100) -> 0.105 | AP43: =IF($G44="","",$G44) -> 3.7 | AQ43: =IF($K44="","",$K44) -> 4 | AR43: =IF(J44="","",J44-1) | AS43: =IF($L44="","",$L44) -> 0 | AT43: =IF($M44="","",$M44) -> 0 | AU43: =IF($H45="","",$H45) -> 11 | AV43: =IF(AU43="","",AU43/100) -> 0.11 | AW43: =IF($G45="","",$G45) -> 3.1 | AX43: =IF($K45="","",$K45) -> 3 | AY43: =IF(J45="","",J45-1) | AZ43: =IF($L45="","",$L45) -> 0 | BA43: =IF($M45="","",$M45) -> 0 | BB43: =IF($H46="","",$H46) -> 10 | BC43: =IF(BB43="","",BB43/100) -> 0.1 | BD43: =IF($G46="","",$G46) -> 2.8 | BE43: =IF($K46="","",$K46) -> 5 | BF43: =IF(J46="","",J46-1) | BG43: =IF($L46="","",$L46) -> 0 | BH43: =IF($M46="","",$M46) -> 0 | BI43: =IF($H47="","",$H47) -> 12 | BJ43: =IF(BI43="","",BI43/100) -> 0.12 | BK43: =IF($G47="","",$G47) -> 2.6 | BL43: =IF($K47="","",$K47) -> 6 | BM43: =IF(J47="","",J47-1) | BN43: =IF($L47="","",$L47) -> 0 | BO43: =IF($M47="","",$M47) -> 0 | BP43: =IF($H48="","",$H48) -> 7 | BQ43: =IF(BP43="","",BP43/100) -> 0.07 | BR43: =IF($G48="","",$G48) -> 2.2 | BS43: =IF($K48="","",$K48) -> 2 | BT43: =IF(J48="","",J48-1) | BU43: =IF($L48="","",$L48) -> 0 | BV43: =IF($M48="","",$M48) -> 0 | BW43: =SUM(O43:O48)/AF43 -> 0 | BX43: =SUM(P43:P48)/AF43 -> 0 | BY43: =SUM(Q43:Q48)/AF43 -> 0 | BZ43: =SUM(R43:R48)/AF43 -> 0
C44: B | E44: 148 | G44: 3.7 | H44: 10.5 | I44: 7.6 | K44: 4 | L44: 0 | M44: 0 | N44: 0 | O44: 0 | P44: 0 | Q44: 0 | R44: 0
C45: C | D45: =D44 -> 0 | E45: =E44 -> 148 | G45: 3.1 | H45: 11 | I45: 5 | K45: 3 | L45: 0 | M45: 0 | N45: 0 | O45: 0 | P45: 0 | Q45: 0 | R45: 0
C46: D | D46: =D45 -> 0 | E46: =E45 -> 148 | G46: 2.8 | H46: 10 | I46: 8 | K46: 5 | L46: 0 | M46: 0 | N46: 0 | O46: 0 | P46: 0 | Q46: 0 | R46: 0
C47: E | D47: =D46 -> 0 | E47: =E46 -> 148 | G47: 2.6 | H47: 12 | I47: 8 | K47: 6 | L47: 0 | M47: 0 | N47: 0 | O47: 0 | P47: 0 | Q47: 0 | R47: 0
C48: F | D48: =D47 -> 0 | E48: =E47 -> 148 | G48: 2.2 | H48: 7 | I48: 3 | K48: 2 | L48: 0 | M48: 0 | N48: 0 | O48: 0 | P48: 0 | Q48: 0 | R48: 0
B50: FTH | C50: mean | E50: =AVERAGE(E44:E48) -> 148 | F50: =F43 -> 66.65 | G50: =AVERAGE(G43:G48) -> 2.9166667 | H50: =AVERAGE(H43:H48) -> 10.083333 | I50: =AVERAGE(I43:I48) -> 6.1 | J50: =AVERAGE(J43:J48) -> #DIV/0! | K50: =AVERAGE(K43:K48) -> 4.3333333 | L50: =AVERAGE(L43:L48) -> 0 | M50: =AVERAGE(M43:M48) -> 0 | N50: =AVERAGE(N43:N48) -> 0 | ... R50: =AVERAGE(R43:R48) -> 0
C51: std err | G51: =STDEV(G43:G48)/SQRT(COUNT(G43:G48)) -> 0.20883273 | H51: =STDEV(H43:H48)/SQRT(COUNT(H43:H48)) -> 0.68819409 | I51: =STDEV(I43:I48)/SQRT(COUNT(I43:I48)) -> 0.84656167 | J51: =STDEV(J43:J48)/SQRT(COUNT(J43:J48)) -> #DIV/0! | K51: =STDEV(K43:K48)/SQRT(COUNT(K43:K48)) -> 0.66666667 | L51: =STDEV(L43:L48)/SQRT(COUNT(L43:L48)) -> 0 | M51: =STDEV(M43:M48)/SQRT(COUNT(M43:M48)) -> 0 | N51: =STDEV(N43:N48)/SQRT(COUNT(N43:N48)) -> 0 | ... R51: =STDEV(R43:R48)/SQRT(COUNT(R43:R48)) -> 0
B53: =B43+1 -> 405 | C53: A | D53: sr | E53: 147 | F53: 53.91 | G53: 3 | H53: 8.3 | I53: 9.2 | K53: 2 | L53: 1 | M53: 0 | N53: 0 | O53: 0 | P53: 0 | Q53: 0 | R53: 0 | AF53: 6 | AG53: =IF($H53="","",$H53) -> 8.3 | AH53: =IF(AG53="","",AG53/100) -> 0.083 | AI53: =IF($G53="","",$G53) -> 3 | AJ53: =IF($K53="","",$K53) -> 2 | AK53: =IF(J53="","",J53-1) | AL53: =IF($L53="","",$L53) -> 1 | AM53: =IF($M53="","",$M53) -> 0 | AN53: =IF($H54="","",$H54) -> 11.1 | AO53: =IF(AN53="","",AN53/100) -> 0.111 | AP53: =IF($G54="","",$G54) -> 3.2 | AQ53: =IF($K54="","",$K54) -> 4 | AR53: =IF(J54="","",J54-1) | AS53: =IF($L54="","",$L54) -> 0 | AT53: =IF($M54="","",$M54) -> 0 | AU53: =IF($H55="","",$H55) -> 9.8 | AV53: =IF(AU53="","",AU53/100) -> 0.098 | AW53: =IF($G55="","",$G55) -> 2.9 | AX53: =IF($K55="","",$K55) -> 5 | AY53: =IF(J55="","",J55-1) | AZ53: =IF($L55="","",$L55) -> 0 | BA53: =IF($M55="","",$M55) -> 0 | BB53: =IF($H56="","",$H56) -> 9.7 | BC53: =IF(BB53="","",BB53/100) -> 0.097 | BD53: =IF($G56="","",$G56) -> 3 | BE53: =IF($K56="","",$K56) -> 6 | BF53: =IF(J56="","",J56-1) | BG53: =IF($L56="","",$L56) -> 0 | BH53: =IF($M56="","",$M56) -> 0 | BI53: =IF($H57="","",$H57) -> 9.9 | BJ53: =IF(BI53="","",BI53/100) -> 0.099 | BK53: =IF($G57="","",$G57) -> 2.8 | BL53: =IF($K57="","",$K57) -> 5 | BM53: =IF(J57="","",J57-1) | BN53: =IF($L57="","",$L57) -> 0 | BO53: =IF($M57="","",$M57) -> 0 | BP53: =IF($H58="","",$H58) -> 6.8 | BQ53: =IF(BP53="","",BP53/100) -> 0.068 | BR53: =IF($G58="","",$G58) -> 3.6 | BS53: =IF($K58="","",$K58) -> 2 | BT53: =IF(J58="","",J58-1) | BU53: =IF($L58="","",$L58) -> 0 | BV53: =IF($M58="","",$M58) -> 0 | BW53: =SUM(O53:O58)/AF53 -> 0 | BX53: =SUM(P53:P58)/AF53 -> 0 | BY53: =SUM(Q53:Q58)/AF53 -> 0 | BZ53: =SUM(R53:R58)/AF53 -> 0
C54: B | E54: 148 | G54: 3.2 | H54: 11.1 | I54: 7.9 | K54: 4 | L54: 0 | M54: 0 | N54: 0 | O54: 0 | P54: 0 | Q54: 0 | R54: 0
C55: C | D55: =D54 -> 0 | E55: =E54 -> 148 | G55: 2.9 | H55: 9.8 | I55: 4.9 | K55: 5 | L55: 0 | M55: 0 | N55: 0 | O55: 0 | P55: 0 | Q55: 0 | R55: 0
C56: D | D56: =D55 -> 0 | E56: =E55 -> 148 | G56: 3 | H56: 9.7 | I56: 7.1 | K56: 6 | L56: 0 | M56: 0 | N56: 0 | O56: 0 | P56: 0 | Q56: 0 | R56: 0
C57: E | D57: =D56 -> 0 | E57: =E56 -> 148 | G57: 2.8 | H57: 9.9 | I57: 6 | K57: 5 | L57: 0 | M57: 0 | N57: 0 | O57: 0 | P57: 0 | Q57: 0 | R57: 0
C58: F | D58: =D57 -> 0 | E58: =E57 -> 148 | G58: 3.6 | H58: 6.8 | I58: 4.8 | K58: 2 | L58: 0 | M58: 0 | N58: 0 | O58: 0 | P58: 0 | Q58: 0 | R58: 0
B60: FDL | C60: mean | E60: =AVERAGE(E54:E58) -> 148 | F60: =F53 -> 53.91 | G60: =AVERAGE(G53:G58) -> 3.0833333 | H60: =AVERAGE(H53:H58) -> 9.2666667 | I60: =AVERAGE(I53:I58) -> 6.65 | J60: =AVERAGE(J53:J58) -> #DIV/0! | K60: =AVERAGE(K53:K58) -> 4 | L60: =AVERAGE(L53:L58) -> 0.16666667 | M60: =AVERAGE(M53:M58) -> 0 | N60: =AVERAGE(N53:N58) -> 0 | ... R60: =AVERAGE(R53:R58) -> 0
C61: std err | G61: =STDEV(G53:G58)/SQRT(COUNT(G53:G58)) -> 0.11666667 | H61: =STDEV(H53:H58)/SQRT(COUNT(H53:H58)) -> 0.61246315 | I61: =STDEV(I53:I58)/SQRT(COUNT(I53:I58)) -> 0.71121961 | J61: =STDEV(J53:J58)/SQRT(COUNT(J53:J58)) -> #DIV/0! | K61: =STDEV(K53:K58)/SQRT(COUNT(K53:K58)) -> 0.68313005 | L61: =STDEV(L53:L58)/SQRT(COUNT(L53:L58)) -> 0.16666667 | M61: =STDEV(M53:M58)/SQRT(COUNT(M53:M58)) -> 0 | N61: =STDEV(N53:N58)/SQRT(COUNT(N53:N58)) -> 0 | ... R61: =STDEV(R53:R58)/SQRT(COUNT(R53:R58)) -> 0
B63: =B53+1 -> 406 | C63: A | D63: sr | E63: 147 | F63: 45.33 | G63: 3.2 | H63: 9.4 | I63: 6.1 | K63: 6 | L63: 0 | M63: 0 | N63: 0 | O63: 0 | P63: 0 | Q63: 0 | R63: 0 | AF63: 6 | AG63: =IF($H63="","",$H63) -> 9.4 | AH63: =IF(AG63="","",AG63/100) -> 0.094 | AI63: =IF($G63="","",$G63) -> 3.2 | AJ63: =IF($K63="","",$K63) -> 6 | AK63: =IF(J63="","",J63-1) | AL63: =IF($L63="","",$L63) -> 0 | AM63: =IF($M63="","",$M63) -> 0 | AN63: =IF($H64="","",$H64) -> 8.5 | AO63: =IF(AN63="","",AN63/100) -> 0.085 | AP63: =IF($G64="","",$G64) -> 2.8 | AQ63: =IF($K64="","",$K64) -> 3 | AR63: =IF(J64="","",J64-1) | AS63: =IF($L64="","",$L64) -> 0 | AT63: =IF($M64="","",$M64) -> 0 | AU63: =IF($H65="","",$H65) -> 11.1 | AV63: =IF(AU63="","",AU63/100) -> 0.111 | AW63: =IF($G65="","",$G65) -> 3.9 | AX63: =IF($K65="","",$K65) -> 3 | AY63: =IF(J65="","",J65-1) | AZ63: =IF($L65="","",$L65) -> 0 | BA63: =IF($M65="","",$M65) -> 0 | BB63: =IF($H66="","",$H66) -> 12.5 | BC63: =IF(BB63="","",BB63/100) -> 0.125 | BD63: =IF($G66="","",$G66) -> 3.6 | BE63: =IF($K66="","",$K66) -> 6 | BF63: =IF(J66="","",J66-1) | BG63: =IF($L66="","",$L66) -> 0 | BH63: =IF($M66="","",$M66) -> 0 | BI63: =IF($H67="","",$H67) -> 5.9 | BJ63: =IF(BI63="","",BI63/100) -> 0.059 | BK63: =IF($G67="","",$G67) -> 2.7 | BL63: =IF($K67="","",$K67) -> 1 | BM63: =IF(J67="","",J67-1) | BN63: =IF($L67="","",$L67) -> 0 | BO63: =IF($M67="","",$M67) -> 0 | BP63: =IF($H68="","",$H68) -> 11.1 | BQ63: =IF(BP63="","",BP63/100) -> 0.111 | BR63: =IF($G68="","",$G68) -> 3.1 | BS63: =IF($K68="","",$K68) -> 3 | BT63: =IF(J68="","",J68-1) | BU63: =IF($L68="","",$L68) -> 1 | BV63: =IF($M68="","",$M68) -> 0 | BW63: =SUM(O63:O68)/AF63 -> 0 | BX63: =SUM(P63:P68)/AF63 -> 0 | BY63: =SUM(Q63:Q68)/AF63 -> 0 | BZ63: =SUM(R63:R68)/AF63 -> 0
C64: B | E64: 148 | G64: 2.8 | H64: 8.5 | I64: 7 | K64: 3 | L64: 0 | M64: 0 | N64: 0 | O64: 0 | P64: 0 | Q64: 0 | R64: 0
C65: C | D65: =D64 -> 0 | E65: =E64 -> 148 | G65: 3.9 | H65: 11.1 | I65: 12.3 | K65: 3 | L65: 0 | M65: 0 | N65: 0 | O65: 0 | P65: 0 | Q65: 0 | R65: 0
C66: D | D66: =D65 -> 0 | E66: =E65 -> 148 | G66: 3.6 | H66: 12.5 | I66: 9.3 | K66: 6 | L66: 0 | M66: 0 | N66: 0 | O66: 0 | P66: 0 | Q66: 0 | R66: 0
C67: E | D67: =D66 -> 0 | E67: =E66 -> 148 | G67: 2.7 | H67: 5.9 | I67: 3.2 | K67: 1 | L67: 0 | M67: 0 | N67: 0 | O67: 0 | P67: 0 | Q67: 0 | R67: 0
C68: F | D68: =D67 -> 0 | E68: =E67 -> 148 | G68: 3.1 | H68: 11.1 | I68: 13.8 | K68: 3 | L68: 1 | M68: 0 | N68: 0 | O68: 0 | P68: 0 | Q68: 0 | R68: 0
J69: 0
B70: FTH | C70: mean | E70: =AVERAGE(E64:E68) -> 148 | F70: =F63 -> 45.33 | G70: =AVERAGE(G63:G68) -> 3.2166667 | H70: =AVERAGE(H63:H68) -> 9.75 | I70: =AVERAGE(I63:I68) -> 8.6166667 | J70: =AVERAGE(J63:J68) -> #DIV/0! | K70: =AVERAGE(K63:K68) -> 3.6666667 | L70: =AVERAGE(L63:L68) -> 0.16666667 | M70: =AVERAGE(M63:M68) -> 0 | N70: =AVERAGE(N63:N68) -> 0 | ... R70: =AVERAGE(R63:R68) -> 0
C71: std err | G71: =STDEV(G63:G68)/SQRT(COUNT(G63:G68)) -> 0.18870906 | H71: =STDEV(H63:H68)/SQRT(COUNT(H63:H68)) -> 0.96116249 | I71: =STDEV(I63:I68)/SQRT(COUNT(I63:I68)) -> 1.624688 | J71: =STDEV(J63:J68)/SQRT(COUNT(J63:J68)) -> #DIV/0! | K71: =STDEV(K63:K68)/SQRT(COUNT(K63:K68)) -> 0.80277297 | L71: =STDEV(L63:L68)/SQRT(COUNT(L63:L68)) -> 0.16666667 | M71: =STDEV(M63:M68)/SQRT(COUNT(M63:M68)) -> 0 | N71: =STDEV(N63:N68)/SQRT(COUNT(N63:N68)) -> 0 | ... R71: =STDEV(R63:R68)/SQRT(COUNT(R63:R68)) -> 0
B73: =B63+1 -> 407 | C73: A | D73: sr | E73: 147 | F73: 66.76 | G73: 3.2 | H73: 10.7 | I73: 7.4 | K73: 4 | L73: 0 | M73: 0 | N73: 0 | O73: 0 | P73: 0 | Q73: 0 | R73: 0 | AF73: 6 | AG73: =IF($H73="","",$H73) -> 10.7 | AH73: =IF(AG73="","",AG73/100) -> 0.107 | AI73: =IF($G73="","",$G73) -> 3.2 | AJ73: =IF($K73="","",$K73) -> 4 | AK73: =IF(J73="","",J73-1) | AL73: =IF($L73="","",$L73) -> 0 | AM73: =IF($M73="","",$M73) -> 0 | AN73: =IF($H74="","",$H74) -> 7.1 | AO73: =IF(AN73="","",AN73/100) -> 0.071 | AP73: =IF($G74="","",$G74) -> 2.8 | AQ73: =IF($K74="","",$K74) -> 4 | AR73: =IF(J74="","",J74-1) | AS73: =IF($L74="","",$L74) -> 0 | AT73: =IF($M74="","",$M74) -> 0 | AU73: =IF($H75="","",$H75) -> 11.6 | AV73: =IF(AU73="","",AU73/100) -> 0.116 | AW73: =IF($G75="","",$G75) -> 3.1 | AX73: =IF($K75="","",$K75) -> 6 | AY73: =IF(J75="","",J75-1) | AZ73: =IF($L75="","",$L75) -> 0 | BA73: =IF($M75="","",$M75) -> 0 | BB73: =IF($H76="","",$H76) -> 10.6 | BC73: =IF(BB73="","",BB73/100) -> 0.106 | BD73: =IF($G76="","",$G76) -> 2.7 | BE73: =IF($K76="","",$K76) -> 6 | BF73: =IF(J76="","",J76-1) | BG73: =IF($L76="","",$L76) -> 0 | BH73: =IF($M76="","",$M76) -> 0 | BI73: =IF($H77="","",$H77) -> 10.7 | BJ73: =IF(BI73="","",BI73/100) -> 0.107 | BK73: =IF($G77="","",$G77) -> 2.9 | BL73: =IF($K77="","",$K77) -> 5 | BM73: =IF(J77="","",J77-1) | BN73: =IF($L77="","",$L77) -> 0 | BO73: =IF($M77="","",$M77) -> 0 | BP73: =IF($H78="","",$H78) -> 5.1 | BQ73: =IF(BP73="","",BP73/100) -> 0.051 | BR73: =IF($G78="","",$G78) -> 2.7 | BS73: =IF($K78="","",$K78) -> 0 | BT73: =IF(J78="","",J78-1) | BU73: =IF($L78="","",$L78) -> 0 | BV73: =IF($M78="","",$M78) -> 0 | BW73: =SUM(O73:O78)/AF73 -> 0 | BX73: =SUM(P73:P78)/AF73 -> 0 | BY73: =SUM(Q73:Q78)/AF73 -> 0 | BZ73: =SUM(R73:R78)/AF73 -> 0
C74: B | E74: 148 | G74: 2.8 | H74: 7.1 | I74: 4.5 | K74: 4 | L74: 0 | M74: 0 | N74: 0 | O74: 0 | P74: 0 | Q74: 0 | R74: 0
C75: C | D75: =D74 -> 0 | E75: =E74 -> 148 | G75: 3.1 | H75: 11.6 | I75: 8.4 | K75: 6 | L75: 0 | M75: 0 | N75: 0 | O75: 0 | P75: 0 | Q75: 0 | R75: 0
C76: D | D76: =D75 -> 0 | E76: =E75 -> 148 | G76: 2.7 | H76: 10.6 | I76: 10.2 | K76: 6 | L76: 0 | M76: 0 | N76: 0 | O76: 0 | P76: 0 | Q76: 0 | R76: 0
C77: E | D77: =D76 -> 0 | E77: =E76 -> 148 | G77: 2.9 | H77: 10.7 | I77: 10.4 | K77: 5 | L77: 0 | M77: 0 | N77: 0 | O77: 0 | P77: 0 | Q77: 0 | R77: 0
C78: F | D78: =D77 -> 0 | E78: =E77 -> 148 | G78: 2.7 | H78: 5.1 | I78: 3 | K78: 0 | L78: 0 | M78: 0 | N78: 0 | O78: 0 | P78: 0 | Q78: 0 | R78: 0
B80: NSH | C80: mean | E80: =AVERAGE(E74:E78) -> 148 | F80: =F73 -> 66.76 | G80: =AVERAGE(G73:G78) -> 2.9 | H80: =AVERAGE(H73:H78) -> 9.3 | I80: =AVERAGE(I73:I78) -> 7.3166667 | J80: =AVERAGE(J73:J78) -> #DIV/0! | K80: =AVERAGE(K73:K78) -> 4.1666667 | L80: =AVERAGE(L73:L78) -> 0 | M80: =AVERAGE(M73:M78) -> 0 | N80: =AVERAGE(N73:N78) -> 0 | ... R80: =AVERAGE(R73:R78) -> 0
C81: std err | G81: =STDEV(G73:G78)/SQRT(COUNT(G73:G78)) -> 0.085634884 | H81: =STDEV(H73:H78)/SQRT(COUNT(H73:H78)) -> 1.0548302 | I81: =STDEV(I73:I78)/SQRT(COUNT(I73:I78)) -> 1.2324546 | J81: =STDEV(J73:J78)/SQRT(COUNT(J73:J78)) -> #DIV/0! | K81: =STDEV(K73:K78)/SQRT(COUNT(K73:K78)) -> 0.90982294 | L81: =STDEV(L73:L78)/SQRT(COUNT(L73:L78)) -> 0 | M81: =STDEV(M73:M78)/SQRT(COUNT(M73:M78)) -> 0 | N81: =STDEV(N73:N78)/SQRT(COUNT(N73:N78)) -> 0 | ... R81: =STDEV(R73:R78)/SQRT(COUNT(R73:R78)) -> 0
B83: =B73+1 -> 408 | C83: A | D83: sr | E83: 147 | F83: 49.7 | G83: 3.2 | H83: 10.4 | I83: 10.3 | K83: 6 | L83: 0 | M83: 0 | N83: 0 | O83: 0 | P83: 0 | Q83: 0 | R83: 0 | AF83: 6 | AG83: =IF($H83="","",$H83) -> 10.4 | AH83: =IF(AG83="","",AG83/100) -> 0.104 | AI83: =IF($G83="","",$G83) -> 3.2 | AJ83: =IF($K83="","",$K83) -> 6 | AK83: =IF(J83="","",J83-1) | AL83: =IF($L83="","",$L83) -> 0 | AM83: =IF($M83="","",$M83) -> 0 | AN83: =IF($H84="","",$H84) -> 9.4 | AO83: =IF(AN83="","",AN83/100) -> 0.094 | AP83: =IF($G84="","",$G84) -> 2.8 | AQ83: =IF($K84="","",$K84) -> 5 | AR83: =IF(J84="","",J84-1) | AS83: =IF($L84="","",$L84) -> 0 | AT83: =IF($M84="","",$M84) -> 0 | AU83: =IF($H85="","",$H85) -> 8.3 | AV83: =IF(AU83="","",AU83/100) -> 0.083 | AW83: =IF($G85="","",$G85) -> 3.3 | AX83: =IF($K85="","",$K85) -> 5 | AY83: =IF(J85="","",J85-1) | AZ83: =IF($L85="","",$L85) -> 0 | BA83: =IF($M85="","",$M85) -> 0 | BB83: =IF($H86="","",$H86) -> 7.4 | BC83: =IF(BB83="","",BB83/100) -> 0.074 | BD83: =IF($G86="","",$G86) -> 2.7 | BE83: =IF($K86="","",$K86) -> 5 | BF83: =IF(J86="","",J86-1) | BG83: =IF($L86="","",$L86) -> 0 | BH83: =IF($M86="","",$M86) -> 0 | BI83: =IF($H87="","",$H87) -> 7.3 | BJ83: =IF(BI83="","",BI83/100) -> 0.073 | BK83: =IF($G87="","",$G87) -> 2.8 | BL83: =IF($K87="","",$K87) -> 4 | BM83: =IF(J87="","",J87-1) | BN83: =IF($L87="","",$L87) -> 0 | BO83: =IF($M87="","",$M87) -> 0 | BP83: =IF($H88="","",$H88) -> 10.8 | BQ83: =IF(BP83="","",BP83/100) -> 0.108 | BR83: =IF($G88="","",$G88) -> 3 | BS83: =IF($K88="","",$K88) -> 5 | BT83: =IF(J88="","",J88-1) | BU83: =IF($L88="","",$L88) -> 0 | BV83: =IF($M88="","",$M88) -> 0 | BW83: =SUM(O83:O88)/AF83 -> 0 | BX83: =SUM(P83:P88)/AF83 -> 0 | BY83: =SUM(Q83:Q88)/AF83 -> 0 | BZ83: =SUM(R83:R88)/AF83 -> 0
C84: B | E84: 148 | G84: 2.8 | H84: 9.4 | I84: 5.6 | K84: 5 | L84: 0 | M84: 0 | N84: 0 | O84: 0 | P84: 0 | Q84: 0 | R84: 0
C85: C | D85: =D84 -> 0 | E85: =E84 -> 148 | G85: 3.3 | H85: 8.3 | I85: 4.4 | K85: 5 | L85: 0 | M85: 0 | N85: 0 | O85: 0 | P85: 0 | Q85: 0 | R85: 0
C86: D | D86: =D85 -> 0 | E86: =E85 -> 148 | G86: 2.7 | H86: 7.4 | I86: 5.6 | K86: 5 | L86: 0 | M86: 0 | N86: 0 | O86: 0 | P86: 0 | Q86: 0 | R86: 0
C87: E | D87: =D86 -> 0 | E87: =E86 -> 148 | G87: 2.8 | H87: 7.3 | I87: 3.3 | K87: 4 | L87: 0 | M87: 0 | N87: 0 | O87: 0 | P87: 0 | Q87: 0 | R87: 0
C88: F | D88: =D87 -> 0 | E88: =E87 -> 148 | G88: 3 | H88: 10.8 | I88: 13.2 | K88: 5 | L88: 0 | M88: 0 | N88: 0 | O88: 0 | P88: 0 | Q88: 0 | R88: 0
B90: NTL | C90: mean | E90: =AVERAGE(E84:E88) -> 148 | F90: =F83 -> 49.7 | G90: =AVERAGE(G83:G88) -> 2.9666667 | H90: =AVERAGE(H83:H88) -> 8.9333333 | I90: =AVERAGE(I83:I88) -> 7.0666667 | J90: =AVERAGE(J83:J88) -> #DIV/0! | K90: =AVERAGE(K83:K88) -> 5 | L90: =AVERAGE(L83:L88) -> 0 | M90: =AVERAGE(M83:M88) -> 0 | N90: =AVERAGE(N83:N88) -> 0 | ... R90: =AVERAGE(R83:R88) -> 0
C91: std err | G91: =STDEV(G83:G88)/SQRT(COUNT(G83:G88)) -> 0.098882646 | H91: =STDEV(H83:H88)/SQRT(COUNT(H83:H88)) -> 0.61300716 | I91: =STDEV(I83:I88)/SQRT(COUNT(I83:I88)) -> 1.5670921 | J91: =STDEV(J83:J88)/SQRT(COUNT(J83:J88)) -> #DIV/0! | K91: =STDEV(K83:K88)/SQRT(COUNT(K83:K88)) -> 0.25819889 | L91: =STDEV(L83:L88)/SQRT(COUNT(L83:L88)) -> 0 | M91: =STDEV(M83:M88)/SQRT(COUNT(M83:M88)) -> 0 | N91: =STDEV(N83:N88)/SQRT(COUNT(N83:N88)) -> 0 | ... R91: =STDEV(R83:R88)/SQRT(COUNT(R83:R88)) -> 0

Sheet d147Weights
A10: Plot | B10: DOY out of Oven | C10: Oven Temp (°C) | D10: Initials | E10: Leaf Subsample BM (g) | F10: Remaining Leaf BM (g) | G10: Square BM (g) | H10: Flwr & GBoll BM (g) | I10: Mature Boll BM (g) | J10: Seed Cotton BM (g) | K10: StemBM (g) | L10: Tap Root BM (g) | M10: Codes | O10: Plant Density (p/m) | P10: Plant Weight (g) | Q10: Num Plants | R10: Plant Weight (g/p) | S10: Plant Weight (g/m2) | T10: Plant Weight (kg/ha) | U10: Leaf Weight (kg/ha) | V10: Stem Weight (kg/ha) | W10: Square Weight (kg/ha) | X10: Gboll Weight (kg/ha) | Y10: Oboll Weight (kg/ha) | Z10: MS Nodes (#/plant) | AA10: Squares (#/m2) | AB10: Gboll (#/m2) | AC10: Oboll (#/m2) | AD10: Sub Leaf Area (cm2) | AE10: Full Leaf Area (cm2) | AF10: LAI | AH10: LWPD | AI10: SWPD | AJ10: CWPD | AK10: LWAD | AL10: SWAD | AM10: MBWAD | AN10: PWAD | AO10: CWAD | AP10: LAIDL
A11: 101 | B11: 150 | C11: 100 | D11: sr | E11: 0.33 | F11: 1.82 | K11: 0.7 | L11: 0.24 | O11: 5.2708333 | P11: =SUM(E11:K11) -> 2.85 | Q11: 6 | R11: =P11/Q11 -> 0.475 | S11: =O11*R11/1.02 -> 2.4545547 | T11: =S11*10000/1000 -> 24.545547 | U11: =SUM(E11:F11)/Q11*O11/1.02*10000/1000 -> 18.516816 | V11: =K11/Q11*O11/1.02*10000/1000 -> 6.0287309 | W11: =G11/Q11*O11/1.02*10000/1000 -> 0 | X11: =H11/Q11*O11/1.02*10000/1000 -> 0 | Y11: =SUM(I11:J11)/Q11*O11/1.02*10000/1000 -> 0 | Z11: =(SUM(d147Data100!K13:K18)+Q11)/Q11 -> 3.3333333 | AA11: =(SUM(d147Data100!O13:O18))/$Q11*$O11/1.02 -> 0 | AB11: =(SUM(d147Data100!Q13:Q18))/$Q11*$O11/1.02 -> 0 | AC11: =(SUM(d147Data100!R13:R18))/$Q11*$O11/1.02 -> 0 | AD11: =d147Data100!F13 -> 46.96 | AH11: =SUM(E11:F11)/Q11 -> 0.35833333 | AI11: =K11/Q11 -> 0.11666667 | AJ11: =SUM(E11:I11,K11)/Q11 -> 0.475 | AK11: =SUM(E11:F11)/Q11/1000*(O11/1.016)*10000 -> 18.589717 | AL11: =SUM(K11)/Q11/1000*(O11/1.016)*10000 -> 6.0524661 | AM11: =SUM(I11)/Q11/1000*(O11/1.016)*10000 -> 0 | AN11: =SUM(G11:I11)/Q11/1000*(O11/1.016)*10000 -> 0 | AO11: =SUM(AK11:AL11,AN11) -> 24.642183 | AP11: =(AD11*SUM(E11:F11)/E11/Q11)/(100*100)*(O11/1.016) -> 0.026453731
A12: 102 | B12: 150 | C12: 100 | D12: sr | E12: 0.37 | F12: 0.86 | K12: 0.55 | L12: 0.16 | O12: 9.6111111 | P12: =SUM(E12:K12) -> 1.78 | Q12: 6 | R12: =P12/Q12 -> 0.29666667 | S12: =O12*R12/1.02 -> 2.7953885 | T12: =S12*10000/1000 -> 27.953885 | U12: =SUM(E12:F12)/Q12*O12/1.02*10000/1000 -> 19.316449 | V12: =K12/Q12*O12/1.02*10000/1000 -> 8.6374365 | W12: =G12/Q12*O12/1.02*10000/1000 -> 0 | X12: =H12/Q12*O12/1.02*10000/1000 -> 0 | Y12: =SUM(I12:J12)/Q12*O12/1.02*10000/1000 -> 0 | Z12: =(SUM(d147Data100!K23:K28)+Q12)/Q12 -> 2.3333333 | AA12: =(SUM(d147Data100!O23:O28))/$Q12*$O12/1.02 -> 0 | AB12: =(SUM(d147Data100!Q23:Q28))/$Q12*$O12/1.02 -> 0 | AC12: =(SUM(d147Data100!R23:R28))/$Q12*$O12/1.02 -> 0 | AD12: =d147Data100!F23 -> 52 | AH12: =SUM(E12:F12)/Q12 -> 0.205 | AI12: =K12/Q12 -> 0.091666667 | AJ12: =SUM(E12:I12,K12)/Q12 -> 0.29666667 | AK12: =SUM(E12:F12)/Q12/1000*(O12/1.016)*10000 -> 19.392498 | AL12: =SUM(K12)/Q12/1000*(O12/1.016)*10000 -> 8.6714421 | AM12: =SUM(I12)/Q12/1000*(O12/1.016)*10000 -> 0 | AN12: =SUM(G12:I12)/Q12/1000*(O12/1.016)*10000 -> 0 | AO12: =SUM(AK12:AL12,AN12) -> 28.06394 | AP12: =(AD12*SUM(E12:F12)/E12/Q12)/(100*100)*(O12/1.016) -> 0.027254321
A13: 103 | B13: 150 | C13: 100 | D13: sr | E13: 0.41 | F13: 1.98 | K13: 0.96 | L13: 0.34 | O13: 22.916667 | P13: =SUM(E13:K13) -> 3.35 | Q13: 6 | R13: =P13/Q13 -> 0.55833333 | S13: =O13*R13/1.02 -> 12.544254 | T13: =S13*10000/1000 -> 125.44254 | U13: =SUM(E13:F13)/Q13*O13/1.02*10000/1000 -> 89.494826 | V13: =K13/Q13*O13/1.02*10000/1000 -> 35.947712 | W13: =G13/Q13*O13/1.02*10000/1000 -> 0 | X13: =H13/Q13*O13/1.02*10000/1000 -> 0 | Y13: =SUM(I13:J13)/Q13*O13/1.02*10000/1000 -> 0 | Z13: =(SUM(d147Data100!K33:K38)+Q13)/Q13 -> 4.6666667 | AA13: =(SUM(d147Data100!O33:O38))/$Q13*$O13/1.02 -> 0 | AB13: =(SUM(d147Data100!Q33:Q38))/$Q13*$O13/1.02 -> 0 | AC13: =(SUM(d147Data100!R33:R38))/$Q13*$O13/1.02 -> 0 | AD13: =d147Data100!F33 -> 60.6 | AH13: =SUM(E13:F13)/Q13 -> 0.39833333 | AI13: =K13/Q13 -> 0.16 | AJ13: =SUM(E13:I13,K13)/Q13 -> 0.55833333 | AK13: =SUM(E13:F13)/Q13/1000*(O13/1.016)*10000 -> 89.847168 | AL13: =SUM(K13)/Q13/1000*(O13/1.016)*10000 -> 36.089239 | AM13: =SUM(I13)/Q13/1000*(O13/1.016)*10000 -> 0 | AN13: =SUM(G13:I13)/Q13/1000*(O13/1.016)*10000 -> 0 | AO13: =SUM(AK13:AL13,AN13) -> 125.93641 | AP13: =(AD13*SUM(E13:F13)/E13/Q13)/(100*100)*(O13/1.016) -> 0.1327985
A14: 104 | B14: 150 | C14: 100 | D14: sr | E14: 0.5 | F14: 2.35 | K14: 1.04 | L14: 0.34 | O14: 12.314815 | P14: =SUM(E14:K14) -> 3.89 | Q14: 6 | R14: =P14/Q14 -> 0.64833333 | S14: =O14*R14/1.02 -> 7.8275539 | T14: =S14*10000/1000 -> 78.275539 | U14: =SUM(E14:F14)/Q14*O14/1.02*10000/1000 -> 57.348402 | V14: =K14/Q14*O14/1.02*10000/1000 -> 20.927136 | W14: =G14/Q14*O14/1.02*10000/1000 -> 0 | X14: =H14/Q14*O14/1.02*10000/1000 -> 0 | Y14: =SUM(I14:J14)/Q14*O14/1.02*10000/1000 -> 0 | Z14: =(SUM(d147Data100!K43:K48)+Q14)/Q14 -> 5.8333333 | AA14: =(SUM(d147Data100!O43:O48))/$Q14*$O14/1.02 -> 0 | AB14: =(SUM(d147Data100!Q43:Q48))/$Q14*$O14/1.02 -> 0 | AC14: =(SUM(d147Data100!R43:R48))/$Q14*$O14/1.02 -> 0 | AD14: =d147Data100!F43 -> 66.35 | AH14: =SUM(E14:F14)/Q14 -> 0.475 | AI14: =K14/Q14 -> 0.17333333 | AJ14: =SUM(E14:I14,K14)/Q14 -> 0.64833333 | AK14: =SUM(E14:F14)/Q14/1000*(O14/1.016)*10000 -> 57.574183 | AL14: =SUM(K14)/Q14/1000*(O14/1.016)*10000 -> 21.009527 | AM14: =SUM(I14)/Q14/1000*(O14/1.016)*10000 -> 0 | AN14: =SUM(G14:I14)/Q14/1000*(O14/1.016)*10000 -> 0 | AO14: =SUM(AK14:AL14,AN14) -> 78.58371 | AP14: =(AD14*SUM(E14:F14)/E14/Q14)/(100*100)*(O14/1.016) -> 0.076400941
A15: 105 | B15: 150 | C15: 100 | D15: sr | E15: 0.36 | F15: 2.62 | K15: 1.18 | L15: 0.45 | O15: 23.87037 | P15: =SUM(E15:K15) -> 4.16 | Q15: 6 | R15: =P15/Q15 -> 0.69333333 | S15: =O15*R15/1.02 -> 16.225611 | T15: =S15*10000/1000 -> 162.25611 | U15: =SUM(E15:F15)/Q15*O15/1.02*10000/1000 -> 116.23154 | V15: =K15/Q15*O15/1.02*10000/1000 -> 46.02457 | W15: =G15/Q15*O15/1.02*10000/1000 -> 0 | X15: =H15/Q15*O15/1.02*10000/1000 -> 0 | Y15: =SUM(I15:J15)/Q15*O15/1.02*10000/1000 -> 0 | Z15: =(SUM(d147Data100!K53:K58)+Q15)/Q15 -> 4.8333333 | AA15: =(SUM(d147Data100!O53:O58))/$Q15*$O15/1.02 -> 0 | AB15: =(SUM(d147Data100!Q53:Q58))/$Q15*$O15/1.02 -> 0 | AC15: =(SUM(d147Data100!R53:R58))/$Q15*$O15/1.02 -> 0 | AD15: =d147Data100!F53 -> 41.87 | AH15: =SUM(E15:F15)/Q15 -> 0.49666667 | AI15: =K15/Q15 -> 0.19666667 | AJ15: =SUM(E15:I15,K15)/Q15 -> 0.69333333 | AK15: =SUM(E15:F15)/Q15/1000*(O15/1.016)*10000 -> 116.68915 | AL15: =SUM(K15)/Q15/1000*(O15/1.016)*10000 -> 46.205769 | AM15: =SUM(I15)/Q15/1000*(O15/1.016)*10000 -> 0 | AN15: =SUM(G15:I15)/Q15/1000*(O15/1.016)*10000 -> 0 | AO15: =SUM(AK15:AL15,AN15) -> 162.89492 | AP15: =(AD15*SUM(E15:F15)/E15/Q15)/(100*100)*(O15/1.016) -> 0.13571596
A16: 106 | B16: 150 | C16: 100 | D16: sr | E16: 0.3 | F16: 1.93 | K16: 0.86 | L16: 0.24 | O16: 12.416667 | P16: =SUM(E16:K16) -> 3.09 | Q16: 6 | R16: =P16/Q16 -> 0.515 | S16: =O16*R16/1.02 -> 6.2691993 | T16: =S16*10000/1000 -> 62.691993 | U16: =SUM(E16:F16)/Q16*O16/1.02*10000/1000 -> 45.243736 | V16: =K16/Q16*O16/1.02*10000/1000 -> 17.448257 | W16: =G16/Q16*O16/1.02*10000/1000 -> 0 | X16: =H16/Q16*O16/1.02*10000/1000 -> 0 | Y16: =SUM(I16:J16)/Q16*O16/1.02*10000/1000 -> 0 | Z16: =(SUM(d147Data100!K63:K68)+Q16)/Q16 -> 3.8333333 | AA16: =(SUM(d147Data100!O63:O68))/$Q16*$O16/1.02 -> 0 | AB16: =(SUM(d147Data100!Q63:Q68))/$Q16*$O16/1.02 -> 0 | AC16: =(SUM(d147Data100!R63:R68))/$Q16*$O16/1.02 -> 0 | AD16: =d147Data100!F63 -> 42.35 | AH16: =SUM(E16:F16)/Q16 -> 0.37166667 | AI16: =K16/Q16 -> 0.14333333 | AJ16: =SUM(E16:I16,K16)/Q16 -> 0.515 | AK16: =SUM(E16:F16)/Q16/1000*(O16/1.016)*10000 -> 45.421861 | AL16: =SUM(K16)/Q16/1000*(O16/1.016)*10000 -> 17.516951 | AM16: =SUM(I16)/Q16/1000*(O16/1.016)*10000 -> 0 | AN16: =SUM(G16:I16)/Q16/1000*(O16/1.016)*10000 -> 0 | AO16: =SUM(AK16:AL16,AN16) -> 62.938812 | AP16: =(AD16*SUM(E16:F16)/E16/Q16)/(100*100)*(O16/1.016) -> 0.064120528
A17: 107 | B17: 150 | C17: 100 | D17: sr | E17: 0.43 | F17: 2.25 | K17: 1.02 | L17: 0.37 | O17: 11.657407 | P17: =SUM(E17:K17) -> 3.7 | Q17: 6 | R17: =P17/Q17 -> 0.61666667 | S17: =O17*R17/1.02 -> 7.047779 | T17: =S17*10000/1000 -> 70.47779 | U17: =SUM(E17:F17)/Q17*O17/1.02*10000/1000 -> 51.048778 | V17: =K17/Q17*O17/1.02*10000/1000 -> 19.429012 | W17: =G17/Q17*O17/1.02*10000/1000 -> 0 | X17: =H17/Q17*O17/1.02*10000/1000 -> 0 | Y17: =SUM(I17:J17)/Q17*O17/1.02*10000/1000 -> 0 | Z17: =(SUM(d147Data100!K73:K78)+Q17)/Q17 -> 4.8333333 | AA17: =(SUM(d147Data100!O73:O78))/$Q17*$O17/1.02 -> 0 | AB17: =(SUM(d147Data100!Q73:Q78))/$Q17*$O17/1.02 -> 0 | AC17: =(SUM(d147Data100!R73:R78))/$Q17*$O17/1.02 -> 0 | AD17: =d147Data100!F73 -> 50.38 | AH17: =SUM(E17:F17)/Q17 -> 0.44666667 | AI17: =K17/Q17 -> 0.17 | AJ17: =SUM(E17:I17,K17)/Q17 -> 0.61666667 | AK17: =SUM(E17:F17)/Q17/1000*(O17/1.016)*10000 -> 51.249757 | AL17: =SUM(K17)/Q17/1000*(O17/1.016)*10000 -> 19.505505 | AM17: =SUM(I17)/Q17/1000*(O17/1.016)*10000 -> 0 | AN17: =SUM(G17:I17)/Q17/1000*(O17/1.016)*10000 -> 0 | AO17: =SUM(AK17:AL17,AN17) -> 70.755261 | AP17: =(AD17*SUM(E17:F17)/E17/Q17)/(100*100)*(O17/1.016) -> 0.060045645
A18: 108 | B18: 150 | C18: 100 | D18: sr | E18: 0.56 | F18: 1.53 | K18: 0.85 | L18: 0.31 | O18: 12.138889 | P18: =SUM(E18:K18) -> 2.94 | Q18: 6 | R18: =P18/Q18 -> 0.49 | S18: =O18*R18/1.02 -> 5.831427 | T18: =S18*10000/1000 -> 58.31427 | U18: =SUM(E18:F18)/Q18*O18/1.02*10000/1000 -> 41.454702 | V18: =K18/Q18*O18/1.02*10000/1000 -> 16.859568 | W18: =G18/Q18*O18/1.02*10000/1000 -> 0 | X18: =H18/Q18*O18/1.02*10000/1000 -> 0 | Y18: =SUM(I18:J18)/Q18*O18/1.02*10000/1000 -> 0 | Z18: =(SUM(d147Data100!K83:K88)+Q18)/Q18 -> 4.3333333 | AA18: =(SUM(d147Data100!O83:O88))/$Q18*$O18/1.02 -> 0 | AB18: =(SUM(d147Data100!Q83:Q88))/$Q18*$O18/1.02 -> 0 | AC18: =(SUM(d147Data100!R83:R88))/$Q18*$O18/1.02 -> 0 | AD18: =d147Data100!F83 -> 75.74 | AH18: =SUM(E18:F18)/Q18 -> 0.34833333 | AI18: =K18/Q18 -> 0.14166667 | AJ18: =SUM(E18:I18,K18)/Q18 -> 0.49 | AK18: =SUM(E18:F18)/Q18/1000*(O18/1.016)*10000 -> 41.61791 | AL18: =SUM(K18)/Q18/1000*(O18/1.016)*10000 -> 16.925944 | AM18: =SUM(I18)/Q18/1000*(O18/1.016)*10000 -> 0 | AN18: =SUM(G18:I18)/Q18/1000*(O18/1.016)*10000 -> 0 | AO18: =SUM(AK18:AL18,AN18) -> 58.543854 | AP18: =(AD18*SUM(E18:F18)/E18/Q18)/(100*100)*(O18/1.016) -> 0.056288223
A19: 201 | B19: 150 | C19: 100 | D19: sr | E19: 0.36 | F19: 1.72 | K19: 0.82 | L19: 0.29 | O19: 22.37037 | P19: =SUM(E19:K19) -> 2.9 | Q19: 6 | R19: =P19/Q19 -> 0.48333333 | S19: =O19*R19/1.02 -> 10.600339 | T19: =S19*10000/1000 -> 106.00339 | U19: =SUM(E19:F19)/Q19*O19/1.02*10000/1000 -> 76.030017 | V19: =K19/Q19*O19/1.02*10000/1000 -> 29.973372 | W19: =G19/Q19*O19/1.02*10000/1000 -> 0 | X19: =H19/Q19*O19/1.02*10000/1000 -> 0 | Y19: =SUM(I19:J19)/Q19*O19/1.02*10000/1000 -> 0 | Z19: =(SUM(d147Data200!K13:K18)+Q19)/Q19 -> 4.5 | AA19: =(SUM(d147Data200!O13:O18))/$Q19*$O19/1.02 -> 0 | AB19: =(SUM(d147Data200!Q13:Q18))/$Q19*$O19/1.02 -> 0 | AC19: =(SUM(d147Data200!R13:R18))/$Q19*$O19/1.02 -> 0 | AD19: =d147Data200!F13 -> 51.69 | AH19: =SUM(E19:F19)/Q19 -> 0.34666667 | AI19: =K19/Q19 -> 0.13666667 | AJ19: =SUM(E19:I19,K19)/Q19 -> 0.48333333 | AK19: =SUM(E19:F19)/Q19/1000*(O19/1.016)*10000 -> 76.329348 | AL19: =SUM(K19)/Q19/1000*(O19/1.016)*10000 -> 30.091377 | AM19: =SUM(I19)/Q19/1000*(O19/1.016)*10000 -> 0 | AN19: =SUM(G19:I19)/Q19/1000*(O19/1.016)*10000 -> 0 | AO19: =SUM(AK19:AL19,AN19) -> 106.42073 | AP19: =(AD19*SUM(E19:F19)/E19/Q19)/(100*100)*(O19/1.016) -> 0.10959622
A20: 202 | B20: 150 | C20: 100 | D20: sr | E20: 0.88 | F20: 1.75 | K20: 1.01 | L20: 0.41 | O20: 12.731481 | P20: =SUM(E20:K20) -> 3.64 | Q20: 6 | R20: =P20/Q20 -> 0.60666667 | S20: =O20*R20/1.02 -> 7.5723191 | T20: =S20*10000/1000 -> 75.723191 | U20: =SUM(E20:F20)/Q20*O20/1.02*10000/1000 -> 54.712085 | V20: =K20/Q20*O20/1.02*10000/1000 -> 21.011105 | W20: =G20/Q20*O20/1.02*10000/1000 -> 0 | X20: =H20/Q20*O20/1.02*10000/1000 -> 0 | Y20: =SUM(I20:J20)/Q20*O20/1.02*10000/1000 -> 0 | Z20: =(SUM(d147Data200!K23:K28)+Q20)/Q20 -> 3.5 | AA20: =(SUM(d147Data200!O23:O28))/$Q20*$O20/1.02 -> 0 | AB20: =(SUM(d147Data200!Q23:Q28))/$Q20*$O20/1.02 -> 0 | AC20: =(SUM(d147Data200!R23:R28))/$Q20*$O20/1.02 -> 0 | AD20: =d147Data200!F23 -> 113.28 | AH20: =SUM(E20:F20)/Q20 -> 0.43833333 | AI20: =K20/Q20 -> 0.16833333 | AJ20: =SUM(E20:I20,K20)/Q20 -> 0.60666667 | AK20: =SUM(E20:F20)/Q20/1000*(O20/1.016)*10000 -> 54.927487 | AL20: =SUM(K20)/Q20/1000*(O20/1.016)*10000 -> 21.093826 | AM20: =SUM(I20)/Q20/1000*(O20/1.016)*10000 -> 0 | AN20: =SUM(G20:I20)/Q20/1000*(O20/1.016)*10000 -> 0 | AO20: =SUM(AK20:AL20,AN20) -> 76.021313 | AP20: =(AD20*SUM(E20:F20)/E20/Q20)/(100*100)*(O20/1.016) -> 0.070706656
A21: 203 | B21: 150 | C21: 100 | D21: sr | E21: 0.43 | F21: 2.12 | K21: 0.97 | L21: 0.35 | O21: 11 | P21: =SUM(E21:K21) -> 3.52 | Q21: 6 | R21: =P21/Q21 -> 0.58666667 | S21: =O21*R21/1.02 -> 6.3267974 | T21: =S21*10000/1000 -> 63.267974 | U21: =SUM(E21:F21)/Q21*O21/1.02*10000/1000 -> 45.833333 | V21: =K21/Q21*O21/1.02*10000/1000 -> 17.434641 | W21: =G21/Q21*O21/1.02*10000/1000 -> 0 | X21: =H21/Q21*O21/1.02*10000/1000 -> 0 | Y21: =SUM(I21:J21)/Q21*O21/1.02*10000/1000 -> 0 | Z21: =(SUM(d147Data200!K33:K38)+Q21)/Q21 -> 5 | AA21: =(SUM(d147Data200!O33:O38))/$Q21*$O21/1.02 -> 0 | AB21: =(SUM(d147Data200!Q33:Q38))/$Q21*$O21/1.02 -> 0 | AC21: =(SUM(d147Data200!R33:R38))/$Q21*$O21/1.02 -> 0 | AD21: =d147Data200!F33 -> 65.02 | AH21: =SUM(E21:F21)/Q21 -> 0.425 | AI21: =K21/Q21 -> 0.16166667 | AJ21: =SUM(E21:I21,K21)/Q21 -> 0.58666667 | AK21: =SUM(E21:F21)/Q21/1000*(O21/1.016)*10000 -> 46.01378 | AL21: =SUM(K21)/Q21/1000*(O21/1.016)*10000 -> 17.503281 | AM21: =SUM(I21)/Q21/1000*(O21/1.016)*10000 -> 0 | AN21: =SUM(G21:I21)/Q21/1000*(O21/1.016)*10000 -> 0 | AO21: =SUM(AK21:AL21,AN21) -> 63.51706 | AP21: =(AD21*SUM(E21:F21)/E21/Q21)/(100*100)*(O21/1.016) -> 0.069577115
A22: 204 | B22: 150 | C22: 100 | D22: sr | E22: 0.54 | F22: 1.62 | K22: 0.84 | L22: 0.37 | O22: 24.564815 | P22: =SUM(E22:K22) -> 3 | Q22: 6 | R22: =P22/Q22 -> 0.5 | S22: =O22*R22/1.02 -> 12.041576 | T22: =S22*10000/1000 -> 120.41576 | U22: =SUM(E22:F22)/Q22*O22/1.02*10000/1000 -> 86.699346 | V22: =K22/Q22*O22/1.02*10000/1000 -> 33.716412 | W22: =G22/Q22*O22/1.02*10000/1000 -> 0 | X22: =H22/Q22*O22/1.02*10000/1000 -> 0 | Y22: =SUM(I22:J22)/Q22*O22/1.02*10000/1000 -> 0 | Z22: =(SUM(d147Data200!K43:K48)+Q22)/Q22 -> 4.6666667 | AA22: =(SUM(d147Data200!O43:O48))/$Q22*$O22/1.02 -> 0 | AB22: =(SUM(d147Data200!Q43:Q48))/$Q22*$O22/1.02 -> 0 | AC22: =(SUM(d147Data200!R43:R48))/$Q22*$O22/1.02 -> 0 | AD22: =d147Data200!F43 -> 79.21 | AH22: =SUM(E22:F22)/Q22 -> 0.36 | AI22: =K22/Q22 -> 0.14 | AJ22: =SUM(E22:I22,K22)/Q22 -> 0.5 | AK22: =SUM(E22:F22)/Q22/1000*(O22/1.016)*10000 -> 87.040682 | AL22: =SUM(K22)/Q22/1000*(O22/1.016)*10000 -> 33.849154 | AM22: =SUM(I22)/Q22/1000*(O22/1.016)*10000 -> 0 | AN22: =SUM(G22:I22)/Q22/1000*(O22/1.016)*10000 -> 0 | AO22: =SUM(AK22:AL22,AN22) -> 120.88984 | AP22: =(AD22*SUM(E22:F22)/E22/Q22)/(100*100)*(O22/1.016) -> 0.12767579
A23: 205 | B23: 150 | C23: 100 | D23: sr | E23: 0.66 | F23: 1.35 | K23: 0.75 | L23: 0.3 | O23: 5 | P23: =SUM(E23:K23) -> 2.76 | Q23: 6 | R23: =P23/Q23 -> 0.46 | S23: =O23*R23/1.02 -> 2.254902 | T23: =S23*10000/1000 -> 22.54902 | U23: =SUM(E23:F23)/Q23*O23/1.02*10000/1000 -> 16.421569 | V23: =K23/Q23*O23/1.02*10000/1000 -> 6.127451 | W23: =G23/Q23*O23/1.02*10000/1000 -> 0 | X23: =H23/Q23*O23/1.02*10000/1000 -> 0 | Y23: =SUM(I23:J23)/Q23*O23/1.02*10000/1000 -> 0 | Z23: =(SUM(d147Data200!K53:K58)+Q23)/Q23 -> 4 | AA23: =(SUM(d147Data200!O53:O58))/$Q23*$O23/1.02 -> 0 | AB23: =(SUM(d147Data200!Q53:Q58))/$Q23*$O23/1.02 -> 0 | AC23: =(SUM(d147Data200!R53:R58))/$Q23*$O23/1.02 -> 0 | AD23: =d147Data200!F53 -> 110.34 | AH23: =SUM(E23:F23)/Q23 -> 0.335 | AI23: =K23/Q23 -> 0.125 | AJ23: =SUM(E23:I23,K23)/Q23 -> 0.46 | AK23: =SUM(E23:F23)/Q23/1000*(O23/1.016)*10000 -> 16.48622 | AL23: =SUM(K23)/Q23/1000*(O23/1.016)*10000 -> 6.1515748 | AM23: =SUM(I23)/Q23/1000*(O23/1.016)*10000 -> 0 | AN23: =SUM(G23:I23)/Q23/1000*(O23/1.016)*10000 -> 0 | AO23: =SUM(AK23:AL23,AN23) -> 22.637795 | AP23: =(AD23*SUM(E23:F23)/E23/Q23)/(100*100)*(O23/1.016) -> 0.027561963
